unix_timestamp,datetime_utc,open,high,low,close
1767225600,2026-01-01 00:00:00,864.31,866.6,863.79,866.35
1767229200,2026-01-01 01:00:00,866.34,873.77,866.19,872.83
1767232800,2026-01-01 02:00:00,872.83,874.51,870.67,871.58
1767236400,2026-01-01 03:00:00,871.58,873.4,868.73,869.16
1767240000,2026-01-01 04:00:00,869.15,869.21,862,863.4
1767243600,2026-01-01 05:00:00,863.4,865.03,862.49,862.74
1767247200,2026-01-01 06:00:00,862.73,864.5,861.64,861.78
1767250800,2026-01-01 07:00:00,861.79,861.79,859.2,859.52
1767254400,2026-01-01 08:00:00,859.52,861.65,858.98,861.37
1767258000,2026-01-01 09:00:00,861.37,861.7,859.99,860.15
1767261600,2026-01-01 10:00:00,860.15,861.75,860.15,861.21
1767265200,2026-01-01 11:00:00,861.21,861.97,860.59,861.59
1767268800,2026-01-01 12:00:00,861.6,861.6,856.14,859.12
1767272400,2026-01-01 13:00:00,859.12,860.8,858.48,858.71
1767276000,2026-01-01 14:00:00,858.72,859.63,857.14,857.94
1767279600,2026-01-01 15:00:00,857.95,860.54,856.34,859.36
1767283200,2026-01-01 16:00:00,859.36,859.92,857.41,858.1
1767286800,2026-01-01 17:00:00,858.1,861.08,857.22,859.99
1767290400,2026-01-01 18:00:00,859.99,860.33,858.91,860.09
1767294000,2026-01-01 19:00:00,860.09,861.77,859.15,861.56
1767297600,2026-01-01 20:00:00,861.57,862.14,860.16,861.02
1767301200,2026-01-01 21:00:00,861.02,862.76,860.89,862.38
1767304800,2026-01-01 22:00:00,862.38,863.94,861.41,863.49
1767308400,2026-01-01 23:00:00,863.5,864.65,862.33,864.39
1767312000,2026-01-02 00:00:00,864.4,865,861.46,864.43
1767315600,2026-01-02 01:00:00,864.43,864.84,862,862.53
1767319200,2026-01-02 02:00:00,862.54,863.18,859.64,863.18
1767322800,2026-01-02 03:00:00,863.18,867.17,862.67,865.79
1767326400,2026-01-02 04:00:00,865.8,866.32,863.96,864.9
1767330000,2026-01-02 05:00:00,864.9,867.11,863.08,866.15
1767333600,2026-01-02 06:00:00,866.16,867.97,865.65,866.33
1767337200,2026-01-02 07:00:00,866.33,866.94,864.56,864.9
1767340800,2026-01-02 08:00:00,864.89,869.35,864.89,867.93
1767344400,2026-01-02 09:00:00,867.93,872,867.6,871.22
1767348000,2026-01-02 10:00:00,871.22,874.38,870.92,871.83
1767351600,2026-01-02 11:00:00,871.84,871.85,866.52,869.51
1767355200,2026-01-02 12:00:00,869.52,871.29,869.06,869.55
1767358800,2026-01-02 13:00:00,869.55,872.18,869.04,870.36
1767362400,2026-01-02 14:00:00,870.37,878,865.26,875.32
1767366000,2026-01-02 15:00:00,875.32,882.37,870.34,877.99
1767369600,2026-01-02 16:00:00,878,887.17,877.47,886.51
1767373200,2026-01-02 17:00:00,886.52,891.14,884.03,886.95
1767376800,2026-01-02 18:00:00,886.96,888.13,878.98,880.75
1767380400,2026-01-02 19:00:00,880.76,883.23,880.14,880.55
1767384000,2026-01-02 20:00:00,880.55,883.26,878.53,879.31
1767387600,2026-01-02 21:00:00,879.32,882.99,879.03,882.35
1767391200,2026-01-02 22:00:00,882.34,885.35,882,884.97
1767394800,2026-01-02 23:00:00,884.97,885.63,880.49,881.25
1767398400,2026-01-03 00:00:00,881.25,884.24,880.62,881.53
1767402000,2026-01-03 01:00:00,881.52,881.77,879.15,879.75
1767405600,2026-01-03 02:00:00,879.75,879.75,875.14,878
1767409200,2026-01-03 03:00:00,878.01,879.28,877,879.2
1767412800,2026-01-03 04:00:00,879.2,880.12,877.7,879.23
1767416400,2026-01-03 05:00:00,879.24,879.32,874.39,876.63
1767420000,2026-01-03 06:00:00,876.63,877.06,872.99,874.13
1767423600,2026-01-03 07:00:00,874.13,875.18,868.65,873
1767427200,2026-01-03 08:00:00,873,875.6,871.58,874.24
1767430800,2026-01-03 09:00:00,874.23,875.62,873.72,874.74
1767434400,2026-01-03 10:00:00,874.75,874.9,872.94,873.56
1767438000,2026-01-03 11:00:00,873.56,874.29,872.54,874.24
1767441600,2026-01-03 12:00:00,874.24,875.92,873.57,875.26
1767445200,2026-01-03 13:00:00,875.27,877.54,875.01,877.07
1767448800,2026-01-03 14:00:00,877.07,877.07,873.46,874.22
1767452400,2026-01-03 15:00:00,874.23,875.03,871.6,873.44
1767456000,2026-01-03 16:00:00,873.44,876.45,873.43,875.82
1767459600,2026-01-03 17:00:00,875.82,877.3,875.3,876.77
1767463200,2026-01-03 18:00:00,876.77,877.2,875.42,876.96
1767466800,2026-01-03 19:00:00,876.96,877.17,876.28,876.4
1767470400,2026-01-03 20:00:00,876.41,877.36,875.5,877.32
1767474000,2026-01-03 21:00:00,877.31,879.45,876.9,879.2
1767477600,2026-01-03 22:00:00,879.2,880,878.03,878.5
1767481200,2026-01-03 23:00:00,878.5,879.63,878.12,878.63
1767484800,2026-01-04 00:00:00,878.64,883.3,878.47,881.03
1767488400,2026-01-04 01:00:00,881.03,883.71,880.59,882.54
1767492000,2026-01-04 02:00:00,882.55,882.55,880.2,880.69
1767495600,2026-01-04 03:00:00,880.68,883.57,880.68,883.14
1767499200,2026-01-04 04:00:00,883.13,890.84,882.84,888.81
1767502800,2026-01-04 05:00:00,888.81,888.95,885.67,888.21
1767506400,2026-01-04 06:00:00,888.21,889.85,884,884.67
1767510000,2026-01-04 07:00:00,884.67,885.66,883.1,884.66
1767513600,2026-01-04 08:00:00,884.67,886.66,882.58,886
1767517200,2026-01-04 09:00:00,886,886.71,884.44,886.2
1767520800,2026-01-04 10:00:00,886.2,887.39,885.7,887.2
1767524400,2026-01-04 11:00:00,887.2,887.2,884.5,884.88
1767528000,2026-01-04 12:00:00,884.88,887.86,883.59,887.09
1767531600,2026-01-04 13:00:00,887.1,890,886.42,888.7
1767535200,2026-01-04 14:00:00,888.71,888.71,884.87,887
1767538800,2026-01-04 15:00:00,887,889.43,885.1,889.3
1767542400,2026-01-04 16:00:00,889.3,897.59,889.29,897.3
1767546000,2026-01-04 17:00:00,897.3,902.85,896.36,900.9
1767549600,2026-01-04 18:00:00,900.91,900.91,894.72,895.07
1767553200,2026-01-04 19:00:00,895.07,895.34,890.7,892.53
1767556800,2026-01-04 20:00:00,892.52,897.65,892.52,896.21
1767560400,2026-01-04 21:00:00,896.21,897.52,894.9,897.01
1767564000,2026-01-04 22:00:00,897,897.5,892.41,893.64
1767567600,2026-01-04 23:00:00,893.65,896.47,892.88,895.43
1767571200,2026-01-05 00:00:00,895.43,901.17,894.73,900.22
1767574800,2026-01-05 01:00:00,900.22,906.91,899.2,903.25
1767578400,2026-01-05 02:00:00,903.26,904.23,899.02,901.28
1767582000,2026-01-05 03:00:00,901.29,902.1,899.09,900.02
1767585600,2026-01-05 04:00:00,900.02,900.68,890.59,895.42
1767589200,2026-01-05 05:00:00,895.42,895.42,892.71,892.75
1767592800,2026-01-05 06:00:00,892.76,900.17,892.26,899.88
1767596400,2026-01-05 07:00:00,899.89,900.49,898.07,899.2
1767600000,2026-01-05 08:00:00,899.2,900.82,897.23,898.45
1767603600,2026-01-05 09:00:00,898.46,899.97,895.6,897.75
1767607200,2026-01-05 10:00:00,897.74,905.6,897.74,903.62
1767610800,2026-01-05 11:00:00,903.62,909,902.52,908.89
1767614400,2026-01-05 12:00:00,908.89,908.91,903.85,906.21
1767618000,2026-01-05 13:00:00,906.22,907.1,901.17,903.77
1767621600,2026-01-05 14:00:00,903.78,906.95,900.49,904.51
1767625200,2026-01-05 15:00:00,904.52,907.5,901.11,906.46
1767628800,2026-01-05 16:00:00,906.46,907.44,903.44,904.97
1767632400,2026-01-05 17:00:00,904.97,907.28,901.31,906.75
1767636000,2026-01-05 18:00:00,906.74,908.68,903.67,908.45
1767639600,2026-01-05 19:00:00,908.46,914,906.96,911.12
1767643200,2026-01-05 20:00:00,911.12,916.55,910.79,912.23
1767646800,2026-01-05 21:00:00,912.23,913.37,908.96,912.17
1767650400,2026-01-05 22:00:00,912.17,914.65,911.64,913.07
1767654000,2026-01-05 23:00:00,913.07,913.23,910.3,910.31
1767657600,2026-01-06 00:00:00,910.31,911.63,904.83,908.87
1767661200,2026-01-06 01:00:00,908.87,911.35,906.21,907.03
1767664800,2026-01-06 02:00:00,907.03,908.25,904.89,905.1
1767668400,2026-01-06 03:00:00,905.11,908.93,905.1,908.14
1767672000,2026-01-06 04:00:00,908.15,910.11,906.66,907.81
1767675600,2026-01-06 05:00:00,907.8,908.09,903.79,905.64
1767679200,2026-01-06 06:00:00,905.65,910,904.83,907.84
1767682800,2026-01-06 07:00:00,907.84,907.88,902.96,904.71
1767686400,2026-01-06 08:00:00,904.71,908.37,904.52,907.58
1767690000,2026-01-06 09:00:00,907.58,914.08,907.57,912.76
1767693600,2026-01-06 10:00:00,912.76,914.92,911.02,911.69
1767697200,2026-01-06 11:00:00,911.68,914.41,911.03,913.13
1767700800,2026-01-06 12:00:00,913.13,913.69,911.54,912.92
1767704400,2026-01-06 13:00:00,912.92,914.82,912.3,914.14
1767708000,2026-01-06 14:00:00,914.15,922.79,914.14,920.52
1767711600,2026-01-06 15:00:00,920.53,923.93,915.85,919.1
1767715200,2026-01-06 16:00:00,919.1,920.68,905.11,908.04
1767718800,2026-01-06 17:00:00,908.03,909.29,892.33,893.93
1767722400,2026-01-06 18:00:00,893.93,902.99,891.66,900.93
1767726000,2026-01-06 19:00:00,900.93,902.76,900.34,901.2
1767729600,2026-01-06 20:00:00,901.19,907.11,901.03,905.58
1767733200,2026-01-06 21:00:00,905.58,915.13,904.44,912.46
1767736800,2026-01-06 22:00:00,912.45,915.29,911.55,913.38
1767740400,2026-01-06 23:00:00,913.38,919.78,913.37,917.64
1767744000,2026-01-07 00:00:00,917.64,919.25,908.55,908.86
1767747600,2026-01-07 01:00:00,908.86,911.41,905.28,906.86
1767751200,2026-01-07 02:00:00,906.85,912.27,904.58,911.54
1767754800,2026-01-07 03:00:00,911.54,913,909.67,909.84
1767758400,2026-01-07 04:00:00,909.85,911.22,909.07,910.54
1767762000,2026-01-07 05:00:00,910.54,915.08,910.14,912.65
1767765600,2026-01-07 06:00:00,912.65,917,912.39,914.14
1767769200,2026-01-07 07:00:00,914.14,918.99,914.13,918.82
1767772800,2026-01-07 08:00:00,918.81,920.27,915.5,917.53
1767776400,2026-01-07 09:00:00,917.52,918.12,909,910.18
1767780000,2026-01-07 10:00:00,910.18,912,908.2,910.78
1767783600,2026-01-07 11:00:00,910.78,912.75,909.6,910.44
1767787200,2026-01-07 12:00:00,910.44,910.99,905.11,905.14
1767790800,2026-01-07 13:00:00,905.15,907.61,902.57,904.31
1767794400,2026-01-07 14:00:00,904.3,905.3,898.18,903.72
1767798000,2026-01-07 15:00:00,903.72,903.89,895.11,899.43
1767801600,2026-01-07 16:00:00,899.44,901.68,897.51,898.67
1767805200,2026-01-07 17:00:00,898.67,901.95,896.56,897.74
1767808800,2026-01-07 18:00:00,897.74,899.75,895.33,896.75
1767812400,2026-01-07 19:00:00,896.74,898.53,892.64,897.12
1767816000,2026-01-07 20:00:00,897.12,898.07,894.01,896.03
1767819600,2026-01-07 21:00:00,896.01,898.52,895.7,897.83
1767823200,2026-01-07 22:00:00,897.83,900.46,896.34,897.98
1767826800,2026-01-07 23:00:00,897.98,901.05,895.33,900.3
1767830400,2026-01-08 00:00:00,900.31,902.57,897.01,902.14
1767834000,2026-01-08 01:00:00,902.14,905,900.95,901.34
1767837600,2026-01-08 02:00:00,901.34,902.2,893.68,895.64
1767841200,2026-01-08 03:00:00,895.64,898.43,892.38,893.61
1767844800,2026-01-08 04:00:00,893.62,896.65,891.45,894.56
1767848400,2026-01-08 05:00:00,894.56,897.68,894.23,894.45
1767852000,2026-01-08 06:00:00,894.44,895,880.41,880.42
1767855600,2026-01-08 07:00:00,880.42,885.77,875.1,885.02
1767859200,2026-01-08 08:00:00,885.02,887.71,882.84,883.48
1767862800,2026-01-08 09:00:00,883.49,885.5,881.12,882.39
1767866400,2026-01-08 10:00:00,882.39,887.61,879.28,886.8
1767870000,2026-01-08 11:00:00,886.81,887.89,883.9,886.77
1767873600,2026-01-08 12:00:00,886.77,886.9,882.21,884.15
1767877200,2026-01-08 13:00:00,884.15,886.26,883.45,885.08
1767880800,2026-01-08 14:00:00,885.08,885.38,877.7,883.9
1767884400,2026-01-08 15:00:00,883.88,889.24,882.02,888.92
1767888000,2026-01-08 16:00:00,888.92,890.28,885.69,890.15
1767891600,2026-01-08 17:00:00,890.15,891.52,887.88,891.52
1767895200,2026-01-08 18:00:00,891.51,891.71,887.45,888.62
1767898800,2026-01-08 19:00:00,888.62,890.51,887.14,888.32
1767902400,2026-01-08 20:00:00,888.32,891.21,885.32,890.71
1767906000,2026-01-08 21:00:00,890.71,892.33,889.64,892.22
1767909600,2026-01-08 22:00:00,892.23,894.14,890.32,892.14
1767913200,2026-01-08 23:00:00,892.15,894.63,891.94,892.26
1767916800,2026-01-09 00:00:00,892.27,894.25,891.94,894.21
1767920400,2026-01-09 01:00:00,894.22,896.17,887.91,890.43
1767924000,2026-01-09 02:00:00,890.44,893.96,890.14,891.92
1767927600,2026-01-09 03:00:00,891.92,896.56,891.41,895.8
1767931200,2026-01-09 04:00:00,895.81,896.72,894.65,895.83
1767934800,2026-01-09 05:00:00,895.83,898.25,895.74,898.25
1767938400,2026-01-09 06:00:00,898.25,899,895.58,896.67
1767942000,2026-01-09 07:00:00,896.67,896.67,893.66,893.66
1767945600,2026-01-09 08:00:00,893.67,894.5,886.2,889.85
1767949200,2026-01-09 09:00:00,889.85,891.72,888.05,888.41
1767952800,2026-01-09 10:00:00,888.4,890.5,887.78,890.24
1767956400,2026-01-09 11:00:00,890.24,891.85,889.49,889.64
1767960000,2026-01-09 12:00:00,889.63,890.4,888,889.33
1767963600,2026-01-09 13:00:00,889.33,894.06,887.94,890.52
1767967200,2026-01-09 14:00:00,890.52,890.54,886.05,887.52
1767970800,2026-01-09 15:00:00,887.52,900.22,885.28,894.77
1767974400,2026-01-09 16:00:00,894.77,901.06,894.72,899.06
1767978000,2026-01-09 17:00:00,899.06,899.79,895.43,898.9
1767981600,2026-01-09 18:00:00,898.9,899.77,891.6,895.54
1767985200,2026-01-09 19:00:00,895.54,895.55,890.94,893.34
1767988800,2026-01-09 20:00:00,893.33,896,892.7,893.18
1767992400,2026-01-09 21:00:00,893.18,896.36,891.94,896.33
1767996000,2026-01-09 22:00:00,896.34,897.08,894.52,896.55
1767999600,2026-01-09 23:00:00,896.55,898.25,896.25,896.86
1768003200,2026-01-10 00:00:00,896.87,899.73,896.81,897.88
1768006800,2026-01-10 01:00:00,897.89,900.08,897.68,899.4
1768010400,2026-01-10 02:00:00,899.4,901.28,899.01,900.06
1768014000,2026-01-10 03:00:00,900.06,908,898.92,907.31
1768017600,2026-01-10 04:00:00,907.31,908.64,903.05,906.29
1768021200,2026-01-10 05:00:00,906.29,910.22,905.21,907.36
1768024800,2026-01-10 06:00:00,907.37,909.53,905.78,906.22
1768028400,2026-01-10 07:00:00,906.23,908.65,905.22,905.37
1768032000,2026-01-10 08:00:00,905.38,906.43,902.66,903.8
1768035600,2026-01-10 09:00:00,903.79,903.92,898.98,900.95
1768039200,2026-01-10 10:00:00,900.96,903.09,900.25,902.68
1768042800,2026-01-10 11:00:00,902.68,902.68,900.46,900.47
1768046400,2026-01-10 12:00:00,900.47,900.76,899.39,899.64
1768050000,2026-01-10 13:00:00,899.64,903.17,899.13,902.75
1768053600,2026-01-10 14:00:00,902.75,905.93,901.51,905.02
1768057200,2026-01-10 15:00:00,905.02,910.82,904.28,908.78
1768060800,2026-01-10 16:00:00,908.79,909.66,906.89,909.4
1768064400,2026-01-10 17:00:00,909.4,910.55,907.55,908.04
1768068000,2026-01-10 18:00:00,908.04,913.34,908.04,912.14
1768071600,2026-01-10 19:00:00,912.15,915.86,911.45,913.93
1768075200,2026-01-10 20:00:00,913.94,915.91,909.27,909.48
1768078800,2026-01-10 21:00:00,909.48,909.84,903.34,904.49
1768082400,2026-01-10 22:00:00,904.49,904.94,902.23,903.5
1768086000,2026-01-10 23:00:00,903.51,908.09,903.44,907.93
1768089600,2026-01-11 00:00:00,907.93,909.3,905.22,906.25
1768093200,2026-01-11 01:00:00,906.25,908.41,904.3,908.05
1768096800,2026-01-11 02:00:00,908.06,911.05,907.87,910.44
1768100400,2026-01-11 03:00:00,910.43,914.11,908.95,913.2
1768104000,2026-01-11 04:00:00,913.21,915,911.5,913.1
1768107600,2026-01-11 05:00:00,913.11,914.67,910.75,913.38
1768111200,2026-01-11 06:00:00,913.39,914.4,910.69,913.87
1768114800,2026-01-11 07:00:00,913.87,916.3,912.36,913.55
1768118400,2026-01-11 08:00:00,913.55,917.33,912.8,916.81
1768122000,2026-01-11 09:00:00,916.82,917.06,912.02,913.33
1768125600,2026-01-11 10:00:00,913.33,913.51,911.77,912.75
1768129200,2026-01-11 11:00:00,912.75,913.46,911.62,912.05
1768132800,2026-01-11 12:00:00,912.06,914.41,912.06,913.41
1768136400,2026-01-11 13:00:00,913.42,914,911.91,913.87
1768140000,2026-01-11 14:00:00,913.87,915.38,910.52,911.26
1768143600,2026-01-11 15:00:00,911.26,911.69,906.29,908.64
1768147200,2026-01-11 16:00:00,908.64,911.17,907.57,907.74
1768150800,2026-01-11 17:00:00,907.75,908.92,906.18,907.32
1768154400,2026-01-11 18:00:00,907.33,907.6,905.2,906.22
1768158000,2026-01-11 19:00:00,906.23,906.79,903.5,904.45
1768161600,2026-01-11 20:00:00,904.45,904.59,900.58,902.28
1768165200,2026-01-11 21:00:00,902.29,905.31,900.02,904.8
1768168800,2026-01-11 22:00:00,904.81,904.81,901.28,902.68
1768172400,2026-01-11 23:00:00,902.69,904.65,898.75,904.32
1768176000,2026-01-12 00:00:00,904.32,906.13,896.85,901.85
1768179600,2026-01-12 01:00:00,901.85,905.48,900.43,903.29
1768183200,2026-01-12 02:00:00,903.29,909.78,901.9,908.99
1768186800,2026-01-12 03:00:00,908.98,910.81,905.08,905.27
1768190400,2026-01-12 04:00:00,905.28,910.21,905.08,909.49
1768194000,2026-01-12 05:00:00,909.49,909.94,906.99,907.94
1768197600,2026-01-12 06:00:00,907.95,909.31,906.57,907.34
1768201200,2026-01-12 07:00:00,907.34,908.5,903.97,904.81
1768204800,2026-01-12 08:00:00,904.82,908.3,899.44,903.24
1768208400,2026-01-12 09:00:00,903.24,903.69,900.37,900.76
1768212000,2026-01-12 10:00:00,900.77,902,898.67,899.06
1768215600,2026-01-12 11:00:00,899.06,902,898.26,901.28
1768219200,2026-01-12 12:00:00,901.27,903.71,900.24,901.93
1768222800,2026-01-12 13:00:00,901.94,902,898.35,900.12
1768226400,2026-01-12 14:00:00,900.12,902.06,894,899.86
1768230000,2026-01-12 15:00:00,899.86,905.22,898.97,904.28
1768233600,2026-01-12 16:00:00,904.28,908.2,904.27,905.67
1768237200,2026-01-12 17:00:00,905.67,907.03,900,904.51
1768240800,2026-01-12 18:00:00,904.51,907.98,904.3,907.78
1768244400,2026-01-12 19:00:00,907.78,909.11,905.36,907.79
1768248000,2026-01-12 20:00:00,907.78,908.31,905.09,905.22
1768251600,2026-01-12 21:00:00,905.21,906.28,901.22,902.59
1768255200,2026-01-12 22:00:00,902.59,907,902.59,905.8
1768258800,2026-01-12 23:00:00,905.81,907.43,904.05,905.78
1768262400,2026-01-13 00:00:00,905.79,907.86,904.3,906.31
1768266000,2026-01-13 01:00:00,906.31,907.37,902.35,903.35
1768269600,2026-01-13 02:00:00,903.35,905.87,902.25,904.8
1768273200,2026-01-13 03:00:00,904.8,906.84,903.42,906.36
1768276800,2026-01-13 04:00:00,906.36,909.47,906.35,909.42
1768280400,2026-01-13 05:00:00,909.41,911.98,908.74,909.13
1768284000,2026-01-13 06:00:00,909.13,912.24,908,911.75
1768287600,2026-01-13 07:00:00,911.75,914.98,910.04,910.05
1768291200,2026-01-13 08:00:00,910.05,912.08,908.34,910.48
1768294800,2026-01-13 09:00:00,910.48,912.2,908.29,909.14
1768298400,2026-01-13 10:00:00,909.14,910.67,907.93,908.9
1768302000,2026-01-13 11:00:00,908.91,909.5,907.52,907.68
1768305600,2026-01-13 12:00:00,907.69,909.87,906.18,909.37
1768309200,2026-01-13 13:00:00,909.36,913.2,908.22,909.73
1768312800,2026-01-13 14:00:00,909.74,914,908.27,910.49
1768316400,2026-01-13 15:00:00,910.48,916.6,908.6,916.47
1768320000,2026-01-13 16:00:00,916.47,923.44,916.38,919.95
1768323600,2026-01-13 17:00:00,919.96,922.14,916.99,920.58
1768327200,2026-01-13 18:00:00,920.57,939.59,920.17,939.5
1768330800,2026-01-13 19:00:00,939.5,945.55,938.7,941.5
1768334400,2026-01-13 20:00:00,941.5,945.87,940,943.3
1768338000,2026-01-13 21:00:00,943.3,943.97,940.85,941.79
1768341600,2026-01-13 22:00:00,941.8,952.96,940.43,946.2
1768345200,2026-01-13 23:00:00,946.2,948.7,941.3,943.73
1768348800,2026-01-14 00:00:00,943.73,950.24,943.64,947.8
1768352400,2026-01-14 01:00:00,947.79,951.7,946.42,947.53
1768356000,2026-01-14 02:00:00,947.53,954.68,947.29,948.23
1768359600,2026-01-14 03:00:00,948.23,950.57,945.91,950.13
1768363200,2026-01-14 04:00:00,950.14,952.2,943.04,944.31
1768366800,2026-01-14 05:00:00,944.31,944.31,939.89,940.51
1768370400,2026-01-14 06:00:00,940.52,940.52,934.67,938.7
1768374000,2026-01-14 07:00:00,938.7,940.36,935.4,937.45
1768377600,2026-01-14 08:00:00,937.45,938.61,935,936.17
1768381200,2026-01-14 09:00:00,936.16,938.92,936.06,937.71
1768384800,2026-01-14 10:00:00,937.71,938.76,934.53,936.01
1768388400,2026-01-14 11:00:00,936.01,936.15,928.5,928.79
1768392000,2026-01-14 12:00:00,928.78,935.37,928.53,934.33
1768395600,2026-01-14 13:00:00,934.32,935.34,931.12,932.4
1768399200,2026-01-14 14:00:00,932.41,943.81,932.31,941.68
1768402800,2026-01-14 15:00:00,941.68,946.24,938.5,942.03
1768406400,2026-01-14 16:00:00,942.03,947.54,942.03,943.98
1768410000,2026-01-14 17:00:00,943.97,946.41,940.1,942.37
1768413600,2026-01-14 18:00:00,942.37,944.9,938.25,943.18
1768417200,2026-01-14 19:00:00,943.18,947.57,942.36,943.78
1768420800,2026-01-14 20:00:00,943.79,947.91,943.26,944.56
1768424400,2026-01-14 21:00:00,944.56,946.68,943.2,945.69
1768428000,2026-01-14 22:00:00,945.68,948.6,943.59,945.21
1768431600,2026-01-14 23:00:00,945.21,949.85,945.21,948.47
1768435200,2026-01-15 00:00:00,948.48,948.85,939.76,940.86
1768438800,2026-01-15 01:00:00,940.87,942.75,934.54,936.87
1768442400,2026-01-15 02:00:00,936.87,938.82,932.12,934.04
1768446000,2026-01-15 03:00:00,934.05,935.27,929.05,931.89
1768449600,2026-01-15 04:00:00,931.9,937.12,931.41,936
1768453200,2026-01-15 05:00:00,935.99,938.15,935.6,936.29
1768456800,2026-01-15 06:00:00,936.28,937.38,933.68,933.7
1768460400,2026-01-15 07:00:00,933.7,940.09,933.63,939.14
1768464000,2026-01-15 08:00:00,939.13,942.81,938.12,942.69
1768467600,2026-01-15 09:00:00,942.69,942.96,939.51,941.08
1768471200,2026-01-15 10:00:00,941.07,941.51,939.11,939.16
1768474800,2026-01-15 11:00:00,939.16,940.7,937.66,938.09
1768478400,2026-01-15 12:00:00,938.1,941.28,937.24,940.7
1768482000,2026-01-15 13:00:00,940.7,944.88,940,943.24
1768485600,2026-01-15 14:00:00,943.24,945.71,933.51,938.58
1768489200,2026-01-15 15:00:00,938.57,940,930.23,937.64
1768492800,2026-01-15 16:00:00,937.63,940.67,934.64,940.17
1768496400,2026-01-15 17:00:00,940.17,942.62,937.28,938.12
1768500000,2026-01-15 18:00:00,938.13,938.43,931.02,931.75
1768503600,2026-01-15 19:00:00,931.74,931.74,925.01,928.07
1768507200,2026-01-15 20:00:00,928.07,929,924.05,925.44
1768510800,2026-01-15 21:00:00,925.45,930.6,925.11,929.74
1768514400,2026-01-15 22:00:00,929.73,933.55,929.32,931.97
1768518000,2026-01-15 23:00:00,931.98,932.69,929.69,931.2
1768521600,2026-01-16 00:00:00,931.21,933.98,929.78,933.18
1768525200,2026-01-16 01:00:00,933.18,933.42,929.22,932.62
1768528800,2026-01-16 02:00:00,932.63,933.17,929.23,931.91
1768532400,2026-01-16 03:00:00,931.91,932.75,929.52,929.59
1768536000,2026-01-16 04:00:00,929.6,931.27,927.16,928.58
1768539600,2026-01-16 05:00:00,928.59,934.04,927.69,933.56
1768543200,2026-01-16 06:00:00,933.57,935.94,932.46,935.94
1768546800,2026-01-16 07:00:00,935.95,936.13,932.6,934.04
1768550400,2026-01-16 08:00:00,934.05,938.56,934.05,937.16
1768554000,2026-01-16 09:00:00,937.17,937.74,934.81,935.43
1768557600,2026-01-16 10:00:00,935.42,935.88,933.2,933.77
1768561200,2026-01-16 11:00:00,933.77,935.6,931.99,935.38
1768564800,2026-01-16 12:00:00,935.38,937.46,934.27,934.76
1768568400,2026-01-16 13:00:00,934.76,935.11,931.53,934.7
1768572000,2026-01-16 14:00:00,934.7,935.96,930.44,930.79
1768575600,2026-01-16 15:00:00,930.79,933.78,923.69,926.97
1768579200,2026-01-16 16:00:00,926.97,931,926.53,930.01
1768582800,2026-01-16 17:00:00,930.01,931.69,927.28,931.35
1768586400,2026-01-16 18:00:00,931.35,932.36,930.58,931.39
1768590000,2026-01-16 19:00:00,931.39,932.1,929.4,931.36
1768593600,2026-01-16 20:00:00,931.36,934.49,928.71,934.46
1768597200,2026-01-16 21:00:00,934.45,935.9,933.12,935.25
1768600800,2026-01-16 22:00:00,935.25,938.3,933.77,937.86
1768604400,2026-01-16 23:00:00,937.86,939.43,937.18,938.16
1768608000,2026-01-17 00:00:00,938.17,938.65,935.72,936.07
1768611600,2026-01-17 01:00:00,936.07,940.03,935.72,938.47
1768615200,2026-01-17 02:00:00,938.48,938.56,935.54,937.63
1768618800,2026-01-17 03:00:00,937.63,937.78,936,937.65
1768622400,2026-01-17 04:00:00,937.65,938.39,936.13,938.04
1768626000,2026-01-17 05:00:00,938.04,939.08,936.8,938.4
1768629600,2026-01-17 06:00:00,938.4,938.4,936.25,937.27
1768633200,2026-01-17 07:00:00,937.26,937.51,935.5,935.9
1768636800,2026-01-17 08:00:00,935.9,938.34,935.65,938.21
1768640400,2026-01-17 09:00:00,938.22,942.38,937.12,942.15
1768644000,2026-01-17 10:00:00,942.15,943.48,941,941.51
1768647600,2026-01-17 11:00:00,941.51,944.51,940.08,942.93
1768651200,2026-01-17 12:00:00,942.92,944.44,942.37,942.4
1768654800,2026-01-17 13:00:00,942.41,943.56,941.43,943.56
1768658400,2026-01-17 14:00:00,943.56,944.24,941.59,943.65
1768662000,2026-01-17 15:00:00,943.64,959.52,942.64,955.37
1768665600,2026-01-17 16:00:00,955.37,956,949.1,950.52
1768669200,2026-01-17 17:00:00,950.52,953.88,949.98,952.6
1768672800,2026-01-17 18:00:00,952.6,953.81,951.58,953.12
1768676400,2026-01-17 19:00:00,953.11,953.67,951.64,952.5
1768680000,2026-01-17 20:00:00,952.5,953.24,950,952.05
1768683600,2026-01-17 21:00:00,952.05,954,951.19,951.7
1768687200,2026-01-17 22:00:00,951.69,952.75,945.37,946.68
1768690800,2026-01-17 23:00:00,946.69,948.73,946.36,947.12
1768694400,2026-01-18 00:00:00,947.11,950.42,945.53,945.58
1768698000,2026-01-18 01:00:00,945.59,946.17,943.14,945.04
1768701600,2026-01-18 02:00:00,945.04,947.57,944.75,946.38
1768705200,2026-01-18 03:00:00,946.38,951.13,946.35,950.4
1768708800,2026-01-18 04:00:00,950.41,950.41,947.84,948.63
1768712400,2026-01-18 05:00:00,948.63,949.46,947.22,947.53
1768716000,2026-01-18 06:00:00,947.53,948.13,946.03,947.05
1768719600,2026-01-18 07:00:00,947.05,947.96,944.73,944.74
1768723200,2026-01-18 08:00:00,944.73,947.2,943.81,946.18
1768726800,2026-01-18 09:00:00,946.18,947.38,945.34,945.69
1768730400,2026-01-18 10:00:00,945.69,945.75,943.95,944.7
1768734000,2026-01-18 11:00:00,944.7,947.34,944.1,946.79
1768737600,2026-01-18 12:00:00,946.8,948.5,945.8,948.12
1768741200,2026-01-18 13:00:00,948.12,948.44,945.45,946.98
1768744800,2026-01-18 14:00:00,946.98,948.97,945.07,945.37
1768748400,2026-01-18 15:00:00,945.37,950.75,944.44,950.13
1768752000,2026-01-18 16:00:00,950.14,951.08,948.68,950.5
1768755600,2026-01-18 17:00:00,950.51,952.01,948.95,951.68
1768759200,2026-01-18 18:00:00,951.68,953.33,950.36,951.67
1768762800,2026-01-18 19:00:00,951.67,952.39,949.02,949.7
1768766400,2026-01-18 20:00:00,949.7,953.24,949.2,952.39
1768770000,2026-01-18 21:00:00,952.38,952.5,950.61,951.33
1768773600,2026-01-18 22:00:00,951.32,951.78,950,951.16
1768777200,2026-01-18 23:00:00,951.16,951.16,931.7,932.51
1768780800,2026-01-19 00:00:00,932.51,932.51,901,918.88
1768784400,2026-01-19 01:00:00,918.88,922.1,916.39,919.86
1768788000,2026-01-19 02:00:00,919.87,922.17,917.44,921
1768791600,2026-01-19 03:00:00,921,925.62,920.68,925.18
1768795200,2026-01-19 04:00:00,925.17,927.58,922.89,926.38
1768798800,2026-01-19 05:00:00,926.38,927.84,923.03,925
1768802400,2026-01-19 06:00:00,925,926.23,923,925.19
1768806000,2026-01-19 07:00:00,925.19,927.87,923.44,927.29
1768809600,2026-01-19 08:00:00,927.29,928.86,925.15,926.94
1768813200,2026-01-19 09:00:00,926.93,928.4,924.49,928.35
1768816800,2026-01-19 10:00:00,928.35,929.8,926.39,926.76
1768820400,2026-01-19 11:00:00,926.77,928.98,925.61,928.23
1768824000,2026-01-19 12:00:00,928.23,928.45,925.33,927.91
1768827600,2026-01-19 13:00:00,927.91,930,925.75,928.99
1768831200,2026-01-19 14:00:00,928.99,929.53,923.12,924.18
1768834800,2026-01-19 15:00:00,924.19,926.3,923.67,925.21
1768838400,2026-01-19 16:00:00,925.22,928.88,924.86,928.56
1768842000,2026-01-19 17:00:00,928.57,928.57,926.63,927.63
1768845600,2026-01-19 18:00:00,927.64,927.7,925.25,927.09
1768849200,2026-01-19 19:00:00,927.09,929.03,926.29,926.56
1768852800,2026-01-19 20:00:00,926.56,927.6,925.33,926.25
1768856400,2026-01-19 21:00:00,926.26,927.26,924.72,924.97
1768860000,2026-01-19 22:00:00,924.98,926.45,921.5,921.61
1768863600,2026-01-19 23:00:00,921.61,925.48,919.32,923.6
1768867200,2026-01-20 00:00:00,923.6,931,923.5,929.37
1768870800,2026-01-20 01:00:00,929.38,933.13,928,932.38
1768874400,2026-01-20 02:00:00,932.38,932.5,926.95,928.37
1768878000,2026-01-20 03:00:00,928.37,929.28,926.66,927.63
1768881600,2026-01-20 04:00:00,927.63,928.62,926.16,926.67
1768885200,2026-01-20 05:00:00,926.66,926.67,919.7,922.22
1768888800,2026-01-20 06:00:00,922.22,922.27,914.27,915.32
1768892400,2026-01-20 07:00:00,915.33,919.49,914.62,917.77
1768896000,2026-01-20 08:00:00,917.77,917.89,908.66,914.32
1768899600,2026-01-20 09:00:00,914.32,914.45,912.62,913.08
1768903200,2026-01-20 10:00:00,913.08,915.8,912.49,914.46
1768906800,2026-01-20 11:00:00,914.46,915.35,912,912.68
1768910400,2026-01-20 12:00:00,912.69,915.99,912.41,913.84
1768914000,2026-01-20 13:00:00,913.83,913.95,905.8,906.16
1768917600,2026-01-20 14:00:00,906.17,911.03,902,903.41
1768921200,2026-01-20 15:00:00,903.42,905.56,896.66,905.33
1768924800,2026-01-20 16:00:00,905.33,908.5,896.54,896.7
1768928400,2026-01-20 17:00:00,896.7,900,887.24,890.39
1768932000,2026-01-20 18:00:00,890.38,894.98,890.24,892.03
1768935600,2026-01-20 19:00:00,892.04,896.47,891.6,895.7
1768939200,2026-01-20 20:00:00,895.7,898,894.2,895.98
1768942800,2026-01-20 21:00:00,895.97,896.67,893.71,894.68
1768946400,2026-01-20 22:00:00,894.68,897.22,885.21,891.12
1768950000,2026-01-20 23:00:00,891.13,891.22,884,884.2
1768953600,2026-01-21 00:00:00,884.19,884.2,867,881.01
1768957200,2026-01-21 01:00:00,881.01,883.81,878.46,879.66
1768960800,2026-01-21 02:00:00,879.66,882,876.66,877.21
1768964400,2026-01-21 03:00:00,877.2,882.13,875.4,881.44
1768968000,2026-01-21 04:00:00,881.44,882.78,879.32,879.68
1768971600,2026-01-21 05:00:00,879.67,885.92,879,884.07
1768975200,2026-01-21 06:00:00,884.08,884.74,877.82,878.31
1768978800,2026-01-21 07:00:00,878.31,879.79,874.36,875.36
1768982400,2026-01-21 08:00:00,875.36,875.36,870,873
1768986000,2026-01-21 09:00:00,872.99,875.56,872.21,872.81
1768989600,2026-01-21 10:00:00,872.8,876.2,872.25,873.47
1768993200,2026-01-21 11:00:00,873.47,875.1,870.01,870.78
1768996800,2026-01-21 12:00:00,870.77,871.7,864.54,871.54
1769000400,2026-01-21 13:00:00,871.55,876,871.29,874.09
1769004000,2026-01-21 14:00:00,874.08,884.64,873.46,883.96
1769007600,2026-01-21 15:00:00,883.96,893.69,883.66,892.66
1769011200,2026-01-21 16:00:00,892.67,892.94,867.66,868
1769014800,2026-01-21 17:00:00,868,874.39,865.75,869.73
1769018400,2026-01-21 18:00:00,869.73,875.52,867.36,873.49
1769022000,2026-01-21 19:00:00,873.49,889.92,871.44,889.83
1769025600,2026-01-21 20:00:00,889.83,890.13,882.28,888.46
1769029200,2026-01-21 21:00:00,888.47,890.79,887.15,889.45
1769032800,2026-01-21 22:00:00,889.45,892.45,886.34,887.74
1769036400,2026-01-21 23:00:00,887.74,890.47,882.25,883.36
1769040000,2026-01-22 00:00:00,883.35,890.57,883.35,889.33
1769043600,2026-01-22 01:00:00,889.33,892.62,888.83,892.18
1769047200,2026-01-22 02:00:00,892.18,894.28,889.41,889.61
1769050800,2026-01-22 03:00:00,889.6,892.67,888.89,891.43
1769054400,2026-01-22 04:00:00,891.42,893,890.91,892.11
1769058000,2026-01-22 05:00:00,892.11,893.05,890.08,891.28
1769061600,2026-01-22 06:00:00,891.28,893.05,889.35,890.81
1769065200,2026-01-22 07:00:00,890.82,891.12,887.79,888.83
1769068800,2026-01-22 08:00:00,888.82,892.39,888.69,891.88
1769072400,2026-01-22 09:00:00,891.88,896.46,891.45,895.33
1769076000,2026-01-22 10:00:00,895.33,897.58,894.82,896.4
1769079600,2026-01-22 11:00:00,896.41,897.04,892.12,892.93
1769083200,2026-01-22 12:00:00,892.93,894.03,892.11,892.58
1769086800,2026-01-22 13:00:00,892.58,895.04,886.44,888.21
1769090400,2026-01-22 14:00:00,888.21,888.82,881.23,883.07
1769094000,2026-01-22 15:00:00,883.07,887.07,878.18,883.03
1769097600,2026-01-22 16:00:00,883.03,887.76,881.81,885.09
1769101200,2026-01-22 17:00:00,885.09,888.43,883.45,887.91
1769104800,2026-01-22 18:00:00,887.91,888.53,883.85,884.2
1769108400,2026-01-22 19:00:00,884.2,888.95,883.04,888.35
1769112000,2026-01-22 20:00:00,888.34,889.67,886.34,887.48
1769115600,2026-01-22 21:00:00,887.48,890,887.01,888.15
1769119200,2026-01-22 22:00:00,888.15,892,886.29,887.55
1769122800,2026-01-22 23:00:00,887.55,888.2,885.34,888.06
1769126400,2026-01-23 00:00:00,888.06,890.39,887.63,889.52
1769130000,2026-01-23 01:00:00,889.54,892,889.02,891.99
1769133600,2026-01-23 02:00:00,892,892.37,888.45,888.85
1769137200,2026-01-23 03:00:00,888.85,892.31,888.7,891.55
1769140800,2026-01-23 04:00:00,891.56,893.42,891,892.08
1769144400,2026-01-23 05:00:00,892.09,892.1,889.38,891.31
1769148000,2026-01-23 06:00:00,891.31,892.89,889.15,890.4
1769151600,2026-01-23 07:00:00,890.41,892.38,890.21,891.32
1769155200,2026-01-23 08:00:00,891.33,891.76,888.05,888.77
1769158800,2026-01-23 09:00:00,888.76,890.34,886.82,887.36
1769162400,2026-01-23 10:00:00,887.37,889.51,885.69,888.61
1769166000,2026-01-23 11:00:00,888.61,890.05,886.93,887.36
1769169600,2026-01-23 12:00:00,887.35,888.26,886.39,887.44
1769173200,2026-01-23 13:00:00,887.44,888.65,886.24,887.94
1769176800,2026-01-23 14:00:00,887.94,891,883.1,886.96
1769180400,2026-01-23 15:00:00,886.96,892.43,883.89,892
1769184000,2026-01-23 16:00:00,892.01,898.75,891.89,895.96
1769187600,2026-01-23 17:00:00,895.96,904.99,894.31,899.25
1769191200,2026-01-23 18:00:00,899.25,903.03,898.33,899.93
1769194800,2026-01-23 19:00:00,899.92,899.99,889.98,893.72
1769198400,2026-01-23 20:00:00,893.72,894.91,888.49,890.86
1769202000,2026-01-23 21:00:00,890.86,892.44,889.86,889.94
1769205600,2026-01-23 22:00:00,889.95,893.16,889.82,892.79
1769209200,2026-01-23 23:00:00,892.79,892.79,890.53,891.63
1769212800,2026-01-24 00:00:00,891.62,892.32,889.33,889.84
1769216400,2026-01-24 01:00:00,889.85,890.76,889.35,890.35
1769220000,2026-01-24 02:00:00,890.35,893.32,890.18,892.68
1769223600,2026-01-24 03:00:00,892.68,894.24,891.8,892.9
1769227200,2026-01-24 04:00:00,892.9,894.16,892.18,892.76
1769230800,2026-01-24 05:00:00,892.76,893.62,892.44,892.88
1769234400,2026-01-24 06:00:00,892.89,893.45,892.04,892.24
1769238000,2026-01-24 07:00:00,892.25,893.01,891.46,892.06
1769241600,2026-01-24 08:00:00,892.06,892.5,891.2,892.33
1769245200,2026-01-24 09:00:00,892.33,892.59,891.73,892.18
1769248800,2026-01-24 10:00:00,892.18,892.76,891.52,892.06
1769252400,2026-01-24 11:00:00,892.06,893.98,892.05,892.57
1769256000,2026-01-24 12:00:00,892.58,892.68,891.73,892.14
1769259600,2026-01-24 13:00:00,892.14,892.4,890.75,890.76
1769263200,2026-01-24 14:00:00,890.76,892.88,890.6,891.52
1769266800,2026-01-24 15:00:00,891.52,892.55,888.69,888.7
1769270400,2026-01-24 16:00:00,888.7,888.7,886.53,887.7
1769274000,2026-01-24 17:00:00,887.71,889.64,887.32,889.33
1769277600,2026-01-24 18:00:00,889.34,890.34,888.75,888.92
1769281200,2026-01-24 19:00:00,888.92,888.96,888,888.12
1769284800,2026-01-24 20:00:00,888.13,888.85,887.42,887.82
1769288400,2026-01-24 21:00:00,887.83,888.64,887.21,888.64
1769292000,2026-01-24 22:00:00,888.64,889.79,888.06,888.78
1769295600,2026-01-24 23:00:00,888.78,889.21,887.01,887.17
1769299200,2026-01-25 00:00:00,887.18,887.75,885.47,885.94
1769302800,2026-01-25 01:00:00,885.93,886.29,883.75,884.63
1769306400,2026-01-25 02:00:00,884.64,885.12,883.64,883.88
1769310000,2026-01-25 03:00:00,883.88,884.42,880.1,881.24
1769313600,2026-01-25 04:00:00,881.24,883.67,881,882.27
1769317200,2026-01-25 05:00:00,882.27,882.91,880.48,882.12
1769320800,2026-01-25 06:00:00,882.13,882.47,879.77,881.8
1769324400,2026-01-25 07:00:00,881.8,881.8,879.32,879.4
1769328000,2026-01-25 08:00:00,879.4,881.86,877.14,878.36
1769331600,2026-01-25 09:00:00,878.36,882.22,878.05,881.18
1769335200,2026-01-25 10:00:00,881.18,883.25,880.4,882.15
1769338800,2026-01-25 11:00:00,882.16,882.83,879.78,880.52
1769342400,2026-01-25 12:00:00,880.51,881.06,879.41,881.02
1769346000,2026-01-25 13:00:00,881.02,881.49,878.72,880.51
1769349600,2026-01-25 14:00:00,880.51,880.86,876.87,878.82
1769353200,2026-01-25 15:00:00,878.82,880,876.77,877.55
1769356800,2026-01-25 16:00:00,877.55,877.69,868,870.64
1769360400,2026-01-25 17:00:00,870.65,871.16,867.36,869.47
1769364000,2026-01-25 18:00:00,869.47,870.02,862,866.54
1769367600,2026-01-25 19:00:00,866.54,867.51,856,858.86
1769371200,2026-01-25 20:00:00,858.86,861.54,856.01,860.84
1769374800,2026-01-25 21:00:00,860.84,864.85,860.06,863.94
1769378400,2026-01-25 22:00:00,863.94,864.08,859.8,861.99
1769382000,2026-01-25 23:00:00,861.99,866.66,859.19,866.02
1769385600,2026-01-26 00:00:00,866.02,869.7,864.91,867.48
1769389200,2026-01-26 01:00:00,867.48,875.98,867.34,874.12
1769392800,2026-01-26 02:00:00,874.12,874.99,870.39,871.69
1769396400,2026-01-26 03:00:00,871.69,872.81,867,868.21
1769400000,2026-01-26 04:00:00,868.2,873.8,868,872.21
1769403600,2026-01-26 05:00:00,872.21,872.89,871.15,871.93
1769407200,2026-01-26 06:00:00,871.93,873.7,870.24,872.93
1769410800,2026-01-26 07:00:00,872.94,874.68,871.2,874.64
1769414400,2026-01-26 08:00:00,874.63,877.83,872.95,873.36
1769418000,2026-01-26 09:00:00,873.36,873.4,869.4,870.15
1769421600,2026-01-26 10:00:00,870.15,872.86,870.15,872.21
1769425200,2026-01-26 11:00:00,872.22,873.28,871.42,873.12
1769428800,2026-01-26 12:00:00,873.12,875.67,871.6,872.64
1769432400,2026-01-26 13:00:00,872.64,874.63,872.08,874.45
1769436000,2026-01-26 14:00:00,874.45,876.67,869.63,874.32
1769439600,2026-01-26 15:00:00,874.33,878.34,869.63,871.93
1769443200,2026-01-26 16:00:00,871.94,875.06,869.85,873.04
1769446800,2026-01-26 17:00:00,873.04,874.7,868.68,873.96
1769450400,2026-01-26 18:00:00,873.96,879.13,873.53,878.07
1769454000,2026-01-26 19:00:00,878.07,878.72,874.1,874.4
1769457600,2026-01-26 20:00:00,874.4,875.47,871.66,872.78
1769461200,2026-01-26 21:00:00,872.78,879,872.23,876.61
1769464800,2026-01-26 22:00:00,876.61,879.65,876.19,878.01
1769468400,2026-01-26 23:00:00,878.01,881.44,876.73,879.41
1769472000,2026-01-27 00:00:00,879.41,879.57,876.53,877.68
1769475600,2026-01-27 01:00:00,877.67,881.76,876.2,881.32
1769479200,2026-01-27 02:00:00,881.31,885.42,881.18,885.09
1769482800,2026-01-27 03:00:00,885.09,886.08,884.22,884.92
1769486400,2026-01-27 04:00:00,884.91,888.25,884.48,885.32
1769490000,2026-01-27 05:00:00,885.32,885.54,882.14,884.65
1769493600,2026-01-27 06:00:00,884.66,885.53,882.35,883.37
1769497200,2026-01-27 07:00:00,883.38,885.61,883.2,883.54
1769500800,2026-01-27 08:00:00,883.54,885.11,883.26,884.59
1769504400,2026-01-27 09:00:00,884.58,884.58,881.36,881.36
1769508000,2026-01-27 10:00:00,881.37,882,877.17,877.45
1769511600,2026-01-27 11:00:00,877.46,880.55,876.88,880.43
1769515200,2026-01-27 12:00:00,880.44,881.95,880.31,880.77
1769518800,2026-01-27 13:00:00,880.78,883.14,879.31,882.3
1769522400,2026-01-27 14:00:00,882.31,885.29,880.6,881.79
1769526000,2026-01-27 15:00:00,881.8,886.27,881.1,885.73
1769529600,2026-01-27 16:00:00,885.73,896.71,885.73,894.95
1769533200,2026-01-27 17:00:00,894.96,897.72,884.9,887.1
1769536800,2026-01-27 18:00:00,887.11,894.65,886.41,892.44
1769540400,2026-01-27 19:00:00,892.45,893.65,889.98,891.88
1769544000,2026-01-27 20:00:00,891.89,898.88,891.59,898.61
1769547600,2026-01-27 21:00:00,898.61,899.28,895,895.73
1769551200,2026-01-27 22:00:00,895.73,899.98,895.72,899.16
1769554800,2026-01-27 23:00:00,899.17,901.22,897.99,898.36
1769558400,2026-01-28 00:00:00,898.35,900.99,897.77,900.03
1769562000,2026-01-28 01:00:00,900.04,900.93,895.22,896.48
1769565600,2026-01-28 02:00:00,896.47,896.93,894.41,896.93
1769569200,2026-01-28 03:00:00,896.92,897.69,894.81,896.84
1769572800,2026-01-28 04:00:00,896.84,899.19,895.34,898.89
1769576400,2026-01-28 05:00:00,898.89,901,897.99,900.84
1769580000,2026-01-28 06:00:00,900.85,904.72,899.7,903.65
1769583600,2026-01-28 07:00:00,903.66,904.18,901.93,903.34
1769587200,2026-01-28 08:00:00,903.34,905.94,902.27,902.49
1769590800,2026-01-28 09:00:00,902.49,908.67,902.49,908.55
1769594400,2026-01-28 10:00:00,908.55,909.43,905.26,905.54
1769598000,2026-01-28 11:00:00,905.54,908,902.98,907.69
1769601600,2026-01-28 12:00:00,907.68,907.76,903.97,905.27
1769605200,2026-01-28 13:00:00,905.27,908.31,905.22,906.04
1769608800,2026-01-28 14:00:00,906.03,906.05,900.82,901.99
1769612400,2026-01-28 15:00:00,901.99,904,897.18,902.92
1769616000,2026-01-28 16:00:00,902.91,903.83,897.83,900
1769619600,2026-01-28 17:00:00,900,907.06,898.32,904.48
1769623200,2026-01-28 18:00:00,904.48,904.65,900.42,902.52
1769626800,2026-01-28 19:00:00,902.51,905.26,900.16,904
1769630400,2026-01-28 20:00:00,904.01,907.71,902.32,902.75
1769634000,2026-01-28 21:00:00,902.75,904.7,899.68,904.32
1769637600,2026-01-28 22:00:00,904.32,905.33,902.61,904.35
1769641200,2026-01-28 23:00:00,904.34,905.28,901.69,902.91
1769644800,2026-01-29 00:00:00,902.92,904.24,900.37,903.56
1769648400,2026-01-29 01:00:00,903.57,904.98,898.78,899.54
1769652000,2026-01-29 02:00:00,899.54,901.24,893.2,894.67
1769655600,2026-01-29 03:00:00,894.67,898.97,893.87,896.54
1769659200,2026-01-29 04:00:00,896.55,901.42,895.2,900.52
1769662800,2026-01-29 05:00:00,900.53,902.65,898,898.55
1769666400,2026-01-29 06:00:00,898.55,901.47,898.55,901.41
1769670000,2026-01-29 07:00:00,901.41,906.67,901.4,904.8
1769673600,2026-01-29 08:00:00,904.8,905.41,902.09,903.78
1769677200,2026-01-29 09:00:00,903.78,905.8,902.66,903.86
1769680800,2026-01-29 10:00:00,903.86,904.59,894.93,895
1769684400,2026-01-29 11:00:00,895,896.5,893.23,894.28
1769688000,2026-01-29 12:00:00,894.28,894.43,889.88,891.17
1769691600,2026-01-29 13:00:00,891.17,892.42,889.89,890.18
1769695200,2026-01-29 14:00:00,890.18,891.35,877.69,877.76
1769698800,2026-01-29 15:00:00,877.76,878.07,856.9,864.15
1769702400,2026-01-29 16:00:00,864.15,865.87,856.82,865.55
1769706000,2026-01-29 17:00:00,865.55,870.36,862.72,863.47
1769709600,2026-01-29 18:00:00,863.47,867.73,856.5,858.26
1769713200,2026-01-29 19:00:00,858.26,862.84,852.81,860.4
1769716800,2026-01-29 20:00:00,860.4,865.62,859.61,864.51
1769720400,2026-01-29 21:00:00,864.51,867.28,862.95,865.47
1769724000,2026-01-29 22:00:00,865.47,867.35,863.11,867.35
1769727600,2026-01-29 23:00:00,867.35,869.48,865.21,868.69
1769731200,2026-01-30 00:00:00,868.69,869.77,864.24,865.49
1769734800,2026-01-30 01:00:00,865.49,865.55,837.65,847.84
1769738400,2026-01-30 02:00:00,847.84,847.84,835.55,842.5
1769742000,2026-01-30 03:00:00,842.5,846.77,842.31,845.7
1769745600,2026-01-30 04:00:00,845.69,854.36,845.6,850.42
1769749200,2026-01-30 05:00:00,850.42,851.66,847.36,847.39
1769752800,2026-01-30 06:00:00,847.4,847.45,836.14,840.23
1769756400,2026-01-30 07:00:00,840.23,848.45,840.23,847.55
1769760000,2026-01-30 08:00:00,847.56,848.05,840.25,841.94
1769763600,2026-01-30 09:00:00,841.95,843.5,833.08,834.56
1769767200,2026-01-30 10:00:00,834.56,839,833.32,838.95
1769770800,2026-01-30 11:00:00,838.94,845,837,842.79
1769774400,2026-01-30 12:00:00,842.79,843.36,836.45,838.01
1769778000,2026-01-30 13:00:00,838.01,852.09,837.73,845.34
1769781600,2026-01-30 14:00:00,845.33,855.87,845.33,850.57
1769785200,2026-01-30 15:00:00,850.58,855.56,845.15,850.11
1769788800,2026-01-30 16:00:00,850.1,854.34,848,850.85
1769792400,2026-01-30 17:00:00,850.85,853,847.5,848.61
1769796000,2026-01-30 18:00:00,848.61,852.16,831.83,850.34
1769799600,2026-01-30 19:00:00,850.35,855.9,850.34,854.24
1769803200,2026-01-30 20:00:00,854.24,862.09,846.38,859.54
1769806800,2026-01-30 21:00:00,859.55,860.04,853.59,858.96
1769810400,2026-01-30 22:00:00,858.96,860.3,856.92,860.06
1769814000,2026-01-30 23:00:00,860.07,861.58,856.4,858.81
1769817600,2026-01-31 00:00:00,858.81,860.85,856.47,856.68
1769821200,2026-01-31 01:00:00,856.67,858.84,853.89,854.46
1769824800,2026-01-31 02:00:00,854.47,855.48,851.93,854.49
1769828400,2026-01-31 03:00:00,854.5,856.38,852.68,853.22
1769832000,2026-01-31 04:00:00,853.22,854.6,851.23,851.76
1769835600,2026-01-31 05:00:00,851.77,853.46,850.39,851.18
1769839200,2026-01-31 06:00:00,851.18,852.38,849,851.23
1769842800,2026-01-31 07:00:00,851.23,851.44,845.89,847.75
1769846400,2026-01-31 08:00:00,847.75,847.75,833,836.19
1769850000,2026-01-31 09:00:00,836.19,841.5,835.8,839.03
1769853600,2026-01-31 10:00:00,839.04,840.48,836.78,838.97
1769857200,2026-01-31 11:00:00,838.98,838.98,835.78,836.85
1769860800,2026-01-31 12:00:00,836.85,837.65,833.05,833.72
1769864400,2026-01-31 13:00:00,833.72,834.3,828.75,830.14
1769868000,2026-01-31 14:00:00,830.15,831.92,805,812.18
1769871600,2026-01-31 15:00:00,812.18,816.8,801.66,803.1
1769875200,2026-01-31 16:00:00,803.1,810.21,790.11,793.23
1769878800,2026-01-31 17:00:00,793.24,796,774,781.35
1769882400,2026-01-31 18:00:00,781.35,783.89,750,772.35
1769886000,2026-01-31 19:00:00,772.35,781.31,767.64,771
1769889600,2026-01-31 20:00:00,771.05,775.84,766.14,770.64
1769893200,2026-01-31 21:00:00,770.63,777.64,766.6,776.19
1769896800,2026-01-31 22:00:00,776.2,778.3,771.94,774.36
1769900400,2026-01-31 23:00:00,774.36,785.94,773.31,781.38
1769904000,2026-02-01 00:00:00,781.39,786.6,779.68,785.29
1769907600,2026-02-01 01:00:00,785.29,785.83,779.22,784.99
1769911200,2026-02-01 02:00:00,785,789.72,783.86,786.99
1769914800,2026-02-01 03:00:00,787,787.34,779.8,783.63
1769918400,2026-02-01 04:00:00,783.64,785,781.71,781.93
1769922000,2026-02-01 05:00:00,781.94,784,779.08,780.6
1769925600,2026-02-01 06:00:00,780.61,783.28,777.37,777.39
1769929200,2026-02-01 07:00:00,777.39,782.56,773.84,778.01
1769932800,2026-02-01 08:00:00,778,782.79,775.07,779
1769936400,2026-02-01 09:00:00,779.01,782.48,777,781.64
1769940000,2026-02-01 10:00:00,781.64,782.48,769.44,769.85
1769943600,2026-02-01 11:00:00,769.85,775.61,768.29,774.07
1769947200,2026-02-01 12:00:00,774.07,774.19,766.92,769.3
1769950800,2026-02-01 13:00:00,769.3,773.64,763.71,765.6
1769954400,2026-02-01 14:00:00,765.6,767.4,746,762.84
1769958000,2026-02-01 15:00:00,762.85,763,742.7,749.98
1769961600,2026-02-01 16:00:00,749.98,757.16,745.83,753.48
1769965200,2026-02-01 17:00:00,753.48,756.42,749.49,756.13
1769968800,2026-02-01 18:00:00,756.13,766.8,756.09,763.25
1769972400,2026-02-01 19:00:00,763.26,764.44,753.94,757.15
1769976000,2026-02-01 20:00:00,757.14,763.7,751.81,757.64
1769979600,2026-02-01 21:00:00,757.64,758.45,750.53,753.68
1769983200,2026-02-01 22:00:00,753.67,765.51,753.67,761.81
1769986800,2026-02-01 23:00:00,761.8,766.39,739.63,758.54
1769990400,2026-02-02 00:00:00,758.54,770.61,753.81,764.19
1769994000,2026-02-02 01:00:00,764.18,769.35,753.6,765.13
1769997600,2026-02-02 02:00:00,765.13,766.9,757.45,758.52
1770001200,2026-02-02 03:00:00,758.53,759.04,728.44,751.57
1770004800,2026-02-02 04:00:00,751.58,760.39,743.49,751.38
1770008400,2026-02-02 05:00:00,751.38,753.19,735.55,738.09
1770012000,2026-02-02 06:00:00,738.09,754.77,728.88,747.95
1770015600,2026-02-02 07:00:00,747.96,756.94,747,752.5
1770019200,2026-02-02 08:00:00,752.58,760.33,752.57,758.4
1770022800,2026-02-02 09:00:00,758.41,767.35,755.32,764.03
1770026400,2026-02-02 10:00:00,764.03,765.47,759.52,760.16
1770030000,2026-02-02 11:00:00,760.17,766.19,760.17,762.36
1770033600,2026-02-02 12:00:00,762.37,769.57,762.37,766.46
1770037200,2026-02-02 13:00:00,766.46,769.44,763.71,767.74
1770040800,2026-02-02 14:00:00,767.74,775.31,761.86,769.4
1770044400,2026-02-02 15:00:00,769.41,781.09,767.46,777.86
1770048000,2026-02-02 16:00:00,777.87,781.58,774.52,775.31
1770051600,2026-02-02 17:00:00,775.32,778.3,772.53,774.93
1770055200,2026-02-02 18:00:00,774.93,777.75,772.22,774.7
1770058800,2026-02-02 19:00:00,774.7,776.09,769.72,770.39
1770062400,2026-02-02 20:00:00,770.38,773.75,767.6,769.66
1770066000,2026-02-02 21:00:00,769.67,774.6,769.52,773.91
1770069600,2026-02-02 22:00:00,773.9,776,773.5,775.95
1770073200,2026-02-02 23:00:00,775.95,776.95,773.64,773.94
1770076800,2026-02-03 00:00:00,773.94,774.69,769.9,774.56
1770080400,2026-02-03 01:00:00,774.56,775.25,770.33,773.92
1770084000,2026-02-03 02:00:00,773.92,774,763.7,764.24
1770087600,2026-02-03 03:00:00,764.24,773.32,762.7,772.3
1770091200,2026-02-03 04:00:00,772.3,779.01,770.98,777.77
1770094800,2026-02-03 05:00:00,777.77,778.53,773.61,774.05
1770098400,2026-02-03 06:00:00,774.06,779.08,771.12,777.98
1770102000,2026-02-03 07:00:00,777.98,783.57,777.02,782.08
1770105600,2026-02-03 08:00:00,782.09,782.7,777.88,779.65
1770109200,2026-02-03 09:00:00,779.66,780.71,769.48,772.08
1770112800,2026-02-03 10:00:00,772.08,773.63,765.97,767.84
1770116400,2026-02-03 11:00:00,767.84,770.86,767.3,768.87
1770120000,2026-02-03 12:00:00,768.87,775.71,767.99,774.45
1770123600,2026-02-03 13:00:00,774.45,776.54,773.08,775.24
1770127200,2026-02-03 14:00:00,775.24,776.4,765.32,765.45
1770130800,2026-02-03 15:00:00,765.44,778.22,764.29,776.75
1770134400,2026-02-03 16:00:00,776.75,776.76,763.3,763.69
1770138000,2026-02-03 17:00:00,763.69,764.75,750.57,750.86
1770141600,2026-02-03 18:00:00,750.86,753.13,736.19,736.69
1770145200,2026-02-03 19:00:00,736.69,759.81,736.08,757.88
1770148800,2026-02-03 20:00:00,757.87,775.41,752.28,771.49
1770152400,2026-02-03 21:00:00,771.49,775.17,764,764.51
1770156000,2026-02-03 22:00:00,764.52,765.02,755.01,757.05
1770159600,2026-02-03 23:00:00,757.04,759.74,752.3,754.78
1770163200,2026-02-04 00:00:00,754.78,757.39,751.61,753.92
1770166800,2026-02-04 01:00:00,753.92,762.69,753.92,759.56
1770170400,2026-02-04 02:00:00,759.57,761.2,751.95,754.87
1770174000,2026-02-04 03:00:00,754.87,764.31,754.28,761.71
1770177600,2026-02-04 04:00:00,761.7,763.1,758.07,758.54
1770181200,2026-02-04 05:00:00,758.55,759.16,754.21,756
1770184800,2026-02-04 06:00:00,756,763.76,755.6,762.44
1770188400,2026-02-04 07:00:00,762.45,765.33,759.82,764.19
1770192000,2026-02-04 08:00:00,764.19,764.36,758.5,762.22
1770195600,2026-02-04 09:00:00,762.21,762.27,755.15,755.69
1770199200,2026-02-04 10:00:00,755.69,757,754.85,756.01
1770202800,2026-02-04 11:00:00,756.02,756.11,747.37,750.34
1770206400,2026-02-04 12:00:00,750.35,752.38,747.96,752.03
1770210000,2026-02-04 13:00:00,752.02,752.42,740.48,740.48
1770213600,2026-02-04 14:00:00,740.48,747.75,733.7,735.8
1770217200,2026-02-04 15:00:00,735.81,740.23,727.5,733.9
1770220800,2026-02-04 16:00:00,733.91,736.7,726.44,729.31
1770224400,2026-02-04 17:00:00,729.3,732.04,715,715.75
1770228000,2026-02-04 18:00:00,715.75,723.03,707,711.08
1770231600,2026-02-04 19:00:00,711.08,719.43,709.29,717.95
1770235200,2026-02-04 20:00:00,717.95,718.75,711.7,712.72
1770238800,2026-02-04 21:00:00,712.72,714.28,700.01,702.12
1770242400,2026-02-04 22:00:00,702.11,703.35,687.3,691.24
1770246000,2026-02-04 23:00:00,691.24,702.43,690.09,697.27
1770249600,2026-02-05 00:00:00,697.27,700,694.32,695.91
1770253200,2026-02-05 01:00:00,695.91,703,691.01,698.52
1770256800,2026-02-05 02:00:00,698.53,702.45,692.65,694.64
1770260400,2026-02-05 03:00:00,694.64,699.39,692.33,694.19
1770264000,2026-02-05 04:00:00,694.19,697.34,690.01,692.8
1770267600,2026-02-05 05:00:00,692.8,699.15,686,692.49
1770271200,2026-02-05 06:00:00,692.5,694.07,688.47,691.74
1770274800,2026-02-05 07:00:00,691.74,700.24,690.4,691.49
1770278400,2026-02-05 08:00:00,691.5,697.38,690.84,691.57
1770282000,2026-02-05 09:00:00,691.58,700.37,691.58,697.87
1770285600,2026-02-05 10:00:00,697.88,699.52,689.13,691.43
1770289200,2026-02-05 11:00:00,691.43,691.67,674.71,683.49
1770292800,2026-02-05 12:00:00,683.49,688.05,672.7,676.96
1770296400,2026-02-05 13:00:00,676.97,679.42,669.39,674.51
1770300000,2026-02-05 14:00:00,674.52,688.53,674.03,676.18
1770303600,2026-02-05 15:00:00,676.19,678.03,646.66,658.56
1770307200,2026-02-05 16:00:00,658.56,673.96,656.01,669.91
1770310800,2026-02-05 17:00:00,669.92,671.36,652.15,654.74
1770314400,2026-02-05 18:00:00,654.75,658.46,631.09,653.68
1770318000,2026-02-05 19:00:00,653.68,654.62,638.11,641.19
1770321600,2026-02-05 20:00:00,641.28,645.15,611.35,617.21
1770325200,2026-02-05 21:00:00,617.22,631.48,606.01,610.83
1770328800,2026-02-05 22:00:00,610.83,624.39,602.17,617.03
1770332400,2026-02-05 23:00:00,617.04,628.1,604.52,608.3
1770336000,2026-02-06 00:00:00,608.3,620.59,570.06,614.51
1770339600,2026-02-06 01:00:00,614.52,630,613.43,629.91
1770343200,2026-02-06 02:00:00,629.92,634,618.99,622.53
1770346800,2026-02-06 03:00:00,622.53,625.33,611.57,615.11
1770350400,2026-02-06 04:00:00,615.1,624.66,613.1,620.43
1770354000,2026-02-06 05:00:00,620.43,642.49,619.77,639.38
1770357600,2026-02-06 06:00:00,639.39,642.04,625.93,626.48
1770361200,2026-02-06 07:00:00,626.48,629.1,620.75,623.05
1770364800,2026-02-06 08:00:00,623.06,625.79,617,619.61
1770368400,2026-02-06 09:00:00,619.61,631.49,617.15,629.46
1770372000,2026-02-06 10:00:00,629.47,636.12,627.24,633.58
1770375600,2026-02-06 11:00:00,633.58,638.48,632.13,636.17
1770379200,2026-02-06 12:00:00,636.16,637.13,632.45,636.73
1770382800,2026-02-06 13:00:00,636.73,647.76,636.09,643.75
1770386400,2026-02-06 14:00:00,643.75,654.76,638.01,650.45
1770390000,2026-02-06 15:00:00,650.45,654.54,644.33,651.2
1770393600,2026-02-06 16:00:00,651.19,663,649.06,659.46
1770397200,2026-02-06 17:00:00,659.46,669.65,657.11,661.95
1770400800,2026-02-06 18:00:00,661.95,662.6,648.94,654.02
1770404400,2026-02-06 19:00:00,654.02,660.22,652.33,658.82
1770408000,2026-02-06 20:00:00,658.83,665.47,655.82,657.14
1770411600,2026-02-06 21:00:00,657.15,664.64,654.87,662.35
1770415200,2026-02-06 22:00:00,662.35,667.41,660.44,665.53
1770418800,2026-02-06 23:00:00,665.53,668.57,657.11,657.21
1770422400,2026-02-07 00:00:00,657.21,657.23,651.71,653.1
1770426000,2026-02-07 01:00:00,653.1,658.06,650.18,657.7
1770429600,2026-02-07 02:00:00,657.71,658.04,654.49,656.94
1770433200,2026-02-07 03:00:00,656.94,661.87,656.53,659.14
1770436800,2026-02-07 04:00:00,659.14,663.88,654.23,656.76
1770440400,2026-02-07 05:00:00,656.76,659.19,652.96,654.38
1770444000,2026-02-07 06:00:00,654.39,656.16,643.02,643.21
1770447600,2026-02-07 07:00:00,643.22,645.28,632.11,638.48
1770451200,2026-02-07 08:00:00,638.49,641.56,636.17,640.14
1770454800,2026-02-07 09:00:00,640.14,641.19,634.53,636.23
1770458400,2026-02-07 10:00:00,636.24,637.25,630.83,634.33
1770462000,2026-02-07 11:00:00,634.33,636.52,633.54,635.7
1770465600,2026-02-07 12:00:00,635.71,646.9,635.09,639.08
1770469200,2026-02-07 13:00:00,639.08,640.63,635.72,638.42
1770472800,2026-02-07 14:00:00,638.42,639.99,633.82,634.5
1770476400,2026-02-07 15:00:00,634.51,644.14,633.64,642.29
1770480000,2026-02-07 16:00:00,642.28,650,639.11,643.29
1770483600,2026-02-07 17:00:00,643.29,648.66,640.07,647.49
1770487200,2026-02-07 18:00:00,647.49,655.51,646.28,652.34
1770490800,2026-02-07 19:00:00,652.34,653.42,649.56,650.22
1770494400,2026-02-07 20:00:00,650.21,654,649.25,653.16
1770498000,2026-02-07 21:00:00,653.2,653.9,649.2,650.08
1770501600,2026-02-07 22:00:00,650.08,651.88,647.82,648.97
1770505200,2026-02-07 23:00:00,648.97,649.13,644.08,647
1770508800,2026-02-08 00:00:00,647.01,648.66,645.78,647.28
1770512400,2026-02-08 01:00:00,647.28,650.73,647.05,649.56
1770516000,2026-02-08 02:00:00,649.56,651.3,645.16,646.85
1770519600,2026-02-08 03:00:00,646.85,647.51,642.53,642.77
1770523200,2026-02-08 04:00:00,642.77,643.85,640.18,643.85
1770526800,2026-02-08 05:00:00,643.84,644.8,641.9,642.96
1770530400,2026-02-08 06:00:00,642.97,644.18,640.36,640.58
1770534000,2026-02-08 07:00:00,640.58,643.41,639.11,643.22
1770537600,2026-02-08 08:00:00,643.22,650.84,640.82,650.08
1770541200,2026-02-08 09:00:00,650.09,650.72,640.57,641.73
1770544800,2026-02-08 10:00:00,641.74,645.11,637.61,639.62
1770548400,2026-02-08 11:00:00,639.62,646.27,639.25,645.67
1770552000,2026-02-08 12:00:00,645.67,646.12,642.48,645.25
1770555600,2026-02-08 13:00:00,645.18,646.54,641.57,644.98
1770559200,2026-02-08 14:00:00,644.99,647.17,643.37,646.95
1770562800,2026-02-08 15:00:00,646.94,648.34,641.04,643.85
1770566400,2026-02-08 16:00:00,643.85,645.46,632.3,634.94
1770570000,2026-02-08 17:00:00,634.85,639.92,634.79,639.15
1770573600,2026-02-08 18:00:00,639.15,649.99,638.95,646.54
1770577200,2026-02-08 19:00:00,646.54,649.5,645.65,648.58
1770580800,2026-02-08 20:00:00,648.58,648.76,643.21,643.82
1770584400,2026-02-08 21:00:00,643.82,646.49,640.23,641.74
1770588000,2026-02-08 22:00:00,641.74,644.71,641.62,643.98
1770591600,2026-02-08 23:00:00,643.97,653,636.27,639.93
1770595200,2026-02-09 00:00:00,639.93,643.2,635.87,639.95
1770598800,2026-02-09 01:00:00,639.94,643.44,633.81,636.89
1770602400,2026-02-09 02:00:00,636.89,643.78,635.61,640.3
1770606000,2026-02-09 03:00:00,640.31,646.15,640.31,645.03
1770609600,2026-02-09 04:00:00,645.02,645.36,641.59,642.46
1770613200,2026-02-09 05:00:00,642.46,642.46,640.32,641.76
1770616800,2026-02-09 06:00:00,641.77,641.77,633.93,636
1770620400,2026-02-09 07:00:00,636,637.48,631.16,632.05
1770624000,2026-02-09 08:00:00,632.05,633.62,622.29,625.94
1770627600,2026-02-09 09:00:00,625.94,628.45,623.91,625.22
1770631200,2026-02-09 10:00:00,625.22,626.66,616.01,618.48
1770634800,2026-02-09 11:00:00,618.48,623.09,618.47,621.83
1770638400,2026-02-09 12:00:00,621.84,627.8,621.72,626.98
1770642000,2026-02-09 13:00:00,626.98,631.25,625.2,625.34
1770645600,2026-02-09 14:00:00,625.34,631.7,622,628.18
1770649200,2026-02-09 15:00:00,628.14,632.5,625.01,631.08
1770652800,2026-02-09 16:00:00,630.98,638.5,627.18,635.58
1770656400,2026-02-09 17:00:00,635.59,642.78,632.06,640.3
1770660000,2026-02-09 18:00:00,640.3,643.47,636.31,640.35
1770663600,2026-02-09 19:00:00,640.35,642.97,639.11,642.48
1770667200,2026-02-09 20:00:00,642.48,644.07,638.21,640.92
1770670800,2026-02-09 21:00:00,640.92,641.28,633.44,638.34
1770674400,2026-02-09 22:00:00,638.34,640.29,637.16,637.94
1770678000,2026-02-09 23:00:00,637.95,639.96,635.87,636.39
1770681600,2026-02-10 00:00:00,636.38,638.3,635.68,636.49
1770685200,2026-02-10 01:00:00,636.49,642,636.36,640.85
1770688800,2026-02-10 02:00:00,640.85,641,637.28,638.23
1770692400,2026-02-10 03:00:00,638.24,638.84,630.01,633.21
1770696000,2026-02-10 04:00:00,633.2,638,632.93,637.64
1770699600,2026-02-10 05:00:00,637.64,639.51,635.57,637.62
1770703200,2026-02-10 06:00:00,637.61,638.05,628.4,629.77
1770706800,2026-02-10 07:00:00,629.77,633.75,629.49,631.75
1770710400,2026-02-10 08:00:00,631.74,634.05,629.16,633.55
1770714000,2026-02-10 09:00:00,633.56,635.38,628.02,629.95
1770717600,2026-02-10 10:00:00,629.95,630.3,626.61,627.14
1770721200,2026-02-10 11:00:00,627.14,630.46,625.05,626.46
1770724800,2026-02-10 12:00:00,626.47,628.99,624.66,624.81
1770728400,2026-02-10 13:00:00,624.82,627.41,623,624.95
1770732000,2026-02-10 14:00:00,624.95,627.19,613.8,617.48
1770735600,2026-02-10 15:00:00,617.49,622.58,615.33,619.4
1770739200,2026-02-10 16:00:00,619.39,623.49,616.81,621.22
1770742800,2026-02-10 17:00:00,621.23,625.58,619.14,623.75
1770746400,2026-02-10 18:00:00,623.75,624.24,613.98,615.85
1770750000,2026-02-10 19:00:00,615.84,619.28,614.12,617.29
1770753600,2026-02-10 20:00:00,617.28,618.95,615.5,617.92
1770757200,2026-02-10 21:00:00,617.93,619.47,614.43,616.06
1770760800,2026-02-10 22:00:00,616.06,619.87,616.06,619.23
1770764400,2026-02-10 23:00:00,619.23,620.47,617.89,619.85
1770768000,2026-02-11 00:00:00,619.85,623.35,619.49,622.75
1770771600,2026-02-11 01:00:00,622.74,623.23,620.23,620.73
1770775200,2026-02-11 02:00:00,620.73,624.14,620.01,620.03
1770778800,2026-02-11 03:00:00,620.04,620.63,615.34,617.49
1770782400,2026-02-11 04:00:00,617.49,618.69,609.37,610.68
1770786000,2026-02-11 05:00:00,610.69,612.79,607.49,608.3
1770789600,2026-02-11 06:00:00,608.31,608.92,597.61,599.32
1770793200,2026-02-11 07:00:00,599.33,603.07,598.75,600.77
1770796800,2026-02-11 08:00:00,600.76,602.15,594.09,595.88
1770800400,2026-02-11 09:00:00,595.88,599.1,592.56,593.58
1770804000,2026-02-11 10:00:00,593.58,593.82,587.14,587.77
1770807600,2026-02-11 11:00:00,587.78,593.42,587.54,592.82
1770811200,2026-02-11 12:00:00,592.82,594.39,591.09,591.77
1770814800,2026-02-11 13:00:00,591.77,598.59,590.08,597.91
1770818400,2026-02-11 14:00:00,597.92,611.85,596.14,597.48
1770822000,2026-02-11 15:00:00,597.49,600.08,588.87,593.79
1770825600,2026-02-11 16:00:00,593.75,602.76,592.89,593.86
1770829200,2026-02-11 17:00:00,593.87,606.08,592.22,603.33
1770832800,2026-02-11 18:00:00,603.32,610.46,599.68,610.05
1770836400,2026-02-11 19:00:00,610.06,613.45,609.2,610.47
1770840000,2026-02-11 20:00:00,610.46,611.33,606.36,609.9
1770843600,2026-02-11 21:00:00,609.91,617.9,609.13,613.73
1770847200,2026-02-11 22:00:00,613.74,613.8,608.46,608.97
1770850800,2026-02-11 23:00:00,608.98,610.26,604.51,608.11
1770854400,2026-02-12 00:00:00,608.11,612.85,608.11,611.48
1770858000,2026-02-12 01:00:00,611.48,614.16,611.28,611.68
1770861600,2026-02-12 02:00:00,611.69,616.07,610.78,613.01
1770865200,2026-02-12 03:00:00,613.01,617.3,612.49,616.6
1770868800,2026-02-12 04:00:00,616.61,618.25,613.49,613.58
1770872400,2026-02-12 05:00:00,613.57,615.85,611.21,615.66
1770876000,2026-02-12 06:00:00,615.65,618.08,615,615.84
1770879600,2026-02-12 07:00:00,615.84,617.92,614.25,615.25
1770883200,2026-02-12 08:00:00,615.25,616.04,610.85,611.53
1770886800,2026-02-12 09:00:00,611.54,617.45,610.53,614.45
1770890400,2026-02-12 10:00:00,614.45,619.06,613.64,619.06
1770894000,2026-02-12 11:00:00,619.06,620.87,616.35,617.69
1770897600,2026-02-12 12:00:00,617.69,618.15,614.16,615.41
1770901200,2026-02-12 13:00:00,615.4,618.27,613.44,618.24
1770904800,2026-02-12 14:00:00,618.24,618.28,611,612.24
1770908400,2026-02-12 15:00:00,612.23,614.39,607.72,609.2
1770912000,2026-02-12 16:00:00,609.21,610.15,600.6,604.23
1770915600,2026-02-12 17:00:00,604.24,609.02,603.14,603.45
1770919200,2026-02-12 18:00:00,603.45,607.73,602.03,606.95
1770922800,2026-02-12 19:00:00,606.95,612.32,604.99,608.13
1770926400,2026-02-12 20:00:00,608.17,609.83,604,604.95
1770930000,2026-02-12 21:00:00,604.94,608.26,604.82,607.34
1770933600,2026-02-12 22:00:00,607.36,612.55,605.95,612.24
1770937200,2026-02-12 23:00:00,612.24,616,611.62,614.29
1770940800,2026-02-13 00:00:00,614.29,616.64,609.8,611
1770944400,2026-02-13 01:00:00,610.99,616.37,610.84,615.5
1770948000,2026-02-13 02:00:00,615.5,616.3,609,610.18
1770951600,2026-02-13 03:00:00,610.18,612,607.5,608.85
1770955200,2026-02-13 04:00:00,608.86,609.5,605.71,605.9
1770958800,2026-02-13 05:00:00,605.9,606.17,598.46,598.87
1770962400,2026-02-13 06:00:00,598.87,598.92,592.49,597.83
1770966000,2026-02-13 07:00:00,597.84,601.12,596.16,598.11
1770969600,2026-02-13 08:00:00,598.12,604.36,597.68,602.39
1770973200,2026-02-13 09:00:00,602.39,603.3,599.48,602.15
1770976800,2026-02-13 10:00:00,602.16,602.81,599.28,601.37
1770980400,2026-02-13 11:00:00,601.36,601.67,598.24,601.58
1770984000,2026-02-13 12:00:00,601.58,601.64,596.84,599.06
1770987600,2026-02-13 13:00:00,599.06,603.1,596.51,598.65
1770991200,2026-02-13 14:00:00,598.65,605.36,595.38,602.62
1770994800,2026-02-13 15:00:00,602.63,615.38,600.7,610.33
1770998400,2026-02-13 16:00:00,610.33,619.39,609.04,615.98
1771002000,2026-02-13 17:00:00,615.98,618.72,613.41,615.99
1771005600,2026-02-13 18:00:00,615.98,618.8,614.01,617.65
1771009200,2026-02-13 19:00:00,617.66,621.29,617.07,618.14
1771012800,2026-02-13 20:00:00,618.14,618.88,615.65,618.34
1771016400,2026-02-13 21:00:00,618.33,622.81,618.09,621.15
1771020000,2026-02-13 22:00:00,621.14,621.39,617.88,620.1
1771023600,2026-02-13 23:00:00,620.09,620.88,618.28,618.94
1771027200,2026-02-14 00:00:00,618.93,623.77,618.45,623.18
1771030800,2026-02-14 01:00:00,623.18,625.63,622.82,624.07
1771034400,2026-02-14 02:00:00,624.06,624.06,620.36,620.92
1771038000,2026-02-14 03:00:00,620.91,621.57,616.72,617.5
1771041600,2026-02-14 04:00:00,617.5,617.68,616.01,617.17
1771045200,2026-02-14 05:00:00,617.17,618.45,615.7,616.57
1771048800,2026-02-14 06:00:00,616.57,619.36,615.97,619.35
1771052400,2026-02-14 07:00:00,619.36,622.39,618.9,622.35
1771056000,2026-02-14 08:00:00,622.35,627.7,622.01,627.08
1771059600,2026-02-14 09:00:00,627.08,629.33,626.18,628.96
1771063200,2026-02-14 10:00:00,628.96,628.99,626.32,627.45
1771066800,2026-02-14 11:00:00,627.45,633.79,627.28,633.37
1771070400,2026-02-14 12:00:00,633.37,634.2,626.86,627.6
1771074000,2026-02-14 13:00:00,627.6,630.62,626.76,629.98
1771077600,2026-02-14 14:00:00,629.98,637.24,629.4,635.85
1771081200,2026-02-14 15:00:00,635.86,636.74,633.5,634.73
1771084800,2026-02-14 16:00:00,634.74,634.74,629.19,633.28
1771088400,2026-02-14 17:00:00,633.28,634.48,631.21,632.03
1771092000,2026-02-14 18:00:00,632.03,632.9,631.05,631.77
1771095600,2026-02-14 19:00:00,631.78,633.31,629.97,632.84
1771099200,2026-02-14 20:00:00,632.84,633.93,630.42,632.42
1771102800,2026-02-14 21:00:00,632.42,634.61,628.58,631.12
1771106400,2026-02-14 22:00:00,631.11,633.69,630.8,632.4
1771110000,2026-02-14 23:00:00,632.39,634.48,631.4,632.77
1771113600,2026-02-15 00:00:00,632.77,633.49,629.76,631.89
1771117200,2026-02-15 01:00:00,631.88,633.97,629,632.82
1771120800,2026-02-15 02:00:00,632.82,633.93,627,630.46
1771124400,2026-02-15 03:00:00,630.45,633.8,627.13,633.4
1771128000,2026-02-15 04:00:00,633.39,639.18,633.39,635.62
1771131600,2026-02-15 05:00:00,635.64,638.5,635.4,636.44
1771135200,2026-02-15 06:00:00,636.45,638.41,634.8,636.44
1771138800,2026-02-15 07:00:00,636.44,642.49,635.78,639.86
1771142400,2026-02-15 08:00:00,639.86,641.28,628.22,631.6
1771146000,2026-02-15 09:00:00,631.6,633.57,629.65,630.66
1771149600,2026-02-15 10:00:00,630.67,630.91,626.21,629.81
1771153200,2026-02-15 11:00:00,629.81,631.11,628.79,629.26
1771156800,2026-02-15 12:00:00,629.27,630.06,619.33,619.38
1771160400,2026-02-15 13:00:00,619.38,624.29,615.71,617.57
1771164000,2026-02-15 14:00:00,617.57,622.04,617.07,621.02
1771167600,2026-02-15 15:00:00,621.02,623.4,619.58,621.52
1771171200,2026-02-15 16:00:00,621.53,621.54,617.68,619.84
1771174800,2026-02-15 17:00:00,619.84,620.78,610.17,613.91
1771178400,2026-02-15 18:00:00,613.91,615.31,610.78,611.53
1771182000,2026-02-15 19:00:00,611.52,613.46,608.82,611.79
1771185600,2026-02-15 20:00:00,611.79,614.47,609.86,613.74
1771189200,2026-02-15 21:00:00,613.74,617.44,613.5,615.82
1771192800,2026-02-15 22:00:00,615.82,617.04,614.41,616.57
1771196400,2026-02-15 23:00:00,616.57,616.67,611.66,615.16
1771200000,2026-02-16 00:00:00,615.17,616.89,613.8,616.23
1771203600,2026-02-16 01:00:00,616.23,618.37,612.68,614.94
1771207200,2026-02-16 02:00:00,614.94,616.48,611.69,612.35
1771210800,2026-02-16 03:00:00,612.35,613.57,611.38,613.46
1771214400,2026-02-16 04:00:00,613.46,618.22,613.44,618.21
1771218000,2026-02-16 05:00:00,618.22,618.75,610.7,612.42
1771221600,2026-02-16 06:00:00,612.42,614,610.4,612.81
1771225200,2026-02-16 07:00:00,612.81,615.06,611.52,613.39
1771228800,2026-02-16 08:00:00,613.39,615.09,612.6,614.78
1771232400,2026-02-16 09:00:00,614.78,619.87,614.77,618.57
1771236000,2026-02-16 10:00:00,618.57,619.37,616.73,618.76
1771239600,2026-02-16 11:00:00,618.76,620,613.53,618.75
1771243200,2026-02-16 12:00:00,618.74,629.16,618.74,628.12
1771246800,2026-02-16 13:00:00,628.13,631.24,614.61,616.21
1771250400,2026-02-16 14:00:00,616.2,618.22,612.43,613.75
1771254000,2026-02-16 15:00:00,613.75,616.51,604.49,607.51
1771257600,2026-02-16 16:00:00,607.51,613.22,607.23,613.05
1771261200,2026-02-16 17:00:00,613.05,617.14,612.08,615.64
1771264800,2026-02-16 18:00:00,615.64,618.31,614.24,614.59
1771268400,2026-02-16 19:00:00,614.59,617.91,614.24,616.73
1771272000,2026-02-16 20:00:00,616.74,622.53,616.04,622.35
1771275600,2026-02-16 21:00:00,622.34,626.48,621.3,626.43
1771279200,2026-02-16 22:00:00,626.42,628.2,625.12,626.21
1771282800,2026-02-16 23:00:00,626.2,628.09,625.3,627.19
1771286400,2026-02-17 00:00:00,627.19,628.4,625.92,626.63
1771290000,2026-02-17 01:00:00,626.63,628.39,624.24,624.57
1771293600,2026-02-17 02:00:00,624.57,631.86,621.25,629.07
1771297200,2026-02-17 03:00:00,629.06,629.53,626.17,626.99
1771300800,2026-02-17 04:00:00,627,628.28,625,626.24
1771304400,2026-02-17 05:00:00,626.25,627.27,620.3,623.02
1771308000,2026-02-17 06:00:00,623.01,625.08,623.01,624.82
1771311600,2026-02-17 07:00:00,624.82,624.82,622.02,622.74
1771315200,2026-02-17 08:00:00,622.74,623.89,619.51,619.95
1771318800,2026-02-17 09:00:00,619.94,620.67,618.05,619.5
1771322400,2026-02-17 10:00:00,619.5,620,615.17,616.54
1771326000,2026-02-17 11:00:00,616.54,618.57,615.85,618.34
1771329600,2026-02-17 12:00:00,618.33,621.65,617.99,619.43
1771333200,2026-02-17 13:00:00,619.43,625.34,618.36,623.87
1771336800,2026-02-17 14:00:00,623.87,626.08,609.73,611.93
1771340400,2026-02-17 15:00:00,611.92,615.33,609.3,615.24
1771344000,2026-02-17 16:00:00,615.25,622.34,614.32,618.29
1771347600,2026-02-17 17:00:00,618.29,619.66,612.12,614.94
1771351200,2026-02-17 18:00:00,614.94,623.98,614.3,622.17
1771354800,2026-02-17 19:00:00,622.18,624.28,619.53,620.1
1771358400,2026-02-17 20:00:00,620.1,620.82,616.74,618.62
1771362000,2026-02-17 21:00:00,618.62,620.41,616.59,618.79
1771365600,2026-02-17 22:00:00,618.78,619.68,617.71,617.91
1771369200,2026-02-17 23:00:00,617.9,618.29,616.06,617.74
1771372800,2026-02-18 00:00:00,617.76,619.24,616.32,616.48
1771376400,2026-02-18 01:00:00,616.49,616.62,613.33,614.75
1771380000,2026-02-18 02:00:00,614.76,617.91,614.56,617.13
1771383600,2026-02-18 03:00:00,617.13,619.67,616.68,618.86
1771387200,2026-02-18 04:00:00,618.86,619.04,616.56,617.38
1771390800,2026-02-18 05:00:00,617.39,618.12,615.93,616.09
1771394400,2026-02-18 06:00:00,616.08,618.27,616.07,616.55
1771398000,2026-02-18 07:00:00,616.55,621.42,614.8,620.91
1771401600,2026-02-18 08:00:00,620.9,626.57,620.11,623.35
1771405200,2026-02-18 09:00:00,623.35,624.3,622.63,622.87
1771408800,2026-02-18 10:00:00,622.88,623.86,618.7,619.1
1771412400,2026-02-18 11:00:00,619.11,619.48,613.56,614.18
1771416000,2026-02-18 12:00:00,614.18,616.77,613.77,615.84
1771419600,2026-02-18 13:00:00,615.85,616.98,608.75,610.97
1771423200,2026-02-18 14:00:00,610.97,612.8,607.97,612.29
1771426800,2026-02-18 15:00:00,612.28,623.17,612.06,618.25
1771430400,2026-02-18 16:00:00,618.25,618.56,613.6,616.55
1771434000,2026-02-18 17:00:00,616.55,620.59,616.14,616.48
1771437600,2026-02-18 18:00:00,616.48,617.16,609.21,610.76
1771441200,2026-02-18 19:00:00,610.76,612.27,601.3,603.23
1771444800,2026-02-18 20:00:00,603.23,606.51,602.86,603.65
1771448400,2026-02-18 21:00:00,603.65,606.07,602,604.27
1771452000,2026-02-18 22:00:00,604.27,605.74,602.47,604.79
1771455600,2026-02-18 23:00:00,604.79,605.5,603.66,604.8
1771459200,2026-02-19 00:00:00,604.8,605.59,602.84,602.85
1771462800,2026-02-19 01:00:00,602.84,606.99,602.84,606.94
1771466400,2026-02-19 02:00:00,606.95,607.43,604.06,606.2
1771470000,2026-02-19 03:00:00,606.21,608.15,604.77,607.86
1771473600,2026-02-19 04:00:00,607.87,610.56,607.55,609
1771477200,2026-02-19 05:00:00,608.99,609.87,606.66,608.51
1771480800,2026-02-19 06:00:00,608.51,614.8,608.35,613.48
1771484400,2026-02-19 07:00:00,613.48,614,610.33,610.78
1771488000,2026-02-19 08:00:00,610.78,610.9,605.55,606.68
1771491600,2026-02-19 09:00:00,606.68,608.86,604.83,606.51
1771495200,2026-02-19 10:00:00,606.51,607.99,605.53,606.22
1771498800,2026-02-19 11:00:00,606.22,607.11,603.9,604.24
1771502400,2026-02-19 12:00:00,604.24,606.49,603.45,605.66
1771506000,2026-02-19 13:00:00,605.67,606.21,596,598.54
1771509600,2026-02-19 14:00:00,598.53,604.15,597.65,602.17
1771513200,2026-02-19 15:00:00,602.19,604.9,597.72,600.39
1771516800,2026-02-19 16:00:00,600.4,601.84,596.07,600.01
1771520400,2026-02-19 17:00:00,600.01,604.93,597.28,599.12
1771524000,2026-02-19 18:00:00,599.11,606.8,598.65,605.86
1771527600,2026-02-19 19:00:00,605.87,606.95,601.95,604.58
1771531200,2026-02-19 20:00:00,604.58,607.91,603.02,607.29
1771534800,2026-02-19 21:00:00,607.27,609.24,606.71,607.9
1771538400,2026-02-19 22:00:00,607.9,607.95,605.08,606.6
1771542000,2026-02-19 23:00:00,606.59,608.02,605.81,607.83
1771545600,2026-02-20 00:00:00,607.82,610.53,607.12,608.38
1771549200,2026-02-20 01:00:00,608.38,608.8,606.58,607.5
1771552800,2026-02-20 02:00:00,607.52,608.38,606.16,606.73
1771556400,2026-02-20 03:00:00,606.72,608.66,606.23,607.89
1771560000,2026-02-20 04:00:00,607.89,609.34,605.29,608.65
1771563600,2026-02-20 05:00:00,608.65,613.94,608.2,611.93
1771567200,2026-02-20 06:00:00,611.93,612.75,610.23,612.08
1771570800,2026-02-20 07:00:00,612.08,612.71,610.95,612.1
1771574400,2026-02-20 08:00:00,612.1,613.5,610.91,611.85
1771578000,2026-02-20 09:00:00,611.84,614.39,611.77,613.31
1771581600,2026-02-20 10:00:00,613.31,615.24,611.75,612.21
1771585200,2026-02-20 11:00:00,612.21,612.21,606.87,608.53
1771588800,2026-02-20 12:00:00,608.53,610.44,607.45,609.56
1771592400,2026-02-20 13:00:00,609.55,609.56,601.23,604.38
1771596000,2026-02-20 14:00:00,604.39,610.98,603.87,609.36
1771599600,2026-02-20 15:00:00,609.37,618.3,609.04,616.83
1771603200,2026-02-20 16:00:00,616.83,620.78,616.53,620
1771606800,2026-02-20 17:00:00,620.01,623.71,616.08,623.41
1771610400,2026-02-20 18:00:00,623.42,627.5,621.9,627.23
1771614000,2026-02-20 19:00:00,627.23,628.26,624.73,626.14
1771617600,2026-02-20 20:00:00,626.13,629,625.52,628.84
1771621200,2026-02-20 21:00:00,628.83,629.74,626.76,627
1771624800,2026-02-20 22:00:00,627,627.6,624.9,627.1
1771628400,2026-02-20 23:00:00,627.09,627.7,624.92,625.91
1771632000,2026-02-21 00:00:00,625.9,628.23,624,624.65
1771635600,2026-02-21 01:00:00,624.66,628.21,624.66,627.93
1771639200,2026-02-21 02:00:00,627.93,628.67,627.06,627.64
1771642800,2026-02-21 03:00:00,627.64,627.67,624.67,625.25
1771646400,2026-02-21 04:00:00,625.25,627.28,624.93,627.19
1771650000,2026-02-21 05:00:00,627.2,628,626.79,627.2
1771653600,2026-02-21 06:00:00,627.2,627.51,625.27,625.8
1771657200,2026-02-21 07:00:00,625.81,627.91,625.22,625.88
1771660800,2026-02-21 08:00:00,625.87,628.2,625.72,627.78
1771664400,2026-02-21 09:00:00,627.78,630.61,627.64,628.65
1771668000,2026-02-21 10:00:00,628.65,630.16,628.62,629.82
1771671600,2026-02-21 11:00:00,629.82,631.63,629.6,630.18
1771675200,2026-02-21 12:00:00,630.18,630.87,628.76,630.62
1771678800,2026-02-21 13:00:00,630.62,633.8,630.21,633.52
1771682400,2026-02-21 14:00:00,633.53,634.8,632.11,632.75
1771686000,2026-02-21 15:00:00,632.74,633.27,627.51,627.66
1771689600,2026-02-21 16:00:00,627.65,628.27,624.02,625.87
1771693200,2026-02-21 17:00:00,625.87,628.23,625.3,627.55
1771696800,2026-02-21 18:00:00,627.55,629.51,627.06,628.58
1771700400,2026-02-21 19:00:00,628.59,628.59,626.61,626.9
1771704000,2026-02-21 20:00:00,626.91,627.62,624.83,625.07
1771707600,2026-02-21 21:00:00,625.07,626.71,624.25,626.71
1771711200,2026-02-21 22:00:00,626.71,627.26,625.3,625.83
1771714800,2026-02-21 23:00:00,625.83,626.52,624.6,625.61
1771718400,2026-02-22 00:00:00,625.61,625.9,622.85,624.33
1771722000,2026-02-22 01:00:00,624.33,626.71,624.32,626.37
1771725600,2026-02-22 02:00:00,626.38,626.87,623.35,623.61
1771729200,2026-02-22 03:00:00,623.61,624.25,620.54,621.36
1771732800,2026-02-22 04:00:00,621.36,622.26,620.59,621.03
1771736400,2026-02-22 05:00:00,621.03,621.25,618.72,619.51
1771740000,2026-02-22 06:00:00,619.52,622.06,619.45,621.88
1771743600,2026-02-22 07:00:00,621.88,623.59,621.3,622.46
1771747200,2026-02-22 08:00:00,622.47,623.01,621.15,621.8
1771750800,2026-02-22 09:00:00,621.8,624.15,621.53,623.82
1771754400,2026-02-22 10:00:00,623.83,624.79,623.38,623.55
1771758000,2026-02-22 11:00:00,623.54,624.8,623.32,624.55
1771761600,2026-02-22 12:00:00,624.55,624.62,620.48,620.82
1771765200,2026-02-22 13:00:00,620.83,622.07,618.04,619.49
1771768800,2026-02-22 14:00:00,619.49,620,617.01,618.04
1771772400,2026-02-22 15:00:00,618.03,618.56,613.39,615.91
1771776000,2026-02-22 16:00:00,615.91,616.09,612.32,613.81
1771779600,2026-02-22 17:00:00,613.82,613.86,610.02,611.03
1771783200,2026-02-22 18:00:00,611.03,612.96,610.71,611.44
1771786800,2026-02-22 19:00:00,611.43,612.68,610.5,612.46
1771790400,2026-02-22 20:00:00,612.47,612.49,611,611.28
1771794000,2026-02-22 21:00:00,611.29,614.47,611.29,614.02
1771797600,2026-02-22 22:00:00,614.03,616.28,613.7,615.71
1771801200,2026-02-22 23:00:00,615.71,615.99,613.56,614.8
1771804800,2026-02-23 00:00:00,614.8,616,606.16,606.22
1771808400,2026-02-23 01:00:00,606.22,606.48,583.13,586.32
1771812000,2026-02-23 02:00:00,586.32,589.56,584.58,587.25
1771815600,2026-02-23 03:00:00,587.26,591.01,586,590.03
1771819200,2026-02-23 04:00:00,590.04,590.39,585.1,587.31
1771822800,2026-02-23 05:00:00,587.32,601.16,587.32,593.76
1771826400,2026-02-23 06:00:00,593.75,599.91,593.65,598.75
1771830000,2026-02-23 07:00:00,598.75,600,596.58,599.31
1771833600,2026-02-23 08:00:00,599.31,599.54,596.53,599.37
1771837200,2026-02-23 09:00:00,599.37,610.47,599.37,609.2
1771840800,2026-02-23 10:00:00,609.21,610.38,606.42,607.43
1771844400,2026-02-23 11:00:00,607.43,608.94,606,606.49
1771848000,2026-02-23 12:00:00,606.49,612.49,604.76,610.66
1771851600,2026-02-23 13:00:00,610.67,612.07,608.43,610.18
1771855200,2026-02-23 14:00:00,610.19,611.25,606.2,608.58
1771858800,2026-02-23 15:00:00,608.61,610.49,604.33,604.64
1771862400,2026-02-23 16:00:00,604.64,606.33,601.19,602.32
1771866000,2026-02-23 17:00:00,602.33,603.71,591.54,597.4
1771869600,2026-02-23 18:00:00,597.41,601.19,595.46,597.58
1771873200,2026-02-23 19:00:00,597.58,598.4,591.84,592.18
1771876800,2026-02-23 20:00:00,592.18,595.72,590.2,595.3
1771880400,2026-02-23 21:00:00,595.3,597.5,594.88,596.13
1771884000,2026-02-23 22:00:00,596.14,598.71,595.66,596.84
1771887600,2026-02-23 23:00:00,596.84,598.42,595.5,596.41
1771891200,2026-02-24 00:00:00,596.4,602.9,596.2,602.45
1771894800,2026-02-24 01:00:00,602.46,602.46,589.9,597.89
1771898400,2026-02-24 02:00:00,597.89,601.51,597,598.31
1771902000,2026-02-24 03:00:00,598.31,598.31,591.24,593.33
1771905600,2026-02-24 04:00:00,593.34,593.89,589.15,592.19
1771909200,2026-02-24 05:00:00,592.2,594.28,588.65,590.75
1771912800,2026-02-24 06:00:00,590.76,591.52,586.68,587.19
1771916400,2026-02-24 07:00:00,587.19,590.47,586.15,589.79
1771920000,2026-02-24 08:00:00,589.78,592.93,588.58,592.27
1771923600,2026-02-24 09:00:00,592.26,592.75,586.91,589.22
1771927200,2026-02-24 10:00:00,589.22,589.73,587.41,588.82
1771930800,2026-02-24 11:00:00,588.82,589.24,585.77,587.01
1771934400,2026-02-24 12:00:00,587.01,588.43,585.66,586.09
1771938000,2026-02-24 13:00:00,586.09,586.7,580.01,582.72
1771941600,2026-02-24 14:00:00,582.72,585.77,577.06,581.94
1771945200,2026-02-24 15:00:00,581.94,587.38,580.51,586.1
1771948800,2026-02-24 16:00:00,586.09,589.69,583.87,587.86
1771952400,2026-02-24 17:00:00,587.86,589.72,585.84,586.59
1771956000,2026-02-24 18:00:00,586.59,589.58,584.89,588.12
1771959600,2026-02-24 19:00:00,588.13,590.17,586.66,588.73
1771963200,2026-02-24 20:00:00,588.73,590.43,587.96,588.47
1771966800,2026-02-24 21:00:00,588.48,588.48,583.33,584.59
1771970400,2026-02-24 22:00:00,584.59,586.74,584.04,585.62
1771974000,2026-02-24 23:00:00,585.61,585.75,582.57,583.6
1771977600,2026-02-25 00:00:00,583.61,585.09,581.51,584.36
1771981200,2026-02-25 01:00:00,584.36,600.36,583.82,597.53
1771984800,2026-02-25 02:00:00,597.53,602.31,597.44,598.21
1771988400,2026-02-25 03:00:00,598.21,598.99,593.15,594.07
1771992000,2026-02-25 04:00:00,594.07,596.4,591,595.44
1771995600,2026-02-25 05:00:00,595.44,595.83,589.89,592.48
1771999200,2026-02-25 06:00:00,592.47,595.48,592.29,593.61
1772002800,2026-02-25 07:00:00,593.61,596.66,593.11,596.09
1772006400,2026-02-25 08:00:00,596.1,600.68,595.86,600.31
1772010000,2026-02-25 09:00:00,600.31,603.37,600.02,603.08
1772013600,2026-02-25 10:00:00,603.09,603.91,600.6,602.8
1772017200,2026-02-25 11:00:00,602.8,605.43,601.88,604.99
1772020800,2026-02-25 12:00:00,605,612.42,604.58,610.98
1772024400,2026-02-25 13:00:00,610.98,616.47,610.98,614.18
1772028000,2026-02-25 14:00:00,614.18,619.01,613.2,618.69
1772031600,2026-02-25 15:00:00,618.69,623.15,616,621.38
1772035200,2026-02-25 16:00:00,621.39,625.89,620.93,625.52
1772038800,2026-02-25 17:00:00,625.53,629.42,625.05,629.04
1772042400,2026-02-25 18:00:00,629.05,634.32,626.56,632.67
1772046000,2026-02-25 19:00:00,632.67,633.29,628.39,632.21
1772049600,2026-02-25 20:00:00,632.21,633.2,629.9,631.7
1772053200,2026-02-25 21:00:00,631.7,640.55,629.61,634.94
1772056800,2026-02-25 22:00:00,634.94,637,628.04,631.89
1772060400,2026-02-25 23:00:00,631.89,634.94,624.33,629.42
1772064000,2026-02-26 00:00:00,629.42,633.83,627.54,630.08
1772067600,2026-02-26 01:00:00,630.09,632.26,627.04,627.54
1772071200,2026-02-26 02:00:00,627.53,628.8,625.37,628.01
1772074800,2026-02-26 03:00:00,628.01,628.6,626.35,627.87
1772078400,2026-02-26 04:00:00,627.88,632.47,627.45,630.52
1772082000,2026-02-26 05:00:00,630.53,630.75,626.24,628.52
1772085600,2026-02-26 06:00:00,628.52,629.64,625.84,626.61
1772089200,2026-02-26 07:00:00,626.61,628.4,625.3,625.6
1772092800,2026-02-26 08:00:00,625.61,629.08,625.61,626.24
1772096400,2026-02-26 09:00:00,626.24,630.29,625.87,629.45
1772100000,2026-02-26 10:00:00,629.46,630.22,625.03,626.02
1772103600,2026-02-26 11:00:00,626.01,626.78,622.89,622.96
1772107200,2026-02-26 12:00:00,622.97,626.78,622.82,626.6
1772110800,2026-02-26 13:00:00,626.6,628.16,625.12,626.48
1772114400,2026-02-26 14:00:00,626.47,628.52,621,625.43
1772118000,2026-02-26 15:00:00,625.43,626.08,618.68,623.2
1772121600,2026-02-26 16:00:00,623.2,624.72,614.2,614.73
1772125200,2026-02-26 17:00:00,614.73,619.09,614.42,616.69
1772128800,2026-02-26 18:00:00,616.69,620.91,614.31,620.05
1772132400,2026-02-26 19:00:00,620.05,625.38,619.85,624.56
1772136000,2026-02-26 20:00:00,624.57,626.31,621.29,621.99
1772139600,2026-02-26 21:00:00,621.99,624.07,620.89,623.58
1772143200,2026-02-26 22:00:00,623.57,626.27,623.19,626.14
1772146800,2026-02-26 23:00:00,626.14,626.9,624.35,625.74
1772150400,2026-02-27 00:00:00,625.74,626.3,623.29,625.22
1772154000,2026-02-27 01:00:00,625.22,626.27,622.5,625.75
1772157600,2026-02-27 02:00:00,625.76,630.27,625.51,629.63
1772161200,2026-02-27 03:00:00,629.63,630,627.85,629.17
1772164800,2026-02-27 04:00:00,629.17,633.43,628.8,631.71
1772168400,2026-02-27 05:00:00,631.72,633.65,629.92,631.73
1772172000,2026-02-27 06:00:00,631.72,631.75,628.28,628.7
1772175600,2026-02-27 07:00:00,628.7,628.75,624.94,627.06
1772179200,2026-02-27 08:00:00,627.06,629.28,626.34,628.35
1772182800,2026-02-27 09:00:00,628.35,630,624.06,624.33
1772186400,2026-02-27 10:00:00,624.32,624.8,616.34,616.74
1772190000,2026-02-27 11:00:00,616.73,619.28,613.22,614.85
1772193600,2026-02-27 12:00:00,614.86,616.85,613.28,614.62
1772197200,2026-02-27 13:00:00,614.62,616.42,609.67,614.24
1772200800,2026-02-27 14:00:00,614.24,615.5,610.68,611.65
1772204400,2026-02-27 15:00:00,611.64,615.48,610.56,614.4
1772208000,2026-02-27 16:00:00,614.41,614.73,610,610
1772211600,2026-02-27 17:00:00,610.01,612.42,606.68,612.28
1772215200,2026-02-27 18:00:00,612.28,612.9,609.84,610.17
1772218800,2026-02-27 19:00:00,610.16,610.42,607.67,609.8
1772222400,2026-02-27 20:00:00,609.8,611.81,609.59,611.09
1772226000,2026-02-27 21:00:00,611.09,612.88,609.91,611.13
1772229600,2026-02-27 22:00:00,611.13,611.91,605.25,611.82
1772233200,2026-02-27 23:00:00,611.82,614.27,611.75,614.03
1772236800,2026-02-28 00:00:00,614.03,615.3,612.27,614.49
1772240400,2026-02-28 01:00:00,614.49,614.9,612.12,612.5
1772244000,2026-02-28 02:00:00,612.51,615.23,612.2,615.08
1772247600,2026-02-28 03:00:00,615.08,615.6,613.25,614.94
1772251200,2026-02-28 04:00:00,614.95,615.44,610.64,612.53
1772254800,2026-02-28 05:00:00,612.53,613.33,610.26,611.18
1772258400,2026-02-28 06:00:00,611.17,611.17,590.88,592.66
1772262000,2026-02-28 07:00:00,592.66,601.46,590.75,597.5
1772265600,2026-02-28 08:00:00,597.49,597.49,590.6,591.42
1772269200,2026-02-28 09:00:00,591.42,594.74,589.3,591.62
1772272800,2026-02-28 10:00:00,591.63,595.08,588.64,594.46
1772276400,2026-02-28 11:00:00,594.45,598.57,594.15,594.56
1772280000,2026-02-28 12:00:00,594.57,598.3,594.12,597
1772283600,2026-02-28 13:00:00,597,603.75,595.15,603.2
1772287200,2026-02-28 14:00:00,603.2,605.75,599.45,600.55
1772290800,2026-02-28 15:00:00,600.55,604.75,598.36,603.99
1772294400,2026-02-28 16:00:00,604,605.17,602.15,603.75
1772298000,2026-02-28 17:00:00,603.74,606.2,600.95,605.75
1772301600,2026-02-28 18:00:00,605.74,613.52,604.42,611.88
1772305200,2026-02-28 19:00:00,611.87,614.77,608.3,613.2
1772308800,2026-02-28 20:00:00,613.2,619.72,611.98,618.15
1772312400,2026-02-28 21:00:00,618.15,618.4,613.99,616.19
1772316000,2026-02-28 22:00:00,616.19,621.49,615.97,617.92
1772319600,2026-02-28 23:00:00,617.91,618.28,615.3,617.14
1772323200,2026-03-01 00:00:00,617.14,618.2,615.43,617.96
1772326800,2026-03-01 01:00:00,617.97,628.1,614.52,625.07
1772330400,2026-03-01 02:00:00,625.08,631.6,624.97,629.81
1772334000,2026-03-01 03:00:00,629.82,632.16,627.8,628.53
1772337600,2026-03-01 04:00:00,628.54,631.31,625.74,629.74
1772341200,2026-03-01 05:00:00,629.74,631.01,627.66,627.75
1772344800,2026-03-01 06:00:00,627.76,628.14,623,625.11
1772348400,2026-03-01 07:00:00,625.12,626,623.35,625.35
1772352000,2026-03-01 08:00:00,625.36,626.42,619.13,620.15
1772355600,2026-03-01 09:00:00,620.15,623.35,618.71,620.02
1772359200,2026-03-01 10:00:00,620.02,623.46,618.99,623.14
1772362800,2026-03-01 11:00:00,623.15,624.43,622.46,622.81
1772366400,2026-03-01 12:00:00,622.8,623.28,620.51,620.52
1772370000,2026-03-01 13:00:00,620.52,628.81,619.74,625.92
1772373600,2026-03-01 14:00:00,625.93,629.51,625.68,627.84
1772377200,2026-03-01 15:00:00,627.84,629.8,626.3,626.6
1772380800,2026-03-01 16:00:00,626.6,629.6,619.95,622.96
1772384400,2026-03-01 17:00:00,622.97,623.79,617.39,619.51
1772388000,2026-03-01 18:00:00,619.51,625.4,619.31,622.99
1772391600,2026-03-01 19:00:00,622.99,623.32,618.65,619.77
1772395200,2026-03-01 20:00:00,619.77,620.57,611.37,612.53
1772398800,2026-03-01 21:00:00,612.52,617.5,611.83,611.93
1772402400,2026-03-01 22:00:00,611.93,618.92,610.89,615.32
1772406000,2026-03-01 23:00:00,615.31,621.03,614.5,617.96
1772409600,2026-03-02 00:00:00,617.96,622.37,614.43,619.89
1772413200,2026-03-02 01:00:00,619.89,624.3,618.55,621.68
1772416800,2026-03-02 02:00:00,621.69,624.95,617.37,622.19
1772420400,2026-03-02 03:00:00,622.2,625.66,620.65,624.41
1772424000,2026-03-02 04:00:00,624.42,624.85,622.15,623.25
1772427600,2026-03-02 05:00:00,623.26,625.79,621.31,623.55
1772431200,2026-03-02 06:00:00,623.55,623.67,616.59,617.25
1772434800,2026-03-02 07:00:00,617.26,617.53,613.02,616.67
1772438400,2026-03-02 08:00:00,616.67,619.36,612.96,618.57
1772442000,2026-03-02 09:00:00,618.57,622.15,617.96,618.92
1772445600,2026-03-02 10:00:00,618.91,621.02,617.42,621.01
1772449200,2026-03-02 11:00:00,621.01,623.05,618.69,622.13
1772452800,2026-03-02 12:00:00,622.14,623.08,619.75,622.01
1772456400,2026-03-02 13:00:00,622,624.5,619.6,620.3
1772460000,2026-03-02 14:00:00,620.3,634.95,618.81,633.97
1772463600,2026-03-02 15:00:00,633.96,649.7,633.73,646.25
1772467200,2026-03-02 16:00:00,646.25,652.87,645.63,649.13
1772470800,2026-03-02 17:00:00,649.13,650,640.84,644.44
1772474400,2026-03-02 18:00:00,644.44,644.59,638.79,639.78
1772478000,2026-03-02 19:00:00,639.78,639.99,635.84,636.48
1772481600,2026-03-02 20:00:00,636.48,637.46,632.43,634.72
1772485200,2026-03-02 21:00:00,634.72,636.25,632.74,635.67
1772488800,2026-03-02 22:00:00,635.67,640.8,635.67,639.84
1772492400,2026-03-02 23:00:00,639.85,640.47,636.42,637.79
1772496000,2026-03-03 00:00:00,637.79,641.43,636.69,640.68
1772499600,2026-03-03 01:00:00,640.67,643.29,635.7,635.73
1772503200,2026-03-03 02:00:00,635.73,637.89,633.46,635.71
1772506800,2026-03-03 03:00:00,635.71,636.22,634,635.63
1772510400,2026-03-03 04:00:00,635.63,637.36,634,634.34
1772514000,2026-03-03 05:00:00,634.34,638.47,628.94,632.18
1772517600,2026-03-03 06:00:00,632.19,633.9,630.36,633.33
1772521200,2026-03-03 07:00:00,633.33,635.89,632.78,633.32
1772524800,2026-03-03 08:00:00,633.32,634.14,622.56,623.9
1772528400,2026-03-03 09:00:00,623.9,626.93,621,622.58
1772532000,2026-03-03 10:00:00,622.58,626.74,621.5,625.65
1772535600,2026-03-03 11:00:00,625.66,627.54,624.67,626.53
1772539200,2026-03-03 12:00:00,626.52,631.89,626.03,627.52
1772542800,2026-03-03 13:00:00,627.52,627.86,623.44,624.56
1772546400,2026-03-03 14:00:00,624.56,629.15,621,623.64
1772550000,2026-03-03 15:00:00,623.64,630.73,622.39,630.57
1772553600,2026-03-03 16:00:00,630.56,638.92,628.56,634.56
1772557200,2026-03-03 17:00:00,634.61,635.08,629.38,633.85
1772560800,2026-03-03 18:00:00,633.85,638.01,631.73,634.52
1772564400,2026-03-03 19:00:00,634.54,635.34,631.53,633.04
1772568000,2026-03-03 20:00:00,633.04,633.73,630.37,631.66
1772571600,2026-03-03 21:00:00,631.66,631.66,628.43,630.07
1772575200,2026-03-03 22:00:00,630.06,634.52,630.06,634
1772578800,2026-03-03 23:00:00,633.99,636.92,632.78,633.56
1772582400,2026-03-04 00:00:00,633.57,634.57,629.52,631.87
1772586000,2026-03-04 01:00:00,631.89,636.65,630.55,634.04
1772589600,2026-03-04 02:00:00,634.04,634.6,630.58,634.11
1772593200,2026-03-04 03:00:00,634.12,634.4,626.2,629.3
1772596800,2026-03-04 04:00:00,629.29,630.54,627.12,629.99
1772600400,2026-03-04 05:00:00,629.99,633.73,628.82,632.58
1772604000,2026-03-04 06:00:00,632.57,635.69,631.36,634.93
1772607600,2026-03-04 07:00:00,634.94,640.9,634.01,640.01
1772611200,2026-03-04 08:00:00,640.01,652.51,638.89,651.25
1772614800,2026-03-04 09:00:00,651.25,654.83,649.4,651.75
1772618400,2026-03-04 10:00:00,651.75,654.22,650.5,651.27
1772622000,2026-03-04 11:00:00,651.27,652.53,647.52,650.51
1772625600,2026-03-04 12:00:00,650.51,651.3,645.94,650.65
1772629200,2026-03-04 13:00:00,650.65,654.2,650.37,653.44
1772632800,2026-03-04 14:00:00,653.44,657.51,648.83,651.89
1772636400,2026-03-04 15:00:00,651.9,661.82,651.32,661.17
1772640000,2026-03-04 16:00:00,661.17,662.7,655.93,659.52
1772643600,2026-03-04 17:00:00,659.52,660.72,655.22,658.34
1772647200,2026-03-04 18:00:00,658.34,662,656.13,661.55
1772650800,2026-03-04 19:00:00,661.56,666.16,661.02,662.66
1772654400,2026-03-04 20:00:00,662.66,663.12,660.21,660.6
1772658000,2026-03-04 21:00:00,660.61,661.11,658.65,660.12
1772661600,2026-03-04 22:00:00,660.13,662.47,657,657.26
1772665200,2026-03-04 23:00:00,657.26,659.22,656.55,657.99
1772668800,2026-03-05 00:00:00,658,660.03,656.36,657.85
1772672400,2026-03-05 01:00:00,657.85,660.99,652.38,653.1
1772676000,2026-03-05 02:00:00,653.11,657.02,652.72,654.03
1772679600,2026-03-05 03:00:00,654.03,655.36,652.73,654.31
1772683200,2026-03-05 04:00:00,654.31,657.42,653.93,655.39
1772686800,2026-03-05 05:00:00,655.39,656.19,652.61,653.25
1772690400,2026-03-05 06:00:00,653.26,655.33,650.27,654.4
1772694000,2026-03-05 07:00:00,654.4,655.06,648.79,650.39
1772697600,2026-03-05 08:00:00,650.4,652.87,649.61,652.69
1772701200,2026-03-05 09:00:00,652.69,657.13,652.64,655.9
1772704800,2026-03-05 10:00:00,655.9,665.42,655.46,663.95
1772708400,2026-03-05 11:00:00,663.95,664.41,658.79,659.15
1772712000,2026-03-05 12:00:00,659.15,660.81,655.08,660.01
1772715600,2026-03-05 13:00:00,660,660.34,653.49,657.29
1772719200,2026-03-05 14:00:00,657.29,658.56,652.62,656.68
1772722800,2026-03-05 15:00:00,656.69,657.41,648.46,652.94
1772726400,2026-03-05 16:00:00,652.95,653.67,646.26,652.61
1772730000,2026-03-05 17:00:00,652.61,654.49,646.69,647.45
1772733600,2026-03-05 18:00:00,647.44,650.54,646.14,650.12
1772737200,2026-03-05 19:00:00,650.13,653.36,647.84,648.54
1772740800,2026-03-05 20:00:00,648.54,651.54,647.86,650.82
1772744400,2026-03-05 21:00:00,650.8,652.38,646.72,647.59
1772748000,2026-03-05 22:00:00,647.58,649.73,646.47,648.59
1772751600,2026-03-05 23:00:00,648.59,649.93,647.08,647.85
1772755200,2026-03-06 00:00:00,647.85,649.73,646.56,647.67
1772758800,2026-03-06 01:00:00,647.67,651.62,645.53,651.05
1772762400,2026-03-06 02:00:00,651.05,651.56,649.3,649.98
1772766000,2026-03-06 03:00:00,649.98,650.52,648.08,649.7
1772769600,2026-03-06 04:00:00,649.7,649.99,641.22,644.15
1772773200,2026-03-06 05:00:00,644.15,646.42,642.65,644.89
1772776800,2026-03-06 06:00:00,644.89,646.41,643.73,645.15
1772780400,2026-03-06 07:00:00,645.15,647.99,643.83,646.89
1772784000,2026-03-06 08:00:00,646.88,646.89,644.1,644.49
1772787600,2026-03-06 09:00:00,644.49,645.39,639.23,640.88
1772791200,2026-03-06 10:00:00,640.87,641.86,639.53,639.83
1772794800,2026-03-06 11:00:00,639.82,640.1,637.17,637.45
1772798400,2026-03-06 12:00:00,637.45,638.28,634.75,637.58
1772802000,2026-03-06 13:00:00,637.59,640.96,633.42,633.62
1772805600,2026-03-06 14:00:00,633.62,634.23,624.77,626.54
1772809200,2026-03-06 15:00:00,626.54,632.21,625,628.02
1772812800,2026-03-06 16:00:00,628.02,631.29,626.67,629.2
1772816400,2026-03-06 17:00:00,629.2,630.6,625.9,628.27
1772820000,2026-03-06 18:00:00,628.27,632,628.12,630.75
1772823600,2026-03-06 19:00:00,630.75,632.98,630.22,630.71
1772827200,2026-03-06 20:00:00,630.71,631.5,627.59,629.18
1772830800,2026-03-06 21:00:00,629.19,629.96,627.9,629.74
1772834400,2026-03-06 22:00:00,629.74,630.84,629,630.06
1772838000,2026-03-06 23:00:00,630.06,630.21,626.97,627.31
1772841600,2026-03-07 00:00:00,627.31,629.84,626.49,629.14
1772845200,2026-03-07 01:00:00,629.13,629.67,628.06,628.5
1772848800,2026-03-07 02:00:00,628.51,628.79,626.36,627.66
1772852400,2026-03-07 03:00:00,627.66,629.83,626.78,627.13
1772856000,2026-03-07 04:00:00,627.13,627.73,624.63,627.29
1772859600,2026-03-07 05:00:00,627.3,628.63,626.71,627.48
1772863200,2026-03-07 06:00:00,627.48,627.79,626.17,626.49
1772866800,2026-03-07 07:00:00,626.49,628.17,625.42,627.87
1772870400,2026-03-07 08:00:00,627.87,629.42,627.6,628.24
1772874000,2026-03-07 09:00:00,628.24,630.19,627.4,629.86
1772877600,2026-03-07 10:00:00,629.86,630.06,626.71,626.86
1772881200,2026-03-07 11:00:00,626.86,629.02,626.5,627.78
1772884800,2026-03-07 12:00:00,627.79,628.27,626.37,626.84
1772888400,2026-03-07 13:00:00,626.84,627.6,626.26,626.71
1772892000,2026-03-07 14:00:00,626.71,627.81,623.8,627.5
1772895600,2026-03-07 15:00:00,627.49,627.73,624.01,625.22
1772899200,2026-03-07 16:00:00,625.22,625.23,622.66,624.29
1772902800,2026-03-07 17:00:00,624.29,625.15,623.46,623.6
1772906400,2026-03-07 18:00:00,623.61,623.83,620.51,622.61
1772910000,2026-03-07 19:00:00,622.61,622.61,618.5,619.84
1772913600,2026-03-07 20:00:00,619.84,622,619.83,620.96
1772917200,2026-03-07 21:00:00,620.96,622.41,620.31,621.24
1772920800,2026-03-07 22:00:00,621.24,621.49,617.8,619.95
1772924400,2026-03-07 23:00:00,619.95,620.81,619.74,620.26
1772928000,2026-03-08 00:00:00,620.27,621.97,618.91,619.21
1772931600,2026-03-08 01:00:00,619.21,620.38,618.01,619.94
1772935200,2026-03-08 02:00:00,619.94,620,615.32,616.12
1772938800,2026-03-08 03:00:00,616.12,617.77,615.95,617
1772942400,2026-03-08 04:00:00,617.01,617.84,614.34,615.22
1772946000,2026-03-08 05:00:00,615.23,618.92,615.21,618.06
1772949600,2026-03-08 06:00:00,618.07,619.51,617.54,619.12
1772953200,2026-03-08 07:00:00,619.12,622.33,618.91,619.94
1772956800,2026-03-08 08:00:00,619.94,620.16,617.99,619.53
1772960400,2026-03-08 09:00:00,619.53,621.78,618.87,620.21
1772964000,2026-03-08 10:00:00,620.21,624.27,620.2,623.02
1772967600,2026-03-08 11:00:00,623.02,623.02,619.01,620.33
1772971200,2026-03-08 12:00:00,620.32,621.21,616.08,619.39
1772974800,2026-03-08 13:00:00,619.4,619.85,613.05,616.49
1772978400,2026-03-08 14:00:00,616.5,618.08,615.57,617.94
1772982000,2026-03-08 15:00:00,617.94,618.16,615.4,616.18
1772985600,2026-03-08 16:00:00,616.18,616.55,611.82,612.94
1772989200,2026-03-08 17:00:00,612.94,615,612.62,613.16
1772992800,2026-03-08 18:00:00,613.17,614.26,612.1,613.56
1772996400,2026-03-08 19:00:00,613.56,619.76,613.31,618.95
1773000000,2026-03-08 20:00:00,618.94,620.11,616.9,617.64
1773003600,2026-03-08 21:00:00,617.65,618.14,615.15,617.4
1773007200,2026-03-08 22:00:00,617.39,617.39,607.86,614.57
1773010800,2026-03-08 23:00:00,614.58,616.12,611.44,611.98
1773014400,2026-03-09 00:00:00,611.99,618.71,611.01,615.53
1773018000,2026-03-09 01:00:00,615.53,618.57,614.05,614.57
1773021600,2026-03-09 02:00:00,614.58,619.68,613.57,617.97
1773025200,2026-03-09 03:00:00,617.97,628.24,617.72,623.51
1773028800,2026-03-09 04:00:00,623.51,626.2,622.52,622.75
1773032400,2026-03-09 05:00:00,622.76,630,622.52,629.42
1773036000,2026-03-09 06:00:00,629.43,629.87,622.85,623.78
1773039600,2026-03-09 07:00:00,623.78,623.81,618.43,621.96
1773043200,2026-03-09 08:00:00,621.96,626.62,621.83,625.77
1773046800,2026-03-09 09:00:00,625.77,630.4,623.93,627.3
1773050400,2026-03-09 10:00:00,627.31,628.84,626.5,627.32
1773054000,2026-03-09 11:00:00,627.33,628.26,624.57,627.53
1773057600,2026-03-09 12:00:00,627.53,632.85,627.52,630.98
1773061200,2026-03-09 13:00:00,630.99,638.6,630.89,636.39
1773064800,2026-03-09 14:00:00,636.38,638.71,633.21,635.83
1773068400,2026-03-09 15:00:00,635.84,640.43,635.11,639.21
1773072000,2026-03-09 16:00:00,639.22,641.71,638.07,639.44
1773075600,2026-03-09 17:00:00,639.45,640.49,635.1,636.79
1773079200,2026-03-09 18:00:00,636.8,637.58,634.19,634.73
1773082800,2026-03-09 19:00:00,634.73,643,634.06,638.18
1773086400,2026-03-09 20:00:00,638.19,638.83,636.61,638.31
1773090000,2026-03-09 21:00:00,638.3,640.62,638.1,640.13
1773093600,2026-03-09 22:00:00,640.14,640.65,636.12,636.88
1773097200,2026-03-09 23:00:00,636.89,637.86,633.83,634.64
1773100800,2026-03-10 00:00:00,634.64,640.52,634.38,639.05
1773104400,2026-03-10 01:00:00,639.06,640.04,636.06,638.74
1773108000,2026-03-10 02:00:00,638.73,646,637.68,644.1
1773111600,2026-03-10 03:00:00,644.11,645.19,639.18,639.77
1773115200,2026-03-10 04:00:00,639.77,644.6,639.4,644.05
1773118800,2026-03-10 05:00:00,644.05,646.16,643.68,644.12
1773122400,2026-03-10 06:00:00,644.12,645.38,642.42,644.11
1773126000,2026-03-10 07:00:00,644.11,646.98,643.36,644.48
1773129600,2026-03-10 08:00:00,644.48,649,644.12,646.05
1773133200,2026-03-10 09:00:00,646.05,648.45,644.66,647.52
1773136800,2026-03-10 10:00:00,647.52,648,645.35,647.55
1773140400,2026-03-10 11:00:00,647.54,647.99,645.01,645.54
1773144000,2026-03-10 12:00:00,645.53,646.8,644.6,646.59
1773147600,2026-03-10 13:00:00,646.59,648.03,641.24,642.37
1773151200,2026-03-10 14:00:00,642.37,651.81,638.29,650.89
1773154800,2026-03-10 15:00:00,650.89,652.23,646.1,649.23
1773158400,2026-03-10 16:00:00,649.24,652.36,647.5,649.74
1773162000,2026-03-10 17:00:00,649.75,650.18,644.58,646.57
1773165600,2026-03-10 18:00:00,646.57,646.57,640.6,641.4
1773169200,2026-03-10 19:00:00,641.41,642.81,640.06,641.79
1773172800,2026-03-10 20:00:00,641.78,644.29,641.7,644.08
1773176400,2026-03-10 21:00:00,644.09,645.29,639.68,641.52
1773180000,2026-03-10 22:00:00,641.52,642.47,639.6,642.02
1773183600,2026-03-10 23:00:00,642.01,643.03,641.17,642
1773187200,2026-03-11 00:00:00,642.01,643.95,641.16,643.38
1773190800,2026-03-11 01:00:00,643.38,644.42,642.46,644.28
1773194400,2026-03-11 02:00:00,644.28,644.38,638.77,641.02
1773198000,2026-03-11 03:00:00,641.02,642.59,639.64,639.88
1773201600,2026-03-11 04:00:00,639.87,644.87,639.26,644.67
1773205200,2026-03-11 05:00:00,644.67,644.92,637.77,638.01
1773208800,2026-03-11 06:00:00,638,643.72,638,643.03
1773212400,2026-03-11 07:00:00,643.03,643.25,640.01,640.5
1773216000,2026-03-11 08:00:00,640.5,642.73,639.83,642.46
1773219600,2026-03-11 09:00:00,642.47,642.5,639.51,639.94
1773223200,2026-03-11 10:00:00,639.94,644.37,639.78,643.79
1773226800,2026-03-11 11:00:00,643.79,643.79,635.02,638.2
1773230400,2026-03-11 12:00:00,638.2,642.73,636.74,641.76
1773234000,2026-03-11 13:00:00,641.76,652.19,641.58,646.55
1773237600,2026-03-11 14:00:00,646.55,651.26,644.59,648.41
1773241200,2026-03-11 15:00:00,648.42,649.38,642.05,645.98
1773244800,2026-03-11 16:00:00,645.99,649.71,645.24,648.11
1773248400,2026-03-11 17:00:00,648.11,655.73,648.11,651.76
1773252000,2026-03-11 18:00:00,651.75,654.18,650.73,652.68
1773255600,2026-03-11 19:00:00,652.68,653.74,651.08,653.15
1773259200,2026-03-11 20:00:00,653.14,653.18,651.59,652.78
1773262800,2026-03-11 21:00:00,652.78,654.36,651.73,654.19
1773266400,2026-03-11 22:00:00,654.2,656.29,651.55,652.35
1773270000,2026-03-11 23:00:00,652.36,653.21,650.4,651.46
1773273600,2026-03-12 00:00:00,651.47,652.25,650.52,652.08
1773277200,2026-03-12 01:00:00,652.07,652.09,646.69,646.75
1773280800,2026-03-12 02:00:00,646.74,647.73,642.52,643.17
1773284400,2026-03-12 03:00:00,643.17,645.17,642.25,643.26
1773288000,2026-03-12 04:00:00,643.26,644.32,641.63,643.08
1773291600,2026-03-12 05:00:00,643.08,645.03,642.97,644.36
1773295200,2026-03-12 06:00:00,644.37,645.48,643.53,644.64
1773298800,2026-03-12 07:00:00,644.64,647.16,644.07,645.85
1773302400,2026-03-12 08:00:00,645.86,648.9,645.75,647.76
1773306000,2026-03-12 09:00:00,647.75,651.26,646,650.1
1773309600,2026-03-12 10:00:00,650.1,652.81,649.41,652.07
1773313200,2026-03-12 11:00:00,652.06,654.09,651.08,652.46
1773316800,2026-03-12 12:00:00,652.47,657.7,651.35,655.55
1773320400,2026-03-12 13:00:00,655.56,656.16,650.6,652.68
1773324000,2026-03-12 14:00:00,652.69,656.16,645.64,646.84
1773327600,2026-03-12 15:00:00,646.84,653.76,646.02,650.03
1773331200,2026-03-12 16:00:00,650.03,652.5,648,651.53
1773334800,2026-03-12 17:00:00,651.53,652.52,649.46,650.5
1773338400,2026-03-12 18:00:00,650.5,651.49,647.82,647.95
1773342000,2026-03-12 19:00:00,647.95,651.54,646.42,651.03
1773345600,2026-03-12 20:00:00,651.03,651.55,648.98,649.62
1773349200,2026-03-12 21:00:00,649.63,652.35,649.63,651.86
1773352800,2026-03-12 22:00:00,651.85,652.04,649.85,651.26
1773356400,2026-03-12 23:00:00,651.26,654.92,651.24,651.72
1773360000,2026-03-13 00:00:00,651.72,664,650.34,658.7
1773363600,2026-03-13 01:00:00,658.71,662.15,658.06,661.9
1773367200,2026-03-13 02:00:00,661.91,662.4,659.06,659.43
1773370800,2026-03-13 03:00:00,659.43,662.05,657.43,661.58
1773374400,2026-03-13 04:00:00,661.57,661.9,659.32,660.67
1773378000,2026-03-13 05:00:00,660.67,662,659.24,660.68
1773381600,2026-03-13 06:00:00,660.67,661.7,658.88,660.84
1773385200,2026-03-13 07:00:00,660.84,664.5,660.01,661.29
1773388800,2026-03-13 08:00:00,661.29,668,660.65,665.9
1773392400,2026-03-13 09:00:00,665.9,667.97,664.22,667.02
1773396000,2026-03-13 10:00:00,667.01,668.67,665.99,666.98
1773399600,2026-03-13 11:00:00,666.99,668.21,665.88,666.64
1773403200,2026-03-13 12:00:00,666.64,673.63,666.56,671.21
1773406800,2026-03-13 13:00:00,671.21,679,670.63,674.54
1773410400,2026-03-13 14:00:00,674.55,678.36,667.3,667.98
1773414000,2026-03-13 15:00:00,667.99,671.62,661.09,662.21
1773417600,2026-03-13 16:00:00,662.21,663.57,658.21,661.84
1773421200,2026-03-13 17:00:00,661.84,664.48,654,655.86
1773424800,2026-03-13 18:00:00,655.86,658.52,654.07,656.83
1773428400,2026-03-13 19:00:00,656.83,658.06,656.03,657.25
1773432000,2026-03-13 20:00:00,657.25,658.6,656.24,657.34
1773435600,2026-03-13 21:00:00,657.35,658.78,656.2,656.86
1773439200,2026-03-13 22:00:00,656.87,657.45,653.55,655.53
1773442800,2026-03-13 23:00:00,655.53,656.2,654.5,655.73
1773446400,2026-03-14 00:00:00,655.72,656.27,652.52,653.08
1773450000,2026-03-14 01:00:00,653.08,656.82,652.93,656.43
1773453600,2026-03-14 02:00:00,656.43,656.73,655.08,655.48
1773457200,2026-03-14 03:00:00,655.49,657.26,655.27,656.89
1773460800,2026-03-14 04:00:00,656.88,658.27,655.22,655.49
1773464400,2026-03-14 05:00:00,655.5,656.74,654.65,655.62
1773468000,2026-03-14 06:00:00,655.61,655.61,651,653.32
1773471600,2026-03-14 07:00:00,653.31,654.66,652,652.19
1773475200,2026-03-14 08:00:00,652.19,653.99,651.8,652.05
1773478800,2026-03-14 09:00:00,652.05,653.33,650.54,651.22
1773482400,2026-03-14 10:00:00,651.21,651.37,650.11,651.02
1773486000,2026-03-14 11:00:00,651.02,653.91,650.91,653.52
1773489600,2026-03-14 12:00:00,653.51,654.6,652.54,653.4
1773493200,2026-03-14 13:00:00,653.4,654.52,652.99,654.06
1773496800,2026-03-14 14:00:00,654.07,654.98,651.85,652.34
1773500400,2026-03-14 15:00:00,652.35,653.64,651.91,653.4
1773504000,2026-03-14 16:00:00,653.4,654.5,652.34,654.11
1773507600,2026-03-14 17:00:00,654.1,654.15,652.59,653.1
1773511200,2026-03-14 18:00:00,653.09,653.67,652.24,653.33
1773514800,2026-03-14 19:00:00,653.33,654.14,652.78,653.7
1773518400,2026-03-14 20:00:00,653.7,654.62,653.24,654.06
1773522000,2026-03-14 21:00:00,654.06,655,653.12,654.86
1773525600,2026-03-14 22:00:00,654.86,655.52,654.35,655.01
1773529200,2026-03-14 23:00:00,655.01,658,655.01,657.7
1773532800,2026-03-15 00:00:00,657.7,658,655.56,655.91
1773536400,2026-03-15 01:00:00,655.92,656.15,654.46,655.41
1773540000,2026-03-15 02:00:00,655.42,660.57,655.42,659.41
1773543600,2026-03-15 03:00:00,659.42,661.16,658,658.89
1773547200,2026-03-15 04:00:00,658.89,660.64,658.33,659.34
1773550800,2026-03-15 05:00:00,659.35,661,658.61,659.53
1773554400,2026-03-15 06:00:00,659.53,660.19,657.79,658.56
1773558000,2026-03-15 07:00:00,658.56,660.64,658.36,660.02
1773561600,2026-03-15 08:00:00,660.02,664.25,659.74,664.24
1773565200,2026-03-15 09:00:00,664.25,666.55,662.86,663.6
1773568800,2026-03-15 10:00:00,663.6,663.88,662.12,662.86
1773572400,2026-03-15 11:00:00,662.86,662.97,659.75,661.64
1773576000,2026-03-15 12:00:00,661.65,661.89,659.78,661.89
1773579600,2026-03-15 13:00:00,661.89,662.52,656.83,659.97
1773583200,2026-03-15 14:00:00,659.97,660.51,658.41,660.33
1773586800,2026-03-15 15:00:00,660.33,661.23,659.52,659.69
1773590400,2026-03-15 16:00:00,659.69,660.98,658.53,658.96
1773594000,2026-03-15 17:00:00,658.96,663.2,658.96,661.95
1773597600,2026-03-15 18:00:00,661.95,662.54,658.08,658.37
1773601200,2026-03-15 19:00:00,658.37,660.55,658.12,660.49
1773604800,2026-03-15 20:00:00,660.49,665.29,659.74,663.88
1773608400,2026-03-15 21:00:00,663.89,669.09,662.71,667.41
1773612000,2026-03-15 22:00:00,667.41,679,665.56,676.51
1773615600,2026-03-15 23:00:00,676.52,678.99,671.83,673.77
1773619200,2026-03-16 00:00:00,673.77,676.66,670.89,671.97
1773622800,2026-03-16 01:00:00,671.97,677,670.22,675.96
1773626400,2026-03-16 02:00:00,675.96,676.79,670.68,672.97
1773630000,2026-03-16 03:00:00,672.98,685.93,672.25,680.47
1773633600,2026-03-16 04:00:00,680.47,687.82,680.46,683.44
1773637200,2026-03-16 05:00:00,683.44,686.43,682.13,685.47
1773640800,2026-03-16 06:00:00,685.47,685.48,679.41,679.41
1773644400,2026-03-16 07:00:00,679.41,681.03,677.27,678.13
1773648000,2026-03-16 08:00:00,678.13,681.06,673.83,675.21
1773651600,2026-03-16 09:00:00,675.21,677.72,674.64,676.52
1773655200,2026-03-16 10:00:00,676.52,679.12,675.22,679.08
1773658800,2026-03-16 11:00:00,679.08,679.5,676.34,677.2
1773662400,2026-03-16 12:00:00,677.19,680.95,677.19,678.55
1773666000,2026-03-16 13:00:00,678.55,683.68,677.78,681.04
1773669600,2026-03-16 14:00:00,681.04,682.17,670.13,674.66
1773673200,2026-03-16 15:00:00,674.65,677.15,671,671.67
1773676800,2026-03-16 16:00:00,671.67,676.27,671.22,675.31
1773680400,2026-03-16 17:00:00,675.31,678.71,674.6,678.37
1773684000,2026-03-16 18:00:00,678.37,680.51,676.9,677.11
1773687600,2026-03-16 19:00:00,677.11,681.37,676.19,678.55
1773691200,2026-03-16 20:00:00,678.55,678.63,673.79,677.01
1773694800,2026-03-16 21:00:00,677,682.59,676.3,679.57
1773698400,2026-03-16 22:00:00,679.56,684.66,679.56,681.4
1773702000,2026-03-16 23:00:00,681.41,681.41,675.73,679.71
1773705600,2026-03-17 00:00:00,679.7,684.13,677.66,682.58
1773709200,2026-03-17 01:00:00,682.59,686.53,680.69,684.01
1773712800,2026-03-17 02:00:00,684.01,684.63,680.43,682.73
1773716400,2026-03-17 03:00:00,682.73,683.1,675,676.11
1773720000,2026-03-17 04:00:00,676.11,677.39,671.81,674.89
1773723600,2026-03-17 05:00:00,674.89,677.16,673.55,675.09
1773727200,2026-03-17 06:00:00,675.09,676.99,672.87,673.37
1773730800,2026-03-17 07:00:00,673.37,675.6,673.36,674.28
1773734400,2026-03-17 08:00:00,674.28,676.77,673.23,673.67
1773738000,2026-03-17 09:00:00,673.67,675.63,672.1,672.77
1773741600,2026-03-17 10:00:00,672.77,673.53,667.88,669.36
1773745200,2026-03-17 11:00:00,669.35,670.6,667.36,667.66
1773748800,2026-03-17 12:00:00,667.66,669.69,665.01,665.55
1773752400,2026-03-17 13:00:00,665.56,668.83,663.57,665.23
1773756000,2026-03-17 14:00:00,665.23,670.45,663.4,670.21
1773759600,2026-03-17 15:00:00,670.2,673.33,665.21,668.49
1773763200,2026-03-17 16:00:00,668.5,671.57,667.71,670.84
1773766800,2026-03-17 17:00:00,670.85,672.84,669.91,672.76
1773770400,2026-03-17 18:00:00,672.76,674.85,672.3,673.86
1773774000,2026-03-17 19:00:00,673.86,674.62,671.62,672.03
1773777600,2026-03-17 20:00:00,672.03,672.9,670.65,672.07
1773781200,2026-03-17 21:00:00,672.07,674.48,672.01,673.56
1773784800,2026-03-17 22:00:00,673.57,674.48,669.22,671.38
1773788400,2026-03-17 23:00:00,671.37,671.98,668.01,668.61
1773792000,2026-03-18 00:00:00,668.62,669.33,665.52,668.35
1773795600,2026-03-18 01:00:00,668.35,670.74,668.35,669.68
1773799200,2026-03-18 02:00:00,669.68,672.7,669.64,671.68
1773802800,2026-03-18 03:00:00,671.68,675.18,671.24,673.49
1773806400,2026-03-18 04:00:00,673.49,673.8,670.6,671.96
1773810000,2026-03-18 05:00:00,671.96,673.6,670.13,671.27
1773813600,2026-03-18 06:00:00,671.27,675.06,671.26,672.84
1773817200,2026-03-18 07:00:00,672.84,674.08,671.66,673.98
1773820800,2026-03-18 08:00:00,673.98,676.1,673.89,674.39
1773824400,2026-03-18 09:00:00,674.4,676.14,674,675.97
1773828000,2026-03-18 10:00:00,675.97,676.47,671.38,672.44
1773831600,2026-03-18 11:00:00,672.47,673.26,661.55,662.89
1773835200,2026-03-18 12:00:00,662.89,662.89,656.04,657.74
1773838800,2026-03-18 13:00:00,657.75,659.22,654.87,657.49
1773842400,2026-03-18 14:00:00,657.49,657.78,647.77,648.13
1773846000,2026-03-18 15:00:00,648.14,650.66,645.3,648.82
1773849600,2026-03-18 16:00:00,648.82,649.99,645.47,648.5
1773853200,2026-03-18 17:00:00,648.5,651.83,647,650.14
1773856800,2026-03-18 18:00:00,650.14,653.01,647.03,647.84
1773860400,2026-03-18 19:00:00,647.84,650.28,647,648.08
1773864000,2026-03-18 20:00:00,648.09,651.09,644.43,650.24
1773867600,2026-03-18 21:00:00,650.23,652.86,649.96,652.61
1773871200,2026-03-18 22:00:00,652.6,652.64,650.46,651.66
1773874800,2026-03-18 23:00:00,651.66,652.98,650.91,652.27
1773878400,2026-03-19 00:00:00,652.28,652.9,650.68,651.48
1773882000,2026-03-19 01:00:00,651.48,652.55,650.51,651.41
1773885600,2026-03-19 02:00:00,651.4,652.34,649.05,650.63
1773889200,2026-03-19 03:00:00,650.63,656.4,650.41,652.53
1773892800,2026-03-19 04:00:00,652.53,652.66,648.28,649.53
1773896400,2026-03-19 05:00:00,649.53,650.52,648.35,649.46
1773900000,2026-03-19 06:00:00,649.45,650.84,648.12,648.67
1773903600,2026-03-19 07:00:00,648.68,648.79,641.04,645.39
1773907200,2026-03-19 08:00:00,645.39,646.31,643.73,644.43
1773910800,2026-03-19 09:00:00,644.43,648.89,643.85,648.28
1773914400,2026-03-19 10:00:00,648.29,648.71,645.83,645.86
1773918000,2026-03-19 11:00:00,645.87,646.43,643.69,644.08
1773921600,2026-03-19 12:00:00,644.09,644.09,638.14,638.67
1773925200,2026-03-19 13:00:00,638.67,642.06,636.47,641.21
1773928800,2026-03-19 14:00:00,641.22,642.74,635.66,638.12
1773932400,2026-03-19 15:00:00,638.13,640.41,634.35,637.87
1773936000,2026-03-19 16:00:00,637.88,637.93,634.43,635.96
1773939600,2026-03-19 17:00:00,635.97,639.06,633.32,638.25
1773943200,2026-03-19 18:00:00,638.24,638.27,636.23,637.86
1773946800,2026-03-19 19:00:00,637.86,642.5,637.78,640.04
1773950400,2026-03-19 20:00:00,640.04,642.97,639.57,642.05
1773954000,2026-03-19 21:00:00,642.05,644.06,641.52,642.25
1773957600,2026-03-19 22:00:00,642.25,642.49,639,640.45
1773961200,2026-03-19 23:00:00,640.44,641.68,638.22,639.15
1773964800,2026-03-20 00:00:00,639.16,642.08,638.51,641.04
1773968400,2026-03-20 01:00:00,641.04,644,640.94,642.06
1773972000,2026-03-20 02:00:00,642.07,643.27,639.33,642.75
1773975600,2026-03-20 03:00:00,642.76,645.18,642.57,644.41
1773979200,2026-03-20 04:00:00,644.42,645.95,641.7,644.23
1773982800,2026-03-20 05:00:00,644.23,644.91,642.06,643.22
1773986400,2026-03-20 06:00:00,643.22,643.22,641.22,642.33
1773990000,2026-03-20 07:00:00,642.34,644.65,639.68,644.1
1773993600,2026-03-20 08:00:00,644.1,647.65,643.76,646.57
1773997200,2026-03-20 09:00:00,646.57,646.57,641.13,641.96
1774000800,2026-03-20 10:00:00,641.96,643.95,640.32,643.21
1774004400,2026-03-20 11:00:00,643.22,644.36,640.6,641.62
1774008000,2026-03-20 12:00:00,641.62,643.59,640.5,641.33
1774011600,2026-03-20 13:00:00,641.34,643.08,637.56,637.99
1774015200,2026-03-20 14:00:00,637.99,642.16,636.61,638.84
1774018800,2026-03-20 15:00:00,638.84,641.44,637.81,640.42
1774022400,2026-03-20 16:00:00,640.41,641.92,639.04,640.41
1774026000,2026-03-20 17:00:00,640.41,641.3,636.91,640.24
1774029600,2026-03-20 18:00:00,640.24,640.74,636.38,637.99
1774033200,2026-03-20 19:00:00,637.99,640.5,636.44,640.26
1774036800,2026-03-20 20:00:00,640.26,640.77,637.58,639.73
1774040400,2026-03-20 21:00:00,639.73,643.17,639.02,641.74
1774044000,2026-03-20 22:00:00,641.75,644.57,641.74,643.7
1774047600,2026-03-20 23:00:00,643.7,643.88,641.47,642.11
1774051200,2026-03-21 00:00:00,642.11,643.22,641.34,642.06
1774054800,2026-03-21 01:00:00,642.07,642.97,640.2,640.61
1774058400,2026-03-21 02:00:00,640.61,642.42,640.15,642.41
1774062000,2026-03-21 03:00:00,642.41,642.62,641.58,642.32
1774065600,2026-03-21 04:00:00,642.32,643.37,641.8,641.8
1774069200,2026-03-21 05:00:00,641.81,643.37,641.8,642.22
1774072800,2026-03-21 06:00:00,642.23,643.45,642.12,643.23
1774076400,2026-03-21 07:00:00,643.24,644.46,642.97,643.11
1774080000,2026-03-21 08:00:00,643.11,643.57,642.14,643.16
1774083600,2026-03-21 09:00:00,643.17,644.46,643.09,643.2
1774087200,2026-03-21 10:00:00,643.21,643.27,641.99,642.82
1774090800,2026-03-21 11:00:00,642.83,644.06,642.82,643.81
1774094400,2026-03-21 12:00:00,643.81,644.39,643.66,643.89
1774098000,2026-03-21 13:00:00,643.9,644.21,643.19,644.04
1774101600,2026-03-21 14:00:00,644.05,646.38,642.09,642.22
1774105200,2026-03-21 15:00:00,642.22,643.26,641.39,642.82
1774108800,2026-03-21 16:00:00,642.82,643.24,640.86,641.35
1774112400,2026-03-21 17:00:00,641.35,641.94,640.62,641.34
1774116000,2026-03-21 18:00:00,641.34,642.49,641,641.56
1774119600,2026-03-21 19:00:00,641.56,641.97,641.26,641.61
1774123200,2026-03-21 20:00:00,641.61,642.51,641.52,642.47
1774126800,2026-03-21 21:00:00,642.46,642.68,641.59,641.72
1774130400,2026-03-21 22:00:00,641.72,642.67,641.13,642.27
1774134000,2026-03-21 23:00:00,642.27,642.27,627.76,630.7
1774137600,2026-03-22 00:00:00,630.7,632.63,622.72,630.38
1774141200,2026-03-22 01:00:00,630.37,632,629.09,631.09
1774144800,2026-03-22 02:00:00,631.1,635.13,631.1,634.33
1774148400,2026-03-22 03:00:00,634.34,637.7,632.8,634.84
1774152000,2026-03-22 04:00:00,634.84,636.57,632.42,635.15
1774155600,2026-03-22 05:00:00,635.16,635.16,632.76,633.56
1774159200,2026-03-22 06:00:00,633.56,634.24,632.41,633.62
1774162800,2026-03-22 07:00:00,633.63,634.63,631.9,631.99
1774166400,2026-03-22 08:00:00,631.98,632.1,628.84,630.85
1774170000,2026-03-22 09:00:00,630.86,631.86,629.92,631.11
1774173600,2026-03-22 10:00:00,631.12,631.52,629.29,629.61
1774177200,2026-03-22 11:00:00,629.62,630.05,627.61,627.9
1774180800,2026-03-22 12:00:00,627.9,630.97,627.9,629.48
1774184400,2026-03-22 13:00:00,629.48,631.71,629,630.24
1774188000,2026-03-22 14:00:00,630.25,631.76,628.86,629.98
1774191600,2026-03-22 15:00:00,629.97,631.76,629.25,629.7
1774195200,2026-03-22 16:00:00,629.7,630.86,629.42,630.55
1774198800,2026-03-22 17:00:00,630.55,632.26,629.9,630.64
1774202400,2026-03-22 18:00:00,630.65,631.45,627.61,629.6
1774206000,2026-03-22 19:00:00,629.6,629.6,626.57,627.44
1774209600,2026-03-22 20:00:00,627.45,630,627.45,628.07
1774213200,2026-03-22 21:00:00,628.06,628.6,622.16,625.91
1774216800,2026-03-22 22:00:00,625.92,630.11,623.06,629.92
1774220400,2026-03-22 23:00:00,629.92,631.35,626.19,626.41
1774224000,2026-03-23 00:00:00,626.41,628,622,624.77
1774227600,2026-03-23 01:00:00,624.78,628.18,623.72,626.43
1774231200,2026-03-23 02:00:00,626.43,630.29,625.49,628.74
1774234800,2026-03-23 03:00:00,628.73,630.71,626.19,626.47
1774238400,2026-03-23 04:00:00,626.46,629.8,626.46,629.57
1774242000,2026-03-23 05:00:00,629.58,632,629.58,631.92
1774245600,2026-03-23 06:00:00,631.91,631.91,621.4,622.87
1774249200,2026-03-23 07:00:00,622.88,625.62,620.33,624.33
1774252800,2026-03-23 08:00:00,624.34,626.35,623.55,624.38
1774256400,2026-03-23 09:00:00,624.39,626.1,621.59,625.78
1774260000,2026-03-23 10:00:00,625.78,628.1,625.1,626.62
1774263600,2026-03-23 11:00:00,626.62,650.85,626.62,638.4
1774267200,2026-03-23 12:00:00,638.4,645.65,635.81,645.17
1774270800,2026-03-23 13:00:00,645.17,649.55,642.94,647.81
1774274400,2026-03-23 14:00:00,647.82,649.37,644.25,646.21
1774278000,2026-03-23 15:00:00,646.22,647.77,636.73,637.25
1774281600,2026-03-23 16:00:00,637.25,638.98,633.76,635.7
1774285200,2026-03-23 17:00:00,635.71,638.12,632.49,637.98
1774288800,2026-03-23 18:00:00,637.98,639.62,636.12,639.52
1774292400,2026-03-23 19:00:00,639.53,640.76,637.09,637.62
1774296000,2026-03-23 20:00:00,637.62,639.68,636.5,639.23
1774299600,2026-03-23 21:00:00,639.24,641.09,639.2,639.59
1774303200,2026-03-23 22:00:00,639.59,639.88,637.13,638.53
1774306800,2026-03-23 23:00:00,638.53,639.38,636.24,639.11
1774310400,2026-03-24 00:00:00,639.12,640.17,634.8,636.69
1774314000,2026-03-24 01:00:00,636.69,636.84,632.43,633.67
1774317600,2026-03-24 02:00:00,633.67,635.43,632,632.81
1774321200,2026-03-24 03:00:00,632.82,633.57,632.35,632.7
1774324800,2026-03-24 04:00:00,632.7,633.96,628.93,629.34
1774328400,2026-03-24 05:00:00,629.34,629.68,627.21,629.29
1774332000,2026-03-24 06:00:00,629.28,631.29,628.95,631
1774335600,2026-03-24 07:00:00,631,638.44,630.76,637.86
1774339200,2026-03-24 08:00:00,637.87,638.31,634.45,634.78
1774342800,2026-03-24 09:00:00,634.77,638.84,634,638.56
1774346400,2026-03-24 10:00:00,638.57,638.57,636.44,638.12
1774350000,2026-03-24 11:00:00,638.12,639.81,635.85,638.88
1774353600,2026-03-24 12:00:00,638.88,639.35,636.62,637.48
1774357200,2026-03-24 13:00:00,637.48,638.31,631.18,632.17
1774360800,2026-03-24 14:00:00,632.17,634.26,627.2,629.91
1774364400,2026-03-24 15:00:00,629.91,633.29,629.81,630.98
1774368000,2026-03-24 16:00:00,630.97,632.02,628.19,629.27
1774371600,2026-03-24 17:00:00,629.28,629.71,626.99,628.85
1774375200,2026-03-24 18:00:00,628.84,632.46,628.69,630.69
1774378800,2026-03-24 19:00:00,630.69,632.16,629.58,630.29
1774382400,2026-03-24 20:00:00,630.29,637.56,629.85,636.79
1774386000,2026-03-24 21:00:00,636.79,637.7,635.06,637.62
1774389600,2026-03-24 22:00:00,637.63,638.74,635.8,636.75
1774393200,2026-03-24 23:00:00,636.76,639.79,636.41,638.3
1774396800,2026-03-25 00:00:00,638.31,641.7,637.5,640.08
1774400400,2026-03-25 01:00:00,640.08,641.27,638.24,638.99
1774404000,2026-03-25 02:00:00,638.99,640.2,638.4,639.37
1774407600,2026-03-25 03:00:00,639.36,643,638.48,642.22
1774411200,2026-03-25 04:00:00,642.22,643.19,641.59,642.82
1774414800,2026-03-25 05:00:00,642.82,645.86,642.46,643.83
1774418400,2026-03-25 06:00:00,643.82,647.19,643.73,644.86
1774422000,2026-03-25 07:00:00,644.86,646.2,643.09,643.57
1774425600,2026-03-25 08:00:00,643.57,648.74,643.41,647.17
1774429200,2026-03-25 09:00:00,647.18,650.16,646.88,649.28
1774432800,2026-03-25 10:00:00,649.28,649.48,646,646.87
1774436400,2026-03-25 11:00:00,646.87,650.92,646.74,648.36
1774440000,2026-03-25 12:00:00,648.36,650.75,645.83,648.99
1774443600,2026-03-25 13:00:00,648.99,652.8,648.17,649.5
1774447200,2026-03-25 14:00:00,649.5,650.29,647,647.12
1774450800,2026-03-25 15:00:00,647.13,647.49,641.92,645.65
1774454400,2026-03-25 16:00:00,645.64,651.15,645.08,647.56
1774458000,2026-03-25 17:00:00,647.57,648.24,645.04,645.3
1774461600,2026-03-25 18:00:00,645.3,646.61,644.09,645.43
1774465200,2026-03-25 19:00:00,645.42,647.32,645.1,646.03
1774468800,2026-03-25 20:00:00,646.03,646.85,644.04,646.81
1774472400,2026-03-25 21:00:00,646.81,648.65,646.3,647.17
1774476000,2026-03-25 22:00:00,647.17,650.26,645.96,649.05
1774479600,2026-03-25 23:00:00,649.06,649.12,646.71,647.66
1774483200,2026-03-26 00:00:00,647.67,648.47,646.29,647.2
1774486800,2026-03-26 01:00:00,647.2,647.8,645.84,646.61
1774490400,2026-03-26 02:00:00,646.6,646.66,642.54,643.67
1774494000,2026-03-26 03:00:00,643.66,643.85,641.33,642.9
1774497600,2026-03-26 04:00:00,642.91,643.3,641.11,642.27
1774501200,2026-03-26 05:00:00,642.28,642.48,634.53,635.19
1774504800,2026-03-26 06:00:00,635.19,635.96,633.44,635.24
1774508400,2026-03-26 07:00:00,635.24,635.89,633.85,635.37
1774512000,2026-03-26 08:00:00,635.38,635.44,632.5,633.54
1774515600,2026-03-26 09:00:00,633.55,633.92,628.1,630.08
1774519200,2026-03-26 10:00:00,630.07,631.64,628.82,630.73
1774522800,2026-03-26 11:00:00,630.73,630.97,628.18,629.17
1774526400,2026-03-26 12:00:00,629.17,629.99,628.46,629.68
1774530000,2026-03-26 13:00:00,629.67,632.7,628.5,631.54
1774533600,2026-03-26 14:00:00,631.53,632.49,628.2,629.65
1774537200,2026-03-26 15:00:00,629.65,629.78,625.11,626.82
1774540800,2026-03-26 16:00:00,626.83,627.57,626,627.05
1774544400,2026-03-26 17:00:00,627.05,628.89,624.89,625.69
1774548000,2026-03-26 18:00:00,625.69,626.42,623.01,625.74
1774551600,2026-03-26 19:00:00,625.73,626.76,625,625.68
1774555200,2026-03-26 20:00:00,625.67,631.52,625.24,629.9
1774558800,2026-03-26 21:00:00,629.9,631.51,628.68,630.78
1774562400,2026-03-26 22:00:00,630.78,631.27,627.87,629.73
1774566000,2026-03-26 23:00:00,629.73,630.47,627.74,628.86
1774569600,2026-03-27 00:00:00,628.86,629.67,627.38,629.13
1774573200,2026-03-27 01:00:00,629.13,631.51,628.59,631.35
1774576800,2026-03-27 02:00:00,631.36,631.87,630.12,630.45
1774580400,2026-03-27 03:00:00,630.45,630.6,628.04,628.3
1774584000,2026-03-27 04:00:00,628.31,628.31,625.11,627.36
1774587600,2026-03-27 05:00:00,627.37,630,626.66,627.83
1774591200,2026-03-27 06:00:00,627.84,628.87,627.59,628.1
1774594800,2026-03-27 07:00:00,628.1,630.02,627.4,628.45
1774598400,2026-03-27 08:00:00,628.46,629.15,617.88,620.6
1774602000,2026-03-27 09:00:00,620.59,621.51,618,619.97
1774605600,2026-03-27 10:00:00,619.98,620.27,607.77,609.1
1774609200,2026-03-27 11:00:00,609.11,612.33,607.18,611.07
1774612800,2026-03-27 12:00:00,611.07,611.94,609.9,611.28
1774616400,2026-03-27 13:00:00,611.28,612.31,607.23,608.22
1774620000,2026-03-27 14:00:00,608.21,610.42,605.86,609.56
1774623600,2026-03-27 15:00:00,609.56,614.03,609.27,610.66
1774627200,2026-03-27 16:00:00,610.66,610.76,607.77,609.37
1774630800,2026-03-27 17:00:00,609.38,611.96,607,607.46
1774634400,2026-03-27 18:00:00,607.45,609.69,606.67,609.37
1774638000,2026-03-27 19:00:00,609.36,610.84,608.27,610.17
1774641600,2026-03-27 20:00:00,610.16,611.4,608.66,611.23
1774645200,2026-03-27 21:00:00,611.22,612.2,610.73,611.01
1774648800,2026-03-27 22:00:00,611,611.07,609.86,610.63
1774652400,2026-03-27 23:00:00,610.63,614.18,609.89,613.95
1774656000,2026-03-28 00:00:00,613.95,614.07,612.17,612.43
1774659600,2026-03-28 01:00:00,612.43,612.59,609.9,611.37
1774663200,2026-03-28 02:00:00,611.38,612.77,610.63,610.87
1774666800,2026-03-28 03:00:00,610.87,611.85,610.68,611.14
1774670400,2026-03-28 04:00:00,611.15,611.89,610.53,611.08
1774674000,2026-03-28 05:00:00,611.08,612.34,610.5,612.34
1774677600,2026-03-28 06:00:00,612.34,614.61,611.88,613.81
1774681200,2026-03-28 07:00:00,613.82,614.36,612.9,613.9
1774684800,2026-03-28 08:00:00,613.9,614.27,612.53,612.53
1774688400,2026-03-28 09:00:00,612.54,612.54,611.45,612.25
1774692000,2026-03-28 10:00:00,612.25,613.47,610.46,611.54
1774695600,2026-03-28 11:00:00,611.55,613.14,611.31,613
1774699200,2026-03-28 12:00:00,612.99,614,611.59,612.57
1774702800,2026-03-28 13:00:00,612.58,618.53,612.2,615.89
1774706400,2026-03-28 14:00:00,615.89,617.56,614.67,615.13
1774710000,2026-03-28 15:00:00,615.13,619,614.68,617.28
1774713600,2026-03-28 16:00:00,617.29,617.51,616.46,616.94
1774717200,2026-03-28 17:00:00,616.95,617.69,615.4,616.21
1774720800,2026-03-28 18:00:00,616.21,617.14,616.2,616.67
1774724400,2026-03-28 19:00:00,616.66,616.75,615.67,616.67
1774728000,2026-03-28 20:00:00,616.67,618.1,616.66,617.9
1774731600,2026-03-28 21:00:00,617.91,618.06,614.68,615.55
1774735200,2026-03-28 22:00:00,615.54,616.45,615.03,615.7
1774738800,2026-03-28 23:00:00,615.69,615.69,610.71,611.08
1774742400,2026-03-29 00:00:00,611.08,611.89,609.89,611.88
1774746000,2026-03-29 01:00:00,611.89,613.7,611.26,612.7
1774749600,2026-03-29 02:00:00,612.7,613.84,612.56,613.54
1774753200,2026-03-29 03:00:00,613.55,615.3,613.09,614.05
1774756800,2026-03-29 04:00:00,614.06,614.31,612.99,613.05
1774760400,2026-03-29 05:00:00,613.06,614.11,612,613.67
1774764000,2026-03-29 06:00:00,613.66,614.7,613.3,613.95
1774767600,2026-03-29 07:00:00,613.95,614.26,612.84,613.68
1774771200,2026-03-29 08:00:00,613.68,614.35,613.41,613.84
1774774800,2026-03-29 09:00:00,613.84,614.24,612.51,613.37
1774778400,2026-03-29 10:00:00,613.37,613.37,610.95,612
1774782000,2026-03-29 11:00:00,612,614.63,612,613.69
1774785600,2026-03-29 12:00:00,613.69,613.75,611.86,612.77
1774789200,2026-03-29 13:00:00,612.78,612.89,610,610.24
1774792800,2026-03-29 14:00:00,610.24,612.46,609.03,609.28
1774796400,2026-03-29 15:00:00,609.28,610.18,607.46,609.64
1774800000,2026-03-29 16:00:00,609.63,611.06,609.16,609.54
1774803600,2026-03-29 17:00:00,609.55,610,607.59,609.07
1774807200,2026-03-29 18:00:00,609.07,610.03,608.49,609.51
1774810800,2026-03-29 19:00:00,609.51,609.84,609,609.23
1774814400,2026-03-29 20:00:00,609.23,612.26,609.19,609.47
1774818000,2026-03-29 21:00:00,609.47,611.1,609.17,610.99
1774821600,2026-03-29 22:00:00,610.99,610.99,596.42,604.32
1774825200,2026-03-29 23:00:00,604.31,607.93,604.05,606.09
1774828800,2026-03-30 00:00:00,606.09,614.5,605.09,609.64
1774832400,2026-03-30 01:00:00,609.64,614.93,609.64,614.01
1774836000,2026-03-30 02:00:00,614.02,619.08,612.51,616.62
1774839600,2026-03-30 03:00:00,616.62,616.97,614.69,615.67
1774843200,2026-03-30 04:00:00,615.68,618.02,615.68,617.08
1774846800,2026-03-30 05:00:00,617.09,618.75,616.13,616.88
1774850400,2026-03-30 06:00:00,616.88,617.99,615.51,615.61
1774854000,2026-03-30 07:00:00,615.61,619.15,615.35,618.21
1774857600,2026-03-30 08:00:00,618.22,621.4,617.1,619.95
1774861200,2026-03-30 09:00:00,619.96,619.96,617.5,617.85
1774864800,2026-03-30 10:00:00,617.85,618.28,616.29,618.13
1774868400,2026-03-30 11:00:00,618.13,621.21,617.48,617.79
1774872000,2026-03-30 12:00:00,617.79,620,617.57,619.57
1774875600,2026-03-30 13:00:00,619.57,620.94,616.37,616.81
1774879200,2026-03-30 14:00:00,616.81,618.25,613.4,617.22
1774882800,2026-03-30 15:00:00,617.22,619.46,615.46,618.48
1774886400,2026-03-30 16:00:00,618.48,618.66,615.29,616.69
1774890000,2026-03-30 17:00:00,616.69,617.63,611.71,613.2
1774893600,2026-03-30 18:00:00,613.2,613.6,610.11,610.8
1774897200,2026-03-30 19:00:00,610.79,610.96,608.11,610.6
1774900800,2026-03-30 20:00:00,610.61,611.63,608.79,610.08
1774904400,2026-03-30 21:00:00,610.08,613.33,609.6,612.33
1774908000,2026-03-30 22:00:00,612.33,613.63,610.63,611.05
1774911600,2026-03-30 23:00:00,611.04,611.04,607.27,609.29
1774915200,2026-03-31 00:00:00,609.29,612.46,608.2,611.38
1774918800,2026-03-31 01:00:00,611.4,619.76,610.5,616.62
1774922400,2026-03-31 02:00:00,616.63,617.61,614.93,614.93
1774926000,2026-03-31 03:00:00,614.93,615.12,612.58,613.6
1774929600,2026-03-31 04:00:00,613.61,614.56,611.68,612.36
1774933200,2026-03-31 05:00:00,612.36,613.81,611.18,613.27
1774936800,2026-03-31 06:00:00,613.26,613.38,610.97,612.14
1774940400,2026-03-31 07:00:00,612.14,612.49,609.3,611.01
1774944000,2026-03-31 08:00:00,611.02,611.21,606.4,607.2
1774947600,2026-03-31 09:00:00,607.2,608.26,598.82,600.43
1774951200,2026-03-31 10:00:00,600.44,603.46,599.99,602.79
1774954800,2026-03-31 11:00:00,602.79,606.5,602.37,605.22
1774958400,2026-03-31 12:00:00,605.23,607.86,604.3,606.21
1774962000,2026-03-31 13:00:00,606.22,613.75,606.15,612.37
1774965600,2026-03-31 14:00:00,612.36,615.98,606.52,608.34
1774969200,2026-03-31 15:00:00,608.35,611.68,607.6,607.9
1774972800,2026-03-31 16:00:00,607.9,616.59,607.8,614.29
1774976400,2026-03-31 17:00:00,614.3,619.77,613.7,613.88
1774980000,2026-03-31 18:00:00,613.88,617.2,613.88,615.95
1774983600,2026-03-31 19:00:00,615.96,617.07,615.04,615.77
1774987200,2026-03-31 20:00:00,615.76,619.32,615.76,619.18
1774990800,2026-03-31 21:00:00,619.19,619.38,616.92,618
1774994400,2026-03-31 22:00:00,618,618.43,615.09,616.92
1774998000,2026-03-31 23:00:00,616.91,618.11,616.19,617.43
1775001600,2026-04-01 00:00:00,617.42,619.85,616,619.2
1775005200,2026-04-01 01:00:00,619.21,619.5,615.36,615.52
1775008800,2026-04-01 02:00:00,615.53,616.5,613.92,614.7
1775012400,2026-04-01 03:00:00,614.71,617.33,614.71,616.76
1775016000,2026-04-01 04:00:00,616.76,617.17,615.47,615.88
1775019600,2026-04-01 05:00:00,615.89,619.44,614.96,617.35
1775023200,2026-04-01 06:00:00,617.36,621.9,617.2,619.22
1775026800,2026-04-01 07:00:00,619.22,621.05,616.14,616.32
1775030400,2026-04-01 08:00:00,616.33,617.43,614.85,615.45
1775034000,2026-04-01 09:00:00,615.46,616.11,613.89,615.61
1775037600,2026-04-01 10:00:00,615.61,616.6,613.71,614.77
1775041200,2026-04-01 11:00:00,614.77,615.79,614.04,615.34
1775044800,2026-04-01 12:00:00,615.34,617.91,613.3,614.65
1775048400,2026-04-01 13:00:00,614.66,616.51,609.87,610.91
1775052000,2026-04-01 14:00:00,610.91,614.71,610.69,613.75
1775055600,2026-04-01 15:00:00,613.75,615.21,612.05,614.82
1775059200,2026-04-01 16:00:00,614.82,617.31,611.44,616.4
1775062800,2026-04-01 17:00:00,616.39,619.5,613.76,614.1
1775066400,2026-04-01 18:00:00,614.1,614.88,612.36,613.04
1775070000,2026-04-01 19:00:00,613.05,614.63,612.59,613.76
1775073600,2026-04-01 20:00:00,613.76,613.99,610.83,613.48
1775077200,2026-04-01 21:00:00,613.48,616,613.39,614.42
1775080800,2026-04-01 22:00:00,614.42,614.47,609.58,610.84
1775084400,2026-04-01 23:00:00,610.85,611.5,609.88,610.81
1775088000,2026-04-02 00:00:00,610.81,613.6,610,613.6
1775091600,2026-04-02 01:00:00,613.59,613.59,602.56,604.14
1775095200,2026-04-02 02:00:00,604.13,604.17,596.16,597.09
1775098800,2026-04-02 03:00:00,597.1,598.04,591.69,592.06
1775102400,2026-04-02 04:00:00,592.06,592.51,587.34,587.91
1775106000,2026-04-02 05:00:00,587.91,591.4,587.91,590.79
1775109600,2026-04-02 06:00:00,590.79,591.76,588.55,590.03
1775113200,2026-04-02 07:00:00,590.03,592.5,589.15,591.82
1775116800,2026-04-02 08:00:00,591.82,591.82,587.57,587.91
1775120400,2026-04-02 09:00:00,587.91,588.15,585.2,585.74
1775124000,2026-04-02 10:00:00,585.74,586.32,581.04,581.39
1775127600,2026-04-02 11:00:00,581.39,581.89,577.25,581.23
1775131200,2026-04-02 12:00:00,581.23,581.4,575,575.4
1775134800,2026-04-02 13:00:00,575.4,576.04,570.31,573.22
1775138400,2026-04-02 14:00:00,573.23,579.2,571.56,576.05
1775142000,2026-04-02 15:00:00,576.05,576.7,571.47,574.13
1775145600,2026-04-02 16:00:00,574.12,581.27,573.82,579.89
1775149200,2026-04-02 17:00:00,579.9,582.98,578.25,578.53
1775152800,2026-04-02 18:00:00,578.52,582.69,578.31,581.95
1775156400,2026-04-02 19:00:00,581.95,583.72,580.33,583.51
1775160000,2026-04-02 20:00:00,583.5,584.83,582.74,583.64
1775163600,2026-04-02 21:00:00,583.64,584.53,582.03,584.25
1775167200,2026-04-02 22:00:00,584.24,584.78,581.14,583.26
1775170800,2026-04-02 23:00:00,583.26,584.12,582.4,583.52
1775174400,2026-04-03 00:00:00,583.52,585.65,582.86,584.03
1775178000,2026-04-03 01:00:00,584.03,587.06,583.66,584.43
1775181600,2026-04-03 02:00:00,584.44,586.02,581.93,584.81
1775185200,2026-04-03 03:00:00,584.81,586.39,584.48,585.82
1775188800,2026-04-03 04:00:00,585.82,587.03,585.01,586.62
1775192400,2026-04-03 05:00:00,586.62,588.16,584.98,586.79
1775196000,2026-04-03 06:00:00,586.79,587.73,585.42,586.21
1775199600,2026-04-03 07:00:00,586.22,589,585.99,586.49
1775203200,2026-04-03 08:00:00,586.5,588.31,584,585.75
1775206800,2026-04-03 09:00:00,585.75,586.04,583.16,585.26
1775210400,2026-04-03 10:00:00,585.25,585.96,583.58,585.88
1775214000,2026-04-03 11:00:00,585.89,587.71,585.51,587.34
1775217600,2026-04-03 12:00:00,587.34,590.31,584.58,585.4
1775221200,2026-04-03 13:00:00,585.4,586.66,584.08,586.49
1775224800,2026-04-03 14:00:00,586.5,588.35,585.72,587.75
1775228400,2026-04-03 15:00:00,587.74,588.95,586.3,586.99
1775232000,2026-04-03 16:00:00,586.99,588.96,586.98,588.81
1775235600,2026-04-03 17:00:00,588.81,589.33,587.1,588.41
1775239200,2026-04-03 18:00:00,588.42,589,587.54,588.02
1775242800,2026-04-03 19:00:00,588.03,588.83,586.63,588.66
1775246400,2026-04-03 20:00:00,588.66,589.21,588.1,588.46
1775250000,2026-04-03 21:00:00,588.47,589.1,587.61,588.75
1775253600,2026-04-03 22:00:00,588.75,588.9,587,587.26
1775257200,2026-04-03 23:00:00,587.26,588.65,587.09,588.31
1775260800,2026-04-04 00:00:00,588.32,588.65,587.24,587.68
1775264400,2026-04-04 01:00:00,587.68,588.36,587.1,587.69
1775268000,2026-04-04 02:00:00,587.68,588.72,587.51,588.28
1775271600,2026-04-04 03:00:00,588.27,589.26,588.25,589.12
1775275200,2026-04-04 04:00:00,589.12,589.33,588.53,588.75
1775278800,2026-04-04 05:00:00,588.74,589.66,588.33,589.66
1775282400,2026-04-04 06:00:00,589.66,592.25,589.66,591.57
1775286000,2026-04-04 07:00:00,591.57,591.57,589.23,590
1775289600,2026-04-04 08:00:00,590,591.73,589.24,589.44
1775293200,2026-04-04 09:00:00,589.45,590.31,589.03,590.16
1775296800,2026-04-04 10:00:00,590.16,590.58,589.11,590.19
1775300400,2026-04-04 11:00:00,590.2,590.45,589.2,589.49
1775304000,2026-04-04 12:00:00,589.5,589.79,589.14,589.68
1775307600,2026-04-04 13:00:00,589.68,590.89,589.67,590.2
1775311200,2026-04-04 14:00:00,590.2,590.53,588.11,590.22
1775314800,2026-04-04 15:00:00,590.22,591.82,589.81,591.11
1775318400,2026-04-04 16:00:00,591.12,593.54,590.46,591.34
1775322000,2026-04-04 17:00:00,591.35,592.92,590.7,592.69
1775325600,2026-04-04 18:00:00,592.69,593.5,592.39,593.36
1775329200,2026-04-04 19:00:00,593.35,596.58,593.02,593.46
1775332800,2026-04-04 20:00:00,593.46,593.72,592.71,593.57
1775336400,2026-04-04 21:00:00,593.57,595.16,593.23,594.46
1775340000,2026-04-04 22:00:00,594.47,594.88,593.8,594.25
1775343600,2026-04-04 23:00:00,594.24,594.29,592.54,593.36
1775347200,2026-04-05 00:00:00,593.36,594.05,592.21,592.45
1775350800,2026-04-05 01:00:00,592.46,593.65,591.71,591.92
1775354400,2026-04-05 02:00:00,591.92,593.23,591.12,593.22
1775358000,2026-04-05 03:00:00,593.23,593.66,592.69,593.43
1775361600,2026-04-05 04:00:00,593.42,593.55,592.82,593.12
1775365200,2026-04-05 05:00:00,593.11,594,592,592.25
1775368800,2026-04-05 06:00:00,592.25,592.31,587.71,590.51
1775372400,2026-04-05 07:00:00,590.52,591.42,589.63,590.46
1775376000,2026-04-05 08:00:00,590.46,593.14,590.15,592.44
1775379600,2026-04-05 09:00:00,592.44,593.79,592.44,593.39
1775383200,2026-04-05 10:00:00,593.39,594.97,592.93,593.86
1775386800,2026-04-05 11:00:00,593.86,594.32,593,593.98
1775390400,2026-04-05 12:00:00,593.97,593.98,589.05,589.58
1775394000,2026-04-05 13:00:00,589.57,589.64,587.13,589.1
1775397600,2026-04-05 14:00:00,589.09,590.95,588.88,589.5
1775401200,2026-04-05 15:00:00,589.5,596.42,588.53,593.13
1775404800,2026-04-05 16:00:00,593.13,593.69,592.3,592.9
1775408400,2026-04-05 17:00:00,592.91,593.49,591.77,592.99
1775412000,2026-04-05 18:00:00,593,593.63,591.84,592.2
1775415600,2026-04-05 19:00:00,592.2,593.59,591.67,592.53
1775419200,2026-04-05 20:00:00,592.53,593.62,591.33,593.47
1775422800,2026-04-05 21:00:00,593.47,593.48,590.51,591.27
1775426400,2026-04-05 22:00:00,591.27,597.72,590.81,597.1
1775430000,2026-04-05 23:00:00,597.11,604.06,596.79,601.5
1775433600,2026-04-06 00:00:00,601.5,607.66,601.5,603.44
1775437200,2026-04-06 01:00:00,603.45,603.76,600.43,600.73
1775440800,2026-04-06 02:00:00,600.73,605.02,600.6,602.98
1775444400,2026-04-06 03:00:00,602.98,603.09,600.1,600.61
1775448000,2026-04-06 04:00:00,600.62,601.45,598.63,599.99
1775451600,2026-04-06 05:00:00,599.99,602.96,599.86,601.99
1775455200,2026-04-06 06:00:00,601.99,604.19,600,601.36
1775458800,2026-04-06 07:00:00,601.36,604.47,600.13,603.8
1775462400,2026-04-06 08:00:00,603.81,605.32,603.78,604.18
1775466000,2026-04-06 09:00:00,604.19,610.29,604.05,606.98
1775469600,2026-04-06 10:00:00,606.99,607.9,605.59,606.61
1775473200,2026-04-06 11:00:00,606.61,606.61,605.01,605.36
1775476800,2026-04-06 12:00:00,605.36,605.63,604.11,604.33
1775480400,2026-04-06 13:00:00,604.34,606.96,604.13,605.57
1775484000,2026-04-06 14:00:00,605.57,608.5,604.86,607.09
1775487600,2026-04-06 15:00:00,607.09,608.74,606.71,608.45
1775491200,2026-04-06 16:00:00,608.45,609,605.61,605.65
1775494800,2026-04-06 17:00:00,605.65,605.65,602.95,604.46
1775498400,2026-04-06 18:00:00,604.46,607.27,603.56,606.93
1775502000,2026-04-06 19:00:00,606.92,607,605.06,606.67
1775505600,2026-04-06 20:00:00,606.68,607.96,605.82,606.48
1775509200,2026-04-06 21:00:00,606.49,606.57,604.84,605.27
1775512800,2026-04-06 22:00:00,605.27,605.95,600,600.04
1775516400,2026-04-06 23:00:00,600.05,600.78,596.25,600.11
1775520000,2026-04-07 00:00:00,600.1,601.32,598.69,599.14
1775523600,2026-04-07 01:00:00,599.14,600.74,597.12,597.22
1775527200,2026-04-07 02:00:00,597.22,599.52,596.38,598.47
1775530800,2026-04-07 03:00:00,598.47,599.47,597.98,599.16
1775534400,2026-04-07 04:00:00,599.15,601.88,598.18,600.2
1775538000,2026-04-07 05:00:00,600.21,600.21,597.13,597.81
1775541600,2026-04-07 06:00:00,597.8,599.07,596.78,598.84
1775545200,2026-04-07 07:00:00,598.84,599.45,597.5,599.3
1775548800,2026-04-07 08:00:00,599.29,602.95,599.21,602.36
1775552400,2026-04-07 09:00:00,602.37,606.51,602.36,605.19
1775556000,2026-04-07 10:00:00,605.19,605.37,597.17,597.66
1775559600,2026-04-07 11:00:00,597.66,598.24,596.4,597.1
1775563200,2026-04-07 12:00:00,597.1,599.76,592.2,598.4
1775566800,2026-04-07 13:00:00,598.4,600,596.46,596.53
1775570400,2026-04-07 14:00:00,596.52,596.94,593.33,594.51
1775574000,2026-04-07 15:00:00,594.51,599.26,593.98,598.53
1775577600,2026-04-07 16:00:00,598.53,602.74,598.53,601.23
1775581200,2026-04-07 17:00:00,601.23,607.07,601,604.6
1775584800,2026-04-07 18:00:00,604.59,604.83,602.64,603.35
1775588400,2026-04-07 19:00:00,603.35,609.05,603.11,608.41
1775592000,2026-04-07 20:00:00,608.41,609.9,607.23,607.86
1775595600,2026-04-07 21:00:00,607.87,613.83,607.87,611.9
1775599200,2026-04-07 22:00:00,611.9,619.5,611.9,619.46
1775602800,2026-04-07 23:00:00,619.46,624.85,617.03,620.1
1775606400,2026-04-08 00:00:00,620.11,621.46,615.02,617.5
1775610000,2026-04-08 01:00:00,617.5,618.92,615.63,616
1775613600,2026-04-08 02:00:00,616.01,617.44,614.86,615.28
1775617200,2026-04-08 03:00:00,615.29,615.83,612.92,613.29
1775620800,2026-04-08 04:00:00,613.29,616,613.21,615.22
1775624400,2026-04-08 05:00:00,615.22,616.8,615.21,615.93
1775628000,2026-04-08 06:00:00,615.93,617.4,613.9,614
1775631600,2026-04-08 07:00:00,614,614.96,612.02,613.24
1775635200,2026-04-08 08:00:00,613.24,613.86,611.35,612.8
1775638800,2026-04-08 09:00:00,612.8,614.54,611.4,611.75
1775642400,2026-04-08 10:00:00,611.76,612.97,611.2,611.93
1775646000,2026-04-08 11:00:00,611.92,612.97,610.89,612.83
1775649600,2026-04-08 12:00:00,612.83,614.78,611.53,613.48
1775653200,2026-04-08 13:00:00,613.48,615.85,606.25,607.31
1775656800,2026-04-08 14:00:00,607.3,608.23,601.16,602.59
1775660400,2026-04-08 15:00:00,602.6,605.8,601.69,605.35
1775664000,2026-04-08 16:00:00,605.34,607.19,604.83,605.2
1775667600,2026-04-08 17:00:00,605.2,607.79,604.63,606.94
1775671200,2026-04-08 18:00:00,606.95,607.01,602.75,603.03
1775674800,2026-04-08 19:00:00,603.04,604.63,602.76,604.28
1775678400,2026-04-08 20:00:00,604.28,604.93,603.58,604.86
1775682000,2026-04-08 21:00:00,604.86,607.38,604.86,606.49
1775685600,2026-04-08 22:00:00,606.5,606.75,604.1,604.34
1775689200,2026-04-08 23:00:00,604.34,604.34,599.45,601.16
1775692800,2026-04-09 00:00:00,601.15,601.51,598.51,599.5
1775696400,2026-04-09 01:00:00,599.49,601.51,596.94,601.51
1775700000,2026-04-09 02:00:00,601.52,603.06,601.05,601.68
1775703600,2026-04-09 03:00:00,601.69,601.69,600,600.16
1775707200,2026-04-09 04:00:00,600.16,600.3,598.86,598.97
1775710800,2026-04-09 05:00:00,598.97,601.19,598.64,600.18
1775714400,2026-04-09 06:00:00,600.18,600.74,598.67,600.5
1775718000,2026-04-09 07:00:00,600.5,601.01,599.82,600.01
1775721600,2026-04-09 08:00:00,600.01,601.98,599.3,600.82
1775725200,2026-04-09 09:00:00,600.82,603.04,599.88,602.76
1775728800,2026-04-09 10:00:00,602.76,603.41,601.14,602.57
1775732400,2026-04-09 11:00:00,602.57,603.13,601.26,602.44
1775736000,2026-04-09 12:00:00,602.45,603.73,601.35,603.29
1775739600,2026-04-09 13:00:00,603.29,603.65,600,600.65
1775743200,2026-04-09 14:00:00,600.66,601.41,598.2,600.85
1775746800,2026-04-09 15:00:00,600.85,607.34,599.7,606.01
1775750400,2026-04-09 16:00:00,606.01,607.41,603.63,605.96
1775754000,2026-04-09 17:00:00,605.96,608.77,605.48,608.45
1775757600,2026-04-09 18:00:00,608.45,608.65,605.39,606.67
1775761200,2026-04-09 19:00:00,606.66,609.5,606.32,608.76
1775764800,2026-04-09 20:00:00,608.76,609.65,607.81,608.45
1775768400,2026-04-09 21:00:00,608.46,610.26,606.69,606.9
1775772000,2026-04-09 22:00:00,606.9,612.1,605.62,605.62
1775775600,2026-04-09 23:00:00,605.63,606,601.9,603.03
1775779200,2026-04-10 00:00:00,603.03,603.59,601.1,603.42
1775782800,2026-04-10 01:00:00,603.42,605.4,601.04,603.01
1775786400,2026-04-10 02:00:00,603.01,603.51,601,601.6
1775790000,2026-04-10 03:00:00,601.61,601.62,599.79,601.14
1775793600,2026-04-10 04:00:00,601.14,602.58,600.88,601.04
1775797200,2026-04-10 05:00:00,601.04,602.61,600.57,601.79
1775800800,2026-04-10 06:00:00,601.8,601.93,599.42,600.5
1775804400,2026-04-10 07:00:00,600.51,601.32,599.04,599.29
1775808000,2026-04-10 08:00:00,599.29,600.84,597.4,600.53
1775811600,2026-04-10 09:00:00,600.53,602.17,600.23,601.71
1775815200,2026-04-10 10:00:00,601.72,601.86,599.79,600.72
1775818800,2026-04-10 11:00:00,600.71,603.49,600.43,602.57
1775822400,2026-04-10 12:00:00,602.57,604.54,601.5,602.75
1775826000,2026-04-10 13:00:00,602.75,603.27,601.04,602.3
1775829600,2026-04-10 14:00:00,602.3,607.48,602,606.93
1775833200,2026-04-10 15:00:00,606.93,608.76,602.81,603.27
1775836800,2026-04-10 16:00:00,603.27,606.1,603.2,605.82
1775840400,2026-04-10 17:00:00,605.83,607.37,605.33,607.28
1775844000,2026-04-10 18:00:00,607.28,609.34,606.52,609.05
1775847600,2026-04-10 19:00:00,609.06,609.99,608.31,609.6
1775851200,2026-04-10 20:00:00,609.61,610.34,607.81,609.99
1775854800,2026-04-10 21:00:00,609.99,610.12,606.37,607.51
1775858400,2026-04-10 22:00:00,607.51,608.05,605.92,606.69
1775862000,2026-04-10 23:00:00,606.7,606.7,605.29,605.54
1775865600,2026-04-11 00:00:00,605.54,605.76,604.34,604.54
1775869200,2026-04-11 01:00:00,604.53,605.43,603.4,605.08
1775872800,2026-04-11 02:00:00,605.08,606.56,604.45,605.71
1775876400,2026-04-11 03:00:00,605.71,607.73,605.7,606.76
1775880000,2026-04-11 04:00:00,606.77,607.62,605.54,605.91
1775883600,2026-04-11 05:00:00,605.91,606.85,604.82,605.57
1775887200,2026-04-11 06:00:00,605.58,606.05,604.41,605.87
1775890800,2026-04-11 07:00:00,605.87,606.56,605.49,606.09
1775894400,2026-04-11 08:00:00,606.09,607.32,605.07,605.84
1775898000,2026-04-11 09:00:00,605.85,607.25,605.63,606.69
1775901600,2026-04-11 10:00:00,606.69,606.81,605.2,605.51
1775905200,2026-04-11 11:00:00,605.52,605.79,604.31,605.36
1775908800,2026-04-11 12:00:00,605.37,606.92,605.09,606.52
1775912400,2026-04-11 13:00:00,606.52,606.53,603.76,604.73
1775916000,2026-04-11 14:00:00,604.73,605.59,604.17,604.67
1775919600,2026-04-11 15:00:00,604.67,606.67,604.24,605.74
1775923200,2026-04-11 16:00:00,605.74,608.86,605.7,607.46
1775926800,2026-04-11 17:00:00,607.47,608.4,606.43,607.89
1775930400,2026-04-11 18:00:00,607.89,611.7,607.15,611.01
1775934000,2026-04-11 19:00:00,611.01,614.12,611.01,612.92
1775937600,2026-04-11 20:00:00,612.93,613.02,609.14,610.17
1775941200,2026-04-11 21:00:00,610.17,611.24,609.87,610.02
1775944800,2026-04-11 22:00:00,610.01,612.16,609.93,610.99
1775948400,2026-04-11 23:00:00,610.98,610.98,605.94,607.05
1775952000,2026-04-12 00:00:00,607.06,607.31,605.86,606.91
1775955600,2026-04-12 01:00:00,606.92,607.44,590.21,593.61
1775959200,2026-04-12 02:00:00,593.61,597.86,592.1,597.3
1775962800,2026-04-12 03:00:00,597.29,597.84,595.03,595.5
1775966400,2026-04-12 04:00:00,595.5,595.69,594.37,594.78
1775970000,2026-04-12 05:00:00,594.79,596,594.1,595.71
1775973600,2026-04-12 06:00:00,595.71,596,594.04,594.77
1775977200,2026-04-12 07:00:00,594.78,594.78,592.87,594.3
1775980800,2026-04-12 08:00:00,594.3,594.82,593.43,593.63
1775984400,2026-04-12 09:00:00,593.64,594.41,593.09,593.5
1775988000,2026-04-12 10:00:00,593.5,595.59,592.91,593.64
1775991600,2026-04-12 11:00:00,593.64,595.48,593.46,595.42
1775995200,2026-04-12 12:00:00,595.41,595.78,592.51,592.82
1775998800,2026-04-12 13:00:00,592.82,593.01,590.77,591.25
1776002400,2026-04-12 14:00:00,591.24,592.59,589.1,589.87
1776006000,2026-04-12 15:00:00,589.87,592.1,589.87,591.65
1776009600,2026-04-12 16:00:00,591.66,592.43,591,591.92
1776013200,2026-04-12 17:00:00,591.92,593.36,591.37,592.7
1776016800,2026-04-12 18:00:00,592.7,593.02,591.42,592.48
1776020400,2026-04-12 19:00:00,592.49,593.09,592.31,592.36
1776024000,2026-04-12 20:00:00,592.36,596.91,591.76,595.7
1776027600,2026-04-12 21:00:00,595.7,596.85,594.3,595.39
1776031200,2026-04-12 22:00:00,595.38,595.39,591.11,593.92
1776034800,2026-04-12 23:00:00,593.91,593.91,590.95,592.19
1776038400,2026-04-13 00:00:00,592.19,596.35,591.6,596.06
1776042000,2026-04-13 01:00:00,596.07,596.75,594.94,596.46
1776045600,2026-04-13 02:00:00,596.47,597.94,595.58,596.3
1776049200,2026-04-13 03:00:00,596.3,596.63,594.55,594.68
1776052800,2026-04-13 04:00:00,594.68,597.05,594.6,595.47
1776056400,2026-04-13 05:00:00,595.47,597.86,595.22,597.79
1776060000,2026-04-13 06:00:00,597.8,599.67,597.62,598.23
1776063600,2026-04-13 07:00:00,598.22,598.46,596.09,597.26
1776067200,2026-04-13 08:00:00,597.27,597.33,595.19,596.59
1776070800,2026-04-13 09:00:00,596.59,598.12,596.59,597.31
1776074400,2026-04-13 10:00:00,597.32,598.12,596.75,597.42
1776078000,2026-04-13 11:00:00,597.43,598.71,597.13,597.2
1776081600,2026-04-13 12:00:00,597.2,599.21,596.48,598.57
1776085200,2026-04-13 13:00:00,598.56,599.93,595.58,599.78
1776088800,2026-04-13 14:00:00,599.79,603.41,597.83,603.4
1776092400,2026-04-13 15:00:00,603.41,605,600.05,603.4
1776096000,2026-04-13 16:00:00,603.39,607.94,602.15,606.14
1776099600,2026-04-13 17:00:00,606.14,607.86,604.45,604.78
1776103200,2026-04-13 18:00:00,604.78,605.4,603.2,604.84
1776106800,2026-04-13 19:00:00,604.83,609.17,603.88,608.59
1776110400,2026-04-13 20:00:00,608.59,608.98,607.11,607.41
1776114000,2026-04-13 21:00:00,607.42,609.36,607.21,607.97
1776117600,2026-04-13 22:00:00,607.97,616.49,607.89,615.46
1776121200,2026-04-13 23:00:00,615.46,617.97,614.09,614.71
1776124800,2026-04-14 00:00:00,614.71,615.9,612,612.28
1776128400,2026-04-14 01:00:00,612.28,614.19,610.86,613.81
1776132000,2026-04-14 02:00:00,613.81,615.43,612.88,615.2
1776135600,2026-04-14 03:00:00,615.2,616.14,614.51,616.13
1776139200,2026-04-14 04:00:00,616.14,616.15,614.58,614.69
1776142800,2026-04-14 05:00:00,614.69,614.77,611.88,612.81
1776146400,2026-04-14 06:00:00,612.81,615.19,612.81,614.84
1776150000,2026-04-14 07:00:00,614.84,615.63,613.33,613.55
1776153600,2026-04-14 08:00:00,613.54,618.37,613.43,617.5
1776157200,2026-04-14 09:00:00,617.51,619.15,617.25,617.9
1776160800,2026-04-14 10:00:00,617.9,619.4,617.25,617.9
1776164400,2026-04-14 11:00:00,617.89,617.89,615.53,616.41
1776168000,2026-04-14 12:00:00,616.42,616.65,615.18,615.55
1776171600,2026-04-14 13:00:00,615.55,622.53,615.49,622.24
1776175200,2026-04-14 14:00:00,622.24,622.85,618.33,619.11
1776178800,2026-04-14 15:00:00,619.12,625.38,618.41,623.45
1776182400,2026-04-14 16:00:00,623.45,625.12,618.07,618.96
1776186000,2026-04-14 17:00:00,618.96,620.27,615.72,617.04
1776189600,2026-04-14 18:00:00,617.04,618.42,613.11,613.92
1776193200,2026-04-14 19:00:00,613.92,615.3,611.94,613.95
1776196800,2026-04-14 20:00:00,613.95,615,613.13,613.69
1776200400,2026-04-14 21:00:00,613.7,616.2,613.64,615.79
1776204000,2026-04-14 22:00:00,615.79,617.16,613.98,614.14
1776207600,2026-04-14 23:00:00,614.15,614.74,613.38,613.75
1776211200,2026-04-15 00:00:00,613.75,617.06,613.75,616.85
1776214800,2026-04-15 01:00:00,616.85,620,615.96,619.45
1776218400,2026-04-15 02:00:00,619.45,619.8,615.46,616.05
1776222000,2026-04-15 03:00:00,616.05,616.58,615.11,616.14
1776225600,2026-04-15 04:00:00,616.14,617.27,614.27,615.33
1776229200,2026-04-15 05:00:00,615.34,616.39,613.02,613.42
1776232800,2026-04-15 06:00:00,613.43,615.15,612.81,614.09
1776236400,2026-04-15 07:00:00,614.09,614.57,610.71,611.54
1776240000,2026-04-15 08:00:00,611.55,614.82,610.45,614.41
1776243600,2026-04-15 09:00:00,614.42,615.82,613.74,615.55
1776247200,2026-04-15 10:00:00,615.56,618.55,615.49,617.01
1776250800,2026-04-15 11:00:00,617.02,620.66,617.02,619.7
1776254400,2026-04-15 12:00:00,619.71,619.71,617.22,618.06
1776258000,2026-04-15 13:00:00,618.07,619.24,616.58,618.97
1776261600,2026-04-15 14:00:00,618.98,620.42,616.99,618.49
1776265200,2026-04-15 15:00:00,618.49,619.77,616,619.04
1776268800,2026-04-15 16:00:00,619.05,621.42,618.57,620.72
1776272400,2026-04-15 17:00:00,620.72,621.77,619.95,621.44
1776276000,2026-04-15 18:00:00,621.44,622.94,621,622.38
1776279600,2026-04-15 19:00:00,622.39,627.64,622.26,625.38
1776283200,2026-04-15 20:00:00,625.38,625.53,622.13,623.5
1776286800,2026-04-15 21:00:00,623.49,623.8,622.13,623.28
1776290400,2026-04-15 22:00:00,623.28,626.8,622.85,624.28
1776294000,2026-04-15 23:00:00,624.28,624.28,621.42,622.59
1776297600,2026-04-16 00:00:00,622.58,623.25,620.38,623.24
1776301200,2026-04-16 01:00:00,623.23,623.24,620.84,622.37
1776304800,2026-04-16 02:00:00,622.38,626.16,622.15,624.2
1776308400,2026-04-16 03:00:00,624.19,625.69,623.95,624.25
1776312000,2026-04-16 04:00:00,624.25,625.17,622.31,623.36
1776315600,2026-04-16 05:00:00,623.35,625.26,622.57,625.09
1776319200,2026-04-16 06:00:00,625.1,626.08,624.04,624.8
1776322800,2026-04-16 07:00:00,624.8,625.36,621.86,622.69
1776326400,2026-04-16 08:00:00,622.69,623.22,621,622.51
1776330000,2026-04-16 09:00:00,622.51,623.95,621.81,622.75
1776333600,2026-04-16 10:00:00,622.76,623.36,619.16,619.72
1776337200,2026-04-16 11:00:00,619.72,621.16,618.86,620.95
1776340800,2026-04-16 12:00:00,620.95,622.04,620.68,621.58
1776344400,2026-04-16 13:00:00,621.58,623.98,614.89,617.63
1776348000,2026-04-16 14:00:00,617.62,620.6,615.3,619.35
1776351600,2026-04-16 15:00:00,619.35,626.38,618.64,624.89
1776355200,2026-04-16 16:00:00,624.89,627.99,623.94,625.52
1776358800,2026-04-16 17:00:00,625.52,627.63,623.6,627.44
1776362400,2026-04-16 18:00:00,627.44,637.31,626.48,635.85
1776366000,2026-04-16 19:00:00,635.85,637,633.92,636.55
1776369600,2026-04-16 20:00:00,636.55,637.4,633.2,634.6
1776373200,2026-04-16 21:00:00,634.61,635.08,631.71,632.63
1776376800,2026-04-16 22:00:00,632.63,634.36,631.89,633.41
1776380400,2026-04-16 23:00:00,633.42,636.65,633.01,635.77
1776384000,2026-04-17 00:00:00,635.77,636.55,633.03,633.49
1776387600,2026-04-17 01:00:00,633.5,634.41,629.44,631.28
1776391200,2026-04-17 02:00:00,631.28,631.82,628.18,629.66
1776394800,2026-04-17 03:00:00,629.65,631.22,628.99,629.26
1776398400,2026-04-17 04:00:00,629.26,630.22,628.73,629.52
1776402000,2026-04-17 05:00:00,629.53,629.83,627.14,627.87
1776405600,2026-04-17 06:00:00,627.87,629.09,627.59,628.32
1776409200,2026-04-17 07:00:00,628.33,629.72,626.66,627.21
1776412800,2026-04-17 08:00:00,627.21,631.34,626.89,631
1776416400,2026-04-17 09:00:00,631,635,629.57,632.75
1776420000,2026-04-17 10:00:00,632.76,633.39,628.92,630.52
1776423600,2026-04-17 11:00:00,630.52,633.97,630.28,632.5
1776427200,2026-04-17 12:00:00,632.5,636.62,631.76,635.9
1776430800,2026-04-17 13:00:00,635.91,643.4,635.43,643.04
1776434400,2026-04-17 14:00:00,643.05,645.67,640.86,643.86
1776438000,2026-04-17 15:00:00,643.86,643.86,641,643.34
1776441600,2026-04-17 16:00:00,643.33,645.6,643.16,645.6
1776445200,2026-04-17 17:00:00,645.59,645.6,640.03,641.84
1776448800,2026-04-17 18:00:00,641.84,642.16,638.83,639.78
1776452400,2026-04-17 19:00:00,639.78,642.04,638.88,641.36
1776456000,2026-04-17 20:00:00,641.36,642.25,639.26,640.88
1776459600,2026-04-17 21:00:00,640.88,642.62,640.86,642.4
1776463200,2026-04-17 22:00:00,642.39,644.72,641.58,644.04
1776466800,2026-04-17 23:00:00,644.04,644.77,641.76,643.12
1776470400,2026-04-18 00:00:00,643.12,645.5,641.64,644
1776474000,2026-04-18 01:00:00,644,646.88,643.19,644.98
1776477600,2026-04-18 02:00:00,644.99,645.95,643.75,644.16
1776481200,2026-04-18 03:00:00,644.16,644.16,640.06,640.2
1776484800,2026-04-18 04:00:00,640.21,644.99,640.08,644.33
1776488400,2026-04-18 05:00:00,644.33,648.79,644.18,645.08
1776492000,2026-04-18 06:00:00,645.09,645.82,643.21,643.8
1776495600,2026-04-18 07:00:00,643.81,644.53,642.76,643.35
1776499200,2026-04-18 08:00:00,643.35,643.55,634.81,637.1
1776502800,2026-04-18 09:00:00,637.1,637.1,633.58,635.87
1776506400,2026-04-18 10:00:00,635.87,635.93,632,634.01
1776510000,2026-04-18 11:00:00,634.01,634.63,631.52,633.37
1776513600,2026-04-18 12:00:00,633.38,634.73,631.61,634.11
1776517200,2026-04-18 13:00:00,634.1,634.54,631.42,633.57
1776520800,2026-04-18 14:00:00,633.57,634.51,632.22,634.2
1776524400,2026-04-18 15:00:00,634.2,635,632.44,633.37
1776528000,2026-04-18 16:00:00,633.37,634.59,631.21,633.34
1776531600,2026-04-18 17:00:00,633.34,634.12,631.82,633.51
1776535200,2026-04-18 18:00:00,633.51,634.05,629.09,629.56
1776538800,2026-04-18 19:00:00,629.57,631.28,628.03,630.39
1776542400,2026-04-18 20:00:00,630.39,631.55,629.71,630.22
1776546000,2026-04-18 21:00:00,630.23,631.84,629.7,631.79
1776549600,2026-04-18 22:00:00,631.79,631.79,629.69,630.89
1776553200,2026-04-18 23:00:00,630.88,631.66,629.73,629.9
1776556800,2026-04-19 00:00:00,629.9,630.36,628.36,629.31
1776560400,2026-04-19 01:00:00,629.32,630.43,627.47,628.07
1776564000,2026-04-19 02:00:00,628.06,628.07,623.55,625.04
1776567600,2026-04-19 03:00:00,625.03,625.3,621.08,623.26
1776571200,2026-04-19 04:00:00,623.26,624.72,620.48,622.06
1776574800,2026-04-19 05:00:00,622.06,623.49,621.84,622.65
1776578400,2026-04-19 06:00:00,622.65,623.55,619.77,622.81
1776582000,2026-04-19 07:00:00,622.81,622.82,618.1,620.32
1776585600,2026-04-19 08:00:00,620.32,621.47,618,621.23
1776589200,2026-04-19 09:00:00,621.23,621.6,619.08,619.89
1776592800,2026-04-19 10:00:00,619.89,620.86,619.17,620.35
1776596400,2026-04-19 11:00:00,620.35,623.33,620.16,622.4
1776600000,2026-04-19 12:00:00,622.4,623.92,622.06,623.23
1776603600,2026-04-19 13:00:00,623.23,626.23,623.1,625.16
1776607200,2026-04-19 14:00:00,625.15,628.36,623.68,627.06
1776610800,2026-04-19 15:00:00,627.07,627.56,623.33,626.07
1776614400,2026-04-19 16:00:00,626.07,626.64,622.96,623.53
1776618000,2026-04-19 17:00:00,623.53,625.05,620.31,620.42
1776621600,2026-04-19 18:00:00,620.43,622.2,619.39,622.09
1776625200,2026-04-19 19:00:00,622.09,623.51,622.09,622.93
1776628800,2026-04-19 20:00:00,622.93,622.93,620,621.02
1776632400,2026-04-19 21:00:00,621.03,623.36,620.12,620.46
1776636000,2026-04-19 22:00:00,620.45,620.45,615,617.01
1776639600,2026-04-19 23:00:00,617.01,617.79,615.1,616.06
1776643200,2026-04-20 00:00:00,616.07,621.1,615.97,619.84
1776646800,2026-04-20 01:00:00,619.85,622.8,619.66,621.93
1776650400,2026-04-20 02:00:00,621.92,622,620.07,621.24
1776654000,2026-04-20 03:00:00,621.24,622.04,621,621.69
1776657600,2026-04-20 04:00:00,621.7,621.7,620.31,621.02
1776661200,2026-04-20 05:00:00,621.01,621.01,617,618.74
1776664800,2026-04-20 06:00:00,618.75,624.38,618.51,624.24
1776668400,2026-04-20 07:00:00,624.23,629.48,623.21,624.69
1776672000,2026-04-20 08:00:00,624.69,625.56,622.71,623.82
1776675600,2026-04-20 09:00:00,623.81,627.03,623.47,626.71
1776679200,2026-04-20 10:00:00,626.72,628.14,626.01,626.05
1776682800,2026-04-20 11:00:00,626.04,626.8,625.15,625.5
1776686400,2026-04-20 12:00:00,625.49,627.94,624.3,625.05
1776690000,2026-04-20 13:00:00,625.05,626.6,623.4,625.82
1776693600,2026-04-20 14:00:00,625.82,628.06,622.81,623.58
1776697200,2026-04-20 15:00:00,623.59,628.36,620.87,628.31
1776700800,2026-04-20 16:00:00,628.31,629.42,626.89,627.11
1776704400,2026-04-20 17:00:00,627.12,630,626.71,629.48
1776708000,2026-04-20 18:00:00,629.48,631.8,629.28,630.97
1776711600,2026-04-20 19:00:00,630.97,631.7,630,630.56
1776715200,2026-04-20 20:00:00,630.57,631.9,629.56,631.01
1776718800,2026-04-20 21:00:00,631.01,632.08,629.17,630.42
1776722400,2026-04-20 22:00:00,630.42,631.5,628.75,628.94
1776726000,2026-04-20 23:00:00,628.93,629.4,628,629.26
1776729600,2026-04-21 00:00:00,629.26,631.99,629.26,631.52
1776733200,2026-04-21 01:00:00,631.52,632.46,630.12,630.47
1776736800,2026-04-21 02:00:00,630.47,630.69,628.42,628.64
1776740400,2026-04-21 03:00:00,628.63,630.19,628.1,629.87
1776744000,2026-04-21 04:00:00,629.87,630.76,628.81,630.61
1776747600,2026-04-21 05:00:00,630.61,632.06,630.55,630.91
1776751200,2026-04-21 06:00:00,630.9,633.08,630.04,632.46
1776754800,2026-04-21 07:00:00,632.46,633.93,631.78,632.88
1776758400,2026-04-21 08:00:00,632.89,637.51,632.2,635.2
1776762000,2026-04-21 09:00:00,635.21,636.88,634.69,636.75
1776765600,2026-04-21 10:00:00,636.76,640.7,636.76,638.55
1776769200,2026-04-21 11:00:00,638.56,638.63,633.44,634.14
1776772800,2026-04-21 12:00:00,634.14,634.87,629.9,631.96
1776776400,2026-04-21 13:00:00,631.96,633.14,630.69,632.27
1776780000,2026-04-21 14:00:00,632.28,635.17,630.12,630.39
1776783600,2026-04-21 15:00:00,630.39,632.83,629.37,631.81
1776787200,2026-04-21 16:00:00,631.82,633.66,631.24,631.88
1776790800,2026-04-21 17:00:00,631.88,632.15,627.04,629.74
1776794400,2026-04-21 18:00:00,629.74,630.49,628.31,630.3
1776798000,2026-04-21 19:00:00,630.31,631.58,625,626.6
1776801600,2026-04-21 20:00:00,626.59,630.7,625.56,629.8
1776805200,2026-04-21 21:00:00,629.81,630.11,628.68,629.19
1776808800,2026-04-21 22:00:00,629.19,629.71,627.71,628.9
1776812400,2026-04-21 23:00:00,628.89,632.45,628.8,631.72
1776816000,2026-04-22 00:00:00,631.73,633.34,631.73,632.84
1776819600,2026-04-22 01:00:00,632.85,633.1,631.19,632.68
1776823200,2026-04-22 02:00:00,632.68,640.82,632.44,640.08
1776826800,2026-04-22 03:00:00,640.08,641.4,639.12,639.57
1776830400,2026-04-22 04:00:00,639.57,640.58,638.66,639.74
1776834000,2026-04-22 05:00:00,639.75,644.95,639.65,642.84
1776837600,2026-04-22 06:00:00,642.83,643.2,641.46,642.3
1776841200,2026-04-22 07:00:00,642.3,642.82,641.26,641.99
1776844800,2026-04-22 08:00:00,642,642.96,641,642.17
1776848400,2026-04-22 09:00:00,642.17,643.81,641.75,642.13
1776852000,2026-04-22 10:00:00,642.13,643.17,641,642.07
1776855600,2026-04-22 11:00:00,642.07,642.97,641.13,642.77
1776859200,2026-04-22 12:00:00,642.78,643.93,642.14,643.45
1776862800,2026-04-22 13:00:00,643.45,654.19,643.11,650.59
1776866400,2026-04-22 14:00:00,650.6,653.4,647.7,650.26
1776870000,2026-04-22 15:00:00,650.27,650.45,648.29,649.1
1776873600,2026-04-22 16:00:00,649.1,650.96,642.89,644.4
1776877200,2026-04-22 17:00:00,644.4,645.78,643.72,644.68
1776880800,2026-04-22 18:00:00,644.69,646.85,644.68,645.08
1776884400,2026-04-22 19:00:00,645.08,646.49,643.93,644.1
1776888000,2026-04-22 20:00:00,644.1,644.18,640.46,641.06
1776891600,2026-04-22 21:00:00,641.07,643.41,640.23,641.47
1776895200,2026-04-22 22:00:00,641.47,642.43,639.42,640
1776898800,2026-04-22 23:00:00,639.99,640.57,637.33,637.47
1776902400,2026-04-23 00:00:00,637.47,639.5,633.95,638.57
1776906000,2026-04-23 01:00:00,638.58,639.11,636.82,637.76
1776909600,2026-04-23 02:00:00,637.76,638.16,633.79,634.87
1776913200,2026-04-23 03:00:00,634.86,635.88,633.23,635.6
1776916800,2026-04-23 04:00:00,635.61,636.38,635.01,636.18
1776920400,2026-04-23 05:00:00,636.17,637.19,635.47,636.96
1776924000,2026-04-23 06:00:00,636.96,638.43,636.58,636.94
1776927600,2026-04-23 07:00:00,636.95,637.2,635.3,635.7
1776931200,2026-04-23 08:00:00,635.7,636.29,634.17,635.37
1776934800,2026-04-23 09:00:00,635.38,635.45,632.12,632.85
1776938400,2026-04-23 10:00:00,632.86,633.33,631,631.62
1776942000,2026-04-23 11:00:00,631.63,634.14,631.24,633.56
1776945600,2026-04-23 12:00:00,633.56,634.98,632,634.7
1776949200,2026-04-23 13:00:00,634.69,635.99,634.33,635.99
1776952800,2026-04-23 14:00:00,636,637.33,635.33,637.01
1776956400,2026-04-23 15:00:00,637.01,640,635.85,639.74
1776960000,2026-04-23 16:00:00,639.74,640.38,638.41,638.54
1776963600,2026-04-23 17:00:00,638.54,638.92,631.14,633.88
1776967200,2026-04-23 18:00:00,633.89,636.66,633.62,634.11
1776970800,2026-04-23 19:00:00,634.11,636.55,633.65,635.91
1776974400,2026-04-23 20:00:00,635.9,638.55,635.6,637.8
1776978000,2026-04-23 21:00:00,637.8,638.96,636.86,637.81
1776981600,2026-04-23 22:00:00,637.81,639.79,637.8,638.57
1776985200,2026-04-23 23:00:00,638.56,638.86,637.56,638.54
1776988800,2026-04-24 00:00:00,638.55,640.42,638.08,639.92
1776992400,2026-04-24 01:00:00,639.93,639.93,637.43,639.6
1776996000,2026-04-24 02:00:00,639.6,639.76,636.6,636.77
1776999600,2026-04-24 03:00:00,636.77,636.82,633.6,634.61
1777003200,2026-04-24 04:00:00,634.61,634.61,632.45,633.87
1777006800,2026-04-24 05:00:00,633.87,634.66,632.04,634.11
1777010400,2026-04-24 06:00:00,634.11,635.36,633.38,634.56
1777014000,2026-04-24 07:00:00,634.57,637.17,634.33,635
1777017600,2026-04-24 08:00:00,634.99,637.87,634.54,637.04
1777021200,2026-04-24 09:00:00,637.04,637.19,633.33,633.97
1777024800,2026-04-24 10:00:00,633.97,635.55,633.6,634.88
1777028400,2026-04-24 11:00:00,634.89,638.75,634.89,638.1
1777032000,2026-04-24 12:00:00,638.1,638.82,636.48,638.56
1777035600,2026-04-24 13:00:00,638.57,640.49,637.42,638.45
1777039200,2026-04-24 14:00:00,638.44,639.11,636.05,638.23
1777042800,2026-04-24 15:00:00,638.23,639.78,635.95,639.6
1777046400,2026-04-24 16:00:00,639.6,639.97,636.75,637.9
1777050000,2026-04-24 17:00:00,637.91,638.49,636.54,637.76
1777053600,2026-04-24 18:00:00,637.77,637.86,635.34,637.48
1777057200,2026-04-24 19:00:00,637.48,638.9,636.76,638.24
1777060800,2026-04-24 20:00:00,638.24,638.3,636.46,637.99
1777064400,2026-04-24 21:00:00,638,638.37,636.89,637.47
1777068000,2026-04-24 22:00:00,637.47,637.71,635.43,636.11
1777071600,2026-04-24 23:00:00,636.12,636.68,635.94,636.21
1777075200,2026-04-25 00:00:00,636.21,636.66,635.49,635.97
1777078800,2026-04-25 01:00:00,635.97,637.34,635.75,637.04
1777082400,2026-04-25 02:00:00,637.04,637.69,636.56,637.68
1777086000,2026-04-25 03:00:00,637.69,637.69,636.91,637.45
1777089600,2026-04-25 04:00:00,637.45,637.89,636.92,637.73
1777093200,2026-04-25 05:00:00,637.72,637.72,636.41,636.7
1777096800,2026-04-25 06:00:00,636.7,638.08,636.29,637.45
1777100400,2026-04-25 07:00:00,637.46,637.61,636.7,636.7
1777104000,2026-04-25 08:00:00,636.71,638.5,636.47,638.07
1777107600,2026-04-25 09:00:00,638.08,638.34,637.16,637.65
1777111200,2026-04-25 10:00:00,637.64,638.3,637.46,637.99
1777114800,2026-04-25 11:00:00,637.99,637.99,634.2,634.66
1777118400,2026-04-25 12:00:00,634.66,635.15,632.85,632.93
1777122000,2026-04-25 13:00:00,632.94,633.9,632.73,632.74
1777125600,2026-04-25 14:00:00,632.74,632.9,630.92,630.92
1777129200,2026-04-25 15:00:00,630.92,631.67,629.11,629.91
1777132800,2026-04-25 16:00:00,629.9,630.41,627.36,629.52
1777136400,2026-04-25 17:00:00,629.52,629.99,627.32,627.41
1777140000,2026-04-25 18:00:00,627.41,629.13,627.15,628.71
1777143600,2026-04-25 19:00:00,628.71,629.4,628.17,628.66
1777147200,2026-04-25 20:00:00,628.67,629.41,628.34,629.33
1777150800,2026-04-25 21:00:00,629.32,629.75,628.92,629.4
1777154400,2026-04-25 22:00:00,629.41,630.43,629.01,629.57
1777158000,2026-04-25 23:00:00,629.57,629.67,628.4,628.53
1777161600,2026-04-26 00:00:00,628.52,629.34,627.5,628.81
1777165200,2026-04-26 01:00:00,628.82,630.35,628.24,629.77
1777168800,2026-04-26 02:00:00,629.77,630.11,629.18,629.94
1777172400,2026-04-26 03:00:00,629.95,629.99,627,628.63
1777176000,2026-04-26 04:00:00,628.63,630.72,628.27,630.09
1777179600,2026-04-26 05:00:00,630.09,632.79,630.01,631.62
1777183200,2026-04-26 06:00:00,631.62,632.46,630.76,631.04
1777186800,2026-04-26 07:00:00,631.05,632.61,630.96,632.52
1777190400,2026-04-26 08:00:00,632.52,632.75,629.9,630.6
1777194000,2026-04-26 09:00:00,630.61,632.31,630,631.7
1777197600,2026-04-26 10:00:00,631.7,631.84,631.19,631.44
1777201200,2026-04-26 11:00:00,631.44,632.7,631.44,632.54
1777204800,2026-04-26 12:00:00,632.55,632.55,630.6,630.97
1777208400,2026-04-26 13:00:00,630.98,631.86,630.64,631.37
1777212000,2026-04-26 14:00:00,631.38,633.03,630.88,632.14
1777215600,2026-04-26 15:00:00,632.14,632.88,631.62,632.29
1777219200,2026-04-26 16:00:00,632.29,632.54,631.08,631.15
1777222800,2026-04-26 17:00:00,631.14,632,630.59,631.99
1777226400,2026-04-26 18:00:00,631.99,634.4,631.72,633.87
1777230000,2026-04-26 19:00:00,633.86,636.74,633.5,635.89
1777233600,2026-04-26 20:00:00,635.9,636.28,634.54,634.62
1777237200,2026-04-26 21:00:00,634.62,636.84,633,635.7
1777240800,2026-04-26 22:00:00,635.7,638.06,633.69,635.02
1777244400,2026-04-26 23:00:00,635.03,636.79,633.84,635.76
1777248000,2026-04-27 00:00:00,635.77,638.39,633.74,638.29
1777251600,2026-04-27 01:00:00,638.3,639.81,635.73,638.49
1777255200,2026-04-27 02:00:00,638.49,639.65,637.21,638.47
1777258800,2026-04-27 03:00:00,638.48,639.78,638.18,638.27
1777262400,2026-04-27 04:00:00,638.27,638.64,636.4,636.87
1777266000,2026-04-27 05:00:00,636.88,637.11,627.88,629.2
1777269600,2026-04-27 06:00:00,629.2,629.67,625.15,627.31
1777273200,2026-04-27 07:00:00,627.32,627.59,625.5,625.87
1777276800,2026-04-27 08:00:00,625.87,628.27,625.4,628.04
1777280400,2026-04-27 09:00:00,628.04,628.94,627.3,628.49
1777284000,2026-04-27 10:00:00,628.49,628.62,627.62,627.8
1777287600,2026-04-27 11:00:00,627.8,627.92,626.57,627.4
1777291200,2026-04-27 12:00:00,627.39,627.39,625.2,625.79
1777294800,2026-04-27 13:00:00,625.79,627.02,624.17,625.49
1777298400,2026-04-27 14:00:00,625.49,628.56,625,626.29
1777302000,2026-04-27 15:00:00,626.3,626.45,618.38,620.94
1777305600,2026-04-27 16:00:00,620.93,622.3,620.5,621.5
1777309200,2026-04-27 17:00:00,621.5,624.02,621.49,623.06
1777312800,2026-04-27 18:00:00,623.05,623.8,622.25,623.49
1777316400,2026-04-27 19:00:00,623.49,623.58,621.01,623.53
1777320000,2026-04-27 20:00:00,623.53,624.36,623.52,623.95
1777323600,2026-04-27 21:00:00,623.96,624.68,623.33,623.34
1777327200,2026-04-27 22:00:00,623.34,625.12,623.13,624.78
1777330800,2026-04-27 23:00:00,624.78,627.31,624.3,626.83
1777334400,2026-04-28 00:00:00,626.83,627.58,626.01,627.08
1777338000,2026-04-28 01:00:00,627.07,627.1,625.5,625.82
1777341600,2026-04-28 02:00:00,625.83,626.64,623.28,624.43
1777345200,2026-04-28 03:00:00,624.42,624.66,623.44,624.52
1777348800,2026-04-28 04:00:00,624.52,625.99,623.87,625.51
1777352400,2026-04-28 05:00:00,625.51,626.62,624.43,624.75
1777356000,2026-04-28 06:00:00,624.75,625.96,623.09,623.16
1777359600,2026-04-28 07:00:00,623.16,624.5,621.86,624.26
1777363200,2026-04-28 08:00:00,624.26,625.47,623.76,624.54
1777366800,2026-04-28 09:00:00,624.55,624.91,622.4,622.97
1777370400,2026-04-28 10:00:00,622.97,623.83,622.41,622.71
1777374000,2026-04-28 11:00:00,622.7,622.96,621.21,621.85
1777377600,2026-04-28 12:00:00,621.86,623.54,621.13,623.26
1777381200,2026-04-28 13:00:00,623.26,623.63,620.54,622.22
1777384800,2026-04-28 14:00:00,622.22,622.29,619,622.29
1777388400,2026-04-28 15:00:00,622.3,623,621.81,622.82
1777392000,2026-04-28 16:00:00,622.82,623.59,621.82,623.48
1777395600,2026-04-28 17:00:00,623.48,624,622.43,623.52
1777399200,2026-04-28 18:00:00,623.52,624.01,623.05,623.73
1777402800,2026-04-28 19:00:00,623.73,624.3,622.97,624.17
1777406400,2026-04-28 20:00:00,624.17,624.46,623.74,624.28
1777410000,2026-04-28 21:00:00,624.29,624.66,623,623.61
1777413600,2026-04-28 22:00:00,623.61,624.38,622.87,623.24
1777417200,2026-04-28 23:00:00,623.24,624.64,622.95,624.55
1777420800,2026-04-29 00:00:00,624.56,624.91,623.57,624.6
1777424400,2026-04-29 01:00:00,624.61,625.33,622.56,624.72
1777428000,2026-04-29 02:00:00,624.73,625.3,623.61,624.18
1777431600,2026-04-29 03:00:00,624.19,626.73,624.11,626.05
1777435200,2026-04-29 04:00:00,626.05,628.5,625,627.86
1777438800,2026-04-29 05:00:00,627.86,628.23,627.05,627.35
1777442400,2026-04-29 06:00:00,627.35,627.61,625.49,626.06
1777446000,2026-04-29 07:00:00,626.06,626.73,625,625.13
1777449600,2026-04-29 08:00:00,625.13,625.86,624.54,625.62
1777453200,2026-04-29 09:00:00,625.62,629.45,625.25,629.05
1777456800,2026-04-29 10:00:00,629.06,629.61,627.46,627.85
1777460400,2026-04-29 11:00:00,627.85,628,625.92,626.02
1777464000,2026-04-29 12:00:00,626.01,626.06,622.19,623.88
1777467600,2026-04-29 13:00:00,623.88,624.2,620.02,622.17
1777471200,2026-04-29 14:00:00,622.16,622.86,620.63,621.13
1777474800,2026-04-29 15:00:00,621.14,621.33,615.48,616.51
1777478400,2026-04-29 16:00:00,616.52,618.01,616.21,617.73
1777482000,2026-04-29 17:00:00,617.73,620.01,617.73,619.92
1777485600,2026-04-29 18:00:00,619.92,620.28,610.26,613.76
1777489200,2026-04-29 19:00:00,613.76,614.46,612.37,613.31
1777492800,2026-04-29 20:00:00,613.32,616.15,613.02,615.39
1777496400,2026-04-29 21:00:00,615.38,618.58,615.03,617.19
1777500000,2026-04-29 22:00:00,617.18,618.14,616.56,618.03
1777503600,2026-04-29 23:00:00,618.03,618.24,616.72,617.39
1777507200,2026-04-30 00:00:00,617.39,620.41,616.33,620.28
1777510800,2026-04-30 01:00:00,620.27,620.53,619.22,619.23
1777514400,2026-04-30 02:00:00,619.23,620.18,616.03,617.43
1777518000,2026-04-30 03:00:00,617.42,618.48,616.99,617.88
1777521600,2026-04-30 04:00:00,617.88,618,614.53,614.66
1777525200,2026-04-30 05:00:00,614.66,616.51,613.47,616.35
1777528800,2026-04-30 06:00:00,616.34,616.8,615.52,615.64
1777532400,2026-04-30 07:00:00,615.65,618.26,615.52,617.5
1777536000,2026-04-30 08:00:00,617.5,618.29,616.6,616.61
1777539600,2026-04-30 09:00:00,616.61,618.75,616.57,616.9
1777543200,2026-04-30 10:00:00,616.9,617.28,615.62,615.84
1777546800,2026-04-30 11:00:00,615.85,617.33,614.38,615.63
1777550400,2026-04-30 12:00:00,615.64,616.8,615,615.28
1777554000,2026-04-30 13:00:00,615.29,616.7,614.14,615.6
1777557600,2026-04-30 14:00:00,615.61,616.51,613.58,616.43
1777561200,2026-04-30 15:00:00,616.42,618.13,615.76,617.1
1777564800,2026-04-30 16:00:00,617.09,617.15,616,616.33
1777568400,2026-04-30 17:00:00,616.33,617.36,615.75,617.11
1777572000,2026-04-30 18:00:00,617.11,618.69,617.1,617.56
1777575600,2026-04-30 19:00:00,617.57,618.84,617.23,618.45
1777579200,2026-04-30 20:00:00,618.44,618.61,617.73,617.74
1777582800,2026-04-30 21:00:00,617.73,617.79,616,616.01
1777586400,2026-04-30 22:00:00,616.01,616.41,614.91,615.08
1777590000,2026-04-30 23:00:00,615.08,615.63,614.79,615.38
1777593600,2026-05-01 00:00:00,615.38,616.8,615.28,615.57
1777597200,2026-05-01 01:00:00,615.57,617.54,615.5,617.51
1777600800,2026-05-01 02:00:00,617.51,617.54,616.5,617.18
1777604400,2026-05-01 03:00:00,617.18,621.29,616.9,618.5
1777608000,2026-05-01 04:00:00,618.5,619.08,616.99,617.1
1777611600,2026-05-01 05:00:00,617.11,618.29,616.99,617.9
1777615200,2026-05-01 06:00:00,617.9,618.37,616.03,616.66
1777618800,2026-05-01 07:00:00,616.67,617.61,616.13,617.42
1777622400,2026-05-01 08:00:00,617.42,619.56,617.13,618.67
1777626000,2026-05-01 09:00:00,618.66,618.7,616.44,616.87
1777629600,2026-05-01 10:00:00,616.87,617.41,615.94,617.4
1777633200,2026-05-01 11:00:00,617.41,619,617.41,618.92
1777636800,2026-05-01 12:00:00,618.92,620.84,618.44,619.14
1777640400,2026-05-01 13:00:00,619.14,622.84,619.14,622.48
1777644000,2026-05-01 14:00:00,622.47,622.82,619.56,620.7
1777647600,2026-05-01 15:00:00,620.71,622.62,619.74,620.83
1777651200,2026-05-01 16:00:00,620.83,621.79,619.35,619.55
1777654800,2026-05-01 17:00:00,619.55,620.5,618.98,620.36
1777658400,2026-05-01 18:00:00,620.36,620.78,619,619.26
1777662000,2026-05-01 19:00:00,619.26,620.38,618.9,619.24
1777665600,2026-05-01 20:00:00,619.24,619.37,616.4,616.94
1777669200,2026-05-01 21:00:00,616.94,617.69,616.73,617.32
1777672800,2026-05-01 22:00:00,617.33,617.88,614.94,615.13
1777676400,2026-05-01 23:00:00,615.12,615.66,613.79,615.34
1777680000,2026-05-02 00:00:00,615.34,616.13,614.78,615.86
1777683600,2026-05-02 01:00:00,615.86,616.58,615.59,615.81
1777687200,2026-05-02 02:00:00,615.82,617.26,615.61,616.11
1777690800,2026-05-02 03:00:00,616.11,616.87,615.4,616.19
1777694400,2026-05-02 04:00:00,616.19,616.22,614.48,615.01
1777698000,2026-05-02 05:00:00,615.01,615.67,614.15,615.21
1777701600,2026-05-02 06:00:00,615.21,616.3,614.86,616.21
1777705200,2026-05-02 07:00:00,616.21,616.4,615.25,615.91
1777708800,2026-05-02 08:00:00,615.9,616.2,615.24,615.73
1777712400,2026-05-02 09:00:00,615.74,615.93,615.22,615.64
1777716000,2026-05-02 10:00:00,615.63,615.86,615.16,615.76
1777719600,2026-05-02 11:00:00,615.76,615.76,614.71,615.66
1777723200,2026-05-02 12:00:00,615.67,616.45,615.38,615.89
1777726800,2026-05-02 13:00:00,615.89,617.19,615.89,617.18
1777730400,2026-05-02 14:00:00,617.18,617.62,616.65,616.77
1777734000,2026-05-02 15:00:00,616.77,618.27,616.69,618.22
1777737600,2026-05-02 16:00:00,618.22,619.38,617.73,618.63
1777741200,2026-05-02 17:00:00,618.63,618.89,618.02,618.33
1777744800,2026-05-02 18:00:00,618.32,619.21,617.71,618.63
1777748400,2026-05-02 19:00:00,618.63,618.97,618.23,618.83
1777752000,2026-05-02 20:00:00,618.84,618.85,618.26,618.56
1777755600,2026-05-02 21:00:00,618.57,621.81,618.56,619.57
1777759200,2026-05-02 22:00:00,619.57,619.88,618.34,619.72
1777762800,2026-05-02 23:00:00,619.71,619.71,617.77,618.03
1777766400,2026-05-03 00:00:00,618.03,618.49,617,617.7
1777770000,2026-05-03 01:00:00,617.7,617.77,615.55,616.02
1777773600,2026-05-03 02:00:00,616.02,616.23,615.09,615.67
1777777200,2026-05-03 03:00:00,615.67,616.56,615.35,616.22
1777780800,2026-05-03 04:00:00,616.22,616.29,615.42,615.58
1777784400,2026-05-03 05:00:00,615.58,617.6,615.57,617.09
1777788000,2026-05-03 06:00:00,617.09,617.22,615.31,616.88
1777791600,2026-05-03 07:00:00,616.88,618.35,616.49,616.96
1777795200,2026-05-03 08:00:00,616.97,617.84,616.68,617.57
1777798800,2026-05-03 09:00:00,617.58,619.4,617.55,618.64
1777802400,2026-05-03 10:00:00,618.65,618.72,617.64,617.64
1777806000,2026-05-03 11:00:00,617.64,619.54,617.14,618.81
1777809600,2026-05-03 12:00:00,618.81,619.8,618.81,619.05
1777813200,2026-05-03 13:00:00,619.06,619.25,618.14,619
1777816800,2026-05-03 14:00:00,619,620.21,618.9,620
1777820400,2026-05-03 15:00:00,619.99,620.57,619.59,619.87
1777824000,2026-05-03 16:00:00,619.87,620.34,618.78,619.88
1777827600,2026-05-03 17:00:00,619.88,620.78,618.95,619.78
1777831200,2026-05-03 18:00:00,619.78,619.96,619.1,619.49
1777834800,2026-05-03 19:00:00,619.5,619.96,618.91,619.26
1777838400,2026-05-03 20:00:00,619.26,620.93,618.8,619.58
1777842000,2026-05-03 21:00:00,619.59,619.95,617.9,618.88
1777845600,2026-05-03 22:00:00,618.88,622,618.88,620.82
1777849200,2026-05-03 23:00:00,620.83,622.27,617,617.27
1777852800,2026-05-04 00:00:00,617.28,617.54,615.61,617.18
1777856400,2026-05-04 01:00:00,617.18,623.2,616.33,622.21
1777860000,2026-05-04 02:00:00,622.22,626.66,621.81,624.76
1777863600,2026-05-04 03:00:00,624.76,626.58,623.88,626.57
1777867200,2026-05-04 04:00:00,626.58,639,626.58,632.65
1777870800,2026-05-04 05:00:00,632.65,634.63,631.84,633.26
1777874400,2026-05-04 06:00:00,633.26,634.13,626.88,628.45
1777878000,2026-05-04 07:00:00,628.46,629.58,627.68,628.4
1777881600,2026-05-04 08:00:00,628.4,628.99,627.51,628.08
1777885200,2026-05-04 09:00:00,628.09,631.01,627.73,630.55
1777888800,2026-05-04 10:00:00,630.55,630.6,620,623.72
1777892400,2026-05-04 11:00:00,623.71,624.57,622.36,622.9
1777896000,2026-05-04 12:00:00,622.91,623.48,622.02,622.26
1777899600,2026-05-04 13:00:00,622.27,624.5,621.19,623.36
1777903200,2026-05-04 14:00:00,623.36,628.44,621.45,627.19
1777906800,2026-05-04 15:00:00,627.19,628.43,623.48,625.47
1777910400,2026-05-04 16:00:00,625.47,626.84,623.5,625.84
1777914000,2026-05-04 17:00:00,625.84,628.8,625.71,627.74
1777917600,2026-05-04 18:00:00,627.75,628,625.44,625.8
1777921200,2026-05-04 19:00:00,625.8,625.86,624.72,624.93
1777924800,2026-05-04 20:00:00,624.93,625.63,622.71,623.14
1777928400,2026-05-04 21:00:00,623.15,625.41,623.14,625.03
1777932000,2026-05-04 22:00:00,625.02,625.91,624.14,624.3
1777935600,2026-05-04 23:00:00,624.31,624.31,622.6,622.63
1777939200,2026-05-05 00:00:00,622.64,624.97,622.58,624.8
1777942800,2026-05-05 01:00:00,624.8,625.68,624.14,624.65
1777946400,2026-05-05 02:00:00,624.64,626.86,624.35,625.2
1777950000,2026-05-05 03:00:00,625.21,628.86,624.8,627.81
1777953600,2026-05-05 04:00:00,627.8,627.96,625.89,626.19
1777957200,2026-05-05 05:00:00,626.19,628.6,625.73,628.21
1777960800,2026-05-05 06:00:00,628.2,628.34,626.17,627.04
1777964400,2026-05-05 07:00:00,627.04,628.81,626.78,627.54
1777968000,2026-05-05 08:00:00,627.54,628.9,627.15,627.32
1777971600,2026-05-05 09:00:00,627.32,627.47,625.94,626.99
1777975200,2026-05-05 10:00:00,626.99,628.63,626.58,628.33
1777978800,2026-05-05 11:00:00,628.32,628.94,627.93,628.59
1777982400,2026-05-05 12:00:00,628.6,630.43,628.05,629.92
1777986000,2026-05-05 13:00:00,629.92,634,629.91,631.04
1777989600,2026-05-05 14:00:00,631.05,631.46,628.51,630.65
1777993200,2026-05-05 15:00:00,630.65,632.34,630.23,631.01
1777996800,2026-05-05 16:00:00,631.01,631.95,628.79,629.29
1778000400,2026-05-05 17:00:00,629.3,629.42,627.81,628.97
1778004000,2026-05-05 18:00:00,628.98,630.44,628.97,630.33
1778007600,2026-05-05 19:00:00,630.33,632.38,630.18,631.72
1778011200,2026-05-05 20:00:00,631.73,634.5,631.59,633.24
1778014800,2026-05-05 21:00:00,633.24,635,631.7,633.28
1778018400,2026-05-05 22:00:00,633.3,634.67,630.18,631.89
1778022000,2026-05-05 23:00:00,631.88,632.31,629.71,630.42
1778025600,2026-05-06 00:00:00,630.41,631.69,628.97,630.94
1778029200,2026-05-06 01:00:00,630.93,634.46,630.53,634.35
1778032800,2026-05-06 02:00:00,634.36,635,632.65,634.16
1778036400,2026-05-06 03:00:00,634.16,636.01,631.16,635.17
1778040000,2026-05-06 04:00:00,635.18,636.19,633.51,634.65
1778043600,2026-05-06 05:00:00,634.65,634.94,632.85,634.85
1778047200,2026-05-06 06:00:00,634.86,636.17,634.5,635.87
1778050800,2026-05-06 07:00:00,635.88,640.43,635.69,637.99
1778054400,2026-05-06 08:00:00,637.98,646.59,637.95,646.18
1778058000,2026-05-06 09:00:00,646.18,647.7,643.44,646.96
1778061600,2026-05-06 10:00:00,646.97,648.33,644.97,645.51
1778065200,2026-05-06 11:00:00,645.51,652.66,645.39,652.56
1778068800,2026-05-06 12:00:00,652.56,664.26,651.12,657.08
1778072400,2026-05-06 13:00:00,657.08,657.09,645.86,647.41
1778076000,2026-05-06 14:00:00,647.41,650.3,643.58,647.33
1778079600,2026-05-06 15:00:00,647.34,649.54,646.71,648.51
1778083200,2026-05-06 16:00:00,648.51,650.73,646.29,649.5
1778086800,2026-05-06 17:00:00,649.5,650.41,647.8,648.59
1778090400,2026-05-06 18:00:00,648.6,650.49,647.32,649.77
1778094000,2026-05-06 19:00:00,649.77,650.93,648.78,650.45
1778097600,2026-05-06 20:00:00,650.44,651.49,647.66,648.87
1778101200,2026-05-06 21:00:00,648.87,650.51,647.38,649.78
1778104800,2026-05-06 22:00:00,649.79,650.16,646.61,646.86
1778108400,2026-05-06 23:00:00,646.86,647.76,644.46,647.74
1778112000,2026-05-07 00:00:00,647.74,649.81,644.7,644.88
1778115600,2026-05-07 01:00:00,644.88,645.46,641.94,645.11
1778119200,2026-05-07 02:00:00,645.12,645.33,642.01,643.93
1778122800,2026-05-07 03:00:00,643.94,644.51,641.64,642.53
1778126400,2026-05-07 04:00:00,642.54,644.18,642.1,644.18
1778130000,2026-05-07 05:00:00,644.18,647.08,644.13,647.08
1778133600,2026-05-07 06:00:00,647.08,648.18,644.91,648.18
1778137200,2026-05-07 07:00:00,648.18,653.49,647.62,651.91
1778140800,2026-05-07 08:00:00,651.92,653.1,649.15,651.04
1778144400,2026-05-07 09:00:00,651.05,651.07,647.48,648.91
1778148000,2026-05-07 10:00:00,648.91,649.65,646.15,647.66
1778151600,2026-05-07 11:00:00,647.66,649.23,646.51,648.01
1778155200,2026-05-07 12:00:00,648.01,651,647.28,650.8
1778158800,2026-05-07 13:00:00,650.8,650.8,645.36,646.82
1778162400,2026-05-07 14:00:00,646.83,647.08,640.6,642.37
1778166000,2026-05-07 15:00:00,642.37,644.02,639.41,642.45
1778169600,2026-05-07 16:00:00,642.46,643.59,639.33,641.45
1778173200,2026-05-07 17:00:00,641.45,643.65,639.75,643.63
1778176800,2026-05-07 18:00:00,643.63,644.7,642.2,643.35
1778180400,2026-05-07 19:00:00,643.35,644.19,641.92,643.71
1778184000,2026-05-07 20:00:00,643.71,645.65,643.36,643.4
1778187600,2026-05-07 21:00:00,643.41,643.92,641.22,642.48
1778191200,2026-05-07 22:00:00,642.47,642.47,633.68,635.57
1778194800,2026-05-07 23:00:00,635.57,637.5,634.35,637.02
1778198400,2026-05-08 00:00:00,637.02,639.12,636.67,637.85
1778202000,2026-05-08 01:00:00,637.85,638.53,636,638.1
1778205600,2026-05-08 02:00:00,638.1,639.87,635.46,638.69
1778209200,2026-05-08 03:00:00,638.69,640.54,636.81,639.44
1778212800,2026-05-08 04:00:00,639.44,641,638.19,639.82
1778216400,2026-05-08 05:00:00,639.83,640.13,638,638
1778220000,2026-05-08 06:00:00,638.01,638.38,634.76,636.64
1778223600,2026-05-08 07:00:00,636.64,637.07,634.91,636.91
1778227200,2026-05-08 08:00:00,636.91,638.22,635.89,638.22
1778230800,2026-05-08 09:00:00,638.22,639.66,637.54,638.38
1778234400,2026-05-08 10:00:00,638.39,640.1,637.82,639.55
1778238000,2026-05-08 11:00:00,639.55,641.56,639.55,641.02
1778241600,2026-05-08 12:00:00,641.03,641.26,639.16,639.72
1778245200,2026-05-08 13:00:00,639.72,640.09,637.54,638.96
1778248800,2026-05-08 14:00:00,638.97,642.77,638.91,642.26
1778252400,2026-05-08 15:00:00,642.26,644,639.42,643.92
1778256000,2026-05-08 16:00:00,643.92,644.15,642.36,642.47
1778259600,2026-05-08 17:00:00,642.47,647.08,642.38,645.75
1778263200,2026-05-08 18:00:00,645.76,649.5,645.76,647.7
1778266800,2026-05-08 19:00:00,647.71,648.77,646.89,648.09
1778270400,2026-05-08 20:00:00,648.1,648.94,645.86,646.66
1778274000,2026-05-08 21:00:00,646.67,650.01,646.19,650.01
1778277600,2026-05-08 22:00:00,650.02,651.53,649.99,650.07
1778281200,2026-05-08 23:00:00,650.07,650.5,647.81,649.36
1778284800,2026-05-09 00:00:00,649.37,652.41,649.01,651.9
1778288400,2026-05-09 01:00:00,651.9,655.88,651.87,654.41
1778292000,2026-05-09 02:00:00,654.41,655.17,653.7,654.26
1778295600,2026-05-09 03:00:00,654.26,654.92,652.98,653.66
1778299200,2026-05-09 04:00:00,653.67,656,652.96,653.17
1778302800,2026-05-09 05:00:00,653.17,653.17,650.91,651.15
1778306400,2026-05-09 06:00:00,651.16,651.93,649.88,651.6
1778310000,2026-05-09 07:00:00,651.6,651.6,648.95,649.77
1778313600,2026-05-09 08:00:00,649.77,650.96,649.66,650.63
1778317200,2026-05-09 09:00:00,650.63,651.03,648.55,649.8
1778320800,2026-05-09 10:00:00,649.8,649.91,648.43,649.18
1778324400,2026-05-09 11:00:00,649.19,650.61,649.07,650.04
1778328000,2026-05-09 12:00:00,650.05,650.67,649.07,649.83
1778331600,2026-05-09 13:00:00,649.84,649.96,648.42,649.46
1778335200,2026-05-09 14:00:00,649.46,649.51,646.85,647
1778338800,2026-05-09 15:00:00,647,648.5,646.23,647.66
1778342400,2026-05-09 16:00:00,647.67,649.79,647.01,648.35
1778346000,2026-05-09 17:00:00,648.35,650.62,648.34,649.9
1778349600,2026-05-09 18:00:00,649.9,651.84,649.87,651.08
1778353200,2026-05-09 19:00:00,651.09,651.27,650.46,651.01
1778356800,2026-05-09 20:00:00,651.01,651.38,650,650.62
1778360400,2026-05-09 21:00:00,650.63,652.33,650.61,651.48
1778364000,2026-05-09 22:00:00,651.49,652.36,650.49,651
1778367600,2026-05-09 23:00:00,650.99,651.59,649.53,649.75
1778371200,2026-05-10 00:00:00,649.76,650.5,646.49,646.9
1778374800,2026-05-10 01:00:00,646.9,646.9,644.84,646.69
1778378400,2026-05-10 02:00:00,646.69,647.86,645.63,647.69
1778382000,2026-05-10 03:00:00,647.7,648.89,646.95,647.7
1778385600,2026-05-10 04:00:00,647.71,648.68,647.34,648.01
1778389200,2026-05-10 05:00:00,648,648.79,647.58,648.39
1778392800,2026-05-10 06:00:00,648.39,648.95,647.28,648.51
1778396400,2026-05-10 07:00:00,648.51,649.29,647.83,648.28
1778400000,2026-05-10 08:00:00,648.29,650.72,648,650.37
1778403600,2026-05-10 09:00:00,650.37,651.9,649.64,651.37
1778407200,2026-05-10 10:00:00,651.37,651.63,649.82,650.9
1778410800,2026-05-10 11:00:00,650.91,651.41,647.71,649.59
1778414400,2026-05-10 12:00:00,649.59,649.64,648.47,649.61
1778418000,2026-05-10 13:00:00,649.62,651.52,649.18,651.09
1778421600,2026-05-10 14:00:00,651.1,652.49,649.99,651.7
1778425200,2026-05-10 15:00:00,651.71,656.2,651.7,655.5
1778428800,2026-05-10 16:00:00,655.51,657.54,654.4,657.12
1778432400,2026-05-10 17:00:00,657.13,661,656.16,660.6
1778436000,2026-05-10 18:00:00,660.61,662,659.46,660.65
1778439600,2026-05-10 19:00:00,660.66,662.38,658.8,661.14
1778443200,2026-05-10 20:00:00,661.14,662.68,648.71,651.68
1778446800,2026-05-10 21:00:00,651.68,654.66,650.77,652.53
1778450400,2026-05-10 22:00:00,652.52,666.5,651.8,665.79
1778454000,2026-05-10 23:00:00,665.79,666.66,663.24,663.55
1778457600,2026-05-11 00:00:00,663.56,664.85,656.46,657.82
1778461200,2026-05-11 01:00:00,657.82,660.54,655.76,657.2
1778464800,2026-05-11 02:00:00,657.2,657.95,654.03,655.34
1778468400,2026-05-11 03:00:00,655.35,655.35,650.07,651.79
1778472000,2026-05-11 04:00:00,651.8,653.29,650.63,652.04
1778475600,2026-05-11 05:00:00,652.05,653.84,651.04,652.99
1778479200,2026-05-11 06:00:00,652.99,654.17,650.78,651.5
1778482800,2026-05-11 07:00:00,651.5,651.5,650.03,650.61
1778486400,2026-05-11 08:00:00,650.61,651.98,649.46,651.06
1778490000,2026-05-11 09:00:00,651.06,653.22,650.91,653.07
1778493600,2026-05-11 10:00:00,653.06,654.64,652.88,653.89
1778497200,2026-05-11 11:00:00,653.89,655.92,653.2,655.92
1778500800,2026-05-11 12:00:00,655.92,656.52,654.17,654.75
1778504400,2026-05-11 13:00:00,654.75,656.72,651.49,654.5
1778508000,2026-05-11 14:00:00,654.51,656.46,651.8,656.24
1778511600,2026-05-11 15:00:00,656.24,661.51,655.71,661.5
1778515200,2026-05-11 16:00:00,661.51,663.31,659.87,661.51
1778518800,2026-05-11 17:00:00,661.52,663,659.5,662.54
1778522400,2026-05-11 18:00:00,662.54,663.4,661.28,661.53
1778526000,2026-05-11 19:00:00,661.54,663.56,660.98,663.32
1778529600,2026-05-11 20:00:00,663.31,663.9,661.02,662.66
1778533200,2026-05-11 21:00:00,662.66,664.36,662.46,663.94
1778536800,2026-05-11 22:00:00,663.94,671.46,663.15,670.06
1778540400,2026-05-11 23:00:00,670.07,673,668.14,670.6
1778544000,2026-05-12 00:00:00,670.6,671.47,667.54,668.71
1778547600,2026-05-12 01:00:00,668.71,669.7,659.09,663.45
1778551200,2026-05-12 02:00:00,663.44,665.12,661.18,662.88
1778554800,2026-05-12 03:00:00,662.89,663.65,661.04,662.02
1778558400,2026-05-12 04:00:00,662.02,664.31,661.14,662.58
1778562000,2026-05-12 05:00:00,662.58,664.18,662.37,662.37
1778565600,2026-05-12 06:00:00,662.38,663.52,659.89,660.16
1778569200,2026-05-12 07:00:00,660.17,660.86,657.76,658.59
1778572800,2026-05-12 08:00:00,658.6,660.3,657.55,659.38
1778576400,2026-05-12 09:00:00,659.38,662,658.62,661.86
1778580000,2026-05-12 10:00:00,661.85,662.48,660.24,661.54
1778583600,2026-05-12 11:00:00,661.55,663.4,660.76,663.4
1778587200,2026-05-12 12:00:00,663.4,664.75,661.17,661.51
1778590800,2026-05-12 13:00:00,661.52,662.87,656.4,657.14
1778594400,2026-05-12 14:00:00,657.15,658.74,652.78,654.06
1778598000,2026-05-12 15:00:00,654.07,656.32,650.49,652.26
1778601600,2026-05-12 16:00:00,652.26,654,650.56,651.85
1778605200,2026-05-12 17:00:00,651.86,656.8,651.86,656.45
1778608800,2026-05-12 18:00:00,656.45,660.84,656.25,660.38
1778612400,2026-05-12 19:00:00,660.39,663.38,660.38,663.07
1778616000,2026-05-12 20:00:00,663.07,665.69,663.06,665.42
1778619600,2026-05-12 21:00:00,665.42,667.29,664.48,665.26
1778623200,2026-05-12 22:00:00,665.26,668,665.26,666.27
1778626800,2026-05-12 23:00:00,666.27,666.68,664.1,664.95
1778630400,2026-05-13 00:00:00,664.95,668.14,664.36,667.57
1778634000,2026-05-13 01:00:00,667.57,679.87,666.99,678.34
1778637600,2026-05-13 02:00:00,678.35,680.81,677.67,680.44
1778641200,2026-05-13 03:00:00,680.44,682.95,679.66,681.28
1778644800,2026-05-13 04:00:00,681.28,682.18,676.6,679.81
1778648400,2026-05-13 05:00:00,679.81,681.3,677.7,678.15
1778652000,2026-05-13 06:00:00,678.16,678.87,675.94,676.36
1778655600,2026-05-13 07:00:00,676.37,679.03,676.02,679.02
1778659200,2026-05-13 08:00:00,679.02,683,678.41,683
1778662800,2026-05-13 09:00:00,683,685.68,681.79,685.18
1778666400,2026-05-13 10:00:00,685.19,685.44,680.38,680.38
1778670000,2026-05-13 11:00:00,680.39,680.9,677.41,678.42
1778673600,2026-05-13 12:00:00,678.42,680.3,668.89,672.76
1778677200,2026-05-13 13:00:00,672.76,674.8,667.17,667.67
1778680800,2026-05-13 14:00:00,667.67,673.41,665.5,672.1
1778684400,2026-05-13 15:00:00,672.11,673.87,663.77,664.19
1778688000,2026-05-13 16:00:00,664.19,670.45,664.17,670.24
1778691600,2026-05-13 17:00:00,670.24,671.4,669.08,670.76
1778695200,2026-05-13 18:00:00,670.77,674.71,670.77,671.75
1778698800,2026-05-13 19:00:00,671.74,672.05,669.1,671.32
1778702400,2026-05-13 20:00:00,671.33,672.5,670.77,672.47
1778706000,2026-05-13 21:00:00,672.47,672.5,669.07,669.28
1778709600,2026-05-13 22:00:00,669.28,672.25,668.2,672.08
1778713200,2026-05-13 23:00:00,672.09,673.84,671.15,671.68
1778716800,2026-05-14 00:00:00,671.68,677.52,671.51,675.18
1778720400,2026-05-14 01:00:00,675.18,676.39,673.86,675.5
1778724000,2026-05-14 02:00:00,675.5,675.69,669.34,669.93
1778727600,2026-05-14 03:00:00,669.94,671.64,665.42,665.92
1778731200,2026-05-14 04:00:00,665.91,668.53,665.47,667.47
1778734800,2026-05-14 05:00:00,667.47,671.5,667.05,669.75
1778738400,2026-05-14 06:00:00,669.75,671.49,668.8,670.11
1778742000,2026-05-14 07:00:00,670.11,672.06,668.2,669.34
1778745600,2026-05-14 08:00:00,669.33,673.45,668.55,673.02
1778749200,2026-05-14 09:00:00,673.02,673.39,669.33,670.63
1778752800,2026-05-14 10:00:00,670.63,673.34,670.46,673.2
1778756400,2026-05-14 11:00:00,673.21,673.96,670.84,670.85
1778760000,2026-05-14 12:00:00,670.85,678.56,670.62,678.25
1778763600,2026-05-14 13:00:00,678.25,678.64,673.79,674.36
1778767200,2026-05-14 14:00:00,674.37,680.36,673.89,678.29
1778770800,2026-05-14 15:00:00,678.29,680.58,676.4,679.98
1778774400,2026-05-14 16:00:00,679.98,682.74,678.48,682.51
1778778000,2026-05-14 17:00:00,682.51,687.66,680.67,682
1778781600,2026-05-14 18:00:00,682.01,685.11,680.47,682.51
1778785200,2026-05-14 19:00:00,682.51,683.06,679.18,680.2
1778788800,2026-05-14 20:00:00,680.21,680.55,677.84,680.55
1778792400,2026-05-14 21:00:00,680.54,681.3,679.33,681.13
1778796000,2026-05-14 22:00:00,681.14,681.99,680.3,680.75
1778799600,2026-05-14 23:00:00,680.75,680.75,677.2,678.27
1778803200,2026-05-15 00:00:00,678.28,686,677.98,683.43
1778806800,2026-05-15 01:00:00,683.43,685.04,679.56,679.82
1778810400,2026-05-15 02:00:00,679.83,680.63,677.24,679.83
1778814000,2026-05-15 03:00:00,679.84,683.8,678.67,681.95
1778817600,2026-05-15 04:00:00,681.95,681.95,678.25,678.38
1778821200,2026-05-15 05:00:00,678.38,679.68,673.79,676.36
1778824800,2026-05-15 06:00:00,676.36,683.57,675.82,683.06
1778828400,2026-05-15 07:00:00,683.07,689.14,681.29,684.3
1778832000,2026-05-15 08:00:00,684.31,687.24,682.69,685.81
1778835600,2026-05-15 09:00:00,685.82,686.17,681.63,683.03
1778839200,2026-05-15 10:00:00,683.04,689.98,682.24,689.11
1778842800,2026-05-15 11:00:00,689.12,689.67,685.4,686.47
1778846400,2026-05-15 12:00:00,686.47,686.74,682.15,682.74
1778850000,2026-05-15 13:00:00,682.75,682.75,670.65,671.51
1778853600,2026-05-15 14:00:00,671.51,676.73,670,676.04
1778857200,2026-05-15 15:00:00,676.03,676.5,669.16,671.73
1778860800,2026-05-15 16:00:00,671.73,675.24,671.16,674.66
1778864400,2026-05-15 17:00:00,674.67,676.72,674.44,675.31
1778868000,2026-05-15 18:00:00,675.32,676.59,673.13,674.41
1778871600,2026-05-15 19:00:00,674.4,675.31,672.42,674.04
1778875200,2026-05-15 20:00:00,674.04,674.46,671.92,673.69
1778878800,2026-05-15 21:00:00,673.69,674.56,671.68,672.1
1778882400,2026-05-15 22:00:00,672.1,673.67,671.89,673.55
1778886000,2026-05-15 23:00:00,673.54,673.59,671.21,672.38
1778889600,2026-05-16 00:00:00,672.37,674.92,671.87,672.26
1778893200,2026-05-16 01:00:00,672.27,673.68,670.44,670.46
1778896800,2026-05-16 02:00:00,670.47,671.17,667,668.69
1778900400,2026-05-16 03:00:00,668.69,668.91,664.9,665.29
1778904000,2026-05-16 04:00:00,665.29,665.29,660.51,662.74
1778907600,2026-05-16 05:00:00,662.73,665.04,661.59,664.48
1778911200,2026-05-16 06:00:00,664.48,665.06,659.29,660.4
1778914800,2026-05-16 07:00:00,660.4,661.32,656.2,660.68
1778918400,2026-05-16 08:00:00,660.68,661.84,659.64,661.74
1778922000,2026-05-16 09:00:00,661.74,661.97,651.21,652.49
1778925600,2026-05-16 10:00:00,652.49,655.59,650.7,654.12
1778929200,2026-05-16 11:00:00,654.13,656.2,654.12,654.28
1778932800,2026-05-16 12:00:00,654.28,654.62,652.96,653.54
1778936400,2026-05-16 13:00:00,653.54,653.62,651.95,652.28
1778940000,2026-05-16 14:00:00,652.28,655.09,651.1,653.21
1778943600,2026-05-16 15:00:00,653.2,658,653.11,655.2
1778947200,2026-05-16 16:00:00,655.19,657,654.92,656.85
1778950800,2026-05-16 17:00:00,656.86,657.47,655.2,655.78
1778954400,2026-05-16 18:00:00,655.78,658.34,655.47,657.82
1778958000,2026-05-16 19:00:00,657.82,657.89,655.9,656.16
1778961600,2026-05-16 20:00:00,656.16,657.51,656.04,656.67
1778965200,2026-05-16 21:00:00,656.67,657.62,656.2,657.4
1778968800,2026-05-16 22:00:00,657.39,657.44,656.34,656.47
1778972400,2026-05-16 23:00:00,656.47,657.13,655.73,656.2
1778976000,2026-05-17 00:00:00,656.2,657.28,651.14,652
1778979600,2026-05-17 01:00:00,652,654.02,650,650.68
1778983200,2026-05-17 02:00:00,650.68,652.51,650.67,651.36
1778986800,2026-05-17 03:00:00,651.36,653.88,651.36,652.77
1778990400,2026-05-17 04:00:00,652.77,654.91,652.41,654.74
1778994000,2026-05-17 05:00:00,654.74,656.35,654.66,655.16
1778997600,2026-05-17 06:00:00,655.16,656.06,654.45,655.26
1779001200,2026-05-17 07:00:00,655.26,655.89,654.47,655.31
1779004800,2026-05-17 08:00:00,655.31,655.39,653.64,653.83
1779008400,2026-05-17 09:00:00,653.84,654.47,650,653.21
1779012000,2026-05-17 10:00:00,653.21,655.44,653.21,654.81
1779015600,2026-05-17 11:00:00,654.81,655.45,653.65,655.07
1779019200,2026-05-17 12:00:00,655.07,657.51,654.63,656.5
1779022800,2026-05-17 13:00:00,656.49,656.5,653,653.63
1779026400,2026-05-17 14:00:00,653.64,653.77,650.57,652.11
1779030000,2026-05-17 15:00:00,652.11,653,651.09,652.4
1779033600,2026-05-17 16:00:00,652.41,653.56,651.36,651.71
1779037200,2026-05-17 17:00:00,651.7,652.07,650.22,651.74
1779040800,2026-05-17 18:00:00,651.75,653.46,650.87,653.46
1779044400,2026-05-17 19:00:00,653.47,656.35,653.47,656.04
1779048000,2026-05-17 20:00:00,656.04,656.27,653.87,654.59
1779051600,2026-05-17 21:00:00,654.59,657.6,654.27,657
1779055200,2026-05-17 22:00:00,657,657,653.06,653.77
1779058800,2026-05-17 23:00:00,653.77,653.84,640.01,649.48
1779062400,2026-05-18 00:00:00,649.48,649.7,644.86,646.24
1779066000,2026-05-18 01:00:00,646.25,646.66,642.13,646.38
1779069600,2026-05-18 02:00:00,646.37,648.07,644,644.5
1779073200,2026-05-18 03:00:00,644.5,645.72,643.13,643.44
1779076800,2026-05-18 04:00:00,643.44,644.53,640.96,643.74
1779080400,2026-05-18 05:00:00,643.75,644.58,641.6,641.84
1779084000,2026-05-18 06:00:00,641.85,642.72,637.54,640.62
1779087600,2026-05-18 07:00:00,640.62,642.36,639,641.85
1779091200,2026-05-18 08:00:00,641.86,642.14,638.74,640.21
1779094800,2026-05-18 09:00:00,640.21,640.63,638.8,639.36
1779098400,2026-05-18 10:00:00,639.36,639.46,637.54,638.34
1779102000,2026-05-18 11:00:00,638.35,643.69,637.64,641.75
1779105600,2026-05-18 12:00:00,641.75,645.54,641.67,643.28
1779109200,2026-05-18 13:00:00,643.29,643.34,637.77,640.06
1779112800,2026-05-18 14:00:00,640.05,640.05,635.11,636.89
1779116400,2026-05-18 15:00:00,636.89,637.63,634.3,637.03
1779120000,2026-05-18 16:00:00,637.04,640.19,635.74,639.49
1779123600,2026-05-18 17:00:00,639.49,641.06,638.85,640.45
1779127200,2026-05-18 18:00:00,640.45,640.49,636.08,637.78
1779130800,2026-05-18 19:00:00,637.79,644.92,637.47,644.78
1779134400,2026-05-18 20:00:00,644.79,645.51,642.19,642.7
1779138000,2026-05-18 21:00:00,642.71,646.05,641.89,645.54
1779141600,2026-05-18 22:00:00,645.54,646.4,644,645.02
1779145200,2026-05-18 23:00:00,645.02,645.85,642.97,643.53
1779148800,2026-05-19 00:00:00,643.53,647.19,643.42,645.73
1779152400,2026-05-19 01:00:00,645.73,645.99,642.99,642.99
1779156000,2026-05-19 02:00:00,642.99,644.64,641.17,641.96
1779159600,2026-05-19 03:00:00,641.96,644.78,641.32,642.88
1779163200,2026-05-19 04:00:00,642.87,644.53,641.71,643.38
1779166800,2026-05-19 05:00:00,643.37,643.93,640.95,643.84
1779170400,2026-05-19 06:00:00,643.84,645.33,643.12,644.45
1779174000,2026-05-19 07:00:00,644.46,646.34,643.25,645.93
1779177600,2026-05-19 08:00:00,645.93,646.02,641.83,642.33
1779181200,2026-05-19 09:00:00,642.33,642.57,639.8,640.5
1779184800,2026-05-19 10:00:00,640.5,641.17,637.98,640.07
1779188400,2026-05-19 11:00:00,640.08,640.86,638.34,639.88
1779192000,2026-05-19 12:00:00,639.87,641.57,639.32,641.47
1779195600,2026-05-19 13:00:00,641.46,642.05,638.71,640.19
1779199200,2026-05-19 14:00:00,640.18,641.29,636.1,638.19
1779202800,2026-05-19 15:00:00,638.2,640.57,637.76,638.73
1779206400,2026-05-19 16:00:00,638.74,640.74,637.87,640.61
1779210000,2026-05-19 17:00:00,640.62,641.54,639.6,640.62
1779213600,2026-05-19 18:00:00,640.63,641.19,639.24,640.38
1779217200,2026-05-19 19:00:00,640.38,641.88,639.33,639.99
1779220800,2026-05-19 20:00:00,639.98,641.3,639.89,641.24
1779224400,2026-05-19 21:00:00,641.23,641.66,640.29,640.42
1779228000,2026-05-19 22:00:00,640.42,640.42,637.87,638.63
1779231600,2026-05-19 23:00:00,638.64,641.41,638.18,640.02
1779235200,2026-05-20 00:00:00,640.03,640.12,637.52,639.49
1779238800,2026-05-20 01:00:00,639.48,640.95,637.8,640.32
1779242400,2026-05-20 02:00:00,640.33,640.64,638.11,639.13
1779246000,2026-05-20 03:00:00,639.14,640.52,638.13,640.12
1779249600,2026-05-20 04:00:00,640.13,640.73,638.38,639.84
1779253200,2026-05-20 05:00:00,639.84,643.6,639.83,642.63
1779256800,2026-05-20 06:00:00,642.63,644,641.28,643.88
1779260400,2026-05-20 07:00:00,643.89,645,643.07,643.41
1779264000,2026-05-20 08:00:00,643.41,645.31,643.23,644.4
1779267600,2026-05-20 09:00:00,644.4,645.18,643.69,644.43
1779271200,2026-05-20 10:00:00,644.43,645.3,643.71,643.9
1779274800,2026-05-20 11:00:00,643.91,644.11,642.3,643.33
1779278400,2026-05-20 12:00:00,643.33,646,642.92,644.95
1779282000,2026-05-20 13:00:00,644.96,645.17,641.75,643.19
1779285600,2026-05-20 14:00:00,643.19,649.46,641.34,647.92
1779289200,2026-05-20 15:00:00,647.93,649.97,646.85,648.8
1779292800,2026-05-20 16:00:00,648.81,649.77,646.01,648.71
1779296400,2026-05-20 17:00:00,648.72,651.19,647.75,649.64
1779300000,2026-05-20 18:00:00,649.63,649.99,648.5,648.81
1779303600,2026-05-20 19:00:00,648.81,651,648,650.57
1779307200,2026-05-20 20:00:00,650.56,651.5,648.8,651.26
1779310800,2026-05-20 21:00:00,651.27,651.77,649.39,649.41
1779314400,2026-05-20 22:00:00,649.41,649.41,647.17,648.7
1779318000,2026-05-20 23:00:00,648.69,649.73,647.43,649.5
1779321600,2026-05-21 00:00:00,649.5,653.84,649.31,653.71
1779325200,2026-05-21 01:00:00,653.71,654.78,652.31,653.07
1779328800,2026-05-21 02:00:00,653.07,655.42,652.45,653.88
1779332400,2026-05-21 03:00:00,653.87,656,653,654.81
1779336000,2026-05-21 04:00:00,654.81,655.31,653.37,654.39
1779339600,2026-05-21 05:00:00,654.39,655.33,651.91,652.83
1779343200,2026-05-21 06:00:00,652.82,652.97,650.13,651.38
1779346800,2026-05-21 07:00:00,651.38,653.14,651.02,652.93
1779350400,2026-05-21 08:00:00,652.93,656,652.83,654.92
1779354000,2026-05-21 09:00:00,654.93,655.47,652.96,653.31
1779357600,2026-05-21 10:00:00,653.31,653.99,648.05,648.38
1779361200,2026-05-21 11:00:00,648.38,649.56,647.36,647.77
1779364800,2026-05-21 12:00:00,647.78,650.89,647.54,649.67
1779368400,2026-05-21 13:00:00,649.67,650.89,646.33,649.6
1779372000,2026-05-21 14:00:00,649.61,651.3,647.81,648.9
1779375600,2026-05-21 15:00:00,648.9,653.08,648.75,652.39
1779379200,2026-05-21 16:00:00,652.39,653.33,650.23,651.1
1779382800,2026-05-21 17:00:00,651.1,659.82,651,657.79
1779386400,2026-05-21 18:00:00,657.79,659.41,654.46,655.95
1779390000,2026-05-21 19:00:00,655.94,658.53,655.82,657.87
1779393600,2026-05-21 20:00:00,657.88,658.51,657.05,657.36
1779397200,2026-05-21 21:00:00,657.35,659,657.35,657.51
1779400800,2026-05-21 22:00:00,657.52,658.08,656.11,656.9
1779404400,2026-05-21 23:00:00,656.9,658.66,656.35,658.58
1779408000,2026-05-22 00:00:00,658.58,659.33,656.92,656.98
1779411600,2026-05-22 01:00:00,656.98,660.2,656.14,659.34
1779415200,2026-05-22 02:00:00,659.34,661,658.69,660.31
1779418800,2026-05-22 03:00:00,660.31,661.42,659.34,659.61
1779422400,2026-05-22 04:00:00,659.62,660.59,658.43,659.13
1779426000,2026-05-22 05:00:00,659.13,659.23,656.56,657.15
1779429600,2026-05-22 06:00:00,657.15,657.75,655.81,656.12
1779433200,2026-05-22 07:00:00,656.13,659.72,655.48,659.49
1779436800,2026-05-22 08:00:00,659.49,661.1,658.82,659.16
1779440400,2026-05-22 09:00:00,659.16,659.16,656.2,657.25
1779444000,2026-05-22 10:00:00,657.25,657.26,654.79,656.08
1779447600,2026-05-22 11:00:00,656.08,657.95,655.31,657.94
1779451200,2026-05-22 12:00:00,657.95,660.62,657.77,660.62
1779454800,2026-05-22 13:00:00,660.62,664,660.21,663.99
1779458400,2026-05-22 14:00:00,664,664.2,656.61,657.39
1779462000,2026-05-22 15:00:00,657.39,659.83,656.45,658.51
1779465600,2026-05-22 16:00:00,658.51,660.84,657.93,660.52
1779469200,2026-05-22 17:00:00,660.53,661.58,658.72,659.83
1779472800,2026-05-22 18:00:00,659.83,659.89,648.55,653.53
1779476400,2026-05-22 19:00:00,653.53,654.11,648.31,652.48
1779480000,2026-05-22 20:00:00,652.48,654.03,651.84,653.22
1779483600,2026-05-22 21:00:00,653.22,654.03,652.36,653.23
1779487200,2026-05-22 22:00:00,653.23,653.53,650.75,652.53
1779490800,2026-05-22 23:00:00,652.53,653.37,648.7,650.44
1779494400,2026-05-23 00:00:00,650.45,652.15,648.07,650.99
1779498000,2026-05-23 01:00:00,651,652.31,649.57,650.36
1779501600,2026-05-23 02:00:00,650.36,651.7,649.66,651.51
1779505200,2026-05-23 03:00:00,651.51,653,650.16,652.34
1779508800,2026-05-23 04:00:00,652.33,652.78,649.85,650.18
1779512400,2026-05-23 05:00:00,650.19,650.31,648.33,648.97
1779516000,2026-05-23 06:00:00,648.97,649.69,648.21,648.68
1779519600,2026-05-23 07:00:00,648.69,648.98,635.29,636.76
1779523200,2026-05-23 08:00:00,636.76,640.53,635.64,640.32
1779526800,2026-05-23 09:00:00,640.33,640.76,638.63,638.63
1779530400,2026-05-23 10:00:00,638.64,640.72,638.64,640.2
1779534000,2026-05-23 11:00:00,640.2,641.27,639.76,640.22
1779537600,2026-05-23 12:00:00,640.23,640.89,639.28,640.68
1779541200,2026-05-23 13:00:00,640.67,643.43,640.51,643.06
1779544800,2026-05-23 14:00:00,643.07,647.85,642.24,647.36
1779548400,2026-05-23 15:00:00,647.36,648.8,646.35,647.49
1779552000,2026-05-23 16:00:00,647.49,648.24,646.27,646.76
1779555600,2026-05-23 17:00:00,646.76,649.54,646.76,649.12
1779559200,2026-05-23 18:00:00,649.12,653,648.97,651.61
1779562800,2026-05-23 19:00:00,651.62,653.17,650.77,652.34
1779566400,2026-05-23 20:00:00,652.34,661.44,651.73,661.43
1779570000,2026-05-23 21:00:00,661.43,663.93,655.12,657.66
1779573600,2026-05-23 22:00:00,657.66,658.5,654.44,656.67
1779577200,2026-05-23 23:00:00,656.66,657.53,655.99,656.26
1779580800,2026-05-24 00:00:00,656.26,657.89,655.47,656.59
1779584400,2026-05-24 01:00:00,656.59,658.17,656.36,657.4
1779588000,2026-05-24 02:00:00,657.4,658.75,656.13,657.89
1779591600,2026-05-24 03:00:00,657.9,658.91,656.36,657.14
1779595200,2026-05-24 04:00:00,657.14,658.05,656.33,656.36
1779598800,2026-05-24 05:00:00,656.36,656.36,654.01,655.35
1779602400,2026-05-24 06:00:00,655.34,657.93,654.89,657.43
1779606000,2026-05-24 07:00:00,657.43,657.65,655.93,656.64
1779609600,2026-05-24 08:00:00,656.64,659,656.22,658.68
1779613200,2026-05-24 09:00:00,658.69,660.17,658.08,659.79
1779616800,2026-05-24 10:00:00,659.79,662.6,659.01,660.85
1779620400,2026-05-24 11:00:00,660.86,662.6,660.51,661.27
1779624000,2026-05-24 12:00:00,661.27,661.31,658.47,660.13
1779627600,2026-05-24 13:00:00,660.13,660.8,656.46,657.45
1779631200,2026-05-24 14:00:00,657.45,658.4,652.07,655.62
1779634800,2026-05-24 15:00:00,655.61,656.65,655.16,655.51
1779638400,2026-05-24 16:00:00,655.54,657.71,655.24,656.79
1779642000,2026-05-24 17:00:00,656.78,657.54,656.29,656.29
1779645600,2026-05-24 18:00:00,656.29,656.38,655,655.38
1779649200,2026-05-24 19:00:00,655.39,656.45,655.21,656.16
1779652800,2026-05-24 20:00:00,656.16,656.28,655,655.16
1779656400,2026-05-24 21:00:00,655.16,655.93,649.68,650.2
1779660000,2026-05-24 22:00:00,650.2,656,650.19,654.68
1779663600,2026-05-24 23:00:00,654.68,657.65,654.68,656.57
1779667200,2026-05-25 00:00:00,656.58,659.71,656.58,658.91
1779670800,2026-05-25 01:00:00,658.92,659.85,655.76,655.89
1779674400,2026-05-25 02:00:00,655.9,659.98,655.9,657.01
1779678000,2026-05-25 03:00:00,657.01,657.46,655.96,657.07
1779681600,2026-05-25 04:00:00,657.08,659.88,656.4,659.36
1779685200,2026-05-25 05:00:00,659.37,661.29,659.16,660.77
1779688800,2026-05-25 06:00:00,660.77,661.98,659.14,660.81
1779692400,2026-05-25 07:00:00,660.81,661.98,660.08,661.92
1779696000,2026-05-25 08:00:00,661.92,662.74,660.86,662.1
1779699600,2026-05-25 09:00:00,662.11,663.38,661.13,661.51
1779703200,2026-05-25 10:00:00,661.51,662.5,661.23,661.69
1779706800,2026-05-25 11:00:00,661.69,662.48,660.86,662.25
1779710400,2026-05-25 12:00:00,662.25,671.16,662.13,669.61
1779714000,2026-05-25 13:00:00,669.61,671.98,669.04,671.97
1779717600,2026-05-25 14:00:00,671.98,673.07,670.5,671.39
1779721200,2026-05-25 15:00:00,671.39,671.62,666.74,667.78
1779724800,2026-05-25 16:00:00,667.78,668.25,666.48,667.07
1779728400,2026-05-25 17:00:00,667.07,667.4,660.87,661.06
1779732000,2026-05-25 18:00:00,661.07,664.02,660.95,662.98
1779735600,2026-05-25 19:00:00,662.98,663.05,661.07,662.37
1779739200,2026-05-25 20:00:00,662.37,663,660.43,661.37
1779742800,2026-05-25 21:00:00,661.37,662.4,661.35,661.82
1779746400,2026-05-25 22:00:00,661.82,663.09,660.38,660.72
1779750000,2026-05-25 23:00:00,660.72,663.29,660.49,663.15
1779753600,2026-05-26 00:00:00,663.15,663.75,657.2,659.52
1779757200,2026-05-26 01:00:00,659.52,659.79,656.04,657.7
1779760800,2026-05-26 02:00:00,657.7,659.71,656.99,659.34
1779764400,2026-05-26 03:00:00,659.34,659.49,657.12,658.05
1779768000,2026-05-26 04:00:00,658.06,659.59,656.95,658.83
1779771600,2026-05-26 05:00:00,658.84,659.8,658.18,659.27
1779775200,2026-05-26 06:00:00,659.27,659.82,657.56,658.11
1779778800,2026-05-26 07:00:00,658.12,658.96,655.34,657.73
1779782400,2026-05-26 08:00:00,657.73,658.12,656.43,657.14
1779786000,2026-05-26 09:00:00,657.14,657.91,656.3,656.83
1779789600,2026-05-26 10:00:00,656.82,664.6,656.44,662.78
1779793200,2026-05-26 11:00:00,662.78,663.76,661.66,662.48
1779796800,2026-05-26 12:00:00,662.48,662.95,660.21,662.48
1779800400,2026-05-26 13:00:00,662.47,665.1,660.71,663.35
1779804000,2026-05-26 14:00:00,663.36,668.01,660.88,662.89
1779807600,2026-05-26 15:00:00,662.89,663.5,657.28,660.28
1779811200,2026-05-26 16:00:00,660.29,661.05,657.67,659.77
1779814800,2026-05-26 17:00:00,659.77,660.3,653.45,655.77
1779818400,2026-05-26 18:00:00,655.77,657.75,655.04,655.53
1779822000,2026-05-26 19:00:00,655.54,657.81,654.92,657.2
1779825600,2026-05-26 20:00:00,657.21,657.85,656.6,657.3
1779829200,2026-05-26 21:00:00,657.31,657.6,655.14,656.48
1779832800,2026-05-26 22:00:00,656.49,657.5,655.31,655.98
1779836400,2026-05-26 23:00:00,655.99,657.84,655.99,656.43
1779840000,2026-05-27 00:00:00,656.43,658.62,656.32,658.54
1779843600,2026-05-27 01:00:00,658.55,659.11,656.85,657.32
1779847200,2026-05-27 02:00:00,657.33,657.44,654.63,656.66
1779850800,2026-05-27 03:00:00,656.66,656.86,654,654.38
1779854400,2026-05-27 04:00:00,654.39,654.47,650.75,654.31
1779858000,2026-05-27 05:00:00,654.32,654.71,653,653.25
1779861600,2026-05-27 06:00:00,653.25,653.8,652.08,652.92
1779865200,2026-05-27 07:00:00,652.92,653.54,651.52,653.5
1779868800,2026-05-27 08:00:00,653.47,654.94,652.31,653.72
1779872400,2026-05-27 09:00:00,653.72,654.68,652.94,654.09
1779876000,2026-05-27 10:00:00,654.09,655.77,652.76,654.62
1779879600,2026-05-27 11:00:00,654.63,655.64,653.73,653.84
1779883200,2026-05-27 12:00:00,653.85,657.22,653.18,655.21
1779886800,2026-05-27 13:00:00,655.22,655.51,650.14,652.43
1779890400,2026-05-27 14:00:00,652.43,654.38,651.42,654.12
1779894000,2026-05-27 15:00:00,654.12,658.27,653.94,657.66
1779897600,2026-05-27 16:00:00,657.67,659.9,654.78,655.99
1779901200,2026-05-27 17:00:00,656,656.1,650.32,651.05
1779904800,2026-05-27 18:00:00,651.06,653.82,650.27,653.74
1779908400,2026-05-27 19:00:00,653.74,654.28,652.78,653.39
1779912000,2026-05-27 20:00:00,653.4,654.97,653.15,653.92
1779915600,2026-05-27 21:00:00,653.92,654.26,646.87,648.7
1779919200,2026-05-27 22:00:00,648.7,650.13,647,647.01
1779922800,2026-05-27 23:00:00,647.01,649.45,646.57,648.84
1779926400,2026-05-28 00:00:00,648.83,649.03,646.99,648.95
1779930000,2026-05-28 01:00:00,648.96,649.38,645.35,646.66
1779933600,2026-05-28 02:00:00,646.67,647.01,644,644.91
1779937200,2026-05-28 03:00:00,644.91,645.67,636.76,637.81
1779940800,2026-05-28 04:00:00,637.81,637.91,633.11,636.59
1779944400,2026-05-28 05:00:00,636.6,636.6,632.99,634.7
1779948000,2026-05-28 06:00:00,634.7,635.27,631.47,634.03
1779951600,2026-05-28 07:00:00,634.04,636.7,633.63,634.98
1779955200,2026-05-28 08:00:00,634.99,635.36,633.65,634.74
1779958800,2026-05-28 09:00:00,634.74,635.28,632.3,634.25
1779962400,2026-05-28 10:00:00,634.25,635.13,632.59,633.42
1779966000,2026-05-28 11:00:00,633.42,633.59,631.35,632.9
1779969600,2026-05-28 12:00:00,632.9,633.54,630.42,633.16
1779973200,2026-05-28 13:00:00,633.15,633.8,629.36,631.45
1779976800,2026-05-28 14:00:00,631.45,636.66,628.22,635.21
1779980400,2026-05-28 15:00:00,635.21,635.9,631.47,634.79
1779984000,2026-05-28 16:00:00,634.79,640.61,633.45,640.23
1779987600,2026-05-28 17:00:00,640.24,641.9,639,640.21
1779991200,2026-05-28 18:00:00,640.22,642.59,640.14,641.83
1779994800,2026-05-28 19:00:00,641.84,641.98,639.71,639.71
1779998400,2026-05-28 20:00:00,639.72,641.52,638.44,640.92
1780002000,2026-05-28 21:00:00,640.93,642.53,640.59,641.88
1780005600,2026-05-28 22:00:00,641.89,642.43,638.46,638.87
1780009200,2026-05-28 23:00:00,638.87,639.79,637.56,638.24
1780012800,2026-05-29 00:00:00,638.23,639.47,638.23,638.49
1780016400,2026-05-29 01:00:00,638.5,639.22,635.78,636.96
1780020000,2026-05-29 02:00:00,636.97,637.53,633.79,634.27
1780023600,2026-05-29 03:00:00,634.27,636.78,634.27,635.61
1780027200,2026-05-29 04:00:00,635.6,636.75,634.56,636.57
1780030800,2026-05-29 05:00:00,636.57,638.49,636.4,638.44
1780034400,2026-05-29 06:00:00,638.43,639.49,637.48,638.16
1780038000,2026-05-29 07:00:00,638.17,638.56,635.82,637.04
1780041600,2026-05-29 08:00:00,637.04,638.27,636.68,636.75
1780045200,2026-05-29 09:00:00,636.75,640.95,636.71,640.73
1780048800,2026-05-29 10:00:00,640.73,641.19,638.98,639.13
1780052400,2026-05-29 11:00:00,639.13,639.34,635.25,637.14
1780056000,2026-05-29 12:00:00,637.14,637.17,635.2,635.91
1780059600,2026-05-29 13:00:00,635.91,636.79,634.01,635.58
1780063200,2026-05-29 14:00:00,635.58,636.83,630.86,634.9
1780066800,2026-05-29 15:00:00,634.91,643.04,634.45,639.74
1780070400,2026-05-29 16:00:00,639.75,644.08,638.16,644
1780074000,2026-05-29 17:00:00,644.01,645,641.95,642.42
1780077600,2026-05-29 18:00:00,642.43,643,638.32,639.64
1780081200,2026-05-29 19:00:00,639.65,642.93,639.17,641.45
1780084800,2026-05-29 20:00:00,641.46,643.33,641.45,642.21
1780088400,2026-05-29 21:00:00,642.21,643.87,641.48,641.73
1780092000,2026-05-29 22:00:00,641.73,643.5,641.66,642.8
1780095600,2026-05-29 23:00:00,642.79,643.38,641.36,643.1
1780099200,2026-05-30 00:00:00,643.11,647.36,642.66,646.89
1780102800,2026-05-30 01:00:00,646.89,653.73,646.17,653.24
1780106400,2026-05-30 02:00:00,653.25,658.67,651.99,658.01
1780110000,2026-05-30 03:00:00,658.02,661.01,657.03,658.19
1780113600,2026-05-30 04:00:00,658.2,660.62,656.52,658.91
1780117200,2026-05-30 05:00:00,658.91,666.84,658.4,666.43
1780120800,2026-05-30 06:00:00,666.43,668.94,665.09,667.54
1780124400,2026-05-30 07:00:00,667.54,674.25,667.02,672.92
1780128000,2026-05-30 08:00:00,672.93,675.47,669.5,673.3
1780131600,2026-05-30 09:00:00,673.31,677.34,670.68,674.77
1780135200,2026-05-30 10:00:00,674.78,676.01,674.2,675.19
1780138800,2026-05-30 11:00:00,675.18,675.18,669.97,673.82
1780142400,2026-05-30 12:00:00,673.82,674.07,671.72,673.13
1780146000,2026-05-30 13:00:00,673.13,674.93,671.11,674.86
1780149600,2026-05-30 14:00:00,674.87,687.58,674.3,686.67
1780153200,2026-05-30 15:00:00,686.67,695,685.32,694.53
1780156800,2026-05-30 16:00:00,694.53,710.38,694.4,708.57
1780160400,2026-05-30 17:00:00,708.56,717.22,700.43,713.09
1780164000,2026-05-30 18:00:00,713.09,717,708.89,716.55
1780167600,2026-05-30 19:00:00,716.56,724.56,712.61,721.12
1780171200,2026-05-30 20:00:00,721.13,723.67,717.83,719.65
1780174800,2026-05-30 21:00:00,719.65,729,717.74,719.35
1780178400,2026-05-30 22:00:00,719.35,720.06,707.31,715.97
1780182000,2026-05-30 23:00:00,715.97,720.4,715.81,718.74
1780185600,2026-05-31 00:00:00,718.74,727.37,718.74,723.32
1780189200,2026-05-31 01:00:00,723.32,729.69,722.47,728.14
1780192800,2026-05-31 02:00:00,728.14,743.57,727.27,739.89
1780196400,2026-05-31 03:00:00,739.88,745.74,734.7,740.03
1780200000,2026-05-31 04:00:00,740.02,742.28,731.29,734.32
1780203600,2026-05-31 05:00:00,734.32,741.33,732.23,737.47
1780207200,2026-05-31 06:00:00,737.47,737.57,731.85,735.94
1780210800,2026-05-31 07:00:00,735.94,735.94,716.67,719.71
1780214400,2026-05-31 08:00:00,719.71,725.23,718.78,723.41
1780218000,2026-05-31 09:00:00,723.42,725.44,717.56,720.04
1780221600,2026-05-31 10:00:00,720.04,724.39,719.39,721.06
1780225200,2026-05-31 11:00:00,721.05,724.61,720,722.89
1780228800,2026-05-31 12:00:00,722.89,726.16,721.77,724.88
1780232400,2026-05-31 13:00:00,724.89,733.8,724.03,727.46
1780236000,2026-05-31 14:00:00,727.46,730,718.36,719.79
1780239600,2026-05-31 15:00:00,719.79,725,719.38,720.84
1780243200,2026-05-31 16:00:00,720.84,722,703,709.19
1780246800,2026-05-31 17:00:00,709.19,717.61,708.96,713.92
1780250400,2026-05-31 18:00:00,713.92,713.92,708.43,709.62
1780254000,2026-05-31 19:00:00,709.63,710.77,707.18,708.55
1780257600,2026-05-31 20:00:00,708.55,711.32,708.55,710.22
1780261200,2026-05-31 21:00:00,710.22,711.89,707,711.01
1780264800,2026-05-31 22:00:00,711.02,714.83,707.66,711.46
1780268400,2026-05-31 23:00:00,711.46,713.12,706.26,710.55
1780272000,2026-06-01 00:00:00,710.54,717.32,708.93,710.63
1780275600,2026-06-01 01:00:00,710.63,710.89,693.05,695.09
1780279200,2026-06-01 02:00:00,695.1,708.87,693.97,707.54
1780282800,2026-06-01 03:00:00,707.55,710.15,702.96,703.65
1780286400,2026-06-01 04:00:00,703.65,705.57,696,698.01
1780290000,2026-06-01 05:00:00,698.01,698.44,694.3,695.78
1780293600,2026-06-01 06:00:00,695.78,696.26,691.09,693.39
1780297200,2026-06-01 07:00:00,693.4,694.25,684.72,686.08
1780300800,2026-06-01 08:00:00,686.08,689.78,685.25,689.61
1780304400,2026-06-01 09:00:00,689.61,729.57,688.58,711.01
1780308000,2026-06-01 10:00:00,711.01,714.53,695.05,702.27
1780311600,2026-06-01 11:00:00,702.28,708.29,695.09,697.14
1780315200,2026-06-01 12:00:00,697.14,698.38,686.16,692.7
1780318800,2026-06-01 13:00:00,692.71,693.19,679.3,686.7
1780322400,2026-06-01 14:00:00,686.71,686.74,674.51,678.58
1780326000,2026-06-01 15:00:00,678.59,685.5,677.23,677.58
1780329600,2026-06-01 16:00:00,677.59,685.93,674.07,684.66
1780333200,2026-06-01 17:00:00,684.66,689.39,683.6,687.69
1780336800,2026-06-01 18:00:00,687.69,695.68,686.48,691.28
1780340400,2026-06-01 19:00:00,691.29,696.33,690.68,696.15
1780344000,2026-06-01 20:00:00,696.14,701.73,694.82,695.81
1780347600,2026-06-01 21:00:00,695.82,695.92,689.1,690.09
1780351200,2026-06-01 22:00:00,690.09,694.5,688.42,693.52
1780354800,2026-06-01 23:00:00,693.53,695.94,692.15,693.1
1780358400,2026-06-02 00:00:00,693.1,693.97,690.01,690.47
1780362000,2026-06-02 01:00:00,690.48,692.43,684.5,684.81
1780365600,2026-06-02 02:00:00,684.82,693.3,681.18,691.12
1780369200,2026-06-02 03:00:00,691.13,695.51,690.11,693.68
1780372800,2026-06-02 04:00:00,693.68,694.24,686,686.61
1780376400,2026-06-02 05:00:00,686.61,689.08,683.16,683.74
1780380000,2026-06-02 06:00:00,683.74,685.39,680.47,683.3
1780383600,2026-06-02 07:00:00,683.31,686.39,680.54,681.84
1780387200,2026-06-02 08:00:00,681.84,685.57,680.75,681.81
1780390800,2026-06-02 09:00:00,681.82,682.34,676.09,677.77
1780394400,2026-06-02 10:00:00,677.77,681.15,675.58,680.11
1780398000,2026-06-02 11:00:00,680.12,680.18,676.73,678.13
1780401600,2026-06-02 12:00:00,678.13,680.21,675.05,676.12
1780405200,2026-06-02 13:00:00,676.12,676.97,671.72,674.72
1780408800,2026-06-02 14:00:00,674.73,677.5,666.67,673.35
1780412400,2026-06-02 15:00:00,673.36,673.51,658,663.13
1780416000,2026-06-02 16:00:00,663.14,671.5,660.5,663.95
1780419600,2026-06-02 17:00:00,663.95,667.43,663.38,666.38
1780423200,2026-06-02 18:00:00,666.38,667.59,659.15,659.76
1780426800,2026-06-02 19:00:00,659.76,662.23,652.36,660.31
1780430400,2026-06-02 20:00:00,660.31,662.88,656.19,661.6
1780434000,2026-06-02 21:00:00,661.61,663.45,658.88,659.81
1780437600,2026-06-02 22:00:00,659.8,659.8,642.47,648.39
1780441200,2026-06-02 23:00:00,648.39,651.86,645.26,650.69
1780444800,2026-06-03 00:00:00,650.7,657.51,650.22,654.63
1780448400,2026-06-03 01:00:00,654.63,655,646.61,649.97
1780452000,2026-06-03 02:00:00,649.98,650.49,644.04,644.77
1780455600,2026-06-03 03:00:00,644.78,646.71,630.35,633.99
1780459200,2026-06-03 04:00:00,633.97,640.11,632.81,636.66
1780462800,2026-06-03 05:00:00,636.67,646.3,636.02,645.99
1780466400,2026-06-03 06:00:00,646,646.78,640.34,640.63
1780470000,2026-06-03 07:00:00,640.64,645.34,640.11,644.1
1780473600,2026-06-03 08:00:00,644.1,645.9,640.91,644.7
1780477200,2026-06-03 09:00:00,644.7,646.06,638.81,641.84
1780480800,2026-06-03 10:00:00,641.84,646.01,640.9,641.7
1780484400,2026-06-03 11:00:00,641.7,645,637.04,637.38
1780488000,2026-06-03 12:00:00,637.38,637.53,633.12,635.43
1780491600,2026-06-03 13:00:00,635.43,637.24,630.05,633.11
1780495200,2026-06-03 14:00:00,633.11,637.64,630.18,637.02
1780498800,2026-06-03 15:00:00,637.04,639.31,632.85,632.99
1780502400,2026-06-03 16:00:00,633,633.6,620,628.25
1780506000,2026-06-03 17:00:00,628.26,629.33,623.8,627.16
1780509600,2026-06-03 18:00:00,627.16,629,625.23,628.13
1780513200,2026-06-03 19:00:00,628.13,628.98,621.74,622.77
1780516800,2026-06-03 20:00:00,622.77,625.78,616.21,619.8
1780520400,2026-06-03 21:00:00,619.8,629.63,618.88,629.43
1780524000,2026-06-03 22:00:00,629.44,630,625.83,627.43
1780527600,2026-06-03 23:00:00,627.43,627.94,620.32,620.63
1780531200,2026-06-04 00:00:00,620.63,624.57,612.93,616.23
1780534800,2026-06-04 01:00:00,616.23,617.72,599.14,602.49
1780538400,2026-06-04 02:00:00,602.5,609.99,590.46,608.05
1780542000,2026-06-04 03:00:00,608.05,621.4,608.04,618.99
1780545600,2026-06-04 04:00:00,618.99,621.36,613.87,614.63
1780549200,2026-06-04 05:00:00,614.63,614.63,600.61,604.23
1780552800,2026-06-04 06:00:00,604.24,610.98,603.49,605.4
1780556400,2026-06-04 07:00:00,605.4,605.84,599.22,600.2
1780560000,2026-06-04 08:00:00,600.2,603.7,596.45,602.28
1780563600,2026-06-04 09:00:00,602.29,602.48,591.16,597.99
1780567200,2026-06-04 10:00:00,597.99,598.09,588.1,590.47
1780570800,2026-06-04 11:00:00,590.48,595.52,588.95,595.3
1780574400,2026-06-04 12:00:00,595.31,604.98,593.94,603.55
1780578000,2026-06-04 13:00:00,603.56,606.04,597.01,604.81
1780581600,2026-06-04 14:00:00,604.82,606.56,602.17,604.75
1780585200,2026-06-04 15:00:00,604.74,609.5,603.85,606.4
1780588800,2026-06-04 16:00:00,606.4,607.46,603.03,603.74
1780592400,2026-06-04 17:00:00,603.73,605.37,599.31,604.54
1780596000,2026-06-04 18:00:00,604.54,610.35,602.87,609.17
1780599600,2026-06-04 19:00:00,609.17,610.19,605.15,606.35
1780603200,2026-06-04 20:00:00,606.35,606.56,603.1,605.42
1780606800,2026-06-04 21:00:00,605.42,607.59,597.99,599.29
1780610400,2026-06-04 22:00:00,599.29,603.71,598.15,603
1780614000,2026-06-04 23:00:00,602.97,605.32,599.16,604.53
1780617600,2026-06-05 00:00:00,604.5,608,601.72,602.09
1780621200,2026-06-05 01:00:00,602.09,602.99,595.75,602.47
1780624800,2026-06-05 02:00:00,602.47,603.12,594.56,595.92
1780628400,2026-06-05 03:00:00,595.95,598,591.4,595.76
1780632000,2026-06-05 04:00:00,595.76,602.74,593.47,602.01
1780635600,2026-06-05 05:00:00,602.02,602.85,583.27,584.55
1780639200,2026-06-05 06:00:00,584.55,585.42,570.61,580.62
1780642800,2026-06-05 07:00:00,580.62,593.56,574.36,593.26
1780646400,2026-06-05 08:00:00,593.26,593.26,585.6,587.02
1780650000,2026-06-05 09:00:00,587.02,597,586.68,596.14
1780653600,2026-06-05 10:00:00,596.14,596.72,590.88,592.89
1780657200,2026-06-05 11:00:00,592.89,595.51,589.37,590.11
1780660800,2026-06-05 12:00:00,590.12,593.75,586.74,591.15
1780664400,2026-06-05 13:00:00,591.16,596.27,580.58,581.02
1780668000,2026-06-05 14:00:00,581.02,589.96,580,582.93
1780671600,2026-06-05 15:00:00,582.94,583.93,574.66,578.75
1780675200,2026-06-05 16:00:00,578.75,583,567.79,577.76
1780678800,2026-06-05 17:00:00,577.76,579.96,572.73,576.06
1780682400,2026-06-05 18:00:00,576.09,576.9,560.83,561.32
1780686000,2026-06-05 19:00:00,561.32,570,556.46,567.33
1780689600,2026-06-05 20:00:00,567.28,578.37,563.19,577.54
1780693200,2026-06-05 21:00:00,577.53,579.4,575.65,576.5
1780696800,2026-06-05 22:00:00,576.5,578.1,572.23,577.01
1780700400,2026-06-05 23:00:00,577.01,578,566.89,572.22
1780704000,2026-06-06 00:00:00,572.17,577.8,571.99,576.52
1780707600,2026-06-06 01:00:00,576.52,579.7,574.57,576.4
1780711200,2026-06-06 02:00:00,576.39,579,573.65,576.4
1780714800,2026-06-06 03:00:00,576.41,576.82,570.6,573.13
1780718400,2026-06-06 04:00:00,573.13,575.67,559.68,565.47
1780722000,2026-06-06 05:00:00,565.47,576.89,560.41,576.28
1780725600,2026-06-06 06:00:00,576.27,579.09,574.8,576.39
1780729200,2026-06-06 07:00:00,576.39,581.58,575.9,579.06
1780732800,2026-06-06 08:00:00,579.06,584.43,578,580.78
1780736400,2026-06-06 09:00:00,580.79,582.62,575,576.55
1780740000,2026-06-06 10:00:00,576.55,576.57,571.05,573.81
1780743600,2026-06-06 11:00:00,573.8,576.69,573.37,574.06
1780747200,2026-06-06 12:00:00,574.07,577.4,571.89,575.91
1780750800,2026-06-06 13:00:00,575.91,577.2,573.19,574.49
1780754400,2026-06-06 14:00:00,574.5,577.2,574.03,574.95
1780758000,2026-06-06 15:00:00,574.95,576.87,571.04,575.86
1780761600,2026-06-06 16:00:00,575.86,577.66,571.25,574.11
1780765200,2026-06-06 17:00:00,574.12,575.32,572.66,573.92
1780768800,2026-06-06 18:00:00,573.92,576.08,573.06,574.38
1780772400,2026-06-06 19:00:00,574.37,576.01,573.48,573.73
1780776000,2026-06-06 20:00:00,573.74,575.61,572.65,574.8
1780779600,2026-06-06 21:00:00,574.81,576.86,574.56,575.02
1780783200,2026-06-06 22:00:00,575.01,575.01,570.93,572.46
1780786800,2026-06-06 23:00:00,572.46,575.5,572.16,574.53
1780790400,2026-06-07 00:00:00,574.54,576.1,573.9,574.13
1780794000,2026-06-07 01:00:00,574.14,581.64,573.6,579.74
1780797600,2026-06-07 02:00:00,579.73,581.28,577,579.08
1780801200,2026-06-07 03:00:00,579.08,581.34,578,581.1
1780804800,2026-06-07 04:00:00,581.09,582.95,578,582.79
1780808400,2026-06-07 05:00:00,582.79,587,581.65,585.24
1780812000,2026-06-07 06:00:00,585.24,589,583.85,588.4
1780815600,2026-06-07 07:00:00,588.4,590,587.33,589.67
1780819200,2026-06-07 08:00:00,589.67,599,587.45,597.94
1780822800,2026-06-07 09:00:00,597.94,598.24,592,592.94
1780826400,2026-06-07 10:00:00,592.95,594,590.04,592.82
1780830000,2026-06-07 11:00:00,592.82,595.48,592.48,593.38
1780833600,2026-06-07 12:00:00,593.37,593.99,585.73,588.51
1780837200,2026-06-07 13:00:00,588.51,589.88,587,588.89
1780840800,2026-06-07 14:00:00,588.89,593.91,588.67,591.4
1780844400,2026-06-07 15:00:00,591.4,593.16,589.08,591.52
1780848000,2026-06-07 16:00:00,591.53,595.28,590.04,594.05
1780851600,2026-06-07 17:00:00,594.06,597.39,593.56,596.14
1780855200,2026-06-07 18:00:00,596.16,597.65,594.88,595.1
1780858800,2026-06-07 19:00:00,595.11,595.4,586.7,588.62
1780862400,2026-06-07 20:00:00,588.64,594.55,587.8,593.92
1780866000,2026-06-07 21:00:00,593.92,595.1,592.44,594.08
1780869600,2026-06-07 22:00:00,594.09,610.54,592.93,603.45
1780873200,2026-06-07 23:00:00,603.36,605.99,602.88,604.44
1780876800,2026-06-08 00:00:00,604.44,608.39,603,605.65
1780880400,2026-06-08 01:00:00,605.65,605.92,599,604.04
1780884000,2026-06-08 02:00:00,604.05,604.47,601.45,601.93
1780887600,2026-06-08 03:00:00,601.92,604.41,601.01,603.35
1780891200,2026-06-08 04:00:00,603.36,603.7,596,596.4
1780894800,2026-06-08 05:00:00,596.41,597.36,591.55,595.12
1780898400,2026-06-08 06:00:00,595.12,597.54,594.86,595.88
1780902000,2026-06-08 07:00:00,595.89,597.57,593.58,596.39
1780905600,2026-06-08 08:00:00,596.4,596.44,593.43,595.33
1780909200,2026-06-08 09:00:00,595.33,601,595.27,599.72
1780912800,2026-06-08 10:00:00,599.72,600.02,596.86,598.02
1780916400,2026-06-08 11:00:00,598.02,604.39,597.09,602.29
1780920000,2026-06-08 12:00:00,602.29,603.59,597.86,603.36
1780923600,2026-06-08 13:00:00,603.38,603.6,598.2,600.34
1780927200,2026-06-08 14:00:00,600.35,603.48,599.49,603.29
1780930800,2026-06-08 15:00:00,603.29,606.28,603.21,604.2
1780934400,2026-06-08 16:00:00,604.21,607.75,603.33,603.84
1780938000,2026-06-08 17:00:00,603.85,607.99,602.38,607.95
1780941600,2026-06-08 18:00:00,607.95,609.98,606.61,607.77
1780945200,2026-06-08 19:00:00,607.76,608.6,606.35,607.66
1780948800,2026-06-08 20:00:00,607.67,608.19,605.48,606.83
1780952400,2026-06-08 21:00:00,606.83,610.44,606.63,607.6
1780956000,2026-06-08 22:00:00,607.59,607.59,604.24,606.27
1780959600,2026-06-08 23:00:00,606.3,607.54,601.09,601.86
1780963200,2026-06-09 00:00:00,601.86,602.92,593.1,595.72
1780966800,2026-06-09 01:00:00,595.72,599.02,594.84,597.69
1780970400,2026-06-09 02:00:00,597.69,598.34,594.59,598.32
1780974000,2026-06-09 03:00:00,598.32,599.96,597.35,599.14
1780977600,2026-06-09 04:00:00,599.14,603.25,596.5,602.4
1780981200,2026-06-09 05:00:00,602.41,605.68,600.64,603.54
1780984800,2026-06-09 06:00:00,603.55,605.2,602.81,604.04
1780988400,2026-06-09 07:00:00,604.04,605,601.15,604.23
1780992000,2026-06-09 08:00:00,604.24,604.58,601.24,601.95
1780995600,2026-06-09 09:00:00,601.94,603.74,599.46,600.19
1780999200,2026-06-09 10:00:00,600.19,601.09,597.05,600.09
1781002800,2026-06-09 11:00:00,600.08,600.23,596.22,596.94
1781006400,2026-06-09 12:00:00,596.93,599.68,596.1,597.46
1781010000,2026-06-09 13:00:00,597.46,598.51,593.43,594.58
1781013600,2026-06-09 14:00:00,594.58,595.5,584.63,588.79
1781017200,2026-06-09 15:00:00,588.8,591.58,586.04,586.91
1781020800,2026-06-09 16:00:00,586.91,589.53,583.84,588.6
1781024400,2026-06-09 17:00:00,588.61,593.26,588.44,591.65
1781028000,2026-06-09 18:00:00,591.65,595.15,591.25,594.34
1781031600,2026-06-09 19:00:00,594.34,596.97,593.36,596.76
1781035200,2026-06-09 20:00:00,596.76,598.62,596.06,597.04
1781038800,2026-06-09 21:00:00,597.04,597.39,594.04,594.56
1781042400,2026-06-09 22:00:00,594.56,596.02,592.44,592.89
1781046000,2026-06-09 23:00:00,592.88,593.96,590.9,593.44
1781049600,2026-06-10 00:00:00,593.44,594.83,590.03,593.43
1781053200,2026-06-10 01:00:00,593.43,594.23,590.62,591.76
1781056800,2026-06-10 02:00:00,591.77,592.77,586.48,586.86
1781060400,2026-06-10 03:00:00,586.85,589.33,586.52,587.87
1781064000,2026-06-10 04:00:00,587.88,588.24,584.15,585.39
1781067600,2026-06-10 05:00:00,585.39,586.83,583.58,585.52
1781071200,2026-06-10 06:00:00,585.53,586.79,583.99,586.1
1781074800,2026-06-10 07:00:00,586.1,589.46,585.86,588.63
1781078400,2026-06-10 08:00:00,588.63,588.64,583.96,584.68
1781082000,2026-06-10 09:00:00,584.69,585.56,581.26,584.89
1781085600,2026-06-10 10:00:00,584.89,585.82,583,584.49
1781089200,2026-06-10 11:00:00,584.5,584.93,580.68,583
1781092800,2026-06-10 12:00:00,583.01,591.32,582.4,589
1781096400,2026-06-10 13:00:00,589.01,596.63,587.68,592.87
1781100000,2026-06-10 14:00:00,592.88,594.36,590.42,592.99
1781103600,2026-06-10 15:00:00,593,598.52,591.3,596.9
1781107200,2026-06-10 16:00:00,596.9,597.16,590.75,592.45
1781110800,2026-06-10 17:00:00,592.48,594.02,587.58,590.1
1781114400,2026-06-10 18:00:00,590.1,590.8,587.05,589.84
1781118000,2026-06-10 19:00:00,589.84,590.52,587.15,588.06
1781121600,2026-06-10 20:00:00,588.05,589.22,586.24,587.25
1781125200,2026-06-10 21:00:00,587.23,587.23,582.1,583.35
1781128800,2026-06-10 22:00:00,583.35,585.96,582.31,584
1781132400,2026-06-10 23:00:00,584.01,587.18,582.86,586.53
1781136000,2026-06-11 00:00:00,586.51,590,586.51,589.02
1781139600,2026-06-11 01:00:00,589.04,594.2,589.04,593.01
1781143200,2026-06-11 02:00:00,593.02,593.25,589.51,592.35
1781146800,2026-06-11 03:00:00,592.36,597.75,591.43,596.43
1781150400,2026-06-11 04:00:00,596.43,596.57,594.04,595.14
1781154000,2026-06-11 05:00:00,595.14,595.7,593.72,594.35
1781157600,2026-06-11 06:00:00,594.35,597.63,594,596.08
1781161200,2026-06-11 07:00:00,596.09,598.26,595.11,598.21
1781164800,2026-06-11 08:00:00,598.21,603.77,598.15,601.2
1781168400,2026-06-11 09:00:00,601.2,601.51,598.8,600.57
1781172000,2026-06-11 10:00:00,600.58,600.83,598.5,599.86
1781175600,2026-06-11 11:00:00,599.86,602.74,598.5,600.63
1781179200,2026-06-11 12:00:00,600.64,601.08,597.28,599.88
1781182800,2026-06-11 13:00:00,599.88,602.99,598.22,601.64
1781186400,2026-06-11 14:00:00,601.65,602.2,598.04,598.85
1781190000,2026-06-11 15:00:00,598.84,600,597.2,598.48
1781193600,2026-06-11 16:00:00,598.48,600.52,598,598.39
1781197200,2026-06-11 17:00:00,598.39,606,596.03,605.82
1781200800,2026-06-11 18:00:00,605.77,607.33,603.33,604.67
1781204400,2026-06-11 19:00:00,604.67,606.57,602.66,604.46
1781208000,2026-06-11 20:00:00,604.44,604.68,600.8,602.5
1781211600,2026-06-11 21:00:00,602.5,604.91,602.5,603.28
1781215200,2026-06-11 22:00:00,603.29,604.9,603.18,603.5
1781218800,2026-06-11 23:00:00,603.51,606.32,602.3,605.76
1781222400,2026-06-12 00:00:00,605.77,606,603.77,604.19
1781226000,2026-06-12 01:00:00,604.2,604.2,601.22,601.8
1781229600,2026-06-12 02:00:00,601.8,606.15,601.8,604.8
1781233200,2026-06-12 03:00:00,604.79,604.84,602.07,602.24
1781236800,2026-06-12 04:00:00,602.24,604.9,601.79,603.53
1781240400,2026-06-12 05:00:00,603.54,603.67,600.47,600.61
1781244000,2026-06-12 06:00:00,600.6,601.95,596.58,598.15
1781247600,2026-06-12 07:00:00,598.16,601.41,598.11,599.82
1781251200,2026-06-12 08:00:00,599.83,606,599.78,605.23
1781254800,2026-06-12 09:00:00,605.23,607.94,604.5,606.96
1781258400,2026-06-12 10:00:00,606.96,607.83,604.56,605.98
1781262000,2026-06-12 11:00:00,605.99,608.68,605.89,606.65
1781265600,2026-06-12 12:00:00,606.64,606.64,604.87,606.36
1781269200,2026-06-12 13:00:00,606.37,607.33,603.48,605.29
1781272800,2026-06-12 14:00:00,605.3,610.19,604.93,609.54
1781276400,2026-06-12 15:00:00,609.54,613.39,605.03,605.34
1781280000,2026-06-12 16:00:00,605.34,609.04,604.7,608.51
1781283600,2026-06-12 17:00:00,608.52,609.47,605.83,606.87
1781287200,2026-06-12 18:00:00,606.87,607.95,605.59,605.86
1781290800,2026-06-12 19:00:00,605.85,606.55,602.74,603.45
1781294400,2026-06-12 20:00:00,603.46,604.61,602.74,602.85
1781298000,2026-06-12 21:00:00,602.84,604.52,602.33,603.56
1781301600,2026-06-12 22:00:00,603.57,604.08,602.38,602.97
1781305200,2026-06-12 23:00:00,602.97,604.02,602.11,603.83
1781308800,2026-06-13 00:00:00,603.84,605.27,603.42,604.88
1781312400,2026-06-13 01:00:00,604.89,606.27,603.83,606.08
1781316000,2026-06-13 02:00:00,606.09,606.15,603.33,603.72
1781319600,2026-06-13 03:00:00,603.72,604.62,599.33,600.37
1781323200,2026-06-13 04:00:00,600.37,601.27,599.5,599.55
1781326800,2026-06-13 05:00:00,599.56,600.6,599.48,600.56
1781330400,2026-06-13 06:00:00,600.56,602.93,600.41,602.7
1781334000,2026-06-13 07:00:00,602.71,604,601.85,603.27
1781337600,2026-06-13 08:00:00,603.28,604.5,602.72,603.88
1781341200,2026-06-13 09:00:00,603.88,604.3,603.07,603.77
1781344800,2026-06-13 10:00:00,603.78,605.62,603.58,604.97
1781348400,2026-06-13 11:00:00,604.97,607.49,604.83,606.67
1781352000,2026-06-13 12:00:00,606.67,609,606.16,608.9
1781355600,2026-06-13 13:00:00,608.91,610.16,608.01,608.61
1781359200,2026-06-13 14:00:00,608.61,610.57,607.87,610.45
1781362800,2026-06-13 15:00:00,610.46,611.08,609.35,610.37
1781366400,2026-06-13 16:00:00,610.38,610.49,607.49,608.9
1781370000,2026-06-13 17:00:00,608.91,609.24,606.69,607.09
1781373600,2026-06-13 18:00:00,607.09,608.69,607.09,607.81
1781377200,2026-06-13 19:00:00,607.81,608.79,607.35,608.48
1781380800,2026-06-13 20:00:00,608.49,609.47,607.68,608.99
1781384400,2026-06-13 21:00:00,608.99,612.33,608.6,609.77
1781388000,2026-06-13 22:00:00,609.78,609.87,608.42,609.09
1781391600,2026-06-13 23:00:00,609.08,610.76,608.8,609.65
1781395200,2026-06-14 00:00:00,609.66,610.13,608.88,609.47
1781398800,2026-06-14 01:00:00,609.47,611.01,609,609.26
1781402400,2026-06-14 02:00:00,609.26,610.62,609.08,609.33
1781406000,2026-06-14 03:00:00,609.33,610.21,608.51,610.04
1781409600,2026-06-14 04:00:00,610.04,610.21,608,608.81
1781413200,2026-06-14 05:00:00,608.82,610.16,608.7,610.15
1781416800,2026-06-14 06:00:00,610.14,612.1,610.14,611.32
1781420400,2026-06-14 07:00:00,611.31,611.61,609.8,610.31
1781424000,2026-06-14 08:00:00,610.32,611.63,610.13,610.54
1781427600,2026-06-14 09:00:00,610.54,612.98,609.73,611.86
1781431200,2026-06-14 10:00:00,611.87,613.03,610.9,611.09
1781434800,2026-06-14 11:00:00,611.09,612.9,611.09,612.26
1781438400,2026-06-14 12:00:00,612.26,612.5,610.01,611.26
1781442000,2026-06-14 13:00:00,611.26,612.16,611.1,611.31
1781445600,2026-06-14 14:00:00,611.31,611.83,605.34,605.85
1781449200,2026-06-14 15:00:00,605.85,608.38,605.73,608.15
1781452800,2026-06-14 16:00:00,608.16,608.76,606,606.2
1781456400,2026-06-14 17:00:00,606.2,607.63,604,604.19
1781460000,2026-06-14 18:00:00,604.2,605.49,603.57,604.4
1781463600,2026-06-14 19:00:00,604.39,604.95,602.88,603.28
1781467200,2026-06-14 20:00:00,603.27,605.86,602.79,604.92
1781470800,2026-06-14 21:00:00,604.92,617.24,604.73,614.58
1781474400,2026-06-14 22:00:00,614.59,616.57,611.68,614.11
1781478000,2026-06-14 23:00:00,614.11,616.92,612.76,616.79
1781481600,2026-06-15 00:00:00,616.79,618.08,614.7,615.51
1781485200,2026-06-15 01:00:00,615.51,616.13,613.08,613.56
1781488800,2026-06-15 02:00:00,613.56,616.81,612.66,615.62
1781492400,2026-06-15 03:00:00,615.62,618.3,615.3,617.83
1781496000,2026-06-15 04:00:00,617.84,617.99,615.97,616.67
1781499600,2026-06-15 05:00:00,616.68,618.29,616,617.64
1781503200,2026-06-15 06:00:00,617.64,619,616.5,617.44
1781506800,2026-06-15 07:00:00,617.44,617.66,615.49,615.58
1781510400,2026-06-15 08:00:00,615.59,617.15,615.32,616.13
1781514000,2026-06-15 09:00:00,616.14,616.22,612.74,614.23
1781517600,2026-06-15 10:00:00,614.24,618.42,614.14,617.53
1781521200,2026-06-15 11:00:00,617.53,622.88,616.53,620.65
1781524800,2026-06-15 12:00:00,620.65,624.5,619.34,624.5
1781528400,2026-06-15 13:00:00,624.5,632.9,623.52,626.33
1781532000,2026-06-15 14:00:00,626.33,629.35,625.37,627.9
1781535600,2026-06-15 15:00:00,627.91,630.28,624.26,629.07
1781539200,2026-06-15 16:00:00,629.07,629.68,627.2,627.71
1781542800,2026-06-15 17:00:00,627.71,627.71,623.96,625.18
1781546400,2026-06-15 18:00:00,625.19,625.19,621.92,622.02
1781550000,2026-06-15 19:00:00,622.01,624.18,618.69,620.91
1781553600,2026-06-15 20:00:00,620.91,621.77,619.33,619.68
1781557200,2026-06-15 21:00:00,619.67,621,618.05,619.32
1781560800,2026-06-15 22:00:00,619.32,620.25,615.66,615.67
1781564400,2026-06-15 23:00:00,615.67,618,615.3,617.87
1781568000,2026-06-16 00:00:00,617.87,619.13,615.48,615.94
1781571600,2026-06-16 01:00:00,615.94,618,615.54,615.8
1781575200,2026-06-16 02:00:00,615.79,615.92,611.1,612.44
1781578800,2026-06-16 03:00:00,612.44,615.36,611.8,615.06
1781582400,2026-06-16 04:00:00,615.07,615.88,611.8,612.9
1781586000,2026-06-16 05:00:00,612.91,615.08,612.9,613.65
1781589600,2026-06-16 06:00:00,613.66,616.5,613.66,615.38
1781593200,2026-06-16 07:00:00,615.38,619.21,615.31,615.77
1781596800,2026-06-16 08:00:00,615.77,619.5,615.48,619.06
1781600400,2026-06-16 09:00:00,619.06,619.32,614.7,615.15
1781604000,2026-06-16 10:00:00,615.16,616.32,613.6,613.87
1781607600,2026-06-16 11:00:00,613.87,614.83,613.3,614.28
1781611200,2026-06-16 12:00:00,614.29,617.94,613.36,614.54
1781614800,2026-06-16 13:00:00,614.54,614.59,601.33,606.35
1781618400,2026-06-16 14:00:00,606.36,608.15,602.3,605.72
1781622000,2026-06-16 15:00:00,605.72,607.93,604.98,606.47
1781625600,2026-06-16 16:00:00,606.48,608,604.05,604.26
1781629200,2026-06-16 17:00:00,604.27,608.74,604.01,607.94
1781632800,2026-06-16 18:00:00,607.94,610.76,607.17,607.98
1781636400,2026-06-16 19:00:00,607.97,608.12,605.97,607.05
1781640000,2026-06-16 20:00:00,607.06,608.93,606.42,608.32
1781643600,2026-06-16 21:00:00,608.32,608.55,606.04,607.28
1781647200,2026-06-16 22:00:00,607.29,608,605.28,606.15
1781650800,2026-06-16 23:00:00,606.16,607.18,604.56,604.94
1781654400,2026-06-17 00:00:00,604.94,606.54,604.73,605.09
1781658000,2026-06-17 01:00:00,605.09,607.79,603.1,607.49
1781661600,2026-06-17 02:00:00,607.5,608.4,604.19,605.23
1781665200,2026-06-17 03:00:00,605.23,605.71,604,604.77
1781668800,2026-06-17 04:00:00,604.78,609.4,604.3,607.59
1781672400,2026-06-17 05:00:00,607.59,609.7,606.52,607.89
1781676000,2026-06-17 06:00:00,607.89,608.31,605.55,607.15
1781679600,2026-06-17 07:00:00,607.15,607.95,605.02,606.62
1781683200,2026-06-17 08:00:00,606.63,606.69,601.42,602.43
1781686800,2026-06-17 09:00:00,602.42,603.21,600.9,601.38
1781690400,2026-06-17 10:00:00,601.38,603.14,600.99,602.05
1781694000,2026-06-17 11:00:00,602.05,604.86,600.9,604.07
1781697600,2026-06-17 12:00:00,604.07,609.6,603.74,609.47
1781701200,2026-06-17 13:00:00,609.48,612.5,608.5,608.59
1781704800,2026-06-17 14:00:00,608.59,608.59,601.01,601.6
1781708400,2026-06-17 15:00:00,601.61,606.27,601.61,605.55
1781712000,2026-06-17 16:00:00,605.56,609.4,602.35,605.69
1781715600,2026-06-17 17:00:00,605.69,609.19,605.05,608.66
1781719200,2026-06-17 18:00:00,608.67,609.75,600.39,607.76
1781722800,2026-06-17 19:00:00,607.77,609.39,597.03,598.62
1781726400,2026-06-17 20:00:00,598.6,601.02,597.6,600.86
1781730000,2026-06-17 21:00:00,600.86,602,599.09,599.45
1781733600,2026-06-17 22:00:00,599.45,601.11,595.11,599.52
1781737200,2026-06-17 23:00:00,599.52,602.29,599.48,601.63
1781740800,2026-06-18 00:00:00,601.63,603.35,601.36,602.32
1781744400,2026-06-18 01:00:00,602.33,604.31,600.66,601.72
1781748000,2026-06-18 02:00:00,601.73,603.47,600.74,601.8
1781751600,2026-06-18 03:00:00,601.81,602.02,596.25,596.6
1781755200,2026-06-18 04:00:00,596.6,597.04,590.75,591.23
1781758800,2026-06-18 05:00:00,591.24,591.35,587.5,589.58
1781762400,2026-06-18 06:00:00,589.58,590.51,587.38,589.37
1781766000,2026-06-18 07:00:00,589.38,590.77,587.97,589.57
1781769600,2026-06-18 08:00:00,589.56,592.8,589.13,591.59
1781773200,2026-06-18 09:00:00,591.58,592.71,590.28,590.66
1781776800,2026-06-18 10:00:00,590.67,591.2,588.84,590.36
1781780400,2026-06-18 11:00:00,590.36,591.12,588.49,589.64
1781784000,2026-06-18 12:00:00,589.64,591.96,589.02,591.51
1781787600,2026-06-18 13:00:00,591.52,592.5,587.67,589.55
1781791200,2026-06-18 14:00:00,589.56,592.4,588.1,589.55
1781794800,2026-06-18 15:00:00,589.54,589.54,573,573.74
1781798400,2026-06-18 16:00:00,573.75,579.83,573.48,577.66
1781802000,2026-06-18 17:00:00,577.67,578.29,574.5,576.07
1781805600,2026-06-18 18:00:00,576.08,577.87,575,576.19
1781809200,2026-06-18 19:00:00,576.19,579.37,575.62,578.88
1781812800,2026-06-18 20:00:00,578.88,581.12,578.88,579.88
1781816400,2026-06-18 21:00:00,579.89,580.08,578.07,579.57
1781820000,2026-06-18 22:00:00,579.57,580.64,577.45,578.23
1781823600,2026-06-18 23:00:00,578.22,578.89,576.94,578.48
1781827200,2026-06-19 00:00:00,578.48,579.89,577.62,579.38
1781830800,2026-06-19 01:00:00,579.39,582.52,579.39,581.95
1781834400,2026-06-19 02:00:00,581.96,582.84,580.56,582.49
1781838000,2026-06-19 03:00:00,582.5,583.29,575.9,578.19
1781841600,2026-06-19 04:00:00,578.19,578.89,570.82,572.61
1781845200,2026-06-19 05:00:00,572.61,576.11,572.47,575.87
1781848800,2026-06-19 06:00:00,575.87,577.16,573.49,574.5
1781852400,2026-06-19 07:00:00,574.51,575.59,572.82,574.97
1781856000,2026-06-19 08:00:00,574.97,575.28,573.26,574.17
1781859600,2026-06-19 09:00:00,574.17,574.46,571.07,571.44
1781863200,2026-06-19 10:00:00,571.44,573.42,571,573.04
1781866800,2026-06-19 11:00:00,573.04,573.86,571.81,573.28
1781870400,2026-06-19 12:00:00,573.29,576.17,572.12,575.55
1781874000,2026-06-19 13:00:00,575.56,578.5,573.22,577.73
1781877600,2026-06-19 14:00:00,577.73,579.24,576.47,577.61
1781881200,2026-06-19 15:00:00,577.6,579.73,576.47,578.77
1781884800,2026-06-19 16:00:00,578.77,580.7,577.2,577.46
1781888400,2026-06-19 17:00:00,577.47,580.26,577.2,579.92
1781892000,2026-06-19 18:00:00,579.93,580.16,578.26,579.25
1781895600,2026-06-19 19:00:00,579.25,582,577.87,579.93
1781899200,2026-06-19 20:00:00,579.94,581.86,578.97,581.7
1781902800,2026-06-19 21:00:00,581.7,582.47,579.86,580.14
1781906400,2026-06-19 22:00:00,580.13,581.5,579.83,580.57
1781910000,2026-06-19 23:00:00,580.57,582.4,580.08,581.42
1781913600,2026-06-20 00:00:00,581.41,582.75,580.7,580.91
1781917200,2026-06-20 01:00:00,580.91,581.77,580.42,581.25
1781920800,2026-06-20 02:00:00,581.25,581.48,580.13,580.18
1781924400,2026-06-20 03:00:00,580.19,581.1,580.12,580.6
1781928000,2026-06-20 04:00:00,580.6,581.2,580.24,581
1781931600,2026-06-20 05:00:00,581,584.2,580.87,582.83
1781935200,2026-06-20 06:00:00,582.83,588.5,582.83,587.25
1781938800,2026-06-20 07:00:00,587.25,589.43,585.27,587.69
1781942400,2026-06-20 08:00:00,587.7,587.87,585.38,585.67
1781946000,2026-06-20 09:00:00,585.68,588.3,585.61,587.81
1781949600,2026-06-20 10:00:00,587.81,587.92,585.68,586.98
1781953200,2026-06-20 11:00:00,586.98,587.76,586.15,586.38
1781956800,2026-06-20 12:00:00,586.37,587.15,585.71,586.42
1781960400,2026-06-20 13:00:00,586.42,586.77,583.13,584.73
1781964000,2026-06-20 14:00:00,584.73,588.27,582,586.04
1781967600,2026-06-20 15:00:00,586.04,589,585.09,587.2
1781971200,2026-06-20 16:00:00,587.21,587.4,585.47,586.8
1781974800,2026-06-20 17:00:00,586.8,586.8,584,585.34
1781978400,2026-06-20 18:00:00,585.34,587.04,585.3,585.37
1781982000,2026-06-20 19:00:00,585.37,586.53,585.3,585.92
1781985600,2026-06-20 20:00:00,585.92,586.55,585,586.39
1781989200,2026-06-20 21:00:00,586.4,587.37,585.64,586.46
1781992800,2026-06-20 22:00:00,586.46,588.5,585.99,587.91
1781996400,2026-06-20 23:00:00,587.91,588.5,587.38,588.03
1782000000,2026-06-21 00:00:00,588.03,588.65,587.32,587.49
1782003600,2026-06-21 01:00:00,587.48,590.22,587,589.44
1782007200,2026-06-21 02:00:00,589.44,589.7,588.41,589.52
1782010800,2026-06-21 03:00:00,589.53,591,589.02,590.36
1782014400,2026-06-21 04:00:00,590.37,590.86,589.1,589.24
1782018000,2026-06-21 05:00:00,589.24,590.63,588.81,589.76
1782021600,2026-06-21 06:00:00,589.76,591.65,589.07,590.27
1782025200,2026-06-21 07:00:00,590.28,591.83,589.58,590.94
1782028800,2026-06-21 08:00:00,590.94,591.01,587.51,588.88
1782032400,2026-06-21 09:00:00,588.89,590.44,588.19,589.97
1782036000,2026-06-21 10:00:00,589.97,591.78,589.76,590.21
1782039600,2026-06-21 11:00:00,590.22,590.79,588,588.45
1782043200,2026-06-21 12:00:00,588.44,588.56,585.15,587.08
1782046800,2026-06-21 13:00:00,587.09,589.16,586.77,588.42
1782050400,2026-06-21 14:00:00,588.43,589.83,587.84,589.82
1782054000,2026-06-21 15:00:00,589.82,590.5,589.32,589.88
1782057600,2026-06-21 16:00:00,589.88,590.39,588.58,589.8
1782061200,2026-06-21 17:00:00,589.8,591.44,589.74,590.86
1782064800,2026-06-21 18:00:00,590.85,591.78,589.14,591.68
1782068400,2026-06-21 19:00:00,591.68,592.56,591.33,591.85
1782072000,2026-06-21 20:00:00,591.85,591.89,587.4,588.46
1782075600,2026-06-21 21:00:00,588.48,588.66,585.14,587.68
1782079200,2026-06-21 22:00:00,587.67,588.9,585.58,587.49
1782082800,2026-06-21 23:00:00,587.5,587.5,583.6,584.23
1782086400,2026-06-22 00:00:00,584.23,589.43,584.07,587.88
1782090000,2026-06-22 01:00:00,587.88,596.31,587.11,594.51
1782093600,2026-06-22 02:00:00,594.52,594.72,591.32,591.33
1782097200,2026-06-22 03:00:00,591.32,592.7,589.07,590.05
1782100800,2026-06-22 04:00:00,590.05,590.67,589.31,590.57
1782104400,2026-06-22 05:00:00,590.56,592.99,590.11,592.99
1782108000,2026-06-22 06:00:00,593,594.12,590.46,590.82
1782111600,2026-06-22 07:00:00,590.83,595.03,590.59,593.96
1782115200,2026-06-22 08:00:00,593.97,594.9,592.41,593.18
1782118800,2026-06-22 09:00:00,593.18,593.66,592.38,593.12
1782122400,2026-06-22 10:00:00,593.11,593.33,591.23,592.07
1782126000,2026-06-22 11:00:00,592.07,598,591.88,597.17
1782129600,2026-06-22 12:00:00,597.17,601,597.17,600.63
1782133200,2026-06-22 13:00:00,600.64,602.31,599.21,602.1
1782136800,2026-06-22 14:00:00,602.11,602.3,596.12,597.96
1782140400,2026-06-22 15:00:00,597.95,599.38,595.5,596.25
1782144000,2026-06-22 16:00:00,596.25,596.43,592.58,594.79
1782147600,2026-06-22 17:00:00,594.79,595.73,593.01,595.44
1782151200,2026-06-22 18:00:00,595.44,597,593.17,593.35
1782154800,2026-06-22 19:00:00,593.34,593.96,590.23,592.29
1782158400,2026-06-22 20:00:00,592.29,593.15,589.92,591.56
1782162000,2026-06-22 21:00:00,591.56,592.07,589.17,591.17
1782165600,2026-06-22 22:00:00,591.16,591.94,587.88,589.97
1782169200,2026-06-22 23:00:00,589.97,591.19,589,590.15
1782172800,2026-06-23 00:00:00,590.14,591.77,588.8,591.4
1782176400,2026-06-23 01:00:00,591.4,592.27,588.03,590.38
1782180000,2026-06-23 02:00:00,590.38,592.83,589.85,592.62
1782183600,2026-06-23 03:00:00,592.63,592.67,589.76,591.96
1782187200,2026-06-23 04:00:00,591.97,592.31,587.1,587.21
1782190800,2026-06-23 05:00:00,587.21,588.03,585,585.6
1782194400,2026-06-23 06:00:00,585.61,585.97,577.46,581.14
1782198000,2026-06-23 07:00:00,581.14,582.66,580.74,580.88
1782201600,2026-06-23 08:00:00,580.87,581.43,570.57,574.08
1782205200,2026-06-23 09:00:00,574.08,574.83,571.51,571.92
1782208800,2026-06-23 10:00:00,571.92,573.61,570.86,572.11
1782212400,2026-06-23 11:00:00,572.11,574.68,571.71,574.07
1782216000,2026-06-23 12:00:00,574.07,575.6,573,573.76
1782219600,2026-06-23 13:00:00,573.75,575.46,571.21,575.28
1782223200,2026-06-23 14:00:00,575.27,577.02,573.21,573.84
1782226800,2026-06-23 15:00:00,573.84,574.96,572.07,574.67
1782230400,2026-06-23 16:00:00,574.67,577.25,574.12,574.72
1782234000,2026-06-23 17:00:00,574.71,575.92,573.48,574.08
1782237600,2026-06-23 18:00:00,574.07,575.19,572.7,573.82
1782241200,2026-06-23 19:00:00,573.81,576.81,573.78,576.2
1782244800,2026-06-23 20:00:00,576.2,577.11,575.51,576.25
1782248400,2026-06-23 21:00:00,576.25,577.83,576.09,577
1782252000,2026-06-23 22:00:00,577.01,578.4,576.48,577.99
1782255600,2026-06-23 23:00:00,577.98,579.24,576.6,578.08
1782259200,2026-06-24 00:00:00,578.09,581.11,577.95,579.82
1782262800,2026-06-24 01:00:00,579.82,581.63,578.77,579.54
1782266400,2026-06-24 02:00:00,579.54,579.75,577.33,577.49
1782270000,2026-06-24 03:00:00,577.48,578.59,575.38,577.85
1782273600,2026-06-24 04:00:00,577.85,578.81,574.24,577.45
1782277200,2026-06-24 05:00:00,577.46,581.4,577.24,579.93
1782280800,2026-06-24 06:00:00,579.92,580.58,578.84,579
1782284400,2026-06-24 07:00:00,579,579.17,576.3,576.92
1782288000,2026-06-24 08:00:00,576.93,578.13,576.53,577.88
1782291600,2026-06-24 09:00:00,577.89,577.89,576.07,577.01
1782295200,2026-06-24 10:00:00,577,577.05,575.22,575.52
1782298800,2026-06-24 11:00:00,575.53,582.21,573.84,579.79
1782302400,2026-06-24 12:00:00,579.79,580.33,576.54,576.75
1782306000,2026-06-24 13:00:00,576.75,576.97,568.29,570.11
1782309600,2026-06-24 14:00:00,570.14,571.76,567.59,570.45
1782313200,2026-06-24 15:00:00,570.46,570.46,561.02,561.41
1782316800,2026-06-24 16:00:00,561.4,563.79,552,554.75
1782320400,2026-06-24 17:00:00,554.74,557.15,546.6,549.04
1782324000,2026-06-24 18:00:00,549.05,556,548.14,553.59
1782327600,2026-06-24 19:00:00,553.6,555.61,552.25,555.57
1782331200,2026-06-24 20:00:00,555.57,564.61,554.67,563.2
1782334800,2026-06-24 21:00:00,563.22,564.24,559.94,564.21
1782338400,2026-06-24 22:00:00,564.21,566.26,562.92,563.35
1782342000,2026-06-24 23:00:00,563.35,565,562.73,564.67
1782345600,2026-06-25 00:00:00,564.66,565.98,563.09,564.05
1782349200,2026-06-25 01:00:00,564.05,566.76,563.48,566.21
1782352800,2026-06-25 02:00:00,566.2,567.11,565.32,565.82
1782356400,2026-06-25 03:00:00,565.81,566.91,564.56,565.79
1782360000,2026-06-25 04:00:00,565.78,568.96,563.79,568.46
1782363600,2026-06-25 05:00:00,568.46,571.18,567.98,570.19
1782367200,2026-06-25 06:00:00,570.19,572.72,570.18,571.3
1782370800,2026-06-25 07:00:00,571.31,572.06,569.88,570.47
1782374400,2026-06-25 08:00:00,570.47,570.61,568.99,569.56
1782378000,2026-06-25 09:00:00,569.56,570.29,568.31,568.68
1782381600,2026-06-25 10:00:00,568.67,568.87,562.44,563.7
1782385200,2026-06-25 11:00:00,563.71,564.25,560.46,562.7
1782388800,2026-06-25 12:00:00,562.71,566.9,561.07,563.06
1782392400,2026-06-25 13:00:00,563.06,568.58,540.6,542.2
1782396000,2026-06-25 14:00:00,542.2,559.47,542.2,553.16
1782399600,2026-06-25 15:00:00,553.16,554.56,548.24,554.04
1782403200,2026-06-25 16:00:00,554.04,557.35,552.46,554.17
1782406800,2026-06-25 17:00:00,554.17,559.63,553.23,559.63
1782410400,2026-06-25 18:00:00,559.63,560.24,554.72,555.52
1782414000,2026-06-25 19:00:00,555.52,555.54,552.55,554.27
1782417600,2026-06-25 20:00:00,554.28,557.2,554.27,555.47
1782421200,2026-06-25 21:00:00,555.46,561.63,555.42,561.41
1782424800,2026-06-25 22:00:00,561.4,561.4,559.51,560.37
1782428400,2026-06-25 23:00:00,560.37,563,559.27,560.62
1782432000,2026-06-26 00:00:00,560.63,564.98,559.6,560.8
1782435600,2026-06-26 01:00:00,560.8,561.49,557.03,558.53
1782439200,2026-06-26 02:00:00,558.53,558.63,550.37,552.43
1782442800,2026-06-26 03:00:00,552.44,563.63,551.01,562.99
1782446400,2026-06-26 04:00:00,562.99,563.31,559.52,560.28
1782450000,2026-06-26 05:00:00,560.29,561.83,559.19,561.09
1782453600,2026-06-26 06:00:00,561.1,565.32,559.04,564.14
1782457200,2026-06-26 07:00:00,564.14,570.34,564.1,569.48
1782460800,2026-06-26 08:00:00,569.49,569.96,566.7,568.58
1782464400,2026-06-26 09:00:00,568.58,568.68,563.43,564.21
1782468000,2026-06-26 10:00:00,564.21,566.49,563.03,564.17
1782471600,2026-06-26 11:00:00,564.16,565.64,558.82,558.99
1782475200,2026-06-26 12:00:00,558.99,561.41,554.36,556.27
1782478800,2026-06-26 13:00:00,556.27,564.21,551.92,563.88
1782482400,2026-06-26 14:00:00,563.9,564.9,559.15,559.8
1782486000,2026-06-26 15:00:00,559.81,567.2,559.6,565.28
1782489600,2026-06-26 16:00:00,565.28,568.98,562.77,566.83
1782493200,2026-06-26 17:00:00,566.83,568.32,566.21,567.45
1782496800,2026-06-26 18:00:00,567.45,568.57,564.8,565.3
1782500400,2026-06-26 19:00:00,565.3,568.68,564.85,565.82
1782504000,2026-06-26 20:00:00,565.85,568.59,564.63,565.05
1782507600,2026-06-26 21:00:00,565.06,568.26,564.46,568
1782511200,2026-06-26 22:00:00,568.01,568.5,565.72,568.23
1782514800,2026-06-26 23:00:00,568.23,568.68,567.12,567.64
1782518400,2026-06-27 00:00:00,567.65,568.66,565.8,567.72
1782522000,2026-06-27 01:00:00,567.72,567.75,565.62,565.76
1782525600,2026-06-27 02:00:00,565.75,568.44,565.23,567.88
1782529200,2026-06-27 03:00:00,567.87,568.12,566.04,566.96
1782532800,2026-06-27 04:00:00,566.96,567.95,564.34,564.54
1782536400,2026-06-27 05:00:00,564.54,566.34,563.93,565.46
1782540000,2026-06-27 06:00:00,565.45,566.7,564.41,565.43
1782543600,2026-06-27 07:00:00,565.43,565.78,564.93,565.53
1782547200,2026-06-27 08:00:00,565.53,565.72,564.3,565.41
1782550800,2026-06-27 09:00:00,565.4,565.69,564.17,564.63
1782554400,2026-06-27 10:00:00,564.62,564.77,563.63,564.64
1782558000,2026-06-27 11:00:00,564.64,564.69,562.53,563.16
1782561600,2026-06-27 12:00:00,563.16,564.67,562.47,564.3
1782565200,2026-06-27 13:00:00,564.29,565.49,563.68,564.18
1782568800,2026-06-27 14:00:00,564.18,565.29,563.18,564.5
1782572400,2026-06-27 15:00:00,564.5,567.04,564.22,565.46
1782576000,2026-06-27 16:00:00,565.47,566.6,565,566.51
1782579600,2026-06-27 17:00:00,566.5,566.76,563.29,563.3
1782583200,2026-06-27 18:00:00,563.3,563.51,561.8,562.24
1782586800,2026-06-27 19:00:00,562.24,562.9,557.95,559.12
1782590400,2026-06-27 20:00:00,559.11,559.99,559.03,559.73
1782594000,2026-06-27 21:00:00,559.75,563.28,556.25,557.41
1782597600,2026-06-27 22:00:00,557.4,559.07,554.53,559
1782601200,2026-06-27 23:00:00,558.99,559.12,556.98,557.2
1782604800,2026-06-28 00:00:00,557.19,558.48,556.85,557.87
1782608400,2026-06-28 01:00:00,557.88,558.31,556.46,558.03
1782612000,2026-06-28 02:00:00,558.03,558.8,556.78,557.57
1782615600,2026-06-28 03:00:00,557.56,558.85,557.56,558.74
1782619200,2026-06-28 04:00:00,558.74,558.74,556.78,556.92
1782622800,2026-06-28 05:00:00,556.92,557.3,554.66,556.05
1782626400,2026-06-28 06:00:00,556.06,556.37,554.03,554.94
1782630000,2026-06-28 07:00:00,554.94,556.8,554.93,556.45
1782633600,2026-06-28 08:00:00,556.46,558.89,555.3,557.37
1782637200,2026-06-28 09:00:00,557.4,558.03,555.16,555.25
1782640800,2026-06-28 10:00:00,555.26,556.24,554.35,555.16
1782644400,2026-06-28 11:00:00,555.17,557.41,555.02,557.29
1782648000,2026-06-28 12:00:00,557.29,558,555.5,556.63
1782651600,2026-06-28 13:00:00,556.63,556.71,554.14,555.28
1782655200,2026-06-28 14:00:00,555.28,557.09,554.94,554.95
1782658800,2026-06-28 15:00:00,554.95,556.09,553.8,554.55
1782662400,2026-06-28 16:00:00,554.56,554.84,551.48,552.42
1782666000,2026-06-28 17:00:00,552.42,553.43,550,551.98
1782669600,2026-06-28 18:00:00,551.98,553.94,551.32,553.86
1782673200,2026-06-28 19:00:00,553.86,553.86,547.23,548.45
1782676800,2026-06-28 20:00:00,548.44,555.28,548.33,550.1
1782680400,2026-06-28 21:00:00,550.1,551.67,548.44,548.94
1782684000,2026-06-28 22:00:00,548.94,553.13,545.62,547.29
1782687600,2026-06-28 23:00:00,547.28,553.26,546.9,551.07
1782691200,2026-06-29 00:00:00,551.07,553.09,546.67,552.84
1782694800,2026-06-29 01:00:00,552.83,553.07,549.64,552.27
1782698400,2026-06-29 02:00:00,552.28,554.8,547.42,553.78
1782702000,2026-06-29 03:00:00,553.78,556.69,553.55,555.19
1782705600,2026-06-29 04:00:00,555.2,555.26,550.91,551.33
1782709200,2026-06-29 05:00:00,551.33,553.33,548.37,553.33
1782712800,2026-06-29 06:00:00,553.33,555.53,553.01,554
1782716400,2026-06-29 07:00:00,554,554.66,552.73,553.6
1782720000,2026-06-29 08:00:00,553.6,554.48,551.52,552.94
1782723600,2026-06-29 09:00:00,552.95,554.62,552.32,553.6
1782727200,2026-06-29 10:00:00,553.59,555.78,553.51,553.8
1782730800,2026-06-29 11:00:00,553.81,554.69,550.51,551.87
1782734400,2026-06-29 12:00:00,551.86,558.42,549.68,553.3
1782738000,2026-06-29 13:00:00,553.3,555.94,549,550.7
1782741600,2026-06-29 14:00:00,550.71,552.04,546.17,550.98
1782745200,2026-06-29 15:00:00,551,552.62,547.5,551.97
1782748800,2026-06-29 16:00:00,551.97,559.04,550.34,556.15
1782752400,2026-06-29 17:00:00,556.15,562.96,556.05,561.12
1782756000,2026-06-29 18:00:00,561.13,562.4,560.34,561.14
1782759600,2026-06-29 19:00:00,561.14,563.16,559.94,561.78
1782763200,2026-06-29 20:00:00,561.78,562.21,559.98,560.08
1782766800,2026-06-29 21:00:00,560.08,561.84,559.42,561.2
1782770400,2026-06-29 22:00:00,561.2,561.88,560.01,560.12
1782774000,2026-06-29 23:00:00,560.12,560.55,559.28,559.52
1782777600,2026-06-30 00:00:00,559.51,560.4,555.27,555.71
1782781200,2026-06-30 01:00:00,555.72,557.16,555,555.8
1782784800,2026-06-30 02:00:00,555.8,557.38,554.53,556.59
1782788400,2026-06-30 03:00:00,556.59,556.91,553.76,553.77
1782792000,2026-06-30 04:00:00,553.76,554.73,551.62,553.17
1782795600,2026-06-30 05:00:00,553.17,554.14,552,554.12
1782799200,2026-06-30 06:00:00,554.13,554.19,552.48,553.3
1782802800,2026-06-30 07:00:00,553.31,553.59,551.83,552.42
1782806400,2026-06-30 08:00:00,552.42,553.06,549.53,550.16
1782810000,2026-06-30 09:00:00,550.16,551.37,549.14,549.83
1782813600,2026-06-30 10:00:00,549.83,550.6,549.16,549.45
1782817200,2026-06-30 11:00:00,549.44,549.6,547,547.7
1782820800,2026-06-30 12:00:00,547.71,547.77,543.79,543.8
1782824400,2026-06-30 13:00:00,543.8,548.8,543.68,548.56
1782828000,2026-06-30 14:00:00,548.56,551.56,544.94,545.57
1782831600,2026-06-30 15:00:00,545.57,547.49,543.68,544.96
1782835200,2026-06-30 16:00:00,544.96,547.94,544.86,546.76
1782838800,2026-06-30 17:00:00,546.76,548.66,545.87,546.82
1782842400,2026-06-30 18:00:00,546.83,548.55,545.52,546.94
1782846000,2026-06-30 19:00:00,546.94,547.92,545.88,547.4
1782849600,2026-06-30 20:00:00,547.38,547.7,545.22,545.52
1782853200,2026-06-30 21:00:00,545.52,545.82,544.13,545.02
1782856800,2026-06-30 22:00:00,545.03,545.97,544.41,544.87
1782860400,2026-06-30 23:00:00,544.87,546.8,544.85,546.52
