unix_timestamp,datetime_utc,open,high,low,close
1767225600,2026-01-01 00:00:00,2971.65,2982.83,2971.15,2979.81
1767229200,2026-01-01 01:00:00,2979.81,2988.96,2979.18,2984.32
1767232800,2026-01-01 02:00:00,2984.33,2987.82,2980.9,2982.49
1767236400,2026-01-01 03:00:00,2982.5,2986.18,2979.53,2980
1767240000,2026-01-01 04:00:00,2979.99,2980.97,2972.99,2975.35
1767243600,2026-01-01 05:00:00,2975.36,2983.79,2975.36,2981.49
1767247200,2026-01-01 06:00:00,2981.49,2981.49,2975.89,2975.89
1767250800,2026-01-01 07:00:00,2975.9,2980.89,2975.89,2978.53
1767254400,2026-01-01 08:00:00,2978.52,2983,2977.8,2982.59
1767258000,2026-01-01 09:00:00,2982.59,2987.41,2982.15,2984
1767261600,2026-01-01 10:00:00,2984,2985.77,2982.14,2985
1767265200,2026-01-01 11:00:00,2984.99,2993.2,2984.99,2989.69
1767268800,2026-01-01 12:00:00,2989.7,2990.45,2983.36,2987.69
1767272400,2026-01-01 13:00:00,2987.7,2990.09,2982.02,2982.96
1767276000,2026-01-01 14:00:00,2982.96,2986.45,2977.74,2985.15
1767279600,2026-01-01 15:00:00,2985.16,2994.87,2980.75,2989.87
1767283200,2026-01-01 16:00:00,2989.87,2990.84,2980.75,2982.29
1767286800,2026-01-01 17:00:00,2982.28,3005.98,2980.89,2990.44
1767290400,2026-01-01 18:00:00,2990.44,2992.74,2985.15,2990.41
1767294000,2026-01-01 19:00:00,2990.4,2998.04,2987.23,2995.42
1767297600,2026-01-01 20:00:00,2995.42,2997.15,2987.54,2989.08
1767301200,2026-01-01 21:00:00,2989.09,2993.06,2987.66,2989.66
1767304800,2026-01-01 22:00:00,2989.66,3000.26,2987.57,2999.3
1767308400,2026-01-01 23:00:00,2999.29,3010,2990.98,3004.19
1767312000,2026-01-02 00:00:00,3004.19,3008.48,2995.38,3006.14
1767315600,2026-01-02 01:00:00,3006.15,3008.08,2998.46,3002.98
1767319200,2026-01-02 02:00:00,3002.99,3003.65,2992.49,3002.29
1767322800,2026-01-02 03:00:00,3002.29,3035,3000,3022.53
1767326400,2026-01-02 04:00:00,3022.53,3024.61,3010.5,3011.84
1767330000,2026-01-02 05:00:00,3011.83,3018.63,3009.02,3016.56
1767333600,2026-01-02 06:00:00,3016.55,3039.54,3014.49,3026.9
1767337200,2026-01-02 07:00:00,3026.91,3032.41,3016.89,3018.33
1767340800,2026-01-02 08:00:00,3018.32,3033.88,3015.95,3032.28
1767344400,2026-01-02 09:00:00,3032.27,3055,3030.15,3048.15
1767348000,2026-01-02 10:00:00,3048.16,3069.71,3045.71,3057.25
1767351600,2026-01-02 11:00:00,3057.25,3057.91,3040.89,3047.82
1767355200,2026-01-02 12:00:00,3047.81,3057.97,3043.2,3048.67
1767358800,2026-01-02 13:00:00,3048.66,3058.42,3046.35,3050.27
1767362400,2026-01-02 14:00:00,3050.28,3109,3020.79,3082.85
1767366000,2026-01-02 15:00:00,3082.84,3097.65,3055.13,3086.64
1767369600,2026-01-02 16:00:00,3086.64,3146.97,3079.23,3132.22
1767373200,2026-01-02 17:00:00,3132.21,3150.01,3110.83,3123
1767376800,2026-01-02 18:00:00,3122.99,3132.2,3097.13,3110.56
1767380400,2026-01-02 19:00:00,3110.56,3127.87,3107.62,3123.62
1767384000,2026-01-02 20:00:00,3123.63,3129.75,3111.52,3117.99
1767387600,2026-01-02 21:00:00,3117.99,3134,3116.31,3130.96
1767391200,2026-01-02 22:00:00,3130.96,3146,3128.09,3133.81
1767394800,2026-01-02 23:00:00,3133.82,3135.66,3120.3,3125.45
1767398400,2026-01-03 00:00:00,3125.46,3136.71,3122.26,3131
1767402000,2026-01-03 01:00:00,3130.99,3131.85,3123.43,3130.81
1767405600,2026-01-03 02:00:00,3130.81,3130.81,3120.17,3126.27
1767409200,2026-01-03 03:00:00,3126.26,3127.35,3119.26,3125.56
1767412800,2026-01-03 04:00:00,3125.56,3127.79,3115.01,3116.61
1767416400,2026-01-03 05:00:00,3116.61,3119.09,3104.89,3112.12
1767420000,2026-01-03 06:00:00,3112.12,3117.76,3098.34,3098.34
1767423600,2026-01-03 07:00:00,3098.33,3105.31,3076,3090.5
1767427200,2026-01-03 08:00:00,3090.49,3105.72,3083.86,3095.48
1767430800,2026-01-03 09:00:00,3095.48,3110.56,3091.96,3100.9
1767434400,2026-01-03 10:00:00,3100.9,3105.53,3097.05,3097.31
1767438000,2026-01-03 11:00:00,3097.31,3100.22,3091.99,3098.49
1767441600,2026-01-03 12:00:00,3098.5,3105.58,3093.47,3105.04
1767445200,2026-01-03 13:00:00,3105.04,3107.99,3100.89,3103.03
1767448800,2026-01-03 14:00:00,3103.03,3114.61,3101.5,3106
1767452400,2026-01-03 15:00:00,3106,3107.5,3100.28,3101.31
1767456000,2026-01-03 16:00:00,3101.32,3112.17,3098.33,3107.03
1767459600,2026-01-03 17:00:00,3107.04,3110.42,3105.62,3108.46
1767463200,2026-01-03 18:00:00,3108.47,3118.55,3105.08,3116.46
1767466800,2026-01-03 19:00:00,3116.46,3116.46,3110.5,3113.13
1767470400,2026-01-03 20:00:00,3113.13,3116.89,3107.49,3115.65
1767474000,2026-01-03 21:00:00,3115.65,3129.22,3113.04,3120.87
1767477600,2026-01-03 22:00:00,3120.87,3126.2,3113.92,3122.78
1767481200,2026-01-03 23:00:00,3122.78,3131,3120.89,3127.11
1767484800,2026-01-04 00:00:00,3127.11,3167.22,3126.35,3157.75
1767488400,2026-01-04 01:00:00,3157.75,3162.33,3141.5,3150.17
1767492000,2026-01-04 02:00:00,3150.17,3151.02,3137.6,3141.12
1767495600,2026-01-04 03:00:00,3141.12,3150.86,3140.01,3147.36
1767499200,2026-01-04 04:00:00,3147.36,3156,3144.89,3148.25
1767502800,2026-01-04 05:00:00,3148.26,3152.3,3144.48,3151.36
1767506400,2026-01-04 06:00:00,3151.36,3163.19,3139.37,3140
1767510000,2026-01-04 07:00:00,3140,3145.92,3133.57,3141.29
1767513600,2026-01-04 08:00:00,3141.29,3141.98,3126,3138.61
1767517200,2026-01-04 09:00:00,3138.62,3148,3134.9,3143.78
1767520800,2026-01-04 10:00:00,3143.79,3148.3,3142.66,3146.34
1767524400,2026-01-04 11:00:00,3146.34,3146.34,3135.32,3139.54
1767528000,2026-01-04 12:00:00,3139.55,3147.26,3133.59,3136.8
1767531600,2026-01-04 13:00:00,3136.81,3141.51,3131.8,3140.76
1767535200,2026-01-04 14:00:00,3140.75,3143.3,3132,3137.26
1767538800,2026-01-04 15:00:00,3137.25,3139.6,3118.75,3135.55
1767542400,2026-01-04 16:00:00,3135.55,3139.97,3131.03,3139.11
1767546000,2026-01-04 17:00:00,3139.12,3143.6,3135.68,3137.5
1767549600,2026-01-04 18:00:00,3137.49,3137.88,3123.01,3135.03
1767553200,2026-01-04 19:00:00,3135.04,3135.14,3118.98,3132.72
1767556800,2026-01-04 20:00:00,3132.72,3143,3130.85,3142.09
1767560400,2026-01-04 21:00:00,3142.09,3155.85,3137.75,3145.44
1767564000,2026-01-04 22:00:00,3145.44,3150.36,3136.44,3139.37
1767567600,2026-01-04 23:00:00,3139.37,3153.7,3134.67,3144.7
1767571200,2026-01-05 00:00:00,3144.71,3175.32,3143.54,3168.19
1767574800,2026-01-05 01:00:00,3168.2,3220.82,3163.12,3197.91
1767578400,2026-01-05 02:00:00,3197.92,3204.34,3182.95,3193.07
1767582000,2026-01-05 03:00:00,3193.07,3197.51,3184.61,3185.86
1767585600,2026-01-05 04:00:00,3185.86,3188.35,3157.46,3167.11
1767589200,2026-01-05 05:00:00,3167.12,3169.63,3148,3149.93
1767592800,2026-01-05 06:00:00,3149.93,3159.11,3135.31,3157.68
1767596400,2026-01-05 07:00:00,3157.68,3163.24,3155.31,3157.33
1767600000,2026-01-05 08:00:00,3157.24,3172.01,3155.73,3163.62
1767603600,2026-01-05 09:00:00,3163.62,3175.17,3153.12,3168.18
1767607200,2026-01-05 10:00:00,3168.17,3179.04,3162.52,3173.19
1767610800,2026-01-05 11:00:00,3173.19,3183.64,3168.21,3180.27
1767614400,2026-01-05 12:00:00,3180.28,3183.91,3166.33,3170.5
1767618000,2026-01-05 13:00:00,3170.51,3175.32,3143.67,3154.39
1767621600,2026-01-05 14:00:00,3154.39,3178.34,3135.02,3167
1767625200,2026-01-05 15:00:00,3167,3205,3152.4,3195.57
1767628800,2026-01-05 16:00:00,3195.58,3202.68,3172.81,3183.9
1767632400,2026-01-05 17:00:00,3183.9,3229.99,3159.48,3213.38
1767636000,2026-01-05 18:00:00,3213.39,3228.95,3186.39,3228.3
1767639600,2026-01-05 19:00:00,3228.31,3228.52,3214.82,3223.07
1767643200,2026-01-05 20:00:00,3223.07,3265.66,3220,3241.93
1767646800,2026-01-05 21:00:00,3241.94,3248.27,3231.76,3238.32
1767650400,2026-01-05 22:00:00,3238.32,3249.75,3229.59,3240.19
1767654000,2026-01-05 23:00:00,3240.2,3241.39,3224.86,3224.99
1767657600,2026-01-06 00:00:00,3224.99,3231.21,3203.34,3216.1
1767661200,2026-01-06 01:00:00,3216.1,3247.3,3215.83,3218.32
1767664800,2026-01-06 02:00:00,3218.33,3224.36,3208.72,3217.1
1767668400,2026-01-06 03:00:00,3217.1,3233.5,3214.12,3225.1
1767672000,2026-01-06 04:00:00,3225.1,3233.52,3222.95,3222.96
1767675600,2026-01-06 05:00:00,3222.95,3229.51,3217.12,3218.72
1767679200,2026-01-06 06:00:00,3218.71,3253.76,3218.07,3241.15
1767682800,2026-01-06 07:00:00,3241.15,3242.75,3211.37,3219.24
1767686400,2026-01-06 08:00:00,3219.24,3228.48,3214.52,3220.14
1767690000,2026-01-06 09:00:00,3220.13,3229.6,3217.5,3223
1767693600,2026-01-06 10:00:00,3223,3231.72,3221.42,3228.94
1767697200,2026-01-06 11:00:00,3228.94,3242.98,3227.03,3238.08
1767700800,2026-01-06 12:00:00,3238.09,3245.87,3236.28,3238.67
1767704400,2026-01-06 13:00:00,3238.66,3239.61,3230,3238.3
1767708000,2026-01-06 14:00:00,3238.3,3308.86,3238.3,3278.09
1767711600,2026-01-06 15:00:00,3278.1,3301.99,3261.43,3272.32
1767715200,2026-01-06 16:00:00,3272.31,3279.36,3234.32,3251.97
1767718800,2026-01-06 17:00:00,3251.96,3259.62,3190.01,3196.43
1767722400,2026-01-06 18:00:00,3196.43,3232.63,3183.27,3218.91
1767726000,2026-01-06 19:00:00,3218.92,3229.8,3213.5,3223.57
1767729600,2026-01-06 20:00:00,3223.57,3250.89,3223.11,3241.71
1767733200,2026-01-06 21:00:00,3241.72,3300.35,3238.47,3276.18
1767736800,2026-01-06 22:00:00,3276.18,3290.55,3265.52,3277.63
1767740400,2026-01-06 23:00:00,3277.62,3301.6,3275.8,3296.84
1767744000,2026-01-07 00:00:00,3296.83,3296.84,3255.36,3257.99
1767747600,2026-01-07 01:00:00,3258,3272.34,3239.44,3245.04
1767751200,2026-01-07 02:00:00,3245.05,3274.03,3239.73,3270.08
1767754800,2026-01-07 03:00:00,3270.08,3282.14,3265.13,3266.83
1767758400,2026-01-07 04:00:00,3266.84,3271.81,3252.94,3256.21
1767762000,2026-01-07 05:00:00,3256.21,3262.57,3246.75,3248.63
1767765600,2026-01-07 06:00:00,3248.62,3259.91,3247.81,3250.97
1767769200,2026-01-07 07:00:00,3250.97,3262.61,3250.78,3255.31
1767772800,2026-01-07 08:00:00,3255.31,3263.37,3253.01,3254.45
1767776400,2026-01-07 09:00:00,3254.45,3254.58,3198.54,3200.18
1767780000,2026-01-07 10:00:00,3200.17,3222.24,3196.23,3218.44
1767783600,2026-01-07 11:00:00,3218.44,3227.84,3216.84,3220.24
1767787200,2026-01-07 12:00:00,3220.25,3222.56,3211.36,3213.14
1767790800,2026-01-07 13:00:00,3213.14,3229.05,3202.24,3212.04
1767794400,2026-01-07 14:00:00,3212.05,3212.05,3166.14,3191.54
1767798000,2026-01-07 15:00:00,3191.54,3193.26,3144.37,3164.7
1767801600,2026-01-07 16:00:00,3164.71,3179.69,3149.95,3157.31
1767805200,2026-01-07 17:00:00,3157.31,3171.27,3146.43,3152.06
1767808800,2026-01-07 18:00:00,3152.06,3165.36,3133.68,3146.37
1767812400,2026-01-07 19:00:00,3146.38,3155.59,3125.42,3146.02
1767816000,2026-01-07 20:00:00,3146.02,3151.37,3128.13,3139.18
1767819600,2026-01-07 21:00:00,3139.14,3152.72,3138.4,3150.11
1767823200,2026-01-07 22:00:00,3150.11,3165.86,3143.96,3153
1767826800,2026-01-07 23:00:00,3153.01,3181.78,3143.71,3168.72
1767830400,2026-01-08 00:00:00,3168.72,3175.37,3155.21,3170.53
1767834000,2026-01-08 01:00:00,3170.54,3181.36,3168.39,3175.76
1767837600,2026-01-08 02:00:00,3175.77,3184.39,3148.5,3159.43
1767841200,2026-01-08 03:00:00,3159.43,3166.7,3133.56,3142.88
1767844800,2026-01-08 04:00:00,3142.88,3158.96,3138.8,3154.01
1767848400,2026-01-08 05:00:00,3154.02,3161.24,3142.22,3143.63
1767852000,2026-01-08 06:00:00,3143.63,3146.16,3104.37,3105.38
1767855600,2026-01-08 07:00:00,3105.39,3132.86,3090.04,3128.28
1767859200,2026-01-08 08:00:00,3128.29,3136.56,3113.88,3116.83
1767862800,2026-01-08 09:00:00,3116.83,3124.06,3105.55,3111.89
1767866400,2026-01-08 10:00:00,3111.9,3133.03,3096.68,3128.18
1767870000,2026-01-08 11:00:00,3128.19,3131.54,3112.57,3121.24
1767873600,2026-01-08 12:00:00,3121.25,3121.49,3085.16,3095.76
1767877200,2026-01-08 13:00:00,3095.76,3102.73,3090.73,3097.12
1767880800,2026-01-08 14:00:00,3097.11,3097.11,3054.65,3077.4
1767884400,2026-01-08 15:00:00,3077.39,3112.35,3067.37,3104.2
1767888000,2026-01-08 16:00:00,3104.19,3123.63,3090.2,3122.31
1767891600,2026-01-08 17:00:00,3122.31,3140,3110.34,3134.95
1767895200,2026-01-08 18:00:00,3134.95,3135.5,3114.9,3120.22
1767898800,2026-01-08 19:00:00,3120.22,3129.07,3104.01,3111.53
1767902400,2026-01-08 20:00:00,3111.53,3111.53,3089.39,3107.29
1767906000,2026-01-08 21:00:00,3107.3,3123.24,3107.3,3118.75
1767909600,2026-01-08 22:00:00,3118.76,3130.38,3107.75,3119.12
1767913200,2026-01-08 23:00:00,3119.13,3122.24,3105.87,3106.65
1767916800,2026-01-09 00:00:00,3106.66,3117.65,3104.45,3115.83
1767920400,2026-01-09 01:00:00,3115.84,3148.41,3081.34,3105.82
1767924000,2026-01-09 02:00:00,3105.83,3126.11,3103.61,3109.49
1767927600,2026-01-09 03:00:00,3109.5,3121.24,3103.01,3119.6
1767931200,2026-01-09 04:00:00,3119.6,3124.11,3112.14,3116.53
1767934800,2026-01-09 05:00:00,3116.54,3121,3113.75,3118.5
1767938400,2026-01-09 06:00:00,3118.51,3125.71,3117.53,3123.2
1767942000,2026-01-09 07:00:00,3123.21,3123.79,3110.39,3111.2
1767945600,2026-01-09 08:00:00,3111.21,3115.37,3067.44,3082.49
1767949200,2026-01-09 09:00:00,3082.49,3100.87,3081.93,3092.39
1767952800,2026-01-09 10:00:00,3092.39,3099.43,3088.36,3096.65
1767956400,2026-01-09 11:00:00,3096.64,3104.59,3088.49,3090.36
1767960000,2026-01-09 12:00:00,3090.36,3096.16,3082.05,3084.55
1767963600,2026-01-09 13:00:00,3084.56,3111.17,3083.44,3098.56
1767967200,2026-01-09 14:00:00,3098.56,3099,3062,3078.93
1767970800,2026-01-09 15:00:00,3078.94,3143,3058.69,3112.08
1767974400,2026-01-09 16:00:00,3112.08,3145.45,3111,3133.13
1767978000,2026-01-09 17:00:00,3133.13,3135,3104.66,3114.41
1767981600,2026-01-09 18:00:00,3114.4,3118.56,3073.65,3094.97
1767985200,2026-01-09 19:00:00,3094.96,3094.96,3068.94,3080.6
1767988800,2026-01-09 20:00:00,3080.6,3091.37,3071.26,3073.65
1767992400,2026-01-09 21:00:00,3073.66,3093.35,3065.23,3086.1
1767996000,2026-01-09 22:00:00,3086.1,3088.59,3074.4,3086.27
1767999600,2026-01-09 23:00:00,3086.27,3093.3,3083.8,3088.4
1768003200,2026-01-10 00:00:00,3088.4,3090.04,3081.7,3083.25
1768006800,2026-01-10 01:00:00,3083.25,3091.37,3083.24,3090.11
1768010400,2026-01-10 02:00:00,3090.12,3094.61,3083.37,3088.07
1768014000,2026-01-10 03:00:00,3088.07,3089,3080.1,3086.51
1768017600,2026-01-10 04:00:00,3086.51,3087.68,3077.99,3079.74
1768021200,2026-01-10 05:00:00,3079.73,3087.89,3079.73,3086.54
1768024800,2026-01-10 06:00:00,3086.54,3088.65,3083.37,3087.49
1768028400,2026-01-10 07:00:00,3087.5,3093.38,3087.49,3092.77
1768032000,2026-01-10 08:00:00,3092.77,3093.05,3087.37,3090.29
1768035600,2026-01-10 09:00:00,3090.29,3099.02,3089.39,3096.09
1768039200,2026-01-10 10:00:00,3096.1,3104.12,3094.06,3102.96
1768042800,2026-01-10 11:00:00,3102.96,3104.01,3095,3096.99
1768046400,2026-01-10 12:00:00,3096.99,3104.01,3093.76,3099.46
1768050000,2026-01-10 13:00:00,3099.47,3099.47,3093.67,3094.94
1768053600,2026-01-10 14:00:00,3094.94,3096.55,3088.81,3091.64
1768057200,2026-01-10 15:00:00,3091.65,3096.38,3091.64,3095.64
1768060800,2026-01-10 16:00:00,3095.63,3097.53,3092,3095.35
1768064400,2026-01-10 17:00:00,3095.35,3099.37,3092.1,3092.95
1768068000,2026-01-10 18:00:00,3092.95,3094.03,3090.65,3092.85
1768071600,2026-01-10 19:00:00,3092.85,3093.9,3090.08,3092.12
1768075200,2026-01-10 20:00:00,3092.13,3093.3,3089.05,3089.71
1768078800,2026-01-10 21:00:00,3089.71,3090.15,3084.46,3086.09
1768082400,2026-01-10 22:00:00,3086.09,3089.51,3078.71,3080.74
1768086000,2026-01-10 23:00:00,3080.73,3089.56,3079.93,3086.72
1768089600,2026-01-11 00:00:00,3086.72,3092.71,3084.46,3091.98
1768093200,2026-01-11 01:00:00,3091.98,3095.32,3089.64,3095.31
1768096800,2026-01-11 02:00:00,3095.32,3097.29,3092.02,3092.49
1768100400,2026-01-11 03:00:00,3092.5,3097.53,3091.87,3096.78
1768104000,2026-01-11 04:00:00,3096.78,3099.01,3094.72,3098.22
1768107600,2026-01-11 05:00:00,3098.23,3102.42,3096.43,3099.32
1768111200,2026-01-11 06:00:00,3099.33,3101.15,3090,3097.19
1768114800,2026-01-11 07:00:00,3097.19,3098.41,3092.4,3095.32
1768118400,2026-01-11 08:00:00,3095.32,3108.23,3092.7,3103.38
1768122000,2026-01-11 09:00:00,3103.38,3109.78,3100.81,3104.42
1768125600,2026-01-11 10:00:00,3104.43,3108.33,3102.59,3107.76
1768129200,2026-01-11 11:00:00,3107.77,3107.77,3103.37,3105.22
1768132800,2026-01-11 12:00:00,3105.22,3116.74,3105,3114.16
1768136400,2026-01-11 13:00:00,3114.16,3116.32,3106.99,3109.46
1768140000,2026-01-11 14:00:00,3109.46,3129.19,3108.97,3125.46
1768143600,2026-01-11 15:00:00,3125.46,3131,3110.12,3118.22
1768147200,2026-01-11 16:00:00,3118.22,3147.27,3115.63,3129.44
1768150800,2026-01-11 17:00:00,3129.45,3133.89,3118.26,3126.89
1768154400,2026-01-11 18:00:00,3126.89,3133.89,3120.64,3129.44
1768158000,2026-01-11 19:00:00,3129.43,3133.01,3119,3124.36
1768161600,2026-01-11 20:00:00,3124.36,3124.37,3101.95,3115.1
1768165200,2026-01-11 21:00:00,3115.09,3126.15,3107.6,3121.11
1768168800,2026-01-11 22:00:00,3121.11,3121.11,3106.49,3109.61
1768172400,2026-01-11 23:00:00,3109.6,3125.91,3092.59,3123.45
1768176000,2026-01-12 00:00:00,3123.46,3127.46,3097.24,3119.9
1768179600,2026-01-12 01:00:00,3119.9,3137.28,3114.01,3124.9
1768183200,2026-01-12 02:00:00,3124.9,3167.95,3122.61,3157.65
1768186800,2026-01-12 03:00:00,3157.65,3171.49,3151.52,3152.55
1768190400,2026-01-12 04:00:00,3152.56,3163.9,3148.7,3159.42
1768194000,2026-01-12 05:00:00,3159.42,3166.9,3155.38,3158.89
1768197600,2026-01-12 06:00:00,3158.89,3166.05,3152.61,3154.79
1768201200,2026-01-12 07:00:00,3154.8,3161.45,3133.52,3135.34
1768204800,2026-01-12 08:00:00,3135.33,3147.62,3101.48,3115.47
1768208400,2026-01-12 09:00:00,3115.47,3124.86,3111,3116.31
1768212000,2026-01-12 10:00:00,3116.32,3119.88,3104.17,3106.88
1768215600,2026-01-12 11:00:00,3106.87,3121.44,3106.32,3115.43
1768219200,2026-01-12 12:00:00,3115.43,3122.75,3112.62,3117.17
1768222800,2026-01-12 13:00:00,3117.17,3120.32,3105.57,3109.14
1768226400,2026-01-12 14:00:00,3109.14,3117.51,3065.55,3105.41
1768230000,2026-01-12 15:00:00,3105.37,3133.52,3092.88,3130.17
1768233600,2026-01-12 16:00:00,3130.17,3146.66,3120.65,3130.88
1768237200,2026-01-12 17:00:00,3130.88,3137.02,3083.5,3104.88
1768240800,2026-01-12 18:00:00,3104.89,3119.26,3095.54,3108.28
1768244400,2026-01-12 19:00:00,3108.28,3121.96,3097.09,3121.83
1768248000,2026-01-12 20:00:00,3121.82,3127.75,3100,3102.57
1768251600,2026-01-12 21:00:00,3102.57,3106.8,3083.54,3092.4
1768255200,2026-01-12 22:00:00,3092.4,3107.43,3092.4,3095.42
1768258800,2026-01-12 23:00:00,3095.43,3098.96,3088.47,3095.75
1768262400,2026-01-13 00:00:00,3095.75,3109.96,3093.28,3108.59
1768266000,2026-01-13 01:00:00,3108.59,3114.39,3091.96,3097.66
1768269600,2026-01-13 02:00:00,3097.67,3108.42,3097.66,3101.44
1768273200,2026-01-13 03:00:00,3101.44,3119.01,3101.43,3116.14
1768276800,2026-01-13 04:00:00,3116.14,3123.44,3112.46,3122.57
1768280400,2026-01-13 05:00:00,3122.57,3146.55,3121.6,3131.82
1768284000,2026-01-13 06:00:00,3131.82,3137.76,3123.8,3134.41
1768287600,2026-01-13 07:00:00,3134.41,3135.82,3122,3122.01
1768291200,2026-01-13 08:00:00,3122,3137.95,3122,3135.99
1768294800,2026-01-13 09:00:00,3135.99,3148.33,3129.06,3138.57
1768298400,2026-01-13 10:00:00,3138.57,3141.84,3129.99,3134.73
1768302000,2026-01-13 11:00:00,3134.73,3139.07,3131.24,3133.95
1768305600,2026-01-13 12:00:00,3133.95,3137.99,3130,3135.12
1768309200,2026-01-13 13:00:00,3135.13,3161.76,3130.01,3142.44
1768312800,2026-01-13 14:00:00,3142.43,3165.94,3130.05,3145.01
1768316400,2026-01-13 15:00:00,3145.01,3188.47,3133.22,3184.41
1768320000,2026-01-13 16:00:00,3184.41,3196.35,3172,3180.79
1768323600,2026-01-13 17:00:00,3180.8,3187.69,3172.99,3180.15
1768327200,2026-01-13 18:00:00,3180.16,3214.94,3178.25,3201.14
1768330800,2026-01-13 19:00:00,3201.15,3218.61,3191.51,3215.9
1768334400,2026-01-13 20:00:00,3215.91,3220,3190.56,3204.59
1768338000,2026-01-13 21:00:00,3204.6,3217.43,3201.36,3209.81
1768341600,2026-01-13 22:00:00,3209.81,3367.79,3209.81,3331.18
1768345200,2026-01-13 23:00:00,3331.19,3347.56,3314.67,3325.82
1768348800,2026-01-14 00:00:00,3325.83,3336.56,3315.15,3324.57
1768352400,2026-01-14 01:00:00,3324.58,3345,3321.28,3336.7
1768356000,2026-01-14 02:00:00,3336.7,3357.56,3321.01,3327.11
1768359600,2026-01-14 03:00:00,3327.11,3352.18,3321,3351.95
1768363200,2026-01-14 04:00:00,3351.94,3364.64,3335.64,3338.9
1768366800,2026-01-14 05:00:00,3338.9,3339.23,3325.6,3330.52
1768370400,2026-01-14 06:00:00,3330.52,3335.49,3322.01,3334.33
1768374000,2026-01-14 07:00:00,3334.33,3342.83,3327.67,3335.78
1768377600,2026-01-14 08:00:00,3335.78,3342.64,3327.34,3327.35
1768381200,2026-01-14 09:00:00,3327.34,3335.19,3324.7,3328.32
1768384800,2026-01-14 10:00:00,3328.32,3333.19,3304.06,3312.99
1768388400,2026-01-14 11:00:00,3312.99,3313.75,3282.59,3286.22
1768392000,2026-01-14 12:00:00,3286.22,3299.24,3280.48,3296.44
1768395600,2026-01-14 13:00:00,3296.43,3307.93,3289.1,3302.79
1768399200,2026-01-14 14:00:00,3302.79,3358,3302.02,3349.21
1768402800,2026-01-14 15:00:00,3349.22,3362.17,3327.62,3345.81
1768406400,2026-01-14 16:00:00,3345.81,3402.89,3345.22,3370.26
1768410000,2026-01-14 17:00:00,3370.26,3381.32,3338.51,3342.41
1768413600,2026-01-14 18:00:00,3342.4,3354.16,3315.51,3339.41
1768417200,2026-01-14 19:00:00,3339.4,3400.01,3332.02,3367.42
1768420800,2026-01-14 20:00:00,3367.42,3392.94,3361.97,3383.68
1768424400,2026-01-14 21:00:00,3383.67,3383.67,3357.46,3372.99
1768428000,2026-01-14 22:00:00,3372.99,3374.42,3347.83,3349.09
1768431600,2026-01-14 23:00:00,3349.1,3369.5,3349.09,3354.92
1768435200,2026-01-15 00:00:00,3354.92,3355.8,3318.73,3331.35
1768438800,2026-01-15 01:00:00,3331.35,3342.85,3317.18,3325.04
1768442400,2026-01-15 02:00:00,3325.05,3332.42,3305.7,3314.27
1768446000,2026-01-15 03:00:00,3314.28,3321.66,3278,3286.55
1768449600,2026-01-15 04:00:00,3286.56,3308.46,3284.84,3305.16
1768453200,2026-01-15 05:00:00,3305.16,3315.49,3302.58,3310.59
1768456800,2026-01-15 06:00:00,3310.6,3323.65,3309.64,3315.99
1768460400,2026-01-15 07:00:00,3316,3335.15,3314.4,3330
1768464000,2026-01-15 08:00:00,3329.99,3338.97,3320.17,3336.45
1768467600,2026-01-15 09:00:00,3336.44,3375,3330.05,3365.99
1768471200,2026-01-15 10:00:00,3365.99,3378.75,3357.18,3364.11
1768474800,2026-01-15 11:00:00,3364.1,3365.88,3347.38,3349.96
1768478400,2026-01-15 12:00:00,3349.96,3370.96,3344.07,3369.42
1768482000,2026-01-15 13:00:00,3369.41,3384.19,3356.93,3371.3
1768485600,2026-01-15 14:00:00,3371.29,3382.83,3322.57,3342.31
1768489200,2026-01-15 15:00:00,3342.3,3358.21,3285.79,3330.65
1768492800,2026-01-15 16:00:00,3330.66,3335.53,3310,3330.71
1768496400,2026-01-15 17:00:00,3330.71,3337.56,3296.49,3301.46
1768500000,2026-01-15 18:00:00,3301.46,3307.51,3273.72,3288.39
1768503600,2026-01-15 19:00:00,3288.38,3301.95,3276.96,3295.48
1768507200,2026-01-15 20:00:00,3295.47,3306.91,3276.7,3288.23
1768510800,2026-01-15 21:00:00,3288.23,3305.82,3284.28,3299.14
1768514400,2026-01-15 22:00:00,3299.13,3319.24,3296.33,3309.11
1768518000,2026-01-15 23:00:00,3309.11,3323.32,3302.24,3318.69
1768521600,2026-01-16 00:00:00,3318.7,3326.79,3315.98,3317.2
1768525200,2026-01-16 01:00:00,3317.21,3321.51,3301.99,3313.84
1768528800,2026-01-16 02:00:00,3313.85,3313.85,3291.89,3303.63
1768532400,2026-01-16 03:00:00,3303.63,3307.96,3294.64,3295.21
1768536000,2026-01-16 04:00:00,3295.22,3305,3277.04,3287.97
1768539600,2026-01-16 05:00:00,3287.97,3316,3284.22,3309.23
1768543200,2026-01-16 06:00:00,3309.23,3316.99,3302.7,3313.99
1768546800,2026-01-16 07:00:00,3314,3316,3302.21,3309.41
1768550400,2026-01-16 08:00:00,3309.42,3319.97,3308.53,3313.35
1768554000,2026-01-16 09:00:00,3313.36,3316.52,3307.09,3307.44
1768557600,2026-01-16 10:00:00,3307.44,3308.72,3294.49,3297.75
1768561200,2026-01-16 11:00:00,3297.75,3306.62,3293.33,3301.94
1768564800,2026-01-16 12:00:00,3301.94,3314.26,3300.49,3308.87
1768568400,2026-01-16 13:00:00,3308.88,3310.54,3295.52,3307.65
1768572000,2026-01-16 14:00:00,3307.65,3318.61,3290.64,3294.12
1768575600,2026-01-16 15:00:00,3294.12,3311.36,3253.01,3264.18
1768579200,2026-01-16 16:00:00,3264.17,3288,3259.83,3279.03
1768582800,2026-01-16 17:00:00,3279.03,3286.54,3266.52,3284.22
1768586400,2026-01-16 18:00:00,3284.21,3288.42,3278.08,3279.11
1768590000,2026-01-16 19:00:00,3279.11,3279.51,3269.17,3276.94
1768593600,2026-01-16 20:00:00,3276.94,3294,3264.42,3292.82
1768597200,2026-01-16 21:00:00,3292.82,3299.04,3288.62,3293.97
1768600800,2026-01-16 22:00:00,3293.97,3295.43,3283,3294.1
1768604400,2026-01-16 23:00:00,3294.1,3299.89,3292.45,3296.28
1768608000,2026-01-17 00:00:00,3296.28,3297.34,3289.96,3292.91
1768611600,2026-01-17 01:00:00,3292.91,3295.72,3287.87,3290.68
1768615200,2026-01-17 02:00:00,3290.68,3292.64,3283.96,3292.24
1768618800,2026-01-17 03:00:00,3292.25,3292.3,3287.6,3289.32
1768622400,2026-01-17 04:00:00,3289.33,3292.62,3285.99,3292.14
1768626000,2026-01-17 05:00:00,3292.14,3294.12,3289.75,3291.56
1768629600,2026-01-17 06:00:00,3291.55,3293.32,3286.99,3291.4
1768633200,2026-01-17 07:00:00,3291.41,3292.57,3287.38,3291.57
1768636800,2026-01-17 08:00:00,3291.56,3296.6,3289.01,3296.48
1768640400,2026-01-17 09:00:00,3296.48,3303.77,3293.47,3298.75
1768644000,2026-01-17 10:00:00,3298.76,3301.05,3295.28,3296.64
1768647600,2026-01-17 11:00:00,3296.64,3305.32,3292.45,3302.72
1768651200,2026-01-17 12:00:00,3302.72,3306.39,3300.4,3302.89
1768654800,2026-01-17 13:00:00,3302.89,3304.78,3299.77,3303.88
1768658400,2026-01-17 14:00:00,3303.88,3312,3301.62,3310.45
1768662000,2026-01-17 15:00:00,3310.45,3330.07,3308.2,3329.95
1768665600,2026-01-17 16:00:00,3329.95,3330.26,3312.22,3319.29
1768669200,2026-01-17 17:00:00,3319.28,3327.82,3317.38,3319.43
1768672800,2026-01-17 18:00:00,3319.43,3320.88,3315,3317.82
1768676400,2026-01-17 19:00:00,3317.83,3321.08,3314.88,3316.36
1768680000,2026-01-17 20:00:00,3316.36,3320.33,3315.11,3317.34
1768683600,2026-01-17 21:00:00,3317.34,3317.34,3307.36,3312.84
1768687200,2026-01-17 22:00:00,3312.84,3312.84,3297.44,3302
1768690800,2026-01-17 23:00:00,3302.01,3310.56,3301.3,3310.56
1768694400,2026-01-18 00:00:00,3310.56,3314.43,3303.09,3304.53
1768698000,2026-01-18 01:00:00,3304.52,3306.9,3296.34,3301.15
1768701600,2026-01-18 02:00:00,3301.15,3305.8,3296.69,3303.45
1768705200,2026-01-18 03:00:00,3303.45,3319.5,3303.45,3316.16
1768708800,2026-01-18 04:00:00,3316.15,3317.9,3309.65,3312
1768712400,2026-01-18 05:00:00,3311.99,3318.36,3310.97,3316.33
1768716000,2026-01-18 06:00:00,3316.32,3318.18,3312.16,3315.85
1768719600,2026-01-18 07:00:00,3315.84,3316.11,3306.4,3307.3
1768723200,2026-01-18 08:00:00,3307.3,3316.79,3303.52,3315.47
1768726800,2026-01-18 09:00:00,3315.46,3325.14,3314.46,3323.2
1768730400,2026-01-18 10:00:00,3323.21,3326.2,3318.47,3325.83
1768734000,2026-01-18 11:00:00,3325.82,3325.83,3319.08,3322
1768737600,2026-01-18 12:00:00,3322,3327.13,3318.74,3322.69
1768741200,2026-01-18 13:00:00,3322.68,3330.57,3314.64,3325.92
1768744800,2026-01-18 14:00:00,3325.93,3347.75,3322.69,3324.99
1768748400,2026-01-18 15:00:00,3324.98,3335.5,3319.02,3333.99
1768752000,2026-01-18 16:00:00,3334,3337.95,3330.05,3333.74
1768755600,2026-01-18 17:00:00,3333.74,3346,3332.11,3345.07
1768759200,2026-01-18 18:00:00,3345.07,3368.82,3337.15,3361.85
1768762800,2026-01-18 19:00:00,3361.86,3365.96,3344.57,3346.56
1768766400,2026-01-18 20:00:00,3346.56,3352.64,3338.13,3341.1
1768770000,2026-01-18 21:00:00,3341.11,3345.56,3336.92,3341.82
1768773600,2026-01-18 22:00:00,3341.82,3356.26,3340.04,3350.77
1768777200,2026-01-18 23:00:00,3350.77,3350.78,3278.86,3284.03
1768780800,2026-01-19 00:00:00,3284.04,3284.58,3177.68,3212.13
1768784400,2026-01-19 01:00:00,3212.13,3221.48,3194.47,3206.86
1768788000,2026-01-19 02:00:00,3206.87,3216.48,3193.96,3204.46
1768791600,2026-01-19 03:00:00,3204.46,3213.05,3195.19,3212.29
1768795200,2026-01-19 04:00:00,3212.28,3218.02,3205.45,3212.97
1768798800,2026-01-19 05:00:00,3212.96,3215.67,3196.39,3203.05
1768802400,2026-01-19 06:00:00,3203.06,3204.57,3187.88,3195.58
1768806000,2026-01-19 07:00:00,3195.58,3209.42,3195.58,3207.47
1768809600,2026-01-19 08:00:00,3207.47,3221.99,3197.3,3213.87
1768813200,2026-01-19 09:00:00,3213.87,3214.87,3205.54,3209.46
1768816800,2026-01-19 10:00:00,3209.46,3216.58,3205.52,3215.47
1768820400,2026-01-19 11:00:00,3215.48,3231.27,3213.36,3223.91
1768824000,2026-01-19 12:00:00,3223.91,3236.26,3219.48,3225.1
1768827600,2026-01-19 13:00:00,3225.11,3225.12,3213.09,3218.27
1768831200,2026-01-19 14:00:00,3218.27,3219.72,3202.85,3213
1768834800,2026-01-19 15:00:00,3213,3220.97,3210.33,3216.21
1768838400,2026-01-19 16:00:00,3216.2,3227.17,3212.72,3223.16
1768842000,2026-01-19 17:00:00,3223.16,3226,3217.12,3220
1768845600,2026-01-19 18:00:00,3220,3221.08,3208.5,3214.9
1768849200,2026-01-19 19:00:00,3214.9,3224.58,3214.9,3219.95
1768852800,2026-01-19 20:00:00,3219.95,3225.43,3212.08,3214.31
1768856400,2026-01-19 21:00:00,3214.32,3221.49,3210.23,3212.78
1768860000,2026-01-19 22:00:00,3212.77,3214.49,3186.82,3189
1768863600,2026-01-19 23:00:00,3189.01,3197.91,3165.38,3189.55
1768867200,2026-01-20 00:00:00,3189.56,3200.5,3176.83,3184.12
1768870800,2026-01-20 01:00:00,3184.12,3199.6,3175.53,3193.28
1768874400,2026-01-20 02:00:00,3193.28,3200.1,3179.24,3192.96
1768878000,2026-01-20 03:00:00,3192.97,3194.91,3184.05,3188.67
1768881600,2026-01-20 04:00:00,3188.68,3189.23,3168.77,3172.76
1768885200,2026-01-20 05:00:00,3172.76,3174.89,3152.44,3171.35
1768888800,2026-01-20 06:00:00,3171.36,3172.27,3109.37,3116.91
1768892400,2026-01-20 07:00:00,3116.91,3131.34,3112,3123.37
1768896000,2026-01-20 08:00:00,3123.37,3123.84,3085.17,3106.84
1768899600,2026-01-20 09:00:00,3106.84,3108.8,3088.41,3094.1
1768903200,2026-01-20 10:00:00,3094.1,3108.52,3091.18,3103.01
1768906800,2026-01-20 11:00:00,3103.01,3113.1,3103,3109.88
1768910400,2026-01-20 12:00:00,3109.88,3115,3102.27,3111.3
1768914000,2026-01-20 13:00:00,3111.31,3113.27,3074.5,3078.99
1768917600,2026-01-20 14:00:00,3078.99,3089.01,3034.22,3047.49
1768921200,2026-01-20 15:00:00,3047.49,3049.91,2995.33,3032.99
1768924800,2026-01-20 16:00:00,3033,3042.92,2998.71,3009.32
1768928400,2026-01-20 17:00:00,3009.31,3023.64,2984.26,2999.62
1768932000,2026-01-20 18:00:00,2999.62,3009,2987.91,2991.81
1768935600,2026-01-20 19:00:00,2991.81,3003.31,2980.11,2996.49
1768939200,2026-01-20 20:00:00,2996.49,3007.15,2986.31,3006.66
1768942800,2026-01-20 21:00:00,3006.66,3007.22,2990,2993.53
1768946400,2026-01-20 22:00:00,2993.53,2999.08,2920,2951.54
1768950000,2026-01-20 23:00:00,2951.53,2952.42,2930.64,2939.88
1768953600,2026-01-21 00:00:00,2939.88,2969.51,2921.89,2960
1768957200,2026-01-21 01:00:00,2960.01,2974.2,2955.24,2965.15
1768960800,2026-01-21 02:00:00,2965.14,2975.41,2958,2961.52
1768964400,2026-01-21 03:00:00,2961.52,2984.64,2960.87,2981.76
1768968000,2026-01-21 04:00:00,2981.75,2985.61,2974.85,2979.51
1768971600,2026-01-21 05:00:00,2979.5,3002,2977.53,2993.03
1768975200,2026-01-21 06:00:00,2993.03,2993.58,2975.33,2980.3
1768978800,2026-01-21 07:00:00,2980.31,2985.67,2966,2970.6
1768982400,2026-01-21 08:00:00,2970.6,2974.59,2956,2965.49
1768986000,2026-01-21 09:00:00,2965.49,2974.87,2950.34,2954.09
1768989600,2026-01-21 10:00:00,2954.08,2970.12,2952.42,2963.92
1768993200,2026-01-21 11:00:00,2963.92,2971.66,2938,2943
1768996800,2026-01-21 12:00:00,2943,2946.47,2902,2931.48
1769000400,2026-01-21 13:00:00,2931.48,2945.64,2920.51,2928.13
1769004000,2026-01-21 14:00:00,2928.13,2995.83,2924.56,2981.09
1769007600,2026-01-21 15:00:00,2981.09,3026.83,2975.17,3002.69
1769011200,2026-01-21 16:00:00,3002.69,3005.22,2886,2891.58
1769014800,2026-01-21 17:00:00,2891.59,2914.19,2866.11,2903.91
1769018400,2026-01-21 18:00:00,2903.91,2933.8,2887.88,2927.4
1769022000,2026-01-21 19:00:00,2927.39,3069.07,2916.6,3055.56
1769025600,2026-01-21 20:00:00,3055.55,3057.72,3003.45,3031.84
1769029200,2026-01-21 21:00:00,3031.84,3044.16,3021.3,3031.47
1769032800,2026-01-21 22:00:00,3031.47,3045.01,3009.1,3010.52
1769036400,2026-01-21 23:00:00,3010.51,3025.35,2972.69,2982.27
1769040000,2026-01-22 00:00:00,2982.28,3011.51,2980.73,3005.39
1769043600,2026-01-22 01:00:00,3005.4,3033.95,3002.73,3028.52
1769047200,2026-01-22 02:00:00,3028.52,3038.33,3015.15,3017.72
1769050800,2026-01-22 03:00:00,3017.72,3030.82,2999.77,3013.41
1769054400,2026-01-22 04:00:00,3013.41,3025.43,3011.5,3023.04
1769058000,2026-01-22 05:00:00,3023.03,3027.9,3014.78,3019.8
1769061600,2026-01-22 06:00:00,3019.8,3027.61,3008.83,3019.13
1769065200,2026-01-22 07:00:00,3019.14,3022.39,3000.4,3000.94
1769068800,2026-01-22 08:00:00,3000.94,3008.15,2992.5,3005.75
1769072400,2026-01-22 09:00:00,3005.75,3016.4,3003.19,3013.63
1769076000,2026-01-22 10:00:00,3013.63,3014.63,3000,3002.64
1769079600,2026-01-22 11:00:00,3002.63,3006.82,2977.22,2986.8
1769083200,2026-01-22 12:00:00,2986.8,2998.48,2978.45,2990.86
1769086800,2026-01-22 13:00:00,2990.86,3010.18,2962.33,2972.76
1769090400,2026-01-22 14:00:00,2972.76,2982.13,2935.22,2941.33
1769094000,2026-01-22 15:00:00,2941.32,2968.39,2906.02,2942.01
1769097600,2026-01-22 16:00:00,2942.02,2958.53,2923.99,2946.24
1769101200,2026-01-22 17:00:00,2946.24,2963.83,2934.97,2961.77
1769104800,2026-01-22 18:00:00,2961.76,2972.76,2938.46,2939.53
1769108400,2026-01-22 19:00:00,2939.54,2963.49,2928.33,2953.94
1769112000,2026-01-22 20:00:00,2953.94,2957.86,2930.15,2939.02
1769115600,2026-01-22 21:00:00,2939.02,2951.45,2933.75,2946.4
1769119200,2026-01-22 22:00:00,2946.31,2959.16,2943.33,2951.9
1769122800,2026-01-22 23:00:00,2951.9,2955.89,2940.82,2952.69
1769126400,2026-01-23 00:00:00,2952.7,2957.13,2946.22,2953.61
1769130000,2026-01-23 01:00:00,2953.62,2970,2953.08,2968.88
1769133600,2026-01-23 02:00:00,2968.89,2972.08,2952.83,2952.83
1769137200,2026-01-23 03:00:00,2952.83,2965.45,2951.92,2964.42
1769140800,2026-01-23 04:00:00,2964.42,2984.71,2963,2977.99
1769144400,2026-01-23 05:00:00,2977.99,2978.41,2963.83,2968.56
1769148000,2026-01-23 06:00:00,2968.57,2975.39,2937.85,2939.88
1769151600,2026-01-23 07:00:00,2939.88,2951.42,2935.31,2948.49
1769155200,2026-01-23 08:00:00,2948.58,2951.34,2921.2,2927.64
1769158800,2026-01-23 09:00:00,2927.64,2935.02,2915.19,2921.17
1769162400,2026-01-23 10:00:00,2921.16,2935,2914.93,2930.95
1769166000,2026-01-23 11:00:00,2930.95,2946.66,2928.44,2940.68
1769169600,2026-01-23 12:00:00,2940.68,2940.69,2929,2934.86
1769173200,2026-01-23 13:00:00,2934.85,2943.92,2927.09,2930.79
1769176800,2026-01-23 14:00:00,2930.78,2942.39,2892.4,2916.07
1769180400,2026-01-23 15:00:00,2916.07,2965.06,2899.77,2952.75
1769184000,2026-01-23 16:00:00,2952.66,2980,2938.46,2967.99
1769187600,2026-01-23 17:00:00,2968,3019.26,2959.8,2987.51
1769191200,2026-01-23 18:00:00,2987.51,3007.55,2978.45,2988.6
1769194800,2026-01-23 19:00:00,2988.6,2988.6,2946.73,2959.8
1769198400,2026-01-23 20:00:00,2959.79,2963.69,2930.42,2940.16
1769202000,2026-01-23 21:00:00,2940.15,2953.07,2938.26,2943.98
1769205600,2026-01-23 22:00:00,2943.98,2961.92,2943.47,2960.02
1769209200,2026-01-23 23:00:00,2960.02,2960.02,2951,2956.41
1769212800,2026-01-24 00:00:00,2956.41,2958.99,2949.27,2950.99
1769216400,2026-01-24 01:00:00,2951,2959.45,2950,2956.12
1769220000,2026-01-24 02:00:00,2956.12,2962.32,2954.69,2959.59
1769223600,2026-01-24 03:00:00,2959.59,2970.41,2957.25,2962.72
1769227200,2026-01-24 04:00:00,2962.72,2966.86,2959.49,2963.41
1769230800,2026-01-24 05:00:00,2963.41,2965.63,2957.39,2961.32
1769234400,2026-01-24 06:00:00,2961.32,2964.16,2959.13,2961.79
1769238000,2026-01-24 07:00:00,2961.79,2962.4,2953.99,2957.34
1769241600,2026-01-24 08:00:00,2957.34,2963.18,2954.77,2963.12
1769245200,2026-01-24 09:00:00,2963.13,2964.98,2960.1,2960.55
1769248800,2026-01-24 10:00:00,2960.55,2962.2,2958.75,2961.66
1769252400,2026-01-24 11:00:00,2961.66,2964.48,2960.47,2961.18
1769256000,2026-01-24 12:00:00,2961.17,2965.01,2959.49,2962.64
1769259600,2026-01-24 13:00:00,2962.65,2963.5,2948.4,2948.92
1769263200,2026-01-24 14:00:00,2948.92,2959.55,2943.84,2959.48
1769266800,2026-01-24 15:00:00,2959.49,2968.08,2955.57,2957.25
1769270400,2026-01-24 16:00:00,2957.25,2961.62,2952.23,2958.9
1769274000,2026-01-24 17:00:00,2958.91,2966.1,2957.96,2964.3
1769277600,2026-01-24 18:00:00,2964.31,2968.49,2961.99,2963.82
1769281200,2026-01-24 19:00:00,2963.82,2964.21,2952.44,2953.93
1769284800,2026-01-24 20:00:00,2953.94,2958.8,2953.76,2956.25
1769288400,2026-01-24 21:00:00,2956.26,2957.95,2949.23,2957.95
1769292000,2026-01-24 22:00:00,2957.95,2964.55,2957.94,2963
1769295600,2026-01-24 23:00:00,2963,2964.4,2952.54,2953.22
1769299200,2026-01-25 00:00:00,2953.23,2958.87,2952.54,2958.87
1769302800,2026-01-25 01:00:00,2958.86,2960.29,2950,2955.15
1769306400,2026-01-25 02:00:00,2955.16,2957.8,2953.1,2953.37
1769310000,2026-01-25 03:00:00,2953.38,2954.1,2937.5,2942.6
1769313600,2026-01-25 04:00:00,2942.59,2949.36,2940.45,2945.29
1769317200,2026-01-25 05:00:00,2945.29,2948.64,2942.17,2947.38
1769320800,2026-01-25 06:00:00,2947.39,2947.77,2935.01,2944.24
1769324400,2026-01-25 07:00:00,2944.24,2944.24,2938.05,2939.57
1769328000,2026-01-25 08:00:00,2939.58,2944.8,2921,2929.08
1769331600,2026-01-25 09:00:00,2929.08,2939.16,2926.66,2935.75
1769335200,2026-01-25 10:00:00,2935.75,2948.11,2935.74,2945.08
1769338800,2026-01-25 11:00:00,2945.09,2946.49,2932.36,2937.54
1769342400,2026-01-25 12:00:00,2937.54,2944.95,2932.63,2942.38
1769346000,2026-01-25 13:00:00,2942.39,2945.37,2935.47,2941.68
1769349600,2026-01-25 14:00:00,2941.69,2942.69,2924.76,2932.54
1769353200,2026-01-25 15:00:00,2932.53,2936.12,2922.08,2926.81
1769356800,2026-01-25 16:00:00,2926.82,2927.78,2876.36,2896.98
1769360400,2026-01-25 17:00:00,2896.99,2898.61,2879.05,2884.41
1769364000,2026-01-25 18:00:00,2884.41,2888.71,2828.05,2848.19
1769367600,2026-01-25 19:00:00,2848.2,2857.77,2797.2,2812.96
1769371200,2026-01-25 20:00:00,2812.96,2824,2787,2809.72
1769374800,2026-01-25 21:00:00,2809.72,2825.72,2802.57,2818.72
1769378400,2026-01-25 22:00:00,2818.73,2819.32,2790,2807.14
1769382000,2026-01-25 23:00:00,2807.14,2821.14,2787,2816.89
1769385600,2026-01-26 00:00:00,2816.9,2847.26,2812.37,2841.65
1769389200,2026-01-26 01:00:00,2841.66,2898.76,2838.62,2882.69
1769392800,2026-01-26 02:00:00,2882.7,2885.39,2863.33,2865.98
1769396400,2026-01-26 03:00:00,2865.98,2872.49,2840.89,2850.68
1769400000,2026-01-26 04:00:00,2850.69,2875.77,2849.91,2865.98
1769403600,2026-01-26 05:00:00,2865.97,2873.32,2859.92,2869.65
1769407200,2026-01-26 06:00:00,2869.66,2891.83,2866.06,2891.64
1769410800,2026-01-26 07:00:00,2891.64,2911.61,2886.08,2904.32
1769414400,2026-01-26 08:00:00,2904.32,2934.4,2897.14,2912.29
1769418000,2026-01-26 09:00:00,2912.29,2913.56,2880.5,2885.87
1769421600,2026-01-26 10:00:00,2885.87,2901.74,2884.84,2896.28
1769425200,2026-01-26 11:00:00,2896.27,2900.66,2888.08,2892.15
1769428800,2026-01-26 12:00:00,2892.15,2915.1,2892.15,2902.69
1769432400,2026-01-26 13:00:00,2902.69,2911.3,2897.04,2909.67
1769436000,2026-01-26 14:00:00,2909.66,2934.7,2875.77,2922.74
1769439600,2026-01-26 15:00:00,2922.75,2951.21,2887.69,2899.32
1769443200,2026-01-26 16:00:00,2899.32,2918,2891.64,2901.5
1769446800,2026-01-26 17:00:00,2901.51,2915.89,2885.97,2909.42
1769450400,2026-01-26 18:00:00,2909.43,2932.68,2908.01,2932.01
1769454000,2026-01-26 19:00:00,2932,2936.06,2918.42,2923.12
1769457600,2026-01-26 20:00:00,2923.11,2929.47,2898.88,2901.82
1769461200,2026-01-26 21:00:00,2901.82,2944.18,2895.82,2928.97
1769464800,2026-01-26 22:00:00,2928.98,2936.88,2919.79,2927.22
1769468400,2026-01-26 23:00:00,2927.21,2945.32,2918.3,2930.35
1769472000,2026-01-27 00:00:00,2930.35,2931.27,2918,2921.06
1769475600,2026-01-27 01:00:00,2921.05,2939.95,2912.44,2932.65
1769479200,2026-01-27 02:00:00,2932.65,2947.42,2932.65,2945.25
1769482800,2026-01-27 03:00:00,2945.25,2948.88,2936.5,2941.18
1769486400,2026-01-27 04:00:00,2941.17,2957.04,2936.59,2940.7
1769490000,2026-01-27 05:00:00,2940.7,2942.08,2933.58,2939.28
1769493600,2026-01-27 06:00:00,2939.29,2942.53,2924.35,2929
1769497200,2026-01-27 07:00:00,2929,2937.52,2927.5,2929.11
1769500800,2026-01-27 08:00:00,2929.11,2932.65,2920,2923.41
1769504400,2026-01-27 09:00:00,2923.41,2923.41,2906.93,2907.69
1769508000,2026-01-27 10:00:00,2907.69,2915.7,2901.68,2903.23
1769511600,2026-01-27 11:00:00,2903.24,2922.1,2899.77,2917.02
1769515200,2026-01-27 12:00:00,2917.03,2927.94,2915.68,2918.28
1769518800,2026-01-27 13:00:00,2918.28,2919.38,2905.93,2912.61
1769522400,2026-01-27 14:00:00,2912.61,2943.63,2907.22,2918.65
1769526000,2026-01-27 15:00:00,2918.65,2941.71,2913.03,2937.45
1769529600,2026-01-27 16:00:00,2937.46,2998.52,2934.85,2990.81
1769533200,2026-01-27 17:00:00,2990.81,2994.5,2918.09,2930.3
1769536800,2026-01-27 18:00:00,2930.29,2989.77,2925.92,2978.21
1769540400,2026-01-27 19:00:00,2978.22,2992.27,2965.61,2980.48
1769544000,2026-01-27 20:00:00,2980.48,3027.99,2978.92,3020.77
1769547600,2026-01-27 21:00:00,3020.78,3030.3,3005.43,3015.82
1769551200,2026-01-27 22:00:00,3015.82,3023.87,3004.69,3020
1769554800,2026-01-27 23:00:00,3020,3035.08,3011.22,3026.77
1769558400,2026-01-28 00:00:00,3026.77,3029.79,3015.74,3024.26
1769562000,2026-01-28 01:00:00,3024.26,3026.83,3007.5,3018.22
1769565600,2026-01-28 02:00:00,3018.21,3018.25,3005.49,3010.82
1769569200,2026-01-28 03:00:00,3010.82,3012.27,2996.55,3005.18
1769572800,2026-01-28 04:00:00,3005.18,3006.89,2992.89,2999.64
1769576400,2026-01-28 05:00:00,2999.65,3008.83,2996.5,3004.47
1769580000,2026-01-28 06:00:00,3004.48,3018.33,3003.01,3014.47
1769583600,2026-01-28 07:00:00,3014.47,3015.45,3002.29,3005.07
1769587200,2026-01-28 08:00:00,3005.07,3006.55,2988.7,2990.69
1769590800,2026-01-28 09:00:00,2990.68,3017.45,2986.59,3017.44
1769594400,2026-01-28 10:00:00,3017.45,3039.78,3013.11,3025.86
1769598000,2026-01-28 11:00:00,3025.86,3045.36,3014.92,3039.72
1769601600,2026-01-28 12:00:00,3039.71,3040.31,3023.78,3031.13
1769605200,2026-01-28 13:00:00,3031.14,3045.78,3029.55,3034.67
1769608800,2026-01-28 14:00:00,3034.68,3034.68,3007.64,3013.09
1769612400,2026-01-28 15:00:00,3013.09,3021.23,2983.67,3008.25
1769616000,2026-01-28 16:00:00,3008.25,3017.94,2996.08,2999.72
1769619600,2026-01-28 17:00:00,2999.72,3031.68,2989.41,3014.89
1769623200,2026-01-28 18:00:00,3014.89,3024.28,3000.11,3015.51
1769626800,2026-01-28 19:00:00,3015.51,3024.19,2996.85,3016.6
1769630400,2026-01-28 20:00:00,3016.6,3038.45,3008.25,3012.21
1769634000,2026-01-28 21:00:00,3012.21,3023.53,2996.66,3021.51
1769637600,2026-01-28 22:00:00,3021.51,3027.37,3008.83,3018.92
1769641200,2026-01-28 23:00:00,3018.92,3022.98,3008.3,3010.78
1769644800,2026-01-29 00:00:00,3010.78,3013.5,2995.94,3009.49
1769648400,2026-01-29 01:00:00,3009.48,3011.55,2987.18,2992.71
1769652000,2026-01-29 02:00:00,2992.71,2999.21,2944.48,2959.23
1769655600,2026-01-29 03:00:00,2959.24,2972.73,2947.83,2952.52
1769659200,2026-01-29 04:00:00,2952.52,2960.62,2937.55,2959.45
1769662800,2026-01-29 05:00:00,2959.46,2965.69,2947.95,2951.61
1769666400,2026-01-29 06:00:00,2951.6,2959.5,2950.16,2955.97
1769670000,2026-01-29 07:00:00,2955.97,2964.93,2955.44,2961.54
1769673600,2026-01-29 08:00:00,2961.54,2969.79,2943.56,2952.6
1769677200,2026-01-29 09:00:00,2952.59,2955.2,2942.37,2942.38
1769680800,2026-01-29 10:00:00,2942.38,2948.95,2941.36,2944.29
1769684400,2026-01-29 11:00:00,2944.3,2945.42,2923.77,2929.29
1769688000,2026-01-29 12:00:00,2929.29,2938.67,2925.89,2936.34
1769691600,2026-01-29 13:00:00,2936.34,2939,2931.62,2936.14
1769695200,2026-01-29 14:00:00,2936.15,2937.02,2875.7,2876.28
1769698800,2026-01-29 15:00:00,2876.29,2877.49,2797.01,2824.32
1769702400,2026-01-29 16:00:00,2824.31,2836.45,2801.58,2835.03
1769706000,2026-01-29 17:00:00,2835.03,2860.05,2818.76,2824.34
1769709600,2026-01-29 18:00:00,2824.34,2834.44,2754.53,2763.98
1769713200,2026-01-29 19:00:00,2763.98,2811.34,2758.18,2797.53
1769716800,2026-01-29 20:00:00,2797.53,2812.32,2789.39,2805.85
1769720400,2026-01-29 21:00:00,2805.85,2825.1,2805.36,2819.83
1769724000,2026-01-29 22:00:00,2819.83,2825.23,2810.55,2819.95
1769727600,2026-01-29 23:00:00,2819.96,2827.59,2812.77,2822.59
1769731200,2026-01-30 00:00:00,2822.6,2828.65,2802.58,2805
1769734800,2026-01-30 01:00:00,2805,2813.31,2689,2747.15
1769738400,2026-01-30 02:00:00,2747.16,2751.29,2699.16,2736.56
1769742000,2026-01-30 03:00:00,2736.56,2748.34,2734.3,2741.11
1769745600,2026-01-30 04:00:00,2741.12,2774.83,2738.11,2752.99
1769749200,2026-01-30 05:00:00,2753,2760.61,2747.01,2747.02
1769752800,2026-01-30 06:00:00,2747.02,2748.54,2696.82,2718.56
1769756400,2026-01-30 07:00:00,2718.57,2750.93,2718.14,2740.16
1769760000,2026-01-30 08:00:00,2740.17,2748.41,2722.85,2737.43
1769763600,2026-01-30 09:00:00,2737.43,2743.91,2710,2721.93
1769767200,2026-01-30 10:00:00,2721.93,2736.92,2711.37,2736.19
1769770800,2026-01-30 11:00:00,2736.19,2768.78,2734.57,2759.88
1769774400,2026-01-30 12:00:00,2759.87,2766.53,2738.07,2740.49
1769778000,2026-01-30 13:00:00,2740.49,2751.24,2719.54,2730
1769781600,2026-01-30 14:00:00,2730,2764.82,2723.55,2737.42
1769785200,2026-01-30 15:00:00,2737.43,2752.84,2693.42,2729.47
1769788800,2026-01-30 16:00:00,2729.46,2744.55,2706.22,2726.96
1769792400,2026-01-30 17:00:00,2726.96,2740.99,2706.66,2712.53
1769796000,2026-01-30 18:00:00,2712.52,2750.11,2636.01,2740.27
1769799600,2026-01-30 19:00:00,2740.27,2761.46,2734.66,2742.4
1769803200,2026-01-30 20:00:00,2742.39,2742.87,2664.82,2680.72
1769806800,2026-01-30 21:00:00,2680.72,2715.09,2677.6,2704.93
1769810400,2026-01-30 22:00:00,2704.94,2709.92,2693.21,2709.92
1769814000,2026-01-30 23:00:00,2709.91,2711.86,2694.59,2707.38
1769817600,2026-01-31 00:00:00,2707.37,2714.64,2703.27,2706.48
1769821200,2026-01-31 01:00:00,2706.47,2714.53,2699.13,2700
1769824800,2026-01-31 02:00:00,2700,2708.64,2684.67,2702.05
1769828400,2026-01-31 03:00:00,2702.04,2706.47,2694.72,2695.86
1769832000,2026-01-31 04:00:00,2695.86,2704.82,2693,2695.66
1769835600,2026-01-31 05:00:00,2695.66,2703.47,2690.8,2698.05
1769839200,2026-01-31 06:00:00,2698.05,2701,2684.14,2692.9
1769842800,2026-01-31 07:00:00,2692.91,2693.81,2668.2,2680.06
1769846400,2026-01-31 08:00:00,2680.06,2683.49,2609.85,2644.03
1769850000,2026-01-31 09:00:00,2644.02,2659.8,2633.71,2648.35
1769853600,2026-01-31 10:00:00,2648.35,2655.7,2636.54,2651.67
1769857200,2026-01-31 11:00:00,2651.66,2651.67,2634.69,2640.72
1769860800,2026-01-31 12:00:00,2640.72,2644.43,2628.63,2633.55
1769864400,2026-01-31 13:00:00,2633.55,2636.97,2618,2629.14
1769868000,2026-01-31 14:00:00,2629.14,2636.16,2510.01,2538.69
1769871600,2026-01-31 15:00:00,2538.69,2554.89,2526.38,2534.2
1769875200,2026-01-31 16:00:00,2534.2,2551.26,2468.06,2482.71
1769878800,2026-01-31 17:00:00,2482.71,2495.43,2370,2403.39
1769882400,2026-01-31 18:00:00,2403.39,2417.42,2250,2381.08
1769886000,2026-01-31 19:00:00,2381.07,2433.66,2372.37,2382.82
1769889600,2026-01-31 20:00:00,2382.83,2407.24,2355.24,2382.61
1769893200,2026-01-31 21:00:00,2382.6,2423.92,2373.21,2419.6
1769896800,2026-01-31 22:00:00,2419.6,2424.98,2406.34,2419.59
1769900400,2026-01-31 23:00:00,2419.58,2473.77,2416.94,2451.95
1769904000,2026-02-01 00:00:00,2451.96,2475.98,2446.12,2452.18
1769907600,2026-02-01 01:00:00,2452.18,2455.61,2429.15,2444.7
1769911200,2026-02-01 02:00:00,2444.7,2461.81,2440.24,2452.61
1769914800,2026-02-01 03:00:00,2452.61,2456.62,2438.13,2445.46
1769918400,2026-02-01 04:00:00,2445.46,2454.66,2441.52,2448.23
1769922000,2026-02-01 05:00:00,2448.23,2449.44,2424.56,2430.51
1769925600,2026-02-01 06:00:00,2430.52,2440,2408.17,2418.65
1769929200,2026-02-01 07:00:00,2418.66,2438.79,2393.46,2411.22
1769932800,2026-02-01 08:00:00,2411.22,2428.37,2396.57,2412.95
1769936400,2026-02-01 09:00:00,2412.95,2438.22,2406.63,2432.23
1769940000,2026-02-01 10:00:00,2432.23,2438.98,2376.1,2381.03
1769943600,2026-02-01 11:00:00,2381.04,2423.9,2381.03,2411.86
1769947200,2026-02-01 12:00:00,2411.86,2412.47,2365,2396.02
1769950800,2026-02-01 13:00:00,2396.01,2410.53,2370.1,2381.13
1769954400,2026-02-01 14:00:00,2381.13,2389.57,2326.96,2373.07
1769958000,2026-02-01 15:00:00,2373.07,2373.07,2285.4,2315.39
1769961600,2026-02-01 16:00:00,2315.47,2333.15,2284.17,2304.06
1769965200,2026-02-01 17:00:00,2304.07,2321.94,2296.92,2313.96
1769968800,2026-02-01 18:00:00,2313.96,2377.99,2313.33,2350.97
1769972400,2026-02-01 19:00:00,2350.96,2356,2306.29,2320.35
1769976000,2026-02-01 20:00:00,2320.35,2349.24,2298.56,2316.36
1769979600,2026-02-01 21:00:00,2316.35,2319.57,2279.16,2290.58
1769983200,2026-02-01 22:00:00,2290.59,2334.9,2287.18,2319.33
1769986800,2026-02-01 23:00:00,2319.33,2321.69,2222,2270.15
1769990400,2026-02-02 00:00:00,2270.16,2324.17,2242.33,2293.2
1769994000,2026-02-02 01:00:00,2293.21,2318.66,2250.13,2291.29
1769997600,2026-02-02 02:00:00,2291.3,2300.51,2259.48,2262.27
1770001200,2026-02-02 03:00:00,2262.27,2267.67,2166.14,2239.02
1770004800,2026-02-02 04:00:00,2239.01,2268,2207.55,2240.54
1770008400,2026-02-02 05:00:00,2240.54,2243.11,2184.95,2198.02
1770012000,2026-02-02 06:00:00,2198.02,2240.5,2157.14,2227.44
1770015600,2026-02-02 07:00:00,2227.43,2253.16,2217.57,2228.93
1770019200,2026-02-02 08:00:00,2228.93,2258.62,2228.93,2249.33
1770022800,2026-02-02 09:00:00,2249.33,2319,2237.57,2291.57
1770026400,2026-02-02 10:00:00,2291.58,2299.67,2273.52,2277.8
1770030000,2026-02-02 11:00:00,2277.8,2298.01,2273.5,2282.32
1770033600,2026-02-02 12:00:00,2282.32,2318.13,2282.01,2311.66
1770037200,2026-02-02 13:00:00,2311.65,2335.9,2302.45,2327.93
1770040800,2026-02-02 14:00:00,2327.93,2367.68,2274.19,2328.94
1770044400,2026-02-02 15:00:00,2328.93,2396.62,2320,2372.71
1770048000,2026-02-02 16:00:00,2372.71,2387.31,2349.9,2358.71
1770051600,2026-02-02 17:00:00,2358.71,2381.59,2345.74,2356.54
1770055200,2026-02-02 18:00:00,2356.53,2359.78,2332.74,2345.22
1770058800,2026-02-02 19:00:00,2345.22,2351.17,2327.68,2331.54
1770062400,2026-02-02 20:00:00,2331.52,2340.78,2313.33,2322.07
1770066000,2026-02-02 21:00:00,2322.07,2345.2,2319.21,2342.04
1770069600,2026-02-02 22:00:00,2342.04,2354.99,2336,2351.29
1770073200,2026-02-02 23:00:00,2351.3,2355.55,2340,2347.02
1770076800,2026-02-03 00:00:00,2347.01,2355.77,2325.23,2353.98
1770080400,2026-02-03 01:00:00,2353.98,2359.88,2337.87,2354.68
1770084000,2026-02-03 02:00:00,2354.69,2354.87,2297.13,2298.72
1770087600,2026-02-03 03:00:00,2298.72,2345.15,2284.48,2344.03
1770091200,2026-02-03 04:00:00,2343.99,2354.99,2333.31,2345.57
1770094800,2026-02-03 05:00:00,2345.57,2345.79,2315,2316.12
1770098400,2026-02-03 06:00:00,2316.13,2328.49,2298.44,2320.48
1770102000,2026-02-03 07:00:00,2320.48,2333.61,2312.8,2323.12
1770105600,2026-02-03 08:00:00,2323.13,2332.57,2309.2,2315.77
1770109200,2026-02-03 09:00:00,2315.77,2318.9,2262.15,2292.06
1770112800,2026-02-03 10:00:00,2292.06,2299.94,2276.7,2281.79
1770116400,2026-02-03 11:00:00,2281.79,2288.49,2270.39,2276.68
1770120000,2026-02-03 12:00:00,2276.68,2306.01,2272.21,2301.32
1770123600,2026-02-03 13:00:00,2301.31,2317.65,2296.44,2312.21
1770127200,2026-02-03 14:00:00,2312.22,2316.96,2255.02,2257.2
1770130800,2026-02-03 15:00:00,2257.19,2313.43,2251.94,2303.2
1770134400,2026-02-03 16:00:00,2303.21,2303.4,2235.19,2240.6
1770138000,2026-02-03 17:00:00,2240.6,2244.58,2193.5,2195.11
1770141600,2026-02-03 18:00:00,2195.11,2206.98,2110,2120.65
1770145200,2026-02-03 19:00:00,2120.65,2218.4,2112.08,2205.28
1770148800,2026-02-03 20:00:00,2205.27,2343.82,2188.25,2299.46
1770152400,2026-02-03 21:00:00,2299.46,2337.58,2279.76,2283.92
1770156000,2026-02-03 22:00:00,2283.93,2286.17,2229.01,2236.38
1770159600,2026-02-03 23:00:00,2236.38,2248.62,2212.84,2233.72
1770163200,2026-02-04 00:00:00,2233.72,2256.62,2223.88,2241.02
1770166800,2026-02-04 01:00:00,2241.03,2281.82,2241.03,2268.64
1770170400,2026-02-04 02:00:00,2268.65,2276.61,2242.55,2251.82
1770174000,2026-02-04 03:00:00,2251.82,2295.74,2249.14,2283.37
1770177600,2026-02-04 04:00:00,2283.37,2290.09,2270.21,2273.78
1770181200,2026-02-04 05:00:00,2273.78,2280.54,2256,2265.4
1770184800,2026-02-04 06:00:00,2265.39,2284.3,2258.17,2277.54
1770188400,2026-02-04 07:00:00,2277.54,2293.99,2263.74,2283.85
1770192000,2026-02-04 08:00:00,2283.84,2285.9,2266.49,2279.73
1770195600,2026-02-04 09:00:00,2279.73,2279.91,2251.46,2260.65
1770199200,2026-02-04 10:00:00,2260.65,2264.44,2250.58,2260.74
1770202800,2026-02-04 11:00:00,2260.74,2267.32,2221.47,2254.86
1770206400,2026-02-04 12:00:00,2254.86,2263.3,2226.43,2243.92
1770210000,2026-02-04 13:00:00,2243.91,2246.09,2197.47,2198.63
1770213600,2026-02-04 14:00:00,2198.63,2226.28,2168.82,2171.87
1770217200,2026-02-04 15:00:00,2171.87,2197.26,2136.6,2151.83
1770220800,2026-02-04 16:00:00,2151.84,2161.14,2106,2135.05
1770224400,2026-02-04 17:00:00,2135.04,2154.59,2093.5,2126.07
1770228000,2026-02-04 18:00:00,2126.07,2185.63,2076.68,2147.97
1770231600,2026-02-04 19:00:00,2147.97,2194.71,2133.31,2188.27
1770235200,2026-02-04 20:00:00,2188.26,2192.7,2161.79,2172.02
1770238800,2026-02-04 21:00:00,2172.03,2180.9,2108.56,2129.8
1770242400,2026-02-04 22:00:00,2129.8,2168.46,2088.01,2120.16
1770246000,2026-02-04 23:00:00,2120.16,2165.65,2115.47,2148.26
1770249600,2026-02-05 00:00:00,2148.25,2164.15,2136.81,2149.78
1770253200,2026-02-05 01:00:00,2149.78,2173.77,2123.04,2148.55
1770256800,2026-02-05 02:00:00,2148.54,2163.67,2113.32,2124.31
1770260400,2026-02-05 03:00:00,2124.3,2136.68,2097.94,2110
1770264000,2026-02-05 04:00:00,2110,2125.26,2078.32,2104.03
1770267600,2026-02-05 05:00:00,2104.03,2124.55,2077.7,2101.42
1770271200,2026-02-05 06:00:00,2101.42,2107.72,2068.2,2087.57
1770274800,2026-02-05 07:00:00,2087.57,2124.32,2085.72,2091.4
1770278400,2026-02-05 08:00:00,2091.5,2121.27,2091.32,2111.76
1770282000,2026-02-05 09:00:00,2111.8,2149.75,2111.16,2133.45
1770285600,2026-02-05 10:00:00,2133.46,2140.5,2086.54,2097.72
1770289200,2026-02-05 11:00:00,2097.72,2105.3,2061.96,2079.98
1770292800,2026-02-05 12:00:00,2079.98,2092.71,2043.16,2063.99
1770296400,2026-02-05 13:00:00,2063.98,2080.76,2048.38,2058.64
1770300000,2026-02-05 14:00:00,2058.64,2106.51,2042.42,2046.6
1770303600,2026-02-05 15:00:00,2046.59,2054.16,1927.33,1961.12
1770307200,2026-02-05 16:00:00,1961.12,2018.33,1944.94,1998.68
1770310800,2026-02-05 17:00:00,1998.68,2001.77,1943.57,1955.09
1770314400,2026-02-05 18:00:00,1955.09,1968.73,1913.76,1950.3
1770318000,2026-02-05 19:00:00,1950.35,1953.81,1918.14,1928.76
1770321600,2026-02-05 20:00:00,1928.78,1943.06,1825.06,1869.59
1770325200,2026-02-05 21:00:00,1869.6,1912.35,1840.04,1850.48
1770328800,2026-02-05 22:00:00,1850.42,1890.17,1818.18,1870.79
1770332400,2026-02-05 23:00:00,1870.78,1907.66,1820.46,1826.83
1770336000,2026-02-06 00:00:00,1826.83,1892.65,1747.8,1870.61
1770339600,2026-02-06 01:00:00,1870.63,1940.16,1870.37,1932.17
1770343200,2026-02-06 02:00:00,1932.17,1947.84,1891.46,1907.49
1770346800,2026-02-06 03:00:00,1907.5,1917.88,1879.24,1891.82
1770350400,2026-02-06 04:00:00,1891.81,1917.8,1885.95,1909.03
1770354000,2026-02-06 05:00:00,1909.02,1975.75,1906.6,1958.69
1770357600,2026-02-06 06:00:00,1958.69,1967.27,1906.89,1908.32
1770361200,2026-02-06 07:00:00,1908.32,1915.15,1887.29,1899.42
1770364800,2026-02-06 08:00:00,1899.41,1907.01,1866.13,1874.46
1770368400,2026-02-06 09:00:00,1874.46,1929.18,1871.1,1919
1770372000,2026-02-06 10:00:00,1919.08,1934.98,1909.69,1926.94
1770375600,2026-02-06 11:00:00,1926.93,1939.35,1919.96,1932.68
1770379200,2026-02-06 12:00:00,1932.67,1932.67,1914.88,1920.91
1770382800,2026-02-06 13:00:00,1920.91,1962.39,1919.29,1950.31
1770386400,2026-02-06 14:00:00,1950.31,2002.18,1933.33,1978.88
1770390000,2026-02-06 15:00:00,1978.89,1997.68,1961.24,1980.81
1770393600,2026-02-06 16:00:00,1980.8,2046.6,1970.17,2036.17
1770397200,2026-02-06 17:00:00,2036.17,2090.13,2027.73,2067.01
1770400800,2026-02-06 18:00:00,2067.01,2070.19,2030.59,2044.61
1770404400,2026-02-06 19:00:00,2044.61,2072,2033.37,2065.63
1770408000,2026-02-06 20:00:00,2065.63,2093.94,2043.68,2054.23
1770411600,2026-02-06 21:00:00,2054.23,2061.99,2039.93,2053.97
1770415200,2026-02-06 22:00:00,2053.98,2085.47,2046.08,2075.1
1770418800,2026-02-06 23:00:00,2075.09,2087.98,2049.28,2063.38
1770422400,2026-02-07 00:00:00,2063.37,2064.56,2036.75,2043.5
1770426000,2026-02-07 01:00:00,2043.49,2066.64,2032.6,2061.94
1770429600,2026-02-07 02:00:00,2061.94,2065.35,2048.78,2059.39
1770433200,2026-02-07 03:00:00,2059.39,2086,2057.58,2080.81
1770436800,2026-02-07 04:00:00,2080.8,2119.46,2078.81,2087.4
1770440400,2026-02-07 05:00:00,2087.39,2103.99,2077.79,2083.79
1770444000,2026-02-07 06:00:00,2083.78,2093.52,2047.2,2047.73
1770447600,2026-02-07 07:00:00,2047.73,2055.7,1994.57,2027.1
1770451200,2026-02-07 08:00:00,2027.1,2032.6,2015.33,2019.02
1770454800,2026-02-07 09:00:00,2019.02,2029.84,2005.26,2014.45
1770458400,2026-02-07 10:00:00,2014.45,2019.56,1999.57,2010.68
1770462000,2026-02-07 11:00:00,2010.67,2021.79,2007.05,2018.77
1770465600,2026-02-07 12:00:00,2018.77,2075.21,2017.02,2041.33
1770469200,2026-02-07 13:00:00,2041.33,2050.43,2028.37,2041.49
1770472800,2026-02-07 14:00:00,2041.48,2049.53,2009.82,2020.41
1770476400,2026-02-07 15:00:00,2020.41,2063.46,2014.38,2052.54
1770480000,2026-02-07 16:00:00,2052.55,2121.7,2009.54,2050.3
1770483600,2026-02-07 17:00:00,2050.3,2073.13,2032.96,2061.16
1770487200,2026-02-07 18:00:00,2061.16,2109.66,2059,2097.1
1770490800,2026-02-07 19:00:00,2097.1,2101.35,2083.74,2091.29
1770494400,2026-02-07 20:00:00,2091.29,2115,2084.6,2105.32
1770498000,2026-02-07 21:00:00,2105.33,2110.35,2094.46,2100.42
1770501600,2026-02-07 22:00:00,2100.43,2107.56,2087.62,2088.58
1770505200,2026-02-07 23:00:00,2088.58,2095.63,2073,2087.08
1770508800,2026-02-08 00:00:00,2087.08,2094.6,2076.86,2084.58
1770512400,2026-02-08 01:00:00,2084.58,2097.76,2082.23,2096.35
1770516000,2026-02-08 02:00:00,2096.36,2107.44,2082.48,2088.84
1770519600,2026-02-08 03:00:00,2088.9,2093.29,2077,2078.77
1770523200,2026-02-08 04:00:00,2078.78,2090.01,2064.91,2087.72
1770526800,2026-02-08 05:00:00,2087.72,2088.41,2078.76,2084.77
1770530400,2026-02-08 06:00:00,2084.76,2089.1,2077.19,2079.3
1770534000,2026-02-08 07:00:00,2079.3,2084.42,2064.1,2084.41
1770537600,2026-02-08 08:00:00,2084.41,2124.55,2078.04,2116.03
1770541200,2026-02-08 09:00:00,2116.04,2123,2095.53,2100.55
1770544800,2026-02-08 10:00:00,2100.54,2114.17,2083.41,2096.08
1770548400,2026-02-08 11:00:00,2096.08,2137.57,2094.45,2132.35
1770552000,2026-02-08 12:00:00,2132.36,2145.26,2125.42,2131.43
1770555600,2026-02-08 13:00:00,2131.44,2141,2118.39,2126.59
1770559200,2026-02-08 14:00:00,2126.59,2129.49,2116.32,2128.62
1770562800,2026-02-08 15:00:00,2128.61,2130.78,2097.57,2108.64
1770566400,2026-02-08 16:00:00,2108.63,2116.08,2072.8,2080.97
1770570000,2026-02-08 17:00:00,2080.96,2099.31,2080.1,2092.13
1770573600,2026-02-08 18:00:00,2092.13,2122.13,2090.69,2109.47
1770577200,2026-02-08 19:00:00,2109.47,2129.73,2107.66,2126.77
1770580800,2026-02-08 20:00:00,2126.79,2127.25,2100.26,2104.59
1770584400,2026-02-08 21:00:00,2104.58,2115.1,2090,2093.9
1770588000,2026-02-08 22:00:00,2093.91,2112.68,2093.83,2108.43
1770591600,2026-02-08 23:00:00,2108.45,2152.03,2071.6,2089.74
1770595200,2026-02-09 00:00:00,2089.73,2097.2,2076.33,2084.48
1770598800,2026-02-09 01:00:00,2084.47,2101.24,2055.01,2070.89
1770602400,2026-02-09 02:00:00,2070.89,2095.52,2065.71,2081.29
1770606000,2026-02-09 03:00:00,2081.29,2103.02,2081.29,2100.25
1770609600,2026-02-09 04:00:00,2100.25,2102.03,2086.66,2090.35
1770613200,2026-02-09 05:00:00,2090.35,2097.01,2083.75,2095.82
1770616800,2026-02-09 06:00:00,2095.81,2095.82,2072.43,2081.43
1770620400,2026-02-09 07:00:00,2081.43,2087.7,2064.67,2065.74
1770624000,2026-02-09 08:00:00,2065.74,2070.21,2034.56,2050.07
1770627600,2026-02-09 09:00:00,2050.02,2057.43,2034.61,2042.27
1770631200,2026-02-09 10:00:00,2042.27,2047.32,2013.25,2022.7
1770634800,2026-02-09 11:00:00,2022.7,2036.83,2020.89,2028.23
1770638400,2026-02-09 12:00:00,2028.26,2039.4,2027.53,2035.65
1770642000,2026-02-09 13:00:00,2035.65,2050.17,2022.3,2022.52
1770645600,2026-02-09 14:00:00,2022.52,2049.99,2008.62,2043.7
1770649200,2026-02-09 15:00:00,2043.71,2073.47,2032.1,2061.61
1770652800,2026-02-09 16:00:00,2061.61,2109.57,2047.78,2091.21
1770656400,2026-02-09 17:00:00,2091.22,2136.9,2078,2127.33
1770660000,2026-02-09 18:00:00,2127.33,2143,2109.53,2130.67
1770663600,2026-02-09 19:00:00,2130.67,2138.35,2119.25,2131.34
1770667200,2026-02-09 20:00:00,2131.34,2147.73,2118.34,2124.86
1770670800,2026-02-09 21:00:00,2124.87,2129.78,2089,2122.24
1770674400,2026-02-09 22:00:00,2122.24,2125.9,2111.4,2115.22
1770678000,2026-02-09 23:00:00,2115.22,2122.47,2101.67,2105.02
1770681600,2026-02-10 00:00:00,2105.02,2112.92,2096.49,2096.72
1770685200,2026-02-10 01:00:00,2096.72,2124.71,2096.4,2117.35
1770688800,2026-02-10 02:00:00,2117.35,2121.71,2102.73,2108.18
1770692400,2026-02-10 03:00:00,2108.18,2110.7,2052.14,2064.96
1770696000,2026-02-10 04:00:00,2064.96,2074.35,2062.91,2070.44
1770699600,2026-02-10 05:00:00,2070.44,2072,2045.57,2053.07
1770703200,2026-02-10 06:00:00,2053.07,2057.71,1997.59,2008.79
1770706800,2026-02-10 07:00:00,2008.79,2019.84,1999.99,2007.47
1770710400,2026-02-10 08:00:00,2007.47,2017.47,1995.83,2014.88
1770714000,2026-02-10 09:00:00,2014.87,2029.98,2009.87,2016.8
1770717600,2026-02-10 10:00:00,2016.8,2022.02,2009.54,2014.01
1770721200,2026-02-10 11:00:00,2014,2022.82,2001.05,2003.21
1770724800,2026-02-10 12:00:00,2003.2,2017.52,2002.6,2008.16
1770728400,2026-02-10 13:00:00,2008.15,2027.68,1999,2022.49
1770732000,2026-02-10 14:00:00,2022.49,2040.01,1989.38,2009.8
1770735600,2026-02-10 15:00:00,2009.79,2029.99,2004.02,2022.66
1770739200,2026-02-10 16:00:00,2022.67,2037.75,2012.22,2026.09
1770742800,2026-02-10 17:00:00,2026.08,2046.94,2020,2040.2
1770746400,2026-02-10 18:00:00,2040.2,2042.65,1996.18,2009.44
1770750000,2026-02-10 19:00:00,2009.44,2025.72,2003.74,2017.95
1770753600,2026-02-10 20:00:00,2017.95,2021.52,2004.75,2011.55
1770757200,2026-02-10 21:00:00,2011.56,2017.95,1997,2008.45
1770760800,2026-02-10 22:00:00,2008.46,2020.35,2007.11,2017.95
1770764400,2026-02-10 23:00:00,2017.95,2022.85,2012.64,2022.67
1770768000,2026-02-11 00:00:00,2022.67,2029.66,2019.29,2025.41
1770771600,2026-02-11 01:00:00,2025.41,2031.02,2016.6,2024.45
1770775200,2026-02-11 02:00:00,2024.45,2032.31,2014.39,2017.85
1770778800,2026-02-11 03:00:00,2017.84,2021.38,1998,2009.59
1770782400,2026-02-11 04:00:00,2009.59,2011.23,1963.29,1971.39
1770786000,2026-02-11 05:00:00,1971.4,1981.4,1971.28,1974.45
1770789600,2026-02-11 06:00:00,1974.45,1977.49,1939.21,1949.19
1770793200,2026-02-11 07:00:00,1949.19,1958.57,1945.5,1950.89
1770796800,2026-02-11 08:00:00,1950.9,1953.72,1937.11,1950.12
1770800400,2026-02-11 09:00:00,1950.13,1954.32,1943.31,1947
1770804000,2026-02-11 10:00:00,1947,1947,1932.02,1939.3
1770807600,2026-02-11 11:00:00,1939.29,1956.52,1936.75,1953.66
1770811200,2026-02-11 12:00:00,1953.65,1967.1,1949.08,1952.34
1770814800,2026-02-11 13:00:00,1952.34,1968.93,1942.82,1960.6
1770818400,2026-02-11 14:00:00,1960.6,2015.81,1937.23,1943.3
1770822000,2026-02-11 15:00:00,1943.34,1950.49,1903.19,1929.46
1770825600,2026-02-11 16:00:00,1929.46,1956.34,1910.02,1915.33
1770829200,2026-02-11 17:00:00,1915.34,1942.48,1908.8,1929.88
1770832800,2026-02-11 18:00:00,1929.95,1948.57,1915.71,1944.03
1770836400,2026-02-11 19:00:00,1944.02,1959.8,1938.28,1952.28
1770840000,2026-02-11 20:00:00,1952.27,1958.84,1940.49,1954.23
1770843600,2026-02-11 21:00:00,1954.24,1988.07,1950.92,1970.45
1770847200,2026-02-11 22:00:00,1970.46,1973.25,1948.35,1951.47
1770850800,2026-02-11 23:00:00,1951.47,1956.95,1932.44,1941.18
1770854400,2026-02-12 00:00:00,1941.19,1963.53,1941.19,1958.8
1770858000,2026-02-12 01:00:00,1958.81,1977.75,1958.81,1965.94
1770861600,2026-02-12 02:00:00,1965.93,1971.91,1955.39,1958.69
1770865200,2026-02-12 03:00:00,1958.7,1969.11,1957.19,1968.69
1770868800,2026-02-12 04:00:00,1968.7,1975.35,1960.29,1965.78
1770872400,2026-02-12 05:00:00,1965.78,1971.95,1953.14,1970.69
1770876000,2026-02-12 06:00:00,1970.69,1983,1965.51,1975.06
1770879600,2026-02-12 07:00:00,1975.06,1977.92,1966.19,1968.07
1770883200,2026-02-12 08:00:00,1968.07,1973.92,1957.25,1965.52
1770886800,2026-02-12 09:00:00,1965.52,1989.67,1963.28,1982.43
1770890400,2026-02-12 10:00:00,1982.43,1995.73,1977.57,1994.15
1770894000,2026-02-12 11:00:00,1994.16,2001.42,1983.71,1989.02
1770897600,2026-02-12 12:00:00,1989.02,1990.75,1974.85,1980.85
1770901200,2026-02-12 13:00:00,1980.85,1996.3,1975.5,1994.99
1770904800,2026-02-12 14:00:00,1994.99,1996.05,1973.41,1978.5
1770908400,2026-02-12 15:00:00,1978.5,1984.81,1945.01,1948.47
1770912000,2026-02-12 16:00:00,1948.48,1950.16,1897.24,1909.18
1770915600,2026-02-12 17:00:00,1909.18,1927.52,1902.9,1910.42
1770919200,2026-02-12 18:00:00,1910.42,1925.51,1901.82,1918.65
1770922800,2026-02-12 19:00:00,1918.66,1941.09,1911.76,1925.44
1770926400,2026-02-12 20:00:00,1925.45,1932.16,1909.66,1915.85
1770930000,2026-02-12 21:00:00,1915.88,1927.88,1914.37,1923.51
1770933600,2026-02-12 22:00:00,1923.52,1945.8,1920.46,1942.97
1770937200,2026-02-12 23:00:00,1942.96,1952.61,1939.43,1947.85
1770940800,2026-02-13 00:00:00,1947.85,1954.54,1927.63,1933.26
1770944400,2026-02-13 01:00:00,1933.26,1950.02,1933.26,1943.63
1770948000,2026-02-13 02:00:00,1943.64,1952,1940.88,1948.3
1770951600,2026-02-13 03:00:00,1948.31,1958.21,1944.5,1953.55
1770955200,2026-02-13 04:00:00,1953.56,1955.8,1943.8,1944.78
1770958800,2026-02-13 05:00:00,1944.77,1946.85,1933.41,1934.19
1770962400,2026-02-13 06:00:00,1934.19,1939.26,1924.72,1936.57
1770966000,2026-02-13 07:00:00,1936.57,1948.6,1932.78,1935.75
1770969600,2026-02-13 08:00:00,1935.75,1964.04,1933.65,1958.95
1770973200,2026-02-13 09:00:00,1958.96,1966.73,1953.04,1962
1770976800,2026-02-13 10:00:00,1962,1969.26,1956.7,1959.4
1770980400,2026-02-13 11:00:00,1959.41,1962.05,1945.84,1960.04
1770984000,2026-02-13 12:00:00,1960.05,1964.59,1952.6,1960.95
1770987600,2026-02-13 13:00:00,1960.95,1981.11,1956.02,1970.59
1770991200,2026-02-13 14:00:00,1970.58,2002.21,1963.14,1990.86
1770994800,2026-02-13 15:00:00,1990.88,2050.58,1987.2,2034.93
1770998400,2026-02-13 16:00:00,2034.92,2073.68,2031.42,2061.43
1771002000,2026-02-13 17:00:00,2061.43,2068.35,2049.64,2059.39
1771005600,2026-02-13 18:00:00,2059.4,2064.65,2050.64,2057.4
1771009200,2026-02-13 19:00:00,2057.41,2061.67,2052.2,2057.75
1771012800,2026-02-13 20:00:00,2057.74,2059.65,2038.69,2045.61
1771016400,2026-02-13 21:00:00,2045.61,2058.46,2045.04,2054.02
1771020000,2026-02-13 22:00:00,2054.03,2059.39,2045.07,2054.2
1771023600,2026-02-13 23:00:00,2054.2,2054.41,2046.57,2048.72
1771027200,2026-02-14 00:00:00,2048.72,2056.06,2042.37,2055.2
1771030800,2026-02-14 01:00:00,2055.2,2057.57,2050.29,2054.35
1771034400,2026-02-14 02:00:00,2054.35,2054.46,2048.1,2050.22
1771038000,2026-02-14 03:00:00,2050.22,2056.27,2048.48,2054.37
1771041600,2026-02-14 04:00:00,2054.39,2058,2052.77,2053.57
1771045200,2026-02-14 05:00:00,2053.56,2056.32,2050.86,2051.29
1771048800,2026-02-14 06:00:00,2051.28,2054.62,2048.5,2053.68
1771052400,2026-02-14 07:00:00,2053.68,2060.49,2050.69,2057.21
1771056000,2026-02-14 08:00:00,2057.2,2091.32,2057.04,2082.35
1771059600,2026-02-14 09:00:00,2082.35,2088.64,2075.91,2078.24
1771063200,2026-02-14 10:00:00,2078.24,2078.25,2072.57,2077.42
1771066800,2026-02-14 11:00:00,2077.43,2107.67,2077.1,2099.58
1771070400,2026-02-14 12:00:00,2099.58,2100.39,2068.09,2070.97
1771074000,2026-02-14 13:00:00,2070.97,2076.05,2064.58,2071.54
1771077600,2026-02-14 14:00:00,2071.54,2088.81,2069.34,2085.09
1771081200,2026-02-14 15:00:00,2085.1,2093.73,2080.55,2087.43
1771084800,2026-02-14 16:00:00,2087.42,2087.89,2067.27,2082.83
1771088400,2026-02-14 17:00:00,2082.84,2089.28,2077.49,2080.23
1771092000,2026-02-14 18:00:00,2080.23,2086.61,2078.77,2085.39
1771095600,2026-02-14 19:00:00,2085.39,2090.51,2078.56,2088.52
1771099200,2026-02-14 20:00:00,2088.52,2092.95,2081.24,2089.82
1771102800,2026-02-14 21:00:00,2089.83,2098.89,2078.63,2085.87
1771106400,2026-02-14 22:00:00,2085.86,2094.68,2083.66,2090.47
1771110000,2026-02-14 23:00:00,2090.46,2093.01,2083.7,2086.59
1771113600,2026-02-15 00:00:00,2086.59,2090.5,2072.74,2080.11
1771117200,2026-02-15 01:00:00,2080.11,2085.02,2053.81,2064.19
1771120800,2026-02-15 02:00:00,2064.18,2072.41,2045,2059.58
1771124400,2026-02-15 03:00:00,2059.59,2063.34,2030.9,2058.94
1771128000,2026-02-15 04:00:00,2058.94,2087.13,2058.94,2076.31
1771131600,2026-02-15 05:00:00,2076.31,2096.11,2075.12,2088.68
1771135200,2026-02-15 06:00:00,2088.67,2094.71,2082.61,2085.85
1771138800,2026-02-15 07:00:00,2085.85,2103.32,2082.47,2091.41
1771142400,2026-02-15 08:00:00,2091.41,2096.82,2055.92,2069.2
1771146000,2026-02-15 09:00:00,2069.2,2078.86,2066.02,2068.7
1771149600,2026-02-15 10:00:00,2068.7,2070.26,2054.36,2061.57
1771153200,2026-02-15 11:00:00,2061.56,2067.01,2058.61,2061.96
1771156800,2026-02-15 12:00:00,2061.96,2068.63,2011,2011
1771160400,2026-02-15 13:00:00,2011,2028.34,1994.05,2002.46
1771164000,2026-02-15 14:00:00,2002.45,2012.43,1993.3,2010.32
1771167600,2026-02-15 15:00:00,2010.32,2015.07,2002.5,2011.29
1771171200,2026-02-15 16:00:00,2011.29,2011.3,1993.35,2006.27
1771174800,2026-02-15 17:00:00,2006.27,2009.05,1957.9,1971.3
1771178400,2026-02-15 18:00:00,1971.3,1981.36,1952.62,1959.24
1771182000,2026-02-15 19:00:00,1959.24,1961.96,1928.88,1942.23
1771185600,2026-02-15 20:00:00,1942.22,1958.54,1933.77,1950.11
1771189200,2026-02-15 21:00:00,1950.11,1965.77,1950,1958.55
1771192800,2026-02-15 22:00:00,1958.55,1974.51,1956.58,1970.27
1771196400,2026-02-15 23:00:00,1970.27,1970.89,1944.36,1966.58
1771200000,2026-02-16 00:00:00,1966.59,1979.3,1963.35,1969.11
1771203600,2026-02-16 01:00:00,1969.11,1981.2,1957,1963.06
1771207200,2026-02-16 02:00:00,1963.06,1966.79,1952.3,1957
1771210800,2026-02-16 03:00:00,1957.01,1959.81,1948.76,1958.78
1771214400,2026-02-16 04:00:00,1958.78,1973.19,1958.34,1973.06
1771218000,2026-02-16 05:00:00,1973.05,1974.17,1952.91,1958
1771221600,2026-02-16 06:00:00,1957.99,1967.58,1955.94,1966.69
1771225200,2026-02-16 07:00:00,1966.69,1978.64,1964.32,1971.13
1771228800,2026-02-16 08:00:00,1971.14,1978.51,1970,1977.31
1771232400,2026-02-16 09:00:00,1977.31,1993.35,1976.16,1987.67
1771236000,2026-02-16 10:00:00,1987.66,1988.91,1977.51,1978.88
1771239600,2026-02-16 11:00:00,1978.88,1983.87,1957.12,1976.15
1771243200,2026-02-16 12:00:00,1976.16,2009.52,1972.46,2006.24
1771246800,2026-02-16 13:00:00,2006.25,2023.51,1961.23,1967.7
1771250400,2026-02-16 14:00:00,1967.69,1983.45,1954.97,1973.13
1771254000,2026-02-16 15:00:00,1973.13,1986.12,1937.24,1956.65
1771257600,2026-02-16 16:00:00,1956.65,1980.04,1956.31,1973.75
1771261200,2026-02-16 17:00:00,1973.75,1988.4,1964.48,1978.99
1771264800,2026-02-16 18:00:00,1978.99,1985.68,1967.1,1968.93
1771268400,2026-02-16 19:00:00,1968.94,1979.74,1966.22,1974.04
1771272000,2026-02-16 20:00:00,1974.04,1994.34,1971.1,1993.2
1771275600,2026-02-16 21:00:00,1993.2,2004.02,1986.2,1999.14
1771279200,2026-02-16 22:00:00,1999.13,2002.54,1984.39,1990.19
1771282800,2026-02-16 23:00:00,1990.19,2002.52,1988.72,1998.33
1771286400,2026-02-17 00:00:00,1998.34,2005.77,1993.41,1998.44
1771290000,2026-02-17 01:00:00,1998.45,2008.05,1991,1991.82
1771293600,2026-02-17 02:00:00,1991.8,2008.58,1979.7,1998.59
1771297200,2026-02-17 03:00:00,1998.6,1999.22,1984.73,1985.7
1771300800,2026-02-17 04:00:00,1985.69,1998.48,1982.23,1989.44
1771304400,2026-02-17 05:00:00,1989.44,1991.05,1964.72,1975.68
1771308000,2026-02-17 06:00:00,1975.68,1985.07,1975.67,1981.02
1771311600,2026-02-17 07:00:00,1981.02,1988.22,1973.32,1985.91
1771315200,2026-02-17 08:00:00,1985.91,1990.88,1973.95,1977.08
1771318800,2026-02-17 09:00:00,1977.07,1979.99,1969.79,1976.16
1771322400,2026-02-17 10:00:00,1976.15,1978.77,1961.71,1966.93
1771326000,2026-02-17 11:00:00,1966.92,1972.5,1964.28,1968.47
1771329600,2026-02-17 12:00:00,1968.47,1977.02,1967.21,1969.76
1771333200,2026-02-17 13:00:00,1969.76,1999.72,1964.74,1990.53
1771336800,2026-02-17 14:00:00,1990.53,2002.7,1944.3,1948.49
1771340400,2026-02-17 15:00:00,1948.5,1969.66,1941.66,1968.58
1771344000,2026-02-17 16:00:00,1968.59,2010.47,1967.65,1980.36
1771347600,2026-02-17 17:00:00,1980.37,1984.05,1954.03,1966.27
1771351200,2026-02-17 18:00:00,1966.28,2007.02,1961.73,1998.69
1771354800,2026-02-17 19:00:00,1998.7,2015.33,1995.07,1998.14
1771358400,2026-02-17 20:00:00,1998.15,2001.5,1987.57,1994.71
1771362000,2026-02-17 21:00:00,1994.71,2002.79,1992.34,1999.74
1771365600,2026-02-17 22:00:00,1999.74,2004,1992.39,1993.92
1771369200,2026-02-17 23:00:00,1993.91,1998.19,1989.67,1991.66
1771372800,2026-02-18 00:00:00,1991.67,1997.89,1981.18,1981.54
1771376400,2026-02-18 01:00:00,1981.54,1984.18,1968.68,1978.07
1771380000,2026-02-18 02:00:00,1978.08,1992.83,1977.57,1987.61
1771383600,2026-02-18 03:00:00,1987.61,2000.56,1986.86,1997.07
1771387200,2026-02-18 04:00:00,1997.08,2002.78,1993.35,1999.15
1771390800,2026-02-18 05:00:00,1999.18,2002.91,1996,1996.49
1771394400,2026-02-18 06:00:00,1996.5,2008.62,1995.56,2002.06
1771398000,2026-02-18 07:00:00,2002.06,2023.52,1996.71,2018.07
1771401600,2026-02-18 08:00:00,2018.06,2039.05,2017.17,2020.7
1771405200,2026-02-18 09:00:00,2020.69,2022.75,2015.82,2016.69
1771408800,2026-02-18 10:00:00,2016.69,2018.28,1995.55,1997.27
1771412400,2026-02-18 11:00:00,1997.27,1998.3,1976.57,1981.43
1771416000,2026-02-18 12:00:00,1981.44,1989.38,1971.66,1982.47
1771419600,2026-02-18 13:00:00,1982.48,1991.91,1961.56,1970.68
1771423200,2026-02-18 14:00:00,1970.67,1976.85,1954.3,1974.66
1771426800,2026-02-18 15:00:00,1974.65,2010.3,1973.58,1985.48
1771430400,2026-02-18 16:00:00,1985.48,1985.67,1965,1971.78
1771434000,2026-02-18 17:00:00,1971.78,1987.89,1970.81,1974.57
1771437600,2026-02-18 18:00:00,1974.58,1977.59,1949.21,1952.62
1771441200,2026-02-18 19:00:00,1952.62,1961.57,1923.78,1941.03
1771444800,2026-02-18 20:00:00,1941.04,1952.79,1935.82,1939.67
1771448400,2026-02-18 21:00:00,1939.68,1948.37,1935.94,1942
1771452000,2026-02-18 22:00:00,1941.96,1950.14,1939.92,1948.24
1771455600,2026-02-18 23:00:00,1948.24,1956.79,1944.62,1955.91
1771459200,2026-02-19 00:00:00,1955.9,1961.22,1950.5,1956.54
1771462800,2026-02-19 01:00:00,1956.54,1974.73,1956.42,1967.01
1771466400,2026-02-19 02:00:00,1967.01,1973,1962.77,1968.06
1771470000,2026-02-19 03:00:00,1968.06,1973.44,1963.14,1972.33
1771473600,2026-02-19 04:00:00,1972.32,1979.84,1969.21,1969.5
1771477200,2026-02-19 05:00:00,1969.51,1972.72,1964.2,1970.33
1771480800,2026-02-19 06:00:00,1970.32,1985,1970.04,1982.92
1771484400,2026-02-19 07:00:00,1982.93,1987.55,1979.05,1981.76
1771488000,2026-02-19 08:00:00,1981.76,1982.54,1966.35,1970.5
1771491600,2026-02-19 09:00:00,1970.5,1980.51,1961.64,1963.79
1771495200,2026-02-19 10:00:00,1963.8,1968.65,1957.45,1959.64
1771498800,2026-02-19 11:00:00,1959.65,1964.56,1948.16,1949.58
1771502400,2026-02-19 12:00:00,1949.59,1956.18,1945.09,1947.3
1771506000,2026-02-19 13:00:00,1947.3,1948.22,1911.49,1921.4
1771509600,2026-02-19 14:00:00,1921.4,1948.52,1912.07,1936.87
1771513200,2026-02-19 15:00:00,1936.87,1947.78,1913.24,1926.3
1771516800,2026-02-19 16:00:00,1926.29,1929.93,1907,1922.07
1771520400,2026-02-19 17:00:00,1922.08,1944.57,1910.77,1920.72
1771524000,2026-02-19 18:00:00,1920.71,1944.67,1916.59,1939.99
1771527600,2026-02-19 19:00:00,1940,1947.52,1927.84,1941.34
1771531200,2026-02-19 20:00:00,1941.33,1952,1934.79,1950.29
1771534800,2026-02-19 21:00:00,1950.29,1952.57,1945.77,1948.5
1771538400,2026-02-19 22:00:00,1948.5,1948.82,1937.09,1943.96
1771542000,2026-02-19 23:00:00,1943.96,1951.33,1942.29,1949.08
1771545600,2026-02-20 00:00:00,1949.08,1964.54,1947.41,1957.56
1771549200,2026-02-20 01:00:00,1957.57,1961.56,1950.03,1953.76
1771552800,2026-02-20 02:00:00,1953.77,1956.7,1948.17,1949.69
1771556400,2026-02-20 03:00:00,1949.69,1960.64,1949.69,1954.85
1771560000,2026-02-20 04:00:00,1954.85,1956.15,1931.01,1939.17
1771563600,2026-02-20 05:00:00,1939.17,1965.5,1936.21,1955.23
1771567200,2026-02-20 06:00:00,1955.23,1960.36,1949.82,1958.47
1771570800,2026-02-20 07:00:00,1958.47,1968.55,1956.98,1960.97
1771574400,2026-02-20 08:00:00,1960.93,1966.32,1957.12,1960
1771578000,2026-02-20 09:00:00,1960,1972.27,1959.91,1968.15
1771581600,2026-02-20 10:00:00,1968.15,1973.86,1956.55,1957.54
1771585200,2026-02-20 11:00:00,1957.53,1957.58,1940.58,1943.98
1771588800,2026-02-20 12:00:00,1943.99,1951.65,1942.39,1949.82
1771592400,2026-02-20 13:00:00,1949.82,1949.83,1922.97,1934.11
1771596000,2026-02-20 14:00:00,1934.11,1954.28,1933.07,1943.7
1771599600,2026-02-20 15:00:00,1943.7,1980.49,1935.4,1963.95
1771603200,2026-02-20 16:00:00,1963.96,1973.5,1953.86,1968.62
1771606800,2026-02-20 17:00:00,1968.62,1970.94,1939.21,1966.57
1771610400,2026-02-20 18:00:00,1966.56,1981.18,1959.89,1975.56
1771614000,2026-02-20 19:00:00,1975.55,1978.15,1961.67,1963.69
1771617600,2026-02-20 20:00:00,1963.69,1971.36,1961.6,1971.05
1771621200,2026-02-20 21:00:00,1971.04,1975.27,1967.19,1974.38
1771624800,2026-02-20 22:00:00,1974.37,1974.37,1964.4,1971.4
1771628400,2026-02-20 23:00:00,1971.39,1973.27,1963.54,1968.88
1771632000,2026-02-21 00:00:00,1968.88,1969.47,1961.47,1963.22
1771635600,2026-02-21 01:00:00,1963.23,1969.09,1963,1966.24
1771639200,2026-02-21 02:00:00,1966.25,1970.7,1964.83,1965.69
1771642800,2026-02-21 03:00:00,1965.69,1966,1955.62,1959.03
1771646400,2026-02-21 04:00:00,1959.03,1963.29,1956.21,1962.4
1771650000,2026-02-21 05:00:00,1962.4,1964.43,1961.2,1962.86
1771653600,2026-02-21 06:00:00,1962.86,1966.09,1960.52,1961.5
1771657200,2026-02-21 07:00:00,1961.5,1964.84,1960,1962.71
1771660800,2026-02-21 08:00:00,1962.7,1971.18,1962,1969
1771664400,2026-02-21 09:00:00,1969.01,1977.66,1967.2,1970.28
1771668000,2026-02-21 10:00:00,1970.28,1974.88,1969.09,1974.17
1771671600,2026-02-21 11:00:00,1974.17,1988.6,1973.85,1977.02
1771675200,2026-02-21 12:00:00,1977.02,1978.17,1969.49,1975.99
1771678800,2026-02-21 13:00:00,1975.99,1981.4,1972.63,1981.18
1771682400,2026-02-21 14:00:00,1981.18,1995.56,1978.09,1987.52
1771686000,2026-02-21 15:00:00,1987.51,1993,1984.25,1988.13
1771689600,2026-02-21 16:00:00,1988.13,1989.64,1976.41,1986.33
1771693200,2026-02-21 17:00:00,1986.34,1992.1,1984.26,1988.95
1771696800,2026-02-21 18:00:00,1988.95,1995.31,1987.77,1991.97
1771700400,2026-02-21 19:00:00,1991.97,1994.77,1987.86,1988.35
1771704000,2026-02-21 20:00:00,1988.34,1990.41,1973.53,1974.14
1771707600,2026-02-21 21:00:00,1974.14,1982.79,1970,1982.04
1771711200,2026-02-21 22:00:00,1982.04,1982.47,1972.02,1974.4
1771714800,2026-02-21 23:00:00,1974.39,1977.78,1971.08,1973.35
1771718400,2026-02-22 00:00:00,1973.35,1975.6,1967.75,1972.87
1771722000,2026-02-22 01:00:00,1972.87,1979.87,1972.61,1977.37
1771725600,2026-02-22 02:00:00,1977.38,1982.99,1972.21,1972.23
1771729200,2026-02-22 03:00:00,1972.23,1976.26,1967.4,1974.71
1771732800,2026-02-22 04:00:00,1974.71,1976.16,1970.2,1973.62
1771736400,2026-02-22 05:00:00,1973.63,1975.11,1971.06,1974.97
1771740000,2026-02-22 06:00:00,1974.97,1979.54,1974.29,1976.05
1771743600,2026-02-22 07:00:00,1976.06,1978.78,1974.58,1975.88
1771747200,2026-02-22 08:00:00,1975.87,1977.05,1970.58,1973.39
1771750800,2026-02-22 09:00:00,1973.4,1976.26,1971.72,1975.83
1771754400,2026-02-22 10:00:00,1975.83,1980.01,1975.02,1977.5
1771758000,2026-02-22 11:00:00,1977.51,1983.13,1977.51,1980.78
1771761600,2026-02-22 12:00:00,1980.79,1981.6,1961.84,1966.37
1771765200,2026-02-22 13:00:00,1966.37,1968.69,1945,1950.95
1771768800,2026-02-22 14:00:00,1950.95,1954.6,1943.53,1950.64
1771772400,2026-02-22 15:00:00,1950.65,1958.72,1945.86,1953.98
1771776000,2026-02-22 16:00:00,1953.99,1955.56,1947.53,1952.53
1771779600,2026-02-22 17:00:00,1952.52,1953.6,1935,1940.27
1771783200,2026-02-22 18:00:00,1940.27,1944.11,1938.39,1942.95
1771786800,2026-02-22 19:00:00,1942.95,1945.92,1940.05,1943.74
1771790400,2026-02-22 20:00:00,1943.73,1945.98,1939.81,1940.99
1771794000,2026-02-22 21:00:00,1941,1952.27,1941,1950.39
1771797600,2026-02-22 22:00:00,1950.4,1960.89,1946.61,1958.54
1771801200,2026-02-22 23:00:00,1958.53,1960.95,1948.62,1957.82
1771804800,2026-02-23 00:00:00,1957.82,1958.33,1928.71,1929.42
1771808400,2026-02-23 01:00:00,1929.42,1929.42,1847.46,1856.88
1771812000,2026-02-23 02:00:00,1856.88,1868.67,1851.39,1863.24
1771815600,2026-02-23 03:00:00,1863.25,1871.98,1856.17,1862.87
1771819200,2026-02-23 04:00:00,1862.88,1864.94,1853.34,1860.17
1771822800,2026-02-23 05:00:00,1860.17,1870.67,1860,1866.08
1771826400,2026-02-23 06:00:00,1866.08,1883.2,1864.29,1879.52
1771830000,2026-02-23 07:00:00,1879.52,1888.71,1876.93,1885.5
1771833600,2026-02-23 08:00:00,1885.5,1889.77,1877.23,1880.62
1771837200,2026-02-23 09:00:00,1880.63,1918.82,1880.63,1918
1771840800,2026-02-23 10:00:00,1917.99,1928.19,1912.29,1913.94
1771844400,2026-02-23 11:00:00,1913.95,1920.59,1911.1,1915.3
1771848000,2026-02-23 12:00:00,1915.29,1926.53,1905.71,1919.99
1771851600,2026-02-23 13:00:00,1920,1935.52,1918.78,1921.9
1771855200,2026-02-23 14:00:00,1921.9,1925.48,1895,1906.92
1771858800,2026-02-23 15:00:00,1906.92,1913.23,1892.68,1895.65
1771862400,2026-02-23 16:00:00,1895.65,1900.18,1881.2,1884.72
1771866000,2026-02-23 17:00:00,1884.73,1888.17,1837.13,1863.92
1771869600,2026-02-23 18:00:00,1863.92,1874.12,1854.6,1857.75
1771873200,2026-02-23 19:00:00,1857.75,1864.75,1847.2,1857.19
1771876800,2026-02-23 20:00:00,1857.19,1862.49,1846.8,1860.56
1771880400,2026-02-23 21:00:00,1860.55,1869.31,1858.56,1863.59
1771884000,2026-02-23 22:00:00,1863.59,1870,1859.72,1859.93
1771887600,2026-02-23 23:00:00,1859.94,1866.95,1850.95,1856.3
1771891200,2026-02-24 00:00:00,1856.3,1869.58,1855.34,1867.96
1771894800,2026-02-24 01:00:00,1867.95,1867.99,1811.81,1840.95
1771898400,2026-02-24 02:00:00,1840.95,1854.46,1837.15,1843.54
1771902000,2026-02-24 03:00:00,1843.54,1843.54,1823.24,1832.03
1771905600,2026-02-24 04:00:00,1832.03,1833.82,1813.77,1830.81
1771909200,2026-02-24 05:00:00,1830.8,1840.79,1814.01,1826.26
1771912800,2026-02-24 06:00:00,1826.25,1831.35,1817.99,1820.86
1771916400,2026-02-24 07:00:00,1820.87,1831.89,1815.23,1825.7
1771920000,2026-02-24 08:00:00,1825.7,1836.18,1818.52,1831.57
1771923600,2026-02-24 09:00:00,1831.56,1834.69,1815.22,1827.14
1771927200,2026-02-24 10:00:00,1827.15,1829.68,1820.57,1825.88
1771930800,2026-02-24 11:00:00,1825.88,1827.36,1818.08,1826.75
1771934400,2026-02-24 12:00:00,1826.75,1830.29,1821.07,1823.92
1771938000,2026-02-24 13:00:00,1823.92,1827.5,1800,1815.73
1771941600,2026-02-24 14:00:00,1815.72,1847.99,1803.48,1834.73
1771945200,2026-02-24 15:00:00,1834.73,1850.29,1828.46,1847.59
1771948800,2026-02-24 16:00:00,1847.59,1863.33,1838.36,1858.56
1771952400,2026-02-24 17:00:00,1858.57,1865.38,1849.55,1855.43
1771956000,2026-02-24 18:00:00,1855.43,1860.67,1845.46,1855.08
1771959600,2026-02-24 19:00:00,1855.08,1862.63,1847.05,1852.46
1771963200,2026-02-24 20:00:00,1852.47,1862.36,1849.5,1858.58
1771966800,2026-02-24 21:00:00,1858.57,1858.57,1845.41,1854.17
1771970400,2026-02-24 22:00:00,1854.17,1864.11,1852.92,1860.56
1771974000,2026-02-24 23:00:00,1860.56,1860.61,1851.63,1851.94
1771977600,2026-02-25 00:00:00,1851.95,1856.68,1846.74,1851.98
1771981200,2026-02-25 01:00:00,1851.98,1924.84,1850.49,1918.34
1771984800,2026-02-25 02:00:00,1918.34,1944.86,1918.12,1920.97
1771988400,2026-02-25 03:00:00,1920.97,1922.81,1903.35,1906.14
1771992000,2026-02-25 04:00:00,1906.14,1914.35,1894.37,1906.3
1771995600,2026-02-25 05:00:00,1906.31,1908.3,1878.02,1887.98
1771999200,2026-02-25 06:00:00,1887.98,1896.71,1884.83,1885.05
1772002800,2026-02-25 07:00:00,1885.06,1895.58,1882.44,1893.31
1772006400,2026-02-25 08:00:00,1893.32,1913.9,1890.27,1910.29
1772010000,2026-02-25 09:00:00,1910.29,1917.83,1907.49,1915.19
1772013600,2026-02-25 10:00:00,1915.18,1923.43,1910.22,1912.61
1772017200,2026-02-25 11:00:00,1912.62,1928.45,1907.76,1926.48
1772020800,2026-02-25 12:00:00,1926.48,1956.79,1922.28,1953.43
1772024400,2026-02-25 13:00:00,1953.44,1976.89,1952.47,1964.57
1772028000,2026-02-25 14:00:00,1964.57,2001.65,1962.14,1997.38
1772031600,2026-02-25 15:00:00,1997.38,2028.7,1986.72,2013.73
1772035200,2026-02-25 16:00:00,2013.69,2049.18,2013.36,2046.33
1772038800,2026-02-25 17:00:00,2046.34,2086.17,2044.28,2073.9
1772042400,2026-02-25 18:00:00,2073.9,2081.2,2056.93,2074.12
1772046000,2026-02-25 19:00:00,2074.11,2074.9,2060.05,2071.1
1772049600,2026-02-25 20:00:00,2071.1,2083.99,2058.37,2075
1772053200,2026-02-25 21:00:00,2074.99,2148.39,2065.84,2100.33
1772056800,2026-02-25 22:00:00,2100.33,2115.41,2073.79,2083.15
1772060400,2026-02-25 23:00:00,2083.14,2087,2034.39,2057.48
1772064000,2026-02-26 00:00:00,2057.48,2076.6,2047.83,2062.36
1772067600,2026-02-26 01:00:00,2062.36,2066.95,2049.74,2058.34
1772071200,2026-02-26 02:00:00,2058.35,2059.06,2039.37,2053.28
1772074800,2026-02-26 03:00:00,2053.28,2059.35,2047.35,2054.55
1772078400,2026-02-26 04:00:00,2054.55,2082.81,2051.92,2075.01
1772082000,2026-02-26 05:00:00,2075,2075.55,2056.7,2066.13
1772085600,2026-02-26 06:00:00,2066.13,2076.5,2059.54,2062.54
1772089200,2026-02-26 07:00:00,2062.54,2068.29,2051.55,2053.37
1772092800,2026-02-26 08:00:00,2053.36,2059,2044.36,2054.43
1772096400,2026-02-26 09:00:00,2054.43,2078.24,2052.79,2074.94
1772100000,2026-02-26 10:00:00,2074.93,2083.33,2062.19,2065.31
1772103600,2026-02-26 11:00:00,2065.31,2067.45,2053.46,2057.66
1772107200,2026-02-26 12:00:00,2057.65,2071.76,2055.53,2070
1772110800,2026-02-26 13:00:00,2069.99,2073.95,2061.09,2065.23
1772114400,2026-02-26 14:00:00,2065.22,2077.81,2034.63,2051.19
1772118000,2026-02-26 15:00:00,2051.19,2053.43,2011.56,2033.34
1772121600,2026-02-26 16:00:00,2033.34,2037.78,1978.77,1983.8
1772125200,2026-02-26 17:00:00,1983.8,1998.98,1982.3,1988.43
1772128800,2026-02-26 18:00:00,1988.42,2009.45,1975.35,2004.23
1772132400,2026-02-26 19:00:00,2004.23,2034.4,2003.58,2030.14
1772136000,2026-02-26 20:00:00,2030.13,2042.75,2021.64,2023.67
1772139600,2026-02-26 21:00:00,2023.67,2034.99,2018.33,2030.36
1772143200,2026-02-26 22:00:00,2030.36,2037.51,2027.26,2033.29
1772146800,2026-02-26 23:00:00,2033.29,2033.64,2024.38,2027.68
1772150400,2026-02-27 00:00:00,2027.68,2030.86,2008.34,2014.79
1772154000,2026-02-27 01:00:00,2014.79,2022.6,2000.02,2021.9
1772157600,2026-02-27 02:00:00,2021.89,2034.52,2019.37,2026
1772161200,2026-02-27 03:00:00,2026.01,2049.48,2019.5,2045.39
1772164800,2026-02-27 04:00:00,2045.39,2063.52,2039.84,2042.64
1772168400,2026-02-27 05:00:00,2042.64,2049.43,2038.71,2041.61
1772172000,2026-02-27 06:00:00,2041.6,2042.95,2027.53,2035.91
1772175600,2026-02-27 07:00:00,2035.92,2041.43,2022.16,2032.69
1772179200,2026-02-27 08:00:00,2032.69,2045.93,2028.08,2033.38
1772182800,2026-02-27 09:00:00,2033.39,2042.43,2008.41,2010.01
1772186400,2026-02-27 10:00:00,2010,2013.69,1978.39,1980.8
1772190000,2026-02-27 11:00:00,1980.8,1984.12,1953.37,1962.08
1772193600,2026-02-27 12:00:00,1962.08,1969,1949.32,1959.92
1772197200,2026-02-27 13:00:00,1959.91,1967.71,1938.82,1963.35
1772200800,2026-02-27 14:00:00,1963.35,1964.3,1940.03,1942.95
1772204400,2026-02-27 15:00:00,1942.94,1959.24,1940.62,1948.59
1772208000,2026-02-27 16:00:00,1948.59,1948.86,1924.61,1927.15
1772211600,2026-02-27 17:00:00,1927.14,1934.98,1907.48,1932.35
1772215200,2026-02-27 18:00:00,1932.35,1933.06,1915.81,1918.02
1772218800,2026-02-27 19:00:00,1918.02,1923.46,1912.32,1921.1
1772222400,2026-02-27 20:00:00,1921.11,1926.78,1920.43,1923.14
1772226000,2026-02-27 21:00:00,1923.16,1933.64,1917.11,1921.26
1772229600,2026-02-27 22:00:00,1921.26,1927.72,1887,1921.4
1772233200,2026-02-27 23:00:00,1921.39,1933.55,1919.96,1929.84
1772236800,2026-02-28 00:00:00,1929.84,1937.17,1924.45,1932.4
1772240400,2026-02-28 01:00:00,1932.41,1936.18,1919.8,1924.61
1772244000,2026-02-28 02:00:00,1924.61,1932.54,1922.64,1930.36
1772247600,2026-02-28 03:00:00,1930.36,1931.27,1920.61,1924.49
1772251200,2026-02-28 04:00:00,1924.49,1931.62,1914.73,1925.12
1772254800,2026-02-28 05:00:00,1925.12,1928.2,1914.56,1919.94
1772258400,2026-02-28 06:00:00,1919.95,1920.25,1835.36,1842.45
1772262000,2026-02-28 07:00:00,1842.46,1885,1835.55,1866.73
1772265600,2026-02-28 08:00:00,1866.73,1868.76,1848.48,1852.48
1772269200,2026-02-28 09:00:00,1852.47,1863.51,1845.05,1854.98
1772272800,2026-02-28 10:00:00,1854.99,1868.45,1849.15,1865.09
1772276400,2026-02-28 11:00:00,1865.09,1881,1861.68,1863.31
1772280000,2026-02-28 12:00:00,1863.32,1874.2,1862.47,1868.53
1772283600,2026-02-28 13:00:00,1868.53,1910.2,1865.25,1905.58
1772287200,2026-02-28 14:00:00,1905.58,1915.95,1883.2,1887.75
1772290800,2026-02-28 15:00:00,1887.76,1903.91,1873.83,1898.88
1772294400,2026-02-28 16:00:00,1898.87,1910.2,1891.72,1903.98
1772298000,2026-02-28 17:00:00,1903.97,1911.62,1886.02,1906.91
1772301600,2026-02-28 18:00:00,1906.9,1947,1901.27,1936.08
1772305200,2026-02-28 19:00:00,1936.08,1955.04,1920.38,1947.02
1772308800,2026-02-28 20:00:00,1947.03,1972.44,1938.76,1965.96
1772312400,2026-02-28 21:00:00,1965.96,1967.76,1945.39,1957.69
1772316000,2026-02-28 22:00:00,1957.7,1984.99,1955.75,1965.48
1772319600,2026-02-28 23:00:00,1965.48,1969.97,1956.84,1964.51
1772323200,2026-03-01 00:00:00,1964.51,1969.28,1954.64,1962.66
1772326800,2026-03-01 01:00:00,1962.67,2023.4,1943.58,2012.36
1772330400,2026-03-01 02:00:00,2012.37,2054.8,2008.61,2033.05
1772334000,2026-03-01 03:00:00,2033.04,2039.25,2017,2023.29
1772337600,2026-03-01 04:00:00,2023.29,2030.3,1998.68,2015.7
1772341200,2026-03-01 05:00:00,2015.71,2022.9,2009.7,2011.24
1772344800,2026-03-01 06:00:00,2011.24,2012.67,1989,1998.41
1772348400,2026-03-01 07:00:00,1998.41,2009.63,1993,2007.24
1772352000,2026-03-01 08:00:00,2007.23,2010.18,1981.03,1986
1772355600,2026-03-01 09:00:00,1986.01,1996.12,1974.83,1980.69
1772359200,2026-03-01 10:00:00,1980.69,1993.03,1972.24,1984.81
1772362800,2026-03-01 11:00:00,1984.81,1989.48,1981.96,1983.32
1772366400,2026-03-01 12:00:00,1983.32,1988,1976.39,1978.2
1772370000,2026-03-01 13:00:00,1978.21,2024.4,1968.6,2006.58
1772373600,2026-03-01 14:00:00,2006.58,2028,1993.37,2000.1
1772377200,2026-03-01 15:00:00,2000.11,2016.23,1992.35,1993.38
1772380800,2026-03-01 16:00:00,1993.38,2009.38,1960.23,1974.03
1772384400,2026-03-01 17:00:00,1974.02,1975.92,1953.3,1961.17
1772388000,2026-03-01 18:00:00,1961.17,1997.53,1961.03,1975.82
1772391600,2026-03-01 19:00:00,1975.82,1976.37,1946.55,1953.9
1772395200,2026-03-01 20:00:00,1953.89,1955.01,1907.41,1914.26
1772398800,2026-03-01 21:00:00,1914.27,1932.34,1912.61,1928.98
1772402400,2026-03-01 22:00:00,1928.98,1971.01,1914.69,1924.86
1772406000,2026-03-01 23:00:00,1924.86,1948.15,1918.7,1939.71
1772409600,2026-03-02 00:00:00,1939.71,1967.49,1937.42,1960.86
1772413200,2026-03-02 01:00:00,1960.87,1989.23,1959.64,1963.71
1772416800,2026-03-02 02:00:00,1963.71,1966.16,1939.79,1955.63
1772420400,2026-03-02 03:00:00,1955.63,1979.82,1948.35,1972.3
1772424000,2026-03-02 04:00:00,1972.3,1980.32,1968.31,1972.94
1772427600,2026-03-02 05:00:00,1972.94,1983.6,1961.61,1970.84
1772431200,2026-03-02 06:00:00,1970.9,1971.2,1937.55,1943.31
1772434800,2026-03-02 07:00:00,1943.31,1944.99,1925.53,1941.66
1772438400,2026-03-02 08:00:00,1941.65,1951.14,1920,1949.34
1772442000,2026-03-02 09:00:00,1949.33,1967.13,1946.85,1947.79
1772445600,2026-03-02 10:00:00,1947.78,1956.18,1944,1952.25
1772449200,2026-03-02 11:00:00,1952.24,1954.81,1935.54,1947.81
1772452800,2026-03-02 12:00:00,1947.8,1948.98,1930.4,1938.12
1772456400,2026-03-02 13:00:00,1938.11,1944.5,1922.55,1927.71
1772460000,2026-03-02 14:00:00,1927.71,1985.48,1921.7,1979.75
1772463600,2026-03-02 15:00:00,1979.75,2065.48,1974.36,2047.33
1772467200,2026-03-02 16:00:00,2047.33,2090,2043.36,2064.33
1772470800,2026-03-02 17:00:00,2064.33,2066,2025.58,2041.01
1772474400,2026-03-02 18:00:00,2041.01,2041.12,2024.24,2029.4
1772478000,2026-03-02 19:00:00,2029.4,2049.39,2017.15,2043.57
1772481600,2026-03-02 20:00:00,2043.56,2057.7,2024.98,2035.5
1772485200,2026-03-02 21:00:00,2035.5,2047.87,2029.35,2043.01
1772488800,2026-03-02 22:00:00,2043.01,2058.59,2041.41,2053.82
1772492400,2026-03-02 23:00:00,2053.82,2055.75,2024.32,2027.35
1772496000,2026-03-03 00:00:00,2027.34,2038.94,2018.76,2035.46
1772499600,2026-03-03 01:00:00,2035.46,2041.48,2019.53,2020.01
1772503200,2026-03-03 02:00:00,2020.01,2022.89,1998,2013.67
1772506800,2026-03-03 03:00:00,2013.68,2015.88,2005.33,2008.88
1772510400,2026-03-03 04:00:00,2008.88,2013.66,1998.49,1999.82
1772514000,2026-03-03 05:00:00,1999.81,2019.4,1987.5,1993.36
1772517600,2026-03-03 06:00:00,1993.35,2001.86,1987.82,1999.27
1772521200,2026-03-03 07:00:00,1999.28,2003.49,1993.43,1996.33
1772524800,2026-03-03 08:00:00,1996.32,2000.53,1947.93,1953.1
1772528400,2026-03-03 09:00:00,1953.1,1968.89,1939.1,1951.58
1772532000,2026-03-03 10:00:00,1951.57,1964.08,1945.24,1958.05
1772535600,2026-03-03 11:00:00,1958.05,1966.97,1952.11,1961.28
1772539200,2026-03-03 12:00:00,1961.28,1990.07,1960.85,1967.57
1772542800,2026-03-03 13:00:00,1967.58,1968.77,1943.73,1952.14
1772546400,2026-03-03 14:00:00,1952.13,1977.31,1929.56,1942.78
1772550000,2026-03-03 15:00:00,1942.78,1972.71,1932.04,1969.22
1772553600,2026-03-03 16:00:00,1969.21,2014.12,1958.76,1983.98
1772557200,2026-03-03 17:00:00,1983.98,1985.6,1959.38,1980.6
1772560800,2026-03-03 18:00:00,1980.59,2000.32,1969.7,1988.2
1772564400,2026-03-03 19:00:00,1988.21,1994.37,1976.97,1986.02
1772568000,2026-03-03 20:00:00,1986.03,1989.8,1969.83,1978.34
1772571600,2026-03-03 21:00:00,1978.34,1978.4,1959.35,1968.46
1772575200,2026-03-03 22:00:00,1968.46,1988.2,1968.25,1983.31
1772578800,2026-03-03 23:00:00,1983.3,2001.63,1981.25,1982.8
1772582400,2026-03-04 00:00:00,1982.81,1986.79,1961.88,1976.68
1772586000,2026-03-04 01:00:00,1976.69,1998.66,1970.18,1981.73
1772589600,2026-03-04 02:00:00,1981.72,1982.79,1969.1,1979.24
1772593200,2026-03-04 03:00:00,1979.23,1980.18,1945.08,1960.9
1772596800,2026-03-04 04:00:00,1960.89,1964.65,1950.65,1960.25
1772600400,2026-03-04 05:00:00,1960.26,1977.84,1955.79,1971.14
1772604000,2026-03-04 06:00:00,1971.14,1986.49,1963.33,1980.33
1772607600,2026-03-04 07:00:00,1980.34,2010,1974.64,2006.55
1772611200,2026-03-04 08:00:00,2006.55,2066.66,2000.47,2063.71
1772614800,2026-03-04 09:00:00,2063.71,2089.55,2055.18,2075.23
1772618400,2026-03-04 10:00:00,2075.24,2092.9,2067.36,2072.34
1772622000,2026-03-04 11:00:00,2072.33,2078.22,2046.77,2054.97
1772625600,2026-03-04 12:00:00,2054.97,2059.29,2036.37,2054.33
1772629200,2026-03-04 13:00:00,2054.34,2068.53,2052.79,2064.49
1772632800,2026-03-04 14:00:00,2064.48,2110,2062.82,2080
1772636400,2026-03-04 15:00:00,2079.99,2157.67,2079.09,2150.23
1772640000,2026-03-04 16:00:00,2150.23,2165.75,2129.13,2142.39
1772643600,2026-03-04 17:00:00,2142.39,2156.83,2130.17,2146.07
1772647200,2026-03-04 18:00:00,2146.07,2164.38,2138.13,2163.18
1772650800,2026-03-04 19:00:00,2163.18,2199,2161.01,2177.51
1772654400,2026-03-04 20:00:00,2177.51,2179.66,2149.31,2150.13
1772658000,2026-03-04 21:00:00,2150.13,2155.77,2142.25,2149.86
1772661600,2026-03-04 22:00:00,2149.85,2164.16,2127.42,2132.11
1772665200,2026-03-04 23:00:00,2132.11,2136.84,2116.67,2127.28
1772668800,2026-03-05 00:00:00,2127.28,2135.36,2121.5,2128.13
1772672400,2026-03-05 01:00:00,2128.14,2141.93,2107.57,2113.73
1772676000,2026-03-05 02:00:00,2113.72,2134.09,2112.82,2121.85
1772679600,2026-03-05 03:00:00,2121.85,2126.07,2107.5,2120.15
1772683200,2026-03-05 04:00:00,2120.15,2144.2,2118.59,2137.36
1772686800,2026-03-05 05:00:00,2137.35,2139.32,2114.03,2119.65
1772690400,2026-03-05 06:00:00,2119.66,2130.92,2110.15,2128.23
1772694000,2026-03-05 07:00:00,2128.22,2132.53,2095.71,2104.96
1772697600,2026-03-05 08:00:00,2104.96,2118.82,2093.63,2117.64
1772701200,2026-03-05 09:00:00,2117.64,2137.71,2116.54,2125.45
1772704800,2026-03-05 10:00:00,2125.45,2163.66,2119.99,2156.15
1772708400,2026-03-05 11:00:00,2156.14,2159.31,2133.5,2137.92
1772712000,2026-03-05 12:00:00,2137.92,2142.95,2123.58,2138.25
1772715600,2026-03-05 13:00:00,2138.25,2139.72,2109.18,2117.6
1772719200,2026-03-05 14:00:00,2117.6,2131.65,2096.73,2119.17
1772722800,2026-03-05 15:00:00,2119.18,2121.93,2067.54,2086.96
1772726400,2026-03-05 16:00:00,2086.95,2087.42,2056.7,2080.17
1772730000,2026-03-05 17:00:00,2080.17,2093.7,2054.75,2059.88
1772733600,2026-03-05 18:00:00,2059.88,2078.38,2056.99,2076.59
1772737200,2026-03-05 19:00:00,2076.6,2093.69,2072.38,2074.36
1772740800,2026-03-05 20:00:00,2074.37,2098.67,2070.09,2092.43
1772744400,2026-03-05 21:00:00,2092.42,2099.36,2075.77,2080.6
1772748000,2026-03-05 22:00:00,2080.61,2085,2077.6,2080.11
1772751600,2026-03-05 23:00:00,2080.11,2084.45,2069.72,2072.86
1772755200,2026-03-06 00:00:00,2072.86,2080.39,2067.7,2075.02
1772758800,2026-03-06 01:00:00,2075.03,2091.38,2061.79,2087.65
1772762400,2026-03-06 02:00:00,2087.66,2093.33,2080.66,2083.89
1772766000,2026-03-06 03:00:00,2083.89,2088.75,2075.28,2083.8
1772769600,2026-03-06 04:00:00,2083.81,2085.88,2058.84,2070.86
1772773200,2026-03-06 05:00:00,2070.87,2074.19,2059.36,2068.94
1772776800,2026-03-06 06:00:00,2068.93,2080.53,2063.58,2074.03
1772780400,2026-03-06 07:00:00,2074.04,2087.66,2068.79,2082.83
1772784000,2026-03-06 08:00:00,2082.83,2082.83,2074.33,2075.96
1772787600,2026-03-06 09:00:00,2075.96,2077.5,2045.79,2060
1772791200,2026-03-06 10:00:00,2060,2069.43,2058.72,2063.4
1772794800,2026-03-06 11:00:00,2063.41,2067.34,2049.85,2051.03
1772798400,2026-03-06 12:00:00,2051.03,2055,2037.22,2048.52
1772802000,2026-03-06 13:00:00,2048.52,2062.12,2019.35,2019.88
1772805600,2026-03-06 14:00:00,2019.89,2024.35,1972,1981.55
1772809200,2026-03-06 15:00:00,1981.55,1998,1966.24,1978.01
1772812800,2026-03-06 16:00:00,1978,1984.97,1966.27,1971.29
1772816400,2026-03-06 17:00:00,1971.28,1982.13,1955.95,1966.76
1772820000,2026-03-06 18:00:00,1966.76,1983.46,1966.61,1974.62
1772823600,2026-03-06 19:00:00,1974.62,1993.3,1974.62,1983.75
1772827200,2026-03-06 20:00:00,1983.75,1988.69,1969.26,1978.63
1772830800,2026-03-06 21:00:00,1978.64,1984.64,1971.51,1983.77
1772834400,2026-03-06 22:00:00,1983.76,1989.91,1981.58,1987.22
1772838000,2026-03-06 23:00:00,1987.23,1987.75,1977.03,1978.68
1772841600,2026-03-07 00:00:00,1978.68,1983.27,1976.97,1981.45
1772845200,2026-03-07 01:00:00,1981.45,1983.7,1976.25,1980.68
1772848800,2026-03-07 02:00:00,1980.67,1984.63,1971.79,1983.52
1772852400,2026-03-07 03:00:00,1983.53,1996.04,1979.83,1980.21
1772856000,2026-03-07 04:00:00,1980.22,1980.22,1964.34,1975.35
1772859600,2026-03-07 05:00:00,1975.35,1979.87,1972.46,1979.01
1772863200,2026-03-07 06:00:00,1979.01,1979.01,1968.81,1971.76
1772866800,2026-03-07 07:00:00,1971.77,1984.19,1967.07,1982.94
1772870400,2026-03-07 08:00:00,1982.94,1987.62,1975.5,1978.03
1772874000,2026-03-07 09:00:00,1978.02,1989.42,1975.38,1986.35
1772877600,2026-03-07 10:00:00,1986.35,1988.68,1983.32,1984.36
1772881200,2026-03-07 11:00:00,1984.36,1994.98,1982.19,1988.91
1772884800,2026-03-07 12:00:00,1988.92,1990.95,1979.84,1982.51
1772888400,2026-03-07 13:00:00,1982.51,1984.19,1977.64,1981.83
1772892000,2026-03-07 14:00:00,1981.83,1990.25,1970.47,1987
1772895600,2026-03-07 15:00:00,1987.01,1987.41,1976.22,1981.04
1772899200,2026-03-07 16:00:00,1981.03,1981.03,1974.48,1977.26
1772902800,2026-03-07 17:00:00,1977.26,1983.47,1976.19,1977.59
1772906400,2026-03-07 18:00:00,1977.59,1977.59,1965.78,1971.23
1772910000,2026-03-07 19:00:00,1971.22,1971.23,1948.09,1955.2
1772913600,2026-03-07 20:00:00,1955.2,1968.78,1954.89,1966.42
1772917200,2026-03-07 21:00:00,1966.42,1971.73,1963.97,1970.63
1772920800,2026-03-07 22:00:00,1970.62,1971.03,1958.36,1966.46
1772924400,2026-03-07 23:00:00,1966.47,1974.27,1965.49,1969.59
1772928000,2026-03-08 00:00:00,1969.6,1977.35,1966.66,1968.91
1772931600,2026-03-08 01:00:00,1968.92,1971.9,1963.51,1968.95
1772935200,2026-03-08 02:00:00,1968.94,1969.98,1935.73,1942.34
1772938800,2026-03-08 03:00:00,1942.34,1951.74,1941.54,1947.67
1772942400,2026-03-08 04:00:00,1947.67,1953.37,1930,1938.4
1772946000,2026-03-08 05:00:00,1938.4,1952.54,1938,1949
1772949600,2026-03-08 06:00:00,1949,1952.33,1943.05,1948.05
1772953200,2026-03-08 07:00:00,1948.05,1960.41,1947.19,1955.23
1772956800,2026-03-08 08:00:00,1955.22,1960.59,1949.1,1959.73
1772960400,2026-03-08 09:00:00,1959.73,1970.1,1956.77,1963.54
1772964000,2026-03-08 10:00:00,1963.54,1979.8,1963.36,1974.18
1772967600,2026-03-08 11:00:00,1974.17,1974.32,1944.85,1951.38
1772971200,2026-03-08 12:00:00,1951.39,1954.67,1926.13,1946.29
1772974800,2026-03-08 13:00:00,1946.28,1948.18,1925.06,1944.29
1772978400,2026-03-08 14:00:00,1944.29,1950.58,1937.66,1945.52
1772982000,2026-03-08 15:00:00,1945.52,1947.83,1937.5,1943.32
1772985600,2026-03-08 16:00:00,1943.32,1944.97,1934.34,1936.87
1772989200,2026-03-08 17:00:00,1936.87,1946.65,1933.1,1935.77
1772992800,2026-03-08 18:00:00,1935.78,1937.04,1928.08,1930.27
1772996400,2026-03-08 19:00:00,1930.28,1970.58,1928.24,1964.91
1773000000,2026-03-08 20:00:00,1964.91,1971.95,1953.81,1958.86
1773003600,2026-03-08 21:00:00,1958.87,1962.24,1944.53,1953.95
1773007200,2026-03-08 22:00:00,1953.94,1953.94,1916.14,1943.2
1773010800,2026-03-08 23:00:00,1943.2,1955.2,1935.58,1937.1
1773014400,2026-03-09 00:00:00,1937.11,1966.14,1929.65,1950.99
1773018000,2026-03-09 01:00:00,1950.99,1963.2,1942.72,1946
1773021600,2026-03-09 02:00:00,1946,1963.2,1938.33,1959.66
1773025200,2026-03-09 03:00:00,1959.66,2006.01,1959.08,1977.48
1773028800,2026-03-09 04:00:00,1977.48,1989.56,1973.52,1977.31
1773032400,2026-03-09 05:00:00,1977.31,2014.26,1976.39,2010.6
1773036000,2026-03-09 06:00:00,2010.6,2012.7,1983.36,1985
1773039600,2026-03-09 07:00:00,1985.01,1985.91,1963.45,1983.9
1773043200,2026-03-09 08:00:00,1983.91,2000,1978.92,1996.81
1773046800,2026-03-09 09:00:00,1996.81,2022,1986.77,2004.48
1773050400,2026-03-09 10:00:00,2004.49,2007.05,1992.56,1995.41
1773054000,2026-03-09 11:00:00,1995.41,1999.99,1980.93,1992.2
1773057600,2026-03-09 12:00:00,1992.2,2013.74,1992.2,2002.19
1773061200,2026-03-09 13:00:00,2002.19,2030,2001.13,2018.16
1773064800,2026-03-09 14:00:00,2018.15,2032.84,2007.82,2022.29
1773068400,2026-03-09 15:00:00,2022.27,2029.25,2013.97,2022.63
1773072000,2026-03-09 16:00:00,2022.64,2039.29,2018.93,2027.53
1773075600,2026-03-09 17:00:00,2027.54,2032.5,2005.76,2016.94
1773079200,2026-03-09 18:00:00,2016.94,2022.9,2006.15,2012.1
1773082800,2026-03-09 19:00:00,2012.11,2053.52,2010,2033.91
1773086400,2026-03-09 20:00:00,2033.91,2037.3,2018.77,2025.89
1773090000,2026-03-09 21:00:00,2025.89,2035.39,2022.19,2028.35
1773093600,2026-03-09 22:00:00,2028.33,2031.32,1997.87,2002.53
1773097200,2026-03-09 23:00:00,2002.52,2007.67,1989.12,1992.98
1773100800,2026-03-10 00:00:00,1992.97,2022.5,1991,2015.37
1773104400,2026-03-10 01:00:00,2015.37,2024.99,2006.23,2019.21
1773108000,2026-03-10 02:00:00,2019.2,2054.19,2014.01,2042.4
1773111600,2026-03-10 03:00:00,2042.4,2047.88,2022.63,2026.8
1773115200,2026-03-10 04:00:00,2026.8,2047.31,2026.36,2045.7
1773118800,2026-03-10 05:00:00,2045.69,2054.2,2039.75,2043.99
1773122400,2026-03-10 06:00:00,2044,2049.34,2036.25,2043.76
1773126000,2026-03-10 07:00:00,2043.77,2059.69,2040.09,2051
1773129600,2026-03-10 08:00:00,2051,2070.5,2051,2057.27
1773133200,2026-03-10 09:00:00,2057.27,2074,2055.72,2068.18
1773136800,2026-03-10 10:00:00,2068.17,2069.22,2055.56,2062.86
1773140400,2026-03-10 11:00:00,2062.86,2067.78,2051.16,2061.69
1773144000,2026-03-10 12:00:00,2061.7,2062.09,2047.36,2049.82
1773147600,2026-03-10 13:00:00,2049.82,2060.27,2024.04,2033.63
1773151200,2026-03-10 14:00:00,2033.63,2080.27,2008.65,2075.19
1773154800,2026-03-10 15:00:00,2075.19,2085.73,2059.23,2079.35
1773158400,2026-03-10 16:00:00,2079.34,2088.19,2069.45,2080.72
1773162000,2026-03-10 17:00:00,2080.71,2085.19,2058.33,2071.67
1773165600,2026-03-10 18:00:00,2071.67,2073.13,2035.74,2039.68
1773169200,2026-03-10 19:00:00,2039.68,2044.31,2027.16,2037.02
1773172800,2026-03-10 20:00:00,2037.02,2047.45,2035.45,2042.56
1773176400,2026-03-10 21:00:00,2042.56,2048.31,2018,2029.2
1773180000,2026-03-10 22:00:00,2029.2,2032.82,2021.14,2027.64
1773183600,2026-03-10 23:00:00,2027.63,2037.3,2027.55,2036.51
1773187200,2026-03-11 00:00:00,2036.5,2041.71,2028.81,2037.68
1773190800,2026-03-11 01:00:00,2037.68,2041,2028.62,2036.1
1773194400,2026-03-11 02:00:00,2036.1,2039.05,2018.7,2026.71
1773198000,2026-03-11 03:00:00,2026.7,2029.35,2018.13,2021.17
1773201600,2026-03-11 04:00:00,2021.17,2041.39,2018.25,2039.08
1773205200,2026-03-11 05:00:00,2039.08,2041.49,2011.37,2014.63
1773208800,2026-03-11 06:00:00,2014.63,2026,2014,2024.3
1773212400,2026-03-11 07:00:00,2024.31,2025.7,2007.17,2012.54
1773216000,2026-03-11 08:00:00,2012.54,2025.72,2009.48,2023.76
1773219600,2026-03-11 09:00:00,2023.75,2027.4,2014.51,2017.87
1773223200,2026-03-11 10:00:00,2017.87,2031.3,2017.24,2028.68
1773226800,2026-03-11 11:00:00,2028.68,2033.96,2015.83,2017.8
1773230400,2026-03-11 12:00:00,2017.8,2035.5,2012.81,2023.09
1773234000,2026-03-11 13:00:00,2023.09,2082.66,2021.67,2050.72
1773237600,2026-03-11 14:00:00,2050.72,2077.59,2042.93,2062.68
1773241200,2026-03-11 15:00:00,2062.68,2065.45,2030.03,2049.73
1773244800,2026-03-11 16:00:00,2049.75,2072.43,2046.46,2067.01
1773248400,2026-03-11 17:00:00,2067.02,2085.58,2057.69,2068.15
1773252000,2026-03-11 18:00:00,2068.15,2079.66,2064.18,2076.51
1773255600,2026-03-11 19:00:00,2076.5,2077.9,2068.58,2076.06
1773259200,2026-03-11 20:00:00,2076.05,2076.19,2065.09,2068.4
1773262800,2026-03-11 21:00:00,2068.41,2074.94,2063.46,2073.07
1773266400,2026-03-11 22:00:00,2073.08,2084.53,2058.98,2061.76
1773270000,2026-03-11 23:00:00,2061.76,2064.99,2045.2,2051.97
1773273600,2026-03-12 00:00:00,2051.97,2058.16,2047.97,2055.78
1773277200,2026-03-12 01:00:00,2055.78,2056.14,2042.95,2046.24
1773280800,2026-03-12 02:00:00,2046.23,2047.93,2021.87,2024.67
1773284400,2026-03-12 03:00:00,2024.66,2035.08,2017.59,2023.38
1773288000,2026-03-12 04:00:00,2023.39,2029.73,2021.27,2023.09
1773291600,2026-03-12 05:00:00,2023.08,2028.3,2019.33,2026.85
1773295200,2026-03-12 06:00:00,2026.86,2031.8,2024.64,2030.38
1773298800,2026-03-12 07:00:00,2030.38,2042.26,2025.66,2040.7
1773302400,2026-03-12 08:00:00,2040.69,2052.59,2038.42,2047.8
1773306000,2026-03-12 09:00:00,2047.79,2065.61,2038.49,2055.65
1773309600,2026-03-12 10:00:00,2055.66,2075.49,2052.5,2069.86
1773313200,2026-03-12 11:00:00,2069.87,2076.65,2058.21,2062.83
1773316800,2026-03-12 12:00:00,2062.83,2071.08,2057.81,2065.37
1773320400,2026-03-12 13:00:00,2065.37,2080,2051.44,2065.35
1773324000,2026-03-12 14:00:00,2065.35,2095,2037.79,2045.35
1773327600,2026-03-12 15:00:00,2045.34,2082,2039.05,2072.33
1773331200,2026-03-12 16:00:00,2072.33,2078.09,2056.33,2069.63
1773334800,2026-03-12 17:00:00,2069.62,2075.24,2055.32,2058.4
1773338400,2026-03-12 18:00:00,2058.41,2062.1,2046.78,2048.78
1773342000,2026-03-12 19:00:00,2048.77,2073.5,2045.42,2069.59
1773345600,2026-03-12 20:00:00,2069.6,2073.81,2060.35,2062.57
1773349200,2026-03-12 21:00:00,2062.58,2069.19,2057.28,2062.61
1773352800,2026-03-12 22:00:00,2062.62,2067.54,2054.99,2065.3
1773356400,2026-03-12 23:00:00,2065.3,2093.45,2064.64,2073.52
1773360000,2026-03-13 00:00:00,2073.51,2148.8,2070.12,2119.19
1773363600,2026-03-13 01:00:00,2119.19,2130.4,2111.72,2124.76
1773367200,2026-03-13 02:00:00,2124.75,2127.12,2102.42,2105.81
1773370800,2026-03-13 03:00:00,2105.81,2123.58,2102.2,2118.85
1773374400,2026-03-13 04:00:00,2118.86,2120.06,2109.63,2111.68
1773378000,2026-03-13 05:00:00,2111.67,2115.24,2103.54,2110.47
1773381600,2026-03-13 06:00:00,2110.47,2113,2090,2095.94
1773385200,2026-03-13 07:00:00,2095.95,2104.87,2092.75,2099.38
1773388800,2026-03-13 08:00:00,2099.38,2117,2091.45,2100.05
1773392400,2026-03-13 09:00:00,2100.05,2116.93,2096.04,2113.55
1773396000,2026-03-13 10:00:00,2113.55,2133.3,2112.83,2126.87
1773399600,2026-03-13 11:00:00,2126.88,2130,2118.18,2121.02
1773403200,2026-03-13 12:00:00,2121.02,2153.17,2120.52,2146.63
1773406800,2026-03-13 13:00:00,2146.64,2200,2141.61,2185.52
1773410400,2026-03-13 14:00:00,2185.53,2209.03,2145.59,2151.14
1773414000,2026-03-13 15:00:00,2151.15,2165.93,2125.14,2128.01
1773417600,2026-03-13 16:00:00,2128.01,2143.33,2111.36,2133.91
1773421200,2026-03-13 17:00:00,2133.91,2141.29,2090.28,2102.75
1773424800,2026-03-13 18:00:00,2102.75,2108.87,2091.04,2100.93
1773428400,2026-03-13 19:00:00,2100.92,2106.3,2096.5,2102.48
1773432000,2026-03-13 20:00:00,2102.48,2114,2101.15,2111.37
1773435600,2026-03-13 21:00:00,2111.37,2116.66,2101.47,2103.07
1773439200,2026-03-13 22:00:00,2103.08,2104.72,2078.5,2088.97
1773442800,2026-03-13 23:00:00,2088.96,2093.9,2085.54,2092.22
1773446400,2026-03-14 00:00:00,2092.21,2095.21,2082.82,2085.32
1773450000,2026-03-14 01:00:00,2085.32,2095.46,2081.39,2092.55
1773453600,2026-03-14 02:00:00,2092.55,2095.91,2089.19,2092.39
1773457200,2026-03-14 03:00:00,2092.39,2103.42,2092.38,2101.16
1773460800,2026-03-14 04:00:00,2101.15,2106.09,2087.87,2090.42
1773464400,2026-03-14 05:00:00,2090.43,2094.39,2085.71,2092.46
1773468000,2026-03-14 06:00:00,2092.46,2092.46,2068.28,2078.02
1773471600,2026-03-14 07:00:00,2078.02,2080.4,2075.65,2077.46
1773475200,2026-03-14 08:00:00,2077.46,2081.64,2072.71,2074.34
1773478800,2026-03-14 09:00:00,2074.35,2077.64,2063.73,2067.33
1773482400,2026-03-14 10:00:00,2067.33,2068.88,2061.6,2066.24
1773486000,2026-03-14 11:00:00,2066.24,2076.65,2065.85,2073.67
1773489600,2026-03-14 12:00:00,2073.67,2077.87,2069.99,2075.44
1773493200,2026-03-14 13:00:00,2075.44,2080.65,2073,2078.51
1773496800,2026-03-14 14:00:00,2078.5,2080.52,2069.8,2071.22
1773500400,2026-03-14 15:00:00,2071.23,2077.73,2070,2074.72
1773504000,2026-03-14 16:00:00,2074.72,2078.79,2069.19,2077.54
1773507600,2026-03-14 17:00:00,2077.54,2078.14,2073.5,2075.14
1773511200,2026-03-14 18:00:00,2075.13,2078.14,2072.71,2076.91
1773514800,2026-03-14 19:00:00,2076.91,2079.47,2074.77,2077.49
1773518400,2026-03-14 20:00:00,2077.5,2087.27,2076.2,2086.01
1773522000,2026-03-14 21:00:00,2086.01,2088.92,2081.65,2086.68
1773525600,2026-03-14 22:00:00,2086.68,2088.3,2082.3,2084.45
1773529200,2026-03-14 23:00:00,2084.45,2099.69,2084.19,2096.16
1773532800,2026-03-15 00:00:00,2096.16,2096.77,2085.49,2088
1773536400,2026-03-15 01:00:00,2088,2091.18,2083.35,2088.32
1773540000,2026-03-15 02:00:00,2088.32,2107.91,2088.32,2101.99
1773543600,2026-03-15 03:00:00,2101.99,2105.05,2093.53,2096.15
1773547200,2026-03-15 04:00:00,2096.15,2104.34,2096.13,2104.34
1773550800,2026-03-15 05:00:00,2104.34,2115.95,2102.01,2107.91
1773554400,2026-03-15 06:00:00,2107.91,2111.28,2103,2107.76
1773558000,2026-03-15 07:00:00,2107.76,2113.49,2103.46,2105.64
1773561600,2026-03-15 08:00:00,2105.64,2113,2105.64,2112.93
1773565200,2026-03-15 09:00:00,2112.93,2123.44,2112.83,2117.2
1773568800,2026-03-15 10:00:00,2117.2,2121.49,2114.32,2119.14
1773572400,2026-03-15 11:00:00,2119.14,2121.27,2115.04,2119.63
1773576000,2026-03-15 12:00:00,2119.63,2119.83,2108.2,2109.59
1773579600,2026-03-15 13:00:00,2109.6,2112.76,2086.34,2097.4
1773583200,2026-03-15 14:00:00,2097.39,2099.2,2086.6,2096.99
1773586800,2026-03-15 15:00:00,2096.99,2097.15,2090.02,2093.79
1773590400,2026-03-15 16:00:00,2093.79,2098.86,2088.84,2091.56
1773594000,2026-03-15 17:00:00,2091.57,2117.86,2091.2,2110.77
1773597600,2026-03-15 18:00:00,2110.77,2113.53,2094.32,2099.14
1773601200,2026-03-15 19:00:00,2099.15,2114.35,2096.47,2113.49
1773604800,2026-03-15 20:00:00,2113.49,2139,2110,2129.05
1773608400,2026-03-15 21:00:00,2129.06,2144.76,2123.75,2139.07
1773612000,2026-03-15 22:00:00,2139.08,2192.49,2125.31,2184.35
1773615600,2026-03-15 23:00:00,2184.36,2202.87,2165.2,2178.3
1773619200,2026-03-16 00:00:00,2178.29,2187.33,2164.73,2171.23
1773622800,2026-03-16 01:00:00,2171.23,2190.48,2165,2185.89
1773626400,2026-03-16 02:00:00,2185.88,2189.43,2170.02,2180.49
1773630000,2026-03-16 03:00:00,2180.48,2253.48,2177.38,2235.67
1773633600,2026-03-16 04:00:00,2235.67,2278,2235.67,2263.3
1773637200,2026-03-16 05:00:00,2263.3,2288.63,2256.8,2280.47
1773640800,2026-03-16 06:00:00,2280.46,2281.31,2260.64,2261.7
1773644400,2026-03-16 07:00:00,2261.7,2269,2245.63,2248.95
1773648000,2026-03-16 08:00:00,2248.95,2258.83,2234.92,2243.54
1773651600,2026-03-16 09:00:00,2243.54,2265.37,2239.82,2260.51
1773655200,2026-03-16 10:00:00,2260.51,2279,2256.2,2278.3
1773658800,2026-03-16 11:00:00,2278.3,2280,2266,2269.94
1773662400,2026-03-16 12:00:00,2269.94,2303.64,2269.93,2279.28
1773666000,2026-03-16 13:00:00,2279.28,2308.54,2272.35,2288.79
1773669600,2026-03-16 14:00:00,2288.8,2304.81,2255.04,2288
1773673200,2026-03-16 15:00:00,2287.99,2299.35,2270.17,2273.88
1773676800,2026-03-16 16:00:00,2273.88,2300.22,2270,2297.03
1773680400,2026-03-16 17:00:00,2297.03,2323,2293.49,2314.74
1773684000,2026-03-16 18:00:00,2314.75,2346.16,2313.6,2321.46
1773687600,2026-03-16 19:00:00,2321.46,2348.06,2318.43,2330.92
1773691200,2026-03-16 20:00:00,2330.92,2347.53,2323.68,2345.31
1773694800,2026-03-16 21:00:00,2345.31,2376.34,2343.63,2361.05
1773698400,2026-03-16 22:00:00,2361.04,2386.02,2355.33,2357.83
1773702000,2026-03-16 23:00:00,2357.83,2361.47,2330,2352.97
1773705600,2026-03-17 00:00:00,2352.97,2376.66,2340.21,2357.62
1773709200,2026-03-17 01:00:00,2357.62,2375.65,2346.72,2361.21
1773712800,2026-03-17 02:00:00,2361.2,2361.88,2344.79,2351.3
1773716400,2026-03-17 03:00:00,2351.31,2355.99,2308.03,2320
1773720000,2026-03-17 04:00:00,2320.01,2330,2294.15,2311.5
1773723600,2026-03-17 05:00:00,2311.49,2318.43,2297.91,2307.37
1773727200,2026-03-17 06:00:00,2307.37,2325.13,2298.24,2315.34
1773730800,2026-03-17 07:00:00,2315.35,2337.86,2315.35,2327.7
1773734400,2026-03-17 08:00:00,2327.71,2335.35,2316.05,2320.66
1773738000,2026-03-17 09:00:00,2320.67,2329.34,2307,2315.79
1773741600,2026-03-17 10:00:00,2315.78,2317.09,2304,2312.94
1773745200,2026-03-17 11:00:00,2312.94,2332.92,2311.77,2326.82
1773748800,2026-03-17 12:00:00,2326.81,2335,2312.77,2315.42
1773752400,2026-03-17 13:00:00,2315.42,2346.48,2313.41,2328.65
1773756000,2026-03-17 14:00:00,2328.66,2348.94,2318.94,2343.45
1773759600,2026-03-17 15:00:00,2343.45,2357.73,2304.27,2315.98
1773763200,2026-03-17 16:00:00,2315.98,2336.96,2312.44,2326.84
1773766800,2026-03-17 17:00:00,2326.85,2342.64,2320.6,2340.04
1773770400,2026-03-17 18:00:00,2340.04,2342.7,2328.11,2332.98
1773774000,2026-03-17 19:00:00,2332.98,2340,2317,2320.22
1773777600,2026-03-17 20:00:00,2320.22,2330.39,2317.68,2327.88
1773781200,2026-03-17 21:00:00,2327.88,2344.69,2327.88,2338.45
1773784800,2026-03-17 22:00:00,2338.45,2342.11,2318.39,2329.54
1773788400,2026-03-17 23:00:00,2329.54,2333.11,2316.78,2317.39
1773792000,2026-03-18 00:00:00,2317.38,2325.66,2307,2324.24
1773795600,2026-03-18 01:00:00,2324.24,2335.33,2323.17,2325.02
1773799200,2026-03-18 02:00:00,2325.03,2341.3,2324.74,2331.49
1773802800,2026-03-18 03:00:00,2331.48,2350,2328.65,2340.61
1773806400,2026-03-18 04:00:00,2340.61,2342,2326.62,2327.51
1773810000,2026-03-18 05:00:00,2327.5,2330.97,2313.81,2318.42
1773813600,2026-03-18 06:00:00,2318.42,2331.14,2318.18,2322.73
1773817200,2026-03-18 07:00:00,2322.73,2323.22,2311.53,2317.74
1773820800,2026-03-18 08:00:00,2317.73,2325.5,2317.3,2322.59
1773824400,2026-03-18 09:00:00,2322.59,2333.62,2321.87,2329.27
1773828000,2026-03-18 10:00:00,2329.27,2331.99,2309.42,2312.83
1773831600,2026-03-18 11:00:00,2312.83,2319.16,2263.43,2269.34
1773835200,2026-03-18 12:00:00,2269.33,2270.5,2235.45,2237.49
1773838800,2026-03-18 13:00:00,2237.5,2244.9,2223.69,2235.68
1773842400,2026-03-18 14:00:00,2235.69,2237.21,2186.93,2190.27
1773846000,2026-03-18 15:00:00,2190.26,2196.23,2168.97,2187.66
1773849600,2026-03-18 16:00:00,2187.67,2190.93,2166.87,2181
1773853200,2026-03-18 17:00:00,2181,2211.7,2176.99,2204.02
1773856800,2026-03-18 18:00:00,2204.02,2220,2176,2181.2
1773860400,2026-03-18 19:00:00,2181.2,2196.57,2178.81,2185.85
1773864000,2026-03-18 20:00:00,2185.85,2194.78,2153.21,2187.36
1773867600,2026-03-18 21:00:00,2187.36,2206.87,2185.66,2202.49
1773871200,2026-03-18 22:00:00,2202.5,2203.5,2187.58,2194.41
1773874800,2026-03-18 23:00:00,2194.41,2206.88,2188.77,2203.39
1773878400,2026-03-19 00:00:00,2203.39,2208.28,2190.86,2193.34
1773882000,2026-03-19 01:00:00,2193.33,2201.98,2187.24,2196.92
1773885600,2026-03-19 02:00:00,2196.93,2205,2188.94,2196.68
1773889200,2026-03-19 03:00:00,2196.69,2233.72,2196.69,2212.29
1773892800,2026-03-19 04:00:00,2212.29,2213.11,2190.83,2193.61
1773896400,2026-03-19 05:00:00,2193.62,2198.5,2186.67,2189.14
1773900000,2026-03-19 06:00:00,2189.14,2195.7,2177.79,2180.64
1773903600,2026-03-19 07:00:00,2180.65,2182,2143.14,2166.68
1773907200,2026-03-19 08:00:00,2166.68,2170.99,2158.09,2160.66
1773910800,2026-03-19 09:00:00,2160.65,2191.16,2159.99,2189.42
1773914400,2026-03-19 10:00:00,2189.43,2192.07,2172.48,2172.76
1773918000,2026-03-19 11:00:00,2172.76,2177.58,2165.83,2166.92
1773921600,2026-03-19 12:00:00,2166.92,2167.48,2130.16,2132.45
1773925200,2026-03-19 13:00:00,2132.45,2143.16,2110.9,2137.49
1773928800,2026-03-19 14:00:00,2137.5,2147.26,2102.16,2121.68
1773932400,2026-03-19 15:00:00,2121.67,2136.79,2099.38,2118.81
1773936000,2026-03-19 16:00:00,2118.81,2121.95,2106.44,2115.09
1773939600,2026-03-19 17:00:00,2115.08,2131.7,2104.87,2126.96
1773943200,2026-03-19 18:00:00,2126.97,2129.48,2114.31,2125.04
1773946800,2026-03-19 19:00:00,2125.04,2156.92,2125.04,2141.19
1773950400,2026-03-19 20:00:00,2141.18,2152.8,2139.39,2146.35
1773954000,2026-03-19 21:00:00,2146.35,2155.62,2145.16,2149.95
1773957600,2026-03-19 22:00:00,2149.95,2152.36,2133.08,2140.08
1773961200,2026-03-19 23:00:00,2140.08,2147.48,2130.57,2137.81
1773964800,2026-03-20 00:00:00,2137.82,2149,2134.72,2145.6
1773968400,2026-03-20 01:00:00,2145.61,2160.78,2145.1,2150.88
1773972000,2026-03-20 02:00:00,2150.89,2151.77,2132.69,2144.44
1773975600,2026-03-20 03:00:00,2144.45,2157.08,2143.61,2151.38
1773979200,2026-03-20 04:00:00,2151.38,2159.24,2139.18,2148.38
1773982800,2026-03-20 05:00:00,2148.39,2151.92,2137.73,2140.37
1773986400,2026-03-20 06:00:00,2140.38,2141.78,2132.06,2136.61
1773990000,2026-03-20 07:00:00,2136.61,2153.4,2121.25,2150.54
1773993600,2026-03-20 08:00:00,2150.53,2176.84,2146.71,2164.2
1773997200,2026-03-20 09:00:00,2164.19,2164.19,2134.95,2141.21
1774000800,2026-03-20 10:00:00,2141.21,2151.27,2131.56,2148.38
1774004400,2026-03-20 11:00:00,2148.38,2158.69,2135,2141.5
1774008000,2026-03-20 12:00:00,2141.49,2152.74,2135.37,2141.13
1774011600,2026-03-20 13:00:00,2141.13,2152.64,2123.18,2127.39
1774015200,2026-03-20 14:00:00,2127.39,2147.74,2116.88,2129.3
1774018800,2026-03-20 15:00:00,2129.3,2138.78,2120.33,2134.01
1774022400,2026-03-20 16:00:00,2134,2144.76,2130.58,2137.31
1774026000,2026-03-20 17:00:00,2137.32,2141.16,2119.72,2136.69
1774029600,2026-03-20 18:00:00,2136.7,2137.67,2117.41,2123.29
1774033200,2026-03-20 19:00:00,2123.29,2134.97,2117.5,2132.91
1774036800,2026-03-20 20:00:00,2132.91,2137,2123.96,2133.25
1774040400,2026-03-20 21:00:00,2133.25,2157.25,2130.83,2147.53
1774044000,2026-03-20 22:00:00,2147.53,2168,2147.53,2154.71
1774047600,2026-03-20 23:00:00,2154.7,2155.72,2143.16,2146.22
1774051200,2026-03-21 00:00:00,2146.21,2156.77,2144.24,2153.3
1774054800,2026-03-21 01:00:00,2153.3,2159.87,2147.35,2147.55
1774058400,2026-03-21 02:00:00,2147.54,2156.32,2146.35,2154.9
1774062000,2026-03-21 03:00:00,2154.89,2155.95,2150.99,2153.6
1774065600,2026-03-21 04:00:00,2153.59,2158.19,2150.36,2151.75
1774069200,2026-03-21 05:00:00,2151.76,2160,2151.75,2153.39
1774072800,2026-03-21 06:00:00,2153.39,2156.49,2152.28,2155.8
1774076400,2026-03-21 07:00:00,2155.81,2161.34,2153.72,2155.67
1774080000,2026-03-21 08:00:00,2155.67,2157.22,2149.57,2154
1774083600,2026-03-21 09:00:00,2153.99,2159,2153.8,2158.77
1774087200,2026-03-21 10:00:00,2158.77,2159.52,2153.05,2154.34
1774090800,2026-03-21 11:00:00,2154.34,2157.91,2153,2157.37
1774094400,2026-03-21 12:00:00,2157.37,2160.62,2156.76,2157.98
1774098000,2026-03-21 13:00:00,2157.98,2159.79,2155,2155.86
1774101600,2026-03-21 14:00:00,2155.86,2168.27,2150.61,2152.13
1774105200,2026-03-21 15:00:00,2152.13,2157.58,2146.45,2155.12
1774108800,2026-03-21 16:00:00,2155.13,2155.58,2144.67,2146.65
1774112400,2026-03-21 17:00:00,2146.64,2150.61,2142.01,2148.56
1774116000,2026-03-21 18:00:00,2148.56,2155.64,2147.79,2151.46
1774119600,2026-03-21 19:00:00,2151.47,2153.03,2149.06,2152.16
1774123200,2026-03-21 20:00:00,2152.17,2156.59,2150.41,2155.67
1774126800,2026-03-21 21:00:00,2155.67,2157,2152.21,2153.7
1774130400,2026-03-21 22:00:00,2153.69,2153.69,2149.36,2149.94
1774134000,2026-03-21 23:00:00,2149.93,2149.93,2070.78,2084.87
1774137600,2026-03-22 00:00:00,2084.86,2095.43,2050.12,2087.67
1774141200,2026-03-22 01:00:00,2087.68,2094.49,2082,2091.36
1774144800,2026-03-22 02:00:00,2091.37,2109.36,2088,2102.29
1774148400,2026-03-22 03:00:00,2102.29,2127.21,2098.09,2113.83
1774152000,2026-03-22 04:00:00,2113.83,2122.94,2106.36,2119.39
1774155600,2026-03-22 05:00:00,2119.39,2120.94,2112.71,2113
1774159200,2026-03-22 06:00:00,2113.01,2113.34,2106.99,2108.76
1774162800,2026-03-22 07:00:00,2108.76,2112.05,2092.35,2093.38
1774166400,2026-03-22 08:00:00,2093.4,2095.89,2074.36,2086.5
1774170000,2026-03-22 09:00:00,2086.5,2096.82,2079.9,2085.09
1774173600,2026-03-22 10:00:00,2085.1,2086.95,2077.33,2081.45
1774177200,2026-03-22 11:00:00,2081.44,2083.8,2066.97,2069.98
1774180800,2026-03-22 12:00:00,2069.97,2088.44,2068.37,2082.44
1774184400,2026-03-22 13:00:00,2082.44,2092.63,2072.77,2078.71
1774188000,2026-03-22 14:00:00,2078.71,2085.19,2071.67,2078.14
1774191600,2026-03-22 15:00:00,2078.14,2084.58,2075.67,2083.1
1774195200,2026-03-22 16:00:00,2083.1,2084.45,2077.88,2082.09
1774198800,2026-03-22 17:00:00,2082.1,2084.35,2077.41,2079.61
1774202400,2026-03-22 18:00:00,2079.6,2080.41,2057,2072.27
1774206000,2026-03-22 19:00:00,2072.26,2072.7,2054.35,2063.21
1774209600,2026-03-22 20:00:00,2063.22,2072.25,2056.35,2058.58
1774213200,2026-03-22 21:00:00,2058.58,2060.51,2026,2045.96
1774216800,2026-03-22 22:00:00,2045.96,2065.65,2032.57,2062.67
1774220400,2026-03-22 23:00:00,2062.68,2074.16,2051.27,2053.89
1774224000,2026-03-23 00:00:00,2053.9,2063.08,2035.69,2043.31
1774227600,2026-03-23 01:00:00,2043.31,2062.38,2039.46,2047.69
1774231200,2026-03-23 02:00:00,2047.7,2070.24,2046.72,2063.42
1774234800,2026-03-23 03:00:00,2063.42,2072.33,2051.67,2052.54
1774238400,2026-03-23 04:00:00,2052.53,2066.21,2050.64,2065.47
1774242000,2026-03-23 05:00:00,2065.47,2072.11,2060.71,2069.27
1774245600,2026-03-23 06:00:00,2069.26,2069.26,2028.47,2037.3
1774249200,2026-03-23 07:00:00,2037.31,2050,2023.04,2044.72
1774252800,2026-03-23 08:00:00,2044.73,2059.16,2044.2,2048.02
1774256400,2026-03-23 09:00:00,2048.01,2049.13,2028.2,2043.63
1774260000,2026-03-23 10:00:00,2043.64,2054.04,2040.39,2049.04
1774263600,2026-03-23 11:00:00,2049.04,2198.57,2049.04,2134.78
1774267200,2026-03-23 12:00:00,2134.78,2147.85,2107.43,2144.27
1774270800,2026-03-23 13:00:00,2144.27,2189,2140.11,2185.64
1774274400,2026-03-23 14:00:00,2185.65,2192.44,2169.28,2181.16
1774278000,2026-03-23 15:00:00,2181.16,2188.09,2124.75,2128.45
1774281600,2026-03-23 16:00:00,2128.46,2142.72,2117.77,2135.88
1774285200,2026-03-23 17:00:00,2135.88,2158.54,2124.57,2152.71
1774288800,2026-03-23 18:00:00,2152.71,2171.76,2145.71,2168.72
1774292400,2026-03-23 19:00:00,2168.72,2178.74,2150.48,2154.46
1774296000,2026-03-23 20:00:00,2154.45,2166.81,2150.71,2161.49
1774299600,2026-03-23 21:00:00,2161.49,2163.8,2154.57,2157.7
1774303200,2026-03-23 22:00:00,2157.7,2159.61,2143.94,2152.81
1774306800,2026-03-23 23:00:00,2152.8,2155.21,2140.71,2152.03
1774310400,2026-03-24 00:00:00,2152.03,2156.22,2130.1,2143.22
1774314000,2026-03-24 01:00:00,2143.22,2149.78,2124.26,2137.56
1774317600,2026-03-24 02:00:00,2137.57,2145.92,2132.64,2135.86
1774321200,2026-03-24 03:00:00,2135.87,2143.3,2130.7,2141.59
1774324800,2026-03-24 04:00:00,2141.59,2152.03,2131.83,2136.33
1774328400,2026-03-24 05:00:00,2136.32,2138.49,2128.84,2133.64
1774332000,2026-03-24 06:00:00,2133.64,2146.35,2132,2145.3
1774335600,2026-03-24 07:00:00,2145.3,2170.65,2144.13,2165.61
1774339200,2026-03-24 08:00:00,2165.61,2167.37,2152.17,2155.06
1774342800,2026-03-24 09:00:00,2155.07,2167.9,2147.36,2164.97
1774346400,2026-03-24 10:00:00,2164.97,2164.98,2155.27,2161.25
1774350000,2026-03-24 11:00:00,2161.25,2175.16,2152.13,2165.9
1774353600,2026-03-24 12:00:00,2165.89,2170.52,2158.89,2162.44
1774357200,2026-03-24 13:00:00,2162.43,2165.53,2130.46,2138.38
1774360800,2026-03-24 14:00:00,2138.37,2148.31,2120,2133.98
1774364400,2026-03-24 15:00:00,2133.98,2147.74,2131.5,2135.15
1774368000,2026-03-24 16:00:00,2135.15,2140.57,2120.9,2127.2
1774371600,2026-03-24 17:00:00,2127.2,2128.7,2103.02,2109.17
1774375200,2026-03-24 18:00:00,2109.18,2127.9,2105.07,2118.92
1774378800,2026-03-24 19:00:00,2118.92,2127.84,2114.37,2116.87
1774382400,2026-03-24 20:00:00,2116.86,2154.5,2115.63,2148.48
1774386000,2026-03-24 21:00:00,2148.48,2151.8,2140.46,2148.88
1774389600,2026-03-24 22:00:00,2148.89,2155.82,2140.67,2145.61
1774393200,2026-03-24 23:00:00,2145.6,2163.7,2143,2156.23
1774396800,2026-03-25 00:00:00,2156.22,2168.63,2146.35,2161.77
1774400400,2026-03-25 01:00:00,2161.76,2167.37,2156.94,2156.94
1774404000,2026-03-25 02:00:00,2156.95,2161.5,2153.58,2155.5
1774407600,2026-03-25 03:00:00,2155.51,2160.53,2147,2158.54
1774411200,2026-03-25 04:00:00,2158.53,2167.75,2156.83,2166.32
1774414800,2026-03-25 05:00:00,2166.31,2179.73,2164.46,2169.03
1774418400,2026-03-25 06:00:00,2169.03,2173.19,2163.43,2163.81
1774422000,2026-03-25 07:00:00,2163.82,2177.49,2159.81,2164.57
1774425600,2026-03-25 08:00:00,2164.57,2191.93,2164.57,2176.64
1774429200,2026-03-25 09:00:00,2176.64,2188.9,2175.16,2186.64
1774432800,2026-03-25 10:00:00,2186.64,2189.04,2181.24,2185.27
1774436400,2026-03-25 11:00:00,2185.26,2199.02,2179.48,2186.41
1774440000,2026-03-25 12:00:00,2186.41,2195.09,2165.02,2183.31
1774443600,2026-03-25 13:00:00,2183.31,2198.16,2179.71,2184.37
1774447200,2026-03-25 14:00:00,2184.38,2188.02,2173.19,2174.14
1774450800,2026-03-25 15:00:00,2174.14,2176.9,2147.67,2162.56
1774454400,2026-03-25 16:00:00,2162.56,2186.85,2155.93,2173.83
1774458000,2026-03-25 17:00:00,2173.83,2176.24,2160.66,2164.1
1774461600,2026-03-25 18:00:00,2164.1,2173.35,2157.85,2162.38
1774465200,2026-03-25 19:00:00,2162.37,2176.38,2159.48,2172.69
1774468800,2026-03-25 20:00:00,2172.68,2173.03,2159.42,2166.49
1774472400,2026-03-25 21:00:00,2166.49,2169.53,2161.79,2164.04
1774476000,2026-03-25 22:00:00,2164.05,2183.5,2161.87,2174.53
1774479600,2026-03-25 23:00:00,2174.54,2177.14,2164.74,2169.02
1774483200,2026-03-26 00:00:00,2169.02,2172.19,2162.53,2166.69
1774486800,2026-03-26 01:00:00,2166.69,2169.27,2160,2164.84
1774490400,2026-03-26 02:00:00,2164.83,2165.79,2144.05,2149.97
1774494000,2026-03-26 03:00:00,2149.96,2155.56,2144.65,2153.21
1774497600,2026-03-26 04:00:00,2153.22,2154.58,2147.9,2149.71
1774501200,2026-03-26 05:00:00,2149.71,2150.9,2113.63,2119.55
1774504800,2026-03-26 06:00:00,2119.54,2125.01,2112.17,2121.86
1774508400,2026-03-26 07:00:00,2121.86,2124.78,2112.87,2123.64
1774512000,2026-03-26 08:00:00,2123.64,2126.89,2114.22,2119.64
1774515600,2026-03-26 09:00:00,2119.65,2121.87,2074.96,2082.64
1774519200,2026-03-26 10:00:00,2082.63,2083.89,2072.73,2078.65
1774522800,2026-03-26 11:00:00,2078.65,2081.41,2062.94,2068.44
1774526400,2026-03-26 12:00:00,2068.45,2075.66,2066.12,2073.6
1774530000,2026-03-26 13:00:00,2073.6,2093.79,2069.46,2081.22
1774533600,2026-03-26 14:00:00,2081.22,2085.84,2067.25,2076.27
1774537200,2026-03-26 15:00:00,2076.28,2076.72,2052.01,2070.4
1774540800,2026-03-26 16:00:00,2070.4,2070.95,2059.94,2060.9
1774544400,2026-03-26 17:00:00,2060.9,2070.51,2045.17,2049.41
1774548000,2026-03-26 18:00:00,2049.41,2055.83,2034.54,2047.17
1774551600,2026-03-26 19:00:00,2047.18,2054,2039.59,2049.12
1774555200,2026-03-26 20:00:00,2049.11,2080.42,2046.54,2064.89
1774558800,2026-03-26 21:00:00,2064.89,2077.84,2060.29,2068.37
1774562400,2026-03-26 22:00:00,2068.38,2072.91,2054.88,2065.88
1774566000,2026-03-26 23:00:00,2065.89,2069.6,2056.35,2060.43
1774569600,2026-03-27 00:00:00,2060.43,2067.66,2056.8,2065.03
1774573200,2026-03-27 01:00:00,2065.03,2074.59,2063.33,2074.2
1774576800,2026-03-27 02:00:00,2074.2,2077.19,2067.45,2068.28
1774580400,2026-03-27 03:00:00,2068.28,2069.2,2059.33,2061.48
1774584000,2026-03-27 04:00:00,2061.49,2062.01,2043.49,2053.12
1774587600,2026-03-27 05:00:00,2053.11,2066.31,2052.28,2061.2
1774591200,2026-03-27 06:00:00,2061.2,2068.07,2058.5,2062.71
1774594800,2026-03-27 07:00:00,2062.71,2072.36,2059.99,2066.23
1774598400,2026-03-27 08:00:00,2066.24,2069.6,2034.33,2047.93
1774602000,2026-03-27 09:00:00,2047.91,2051.68,2036.48,2041.08
1774605600,2026-03-27 10:00:00,2041.08,2044.52,1986.3,1991.67
1774609200,2026-03-27 11:00:00,1991.67,1998.44,1983.02,1991.8
1774612800,2026-03-27 12:00:00,1991.8,1994.85,1982.19,1989.44
1774616400,2026-03-27 13:00:00,1989.45,1997.42,1971,1979.22
1774620000,2026-03-27 14:00:00,1979.22,1989.54,1970.93,1989.39
1774623600,2026-03-27 15:00:00,1989.39,2010.45,1983.42,1991.32
1774627200,2026-03-27 16:00:00,1991.32,1992.27,1980.25,1986.5
1774630800,2026-03-27 17:00:00,1986.5,1997.6,1974.9,1977.27
1774634400,2026-03-27 18:00:00,1977.28,1986.29,1974.48,1984.43
1774638000,2026-03-27 19:00:00,1984.43,1997.73,1978.94,1991.71
1774641600,2026-03-27 20:00:00,1991.7,1996.31,1980,1986.04
1774645200,2026-03-27 21:00:00,1986.05,1991.08,1984.36,1985.73
1774648800,2026-03-27 22:00:00,1985.74,1987.23,1981.95,1985.52
1774652400,2026-03-27 23:00:00,1985.51,1993.85,1980.54,1992.75
1774656000,2026-03-28 00:00:00,1992.76,1995.16,1989.68,1992.59
1774659600,2026-03-28 01:00:00,1992.6,1992.7,1984.93,1990.43
1774663200,2026-03-28 02:00:00,1990.43,1993.69,1983.17,1987.32
1774666800,2026-03-28 03:00:00,1987.32,1991.25,1987.13,1989.19
1774670400,2026-03-28 04:00:00,1989.19,1992.51,1987.3,1990.8
1774674000,2026-03-28 05:00:00,1990.8,1994.9,1988.32,1994.23
1774677600,2026-03-28 06:00:00,1994.22,2007,1993.39,2000.95
1774681200,2026-03-28 07:00:00,2000.95,2008.35,2000.68,2007.07
1774684800,2026-03-28 08:00:00,2007.07,2008.34,1998.26,1999.24
1774688400,2026-03-28 09:00:00,1999.24,1999.76,1995.6,1999.52
1774692000,2026-03-28 10:00:00,1999.51,2004.57,1992.77,1996.69
1774695600,2026-03-28 11:00:00,1996.69,2000.56,1995.86,1997.64
1774699200,2026-03-28 12:00:00,1997.64,2004.5,1992.25,1999.67
1774702800,2026-03-28 13:00:00,1999.67,2047.45,1999.3,2026.4
1774706400,2026-03-28 14:00:00,2026.39,2028.99,2016.14,2020.84
1774710000,2026-03-28 15:00:00,2020.83,2040.26,2018.4,2026.84
1774713600,2026-03-28 16:00:00,2026.84,2030.23,2021.68,2024.78
1774717200,2026-03-28 17:00:00,2024.79,2027.15,2016.5,2020.84
1774720800,2026-03-28 18:00:00,2020.84,2024.66,2020.37,2021.8
1774724400,2026-03-28 19:00:00,2021.79,2022.81,2017.01,2020.56
1774728000,2026-03-28 20:00:00,2020.57,2026.48,2020.56,2024.59
1774731600,2026-03-28 21:00:00,2024.6,2025.56,2006.69,2009.61
1774735200,2026-03-28 22:00:00,2009.61,2013.14,2005.38,2011.89
1774738800,2026-03-28 23:00:00,2011.88,2011.88,1989.64,1994.74
1774742400,2026-03-29 00:00:00,1994.74,2000,1991.52,1999.16
1774746000,2026-03-29 01:00:00,1999.16,2007.61,1997.78,2005.08
1774749600,2026-03-29 02:00:00,2005.09,2010.55,2002.55,2008.93
1774753200,2026-03-29 03:00:00,2008.93,2019.65,2007.04,2011.1
1774756800,2026-03-29 04:00:00,2011.1,2012.72,2004.23,2005.85
1774760400,2026-03-29 05:00:00,2005.84,2007.27,1997.67,2005.31
1774764000,2026-03-29 06:00:00,2005.31,2008.33,2000.02,2004.98
1774767600,2026-03-29 07:00:00,2004.98,2009.91,2000.04,2006.14
1774771200,2026-03-29 08:00:00,2006.14,2007.5,2002.66,2004.26
1774774800,2026-03-29 09:00:00,2004.26,2005.42,1994.5,1999.21
1774778400,2026-03-29 10:00:00,1999.2,1999.2,1991.9,1995.89
1774782000,2026-03-29 11:00:00,1995.9,2008.16,1995.22,2003.78
1774785600,2026-03-29 12:00:00,2003.78,2004.9,1997.82,2001.68
1774789200,2026-03-29 13:00:00,2001.68,2002.14,1983.56,1987.09
1774792800,2026-03-29 14:00:00,1987.09,2002.35,1983.99,1994.17
1774796400,2026-03-29 15:00:00,1994.17,1998.98,1986.32,1992.97
1774800000,2026-03-29 16:00:00,1992.98,2003.61,1992.03,1997.82
1774803600,2026-03-29 17:00:00,1997.82,2000.21,1987.6,1995.1
1774807200,2026-03-29 18:00:00,1995.11,2002,1991.58,1997.33
1774810800,2026-03-29 19:00:00,1997.33,2000.11,1994.36,1995.89
1774814400,2026-03-29 20:00:00,1995.89,2009.48,1995.84,2002.5
1774818000,2026-03-29 21:00:00,2002.49,2007.24,2001.5,2006.51
1774821600,2026-03-29 22:00:00,2006.51,2006.51,1938.82,1973.99
1774825200,2026-03-29 23:00:00,1973.99,1994.67,1973.63,1984.64
1774828800,2026-03-30 00:00:00,1984.65,2023.73,1980.28,1997.25
1774832400,2026-03-30 01:00:00,1997.27,2016.33,1997.19,2010.43
1774836000,2026-03-30 02:00:00,2010.44,2043.5,2007.53,2029.93
1774839600,2026-03-30 03:00:00,2029.93,2042.07,2027.5,2035.88
1774843200,2026-03-30 04:00:00,2035.88,2053,2035.88,2048.39
1774846800,2026-03-30 05:00:00,2048.39,2058.96,2045.14,2047.84
1774850400,2026-03-30 06:00:00,2047.84,2052,2041.19,2042.46
1774854000,2026-03-30 07:00:00,2042.46,2068.28,2041.54,2059.58
1774857600,2026-03-30 08:00:00,2059.58,2075,2058.15,2062.33
1774861200,2026-03-30 09:00:00,2062.32,2063.13,2053.87,2055.16
1774864800,2026-03-30 10:00:00,2055.16,2058.3,2048.14,2057.78
1774868400,2026-03-30 11:00:00,2057.78,2081.65,2057.78,2071.28
1774872000,2026-03-30 12:00:00,2071.29,2078.89,2069.07,2074.54
1774875600,2026-03-30 13:00:00,2074.54,2085,2058.17,2060.92
1774879200,2026-03-30 14:00:00,2060.93,2076.16,2044.25,2071.64
1774882800,2026-03-30 15:00:00,2071.65,2079.92,2061.91,2074.53
1774886400,2026-03-30 16:00:00,2074.53,2074.99,2058.95,2066.18
1774890000,2026-03-30 17:00:00,2066.18,2072.18,2032,2041.8
1774893600,2026-03-30 18:00:00,2041.79,2044.11,2028.04,2032.61
1774897200,2026-03-30 19:00:00,2032.6,2032.65,2013.33,2023.7
1774900800,2026-03-30 20:00:00,2023.7,2027.78,2021.14,2023.2
1774904400,2026-03-30 21:00:00,2023.19,2049.1,2021.16,2036
1774908000,2026-03-30 22:00:00,2036,2044.22,2029.51,2033.08
1774911600,2026-03-30 23:00:00,2033.07,2033.07,2013.92,2026.48
1774915200,2026-03-31 00:00:00,2026.48,2041.04,2016.29,2036.65
1774918800,2026-03-31 01:00:00,2036.65,2092.34,2032.27,2073
1774922400,2026-03-31 02:00:00,2072.99,2082.92,2067.25,2073.09
1774926000,2026-03-31 03:00:00,2073.08,2076.61,2061.87,2066.71
1774929600,2026-03-31 04:00:00,2066.71,2072.24,2057.06,2060.87
1774933200,2026-03-31 05:00:00,2060.87,2069,2054.77,2064.31
1774936800,2026-03-31 06:00:00,2064.32,2064.95,2055.2,2062.33
1774940400,2026-03-31 07:00:00,2062.33,2062.91,2042.31,2055.97
1774944000,2026-03-31 08:00:00,2055.98,2059.2,2036.03,2040.1
1774947600,2026-03-31 09:00:00,2040.11,2044.5,2012.64,2018.37
1774951200,2026-03-31 10:00:00,2018.37,2030.28,2017.18,2026.5
1774954800,2026-03-31 11:00:00,2026.5,2044.51,2023,2041.2
1774958400,2026-03-31 12:00:00,2041.21,2057.92,2035.02,2047.78
1774962000,2026-03-31 13:00:00,2047.78,2079.88,2047.78,2075.37
1774965600,2026-03-31 14:00:00,2075.37,2092,2037.58,2045.94
1774969200,2026-03-31 15:00:00,2045.94,2077.81,2045.65,2054.85
1774972800,2026-03-31 16:00:00,2054.85,2108.52,2054.29,2091.7
1774976400,2026-03-31 17:00:00,2091.7,2124.03,2088.88,2093.36
1774980000,2026-03-31 18:00:00,2093.35,2115.14,2093.35,2099.89
1774983600,2026-03-31 19:00:00,2099.88,2104,2092.23,2096.54
1774987200,2026-03-31 20:00:00,2096.54,2111.01,2096.32,2107.66
1774990800,2026-03-31 21:00:00,2107.66,2109.03,2093.12,2102.63
1774994400,2026-03-31 22:00:00,2102.64,2104.27,2088.35,2096.51
1774998000,2026-03-31 23:00:00,2096.52,2108.66,2093.21,2105.43
1775001600,2026-04-01 00:00:00,2105.43,2117.79,2096.89,2114.72
1775005200,2026-04-01 01:00:00,2114.73,2115.83,2091.4,2092.95
1775008800,2026-04-01 02:00:00,2092.94,2096.38,2082.08,2088.45
1775012400,2026-04-01 03:00:00,2088.46,2106.88,2088.46,2102.91
1775016000,2026-04-01 04:00:00,2102.91,2116.46,2100.35,2111.26
1775019600,2026-04-01 05:00:00,2111.26,2137.35,2106.42,2122.67
1775023200,2026-04-01 06:00:00,2122.67,2156.23,2122.57,2151.23
1775026800,2026-04-01 07:00:00,2151.24,2158,2130.2,2131
1775030400,2026-04-01 08:00:00,2131,2142.93,2125,2136.96
1775034000,2026-04-01 09:00:00,2136.95,2140.46,2128.12,2136.39
1775037600,2026-04-01 10:00:00,2136.4,2137.93,2126.28,2132.65
1775041200,2026-04-01 11:00:00,2132.64,2139.37,2130.71,2135.32
1775044800,2026-04-01 12:00:00,2135.32,2152,2121.95,2130.82
1775048400,2026-04-01 13:00:00,2130.82,2135.31,2108.72,2119.28
1775052000,2026-04-01 14:00:00,2119.27,2130.6,2114.05,2126.81
1775055600,2026-04-01 15:00:00,2126.82,2137.72,2122.2,2135.04
1775059200,2026-04-01 16:00:00,2135.04,2152.51,2125,2146.09
1775062800,2026-04-01 17:00:00,2146.1,2167.85,2133.96,2137.21
1775066400,2026-04-01 18:00:00,2137.21,2137.87,2123.58,2129.23
1775070000,2026-04-01 19:00:00,2129.23,2145.48,2128,2141.43
1775073600,2026-04-01 20:00:00,2141.43,2147.67,2130.7,2143.92
1775077200,2026-04-01 21:00:00,2143.92,2165.42,2143.32,2156.89
1775080800,2026-04-01 22:00:00,2156.89,2158.8,2137.4,2139.95
1775084400,2026-04-01 23:00:00,2139.96,2146,2135.5,2140.35
1775088000,2026-04-02 00:00:00,2140.35,2159.37,2136.09,2156.14
1775091600,2026-04-02 01:00:00,2156.14,2156.15,2090,2100.03
1775095200,2026-04-02 02:00:00,2100.02,2100.02,2065,2073.89
1775098800,2026-04-02 03:00:00,2073.9,2076.67,2046.48,2056.33
1775102400,2026-04-02 04:00:00,2056.33,2058.45,2041.77,2044.56
1775106000,2026-04-02 05:00:00,2044.57,2051.38,2038.63,2050.21
1775109600,2026-04-02 06:00:00,2050.21,2053.71,2045.56,2050.09
1775113200,2026-04-02 07:00:00,2050.09,2056.76,2044.29,2056.09
1775116800,2026-04-02 08:00:00,2056.09,2056.09,2045.36,2046.29
1775120400,2026-04-02 09:00:00,2046.3,2048.14,2039.27,2044
1775124000,2026-04-02 10:00:00,2044,2045.05,2032.54,2038.79
1775127600,2026-04-02 11:00:00,2038.8,2040.28,2024.73,2033.01
1775131200,2026-04-02 12:00:00,2033.02,2034.03,2024.42,2026.98
1775134800,2026-04-02 13:00:00,2026.98,2041.02,2017.04,2038.81
1775138400,2026-04-02 14:00:00,2038.81,2072.22,2032.99,2063.82
1775142000,2026-04-02 15:00:00,2063.82,2067.89,2048.6,2059.6
1775145600,2026-04-02 16:00:00,2059.59,2077.64,2052.52,2063.31
1775149200,2026-04-02 17:00:00,2063.32,2072,2044.5,2047.23
1775152800,2026-04-02 18:00:00,2047.22,2063,2043.65,2058.32
1775156400,2026-04-02 19:00:00,2058.33,2066.66,2054.97,2065.34
1775160000,2026-04-02 20:00:00,2065.35,2074.16,2061.06,2068.19
1775163600,2026-04-02 21:00:00,2068.2,2070.46,2056.11,2062.98
1775167200,2026-04-02 22:00:00,2062.99,2064.94,2053.54,2060.03
1775170800,2026-04-02 23:00:00,2060.04,2061.89,2054,2057.17
1775174400,2026-04-03 00:00:00,2057.18,2059.63,2050.04,2053.01
1775178000,2026-04-03 01:00:00,2053.01,2062.49,2045.4,2050.61
1775181600,2026-04-03 02:00:00,2050.61,2059.73,2040.66,2052.48
1775185200,2026-04-03 03:00:00,2052.47,2057.22,2050.08,2054.23
1775188800,2026-04-03 04:00:00,2054.22,2057.8,2048.89,2054.53
1775192400,2026-04-03 05:00:00,2054.52,2064.58,2047.35,2057.12
1775196000,2026-04-03 06:00:00,2057.12,2066.61,2054.98,2063.66
1775199600,2026-04-03 07:00:00,2063.66,2075.17,2062.2,2065.85
1775203200,2026-04-03 08:00:00,2065.84,2072,2058.89,2060.96
1775206800,2026-04-03 09:00:00,2060.97,2064.06,2057.03,2061.35
1775210400,2026-04-03 10:00:00,2061.35,2061.35,2053.46,2059.9
1775214000,2026-04-03 11:00:00,2059.91,2064.76,2057.94,2062.64
1775217600,2026-04-03 12:00:00,2062.64,2081.76,2045.08,2049.84
1775221200,2026-04-03 13:00:00,2049.85,2051.18,2041.65,2048.17
1775224800,2026-04-03 14:00:00,2048.17,2057.12,2045.32,2054.59
1775228400,2026-04-03 15:00:00,2054.59,2057.77,2049.34,2051.26
1775232000,2026-04-03 16:00:00,2051.26,2056.54,2049.84,2054.7
1775235600,2026-04-03 17:00:00,2054.7,2055.4,2043.78,2050.36
1775239200,2026-04-03 18:00:00,2050.36,2053.34,2048.06,2049.26
1775242800,2026-04-03 19:00:00,2049.26,2054.11,2045.21,2052.68
1775246400,2026-04-03 20:00:00,2052.69,2055,2052,2052.75
1775250000,2026-04-03 21:00:00,2052.75,2060.92,2052.67,2058.42
1775253600,2026-04-03 22:00:00,2058.41,2059.72,2049.58,2051.79
1775257200,2026-04-03 23:00:00,2051.8,2054.1,2049.23,2053.83
1775260800,2026-04-04 00:00:00,2053.83,2053.86,2051.5,2052.26
1775264400,2026-04-04 01:00:00,2052.26,2053.8,2049.57,2051.27
1775268000,2026-04-04 02:00:00,2051.27,2053.3,2047.92,2050.13
1775271600,2026-04-04 03:00:00,2050.13,2052.08,2049.77,2050.05
1775275200,2026-04-04 04:00:00,2050.05,2051.62,2048.41,2051.21
1775278800,2026-04-04 05:00:00,2051.21,2054.89,2050.38,2053.79
1775282400,2026-04-04 06:00:00,2053.79,2058,2052.81,2056.46
1775286000,2026-04-04 07:00:00,2056.46,2057.37,2051.6,2053.82
1775289600,2026-04-04 08:00:00,2053.82,2055.44,2049.84,2050.57
1775293200,2026-04-04 09:00:00,2050.57,2051.9,2049.42,2050.43
1775296800,2026-04-04 10:00:00,2050.43,2054.92,2047.89,2054.32
1775300400,2026-04-04 11:00:00,2054.32,2055.03,2051.3,2051.84
1775304000,2026-04-04 12:00:00,2051.84,2053.17,2048.26,2050.15
1775307600,2026-04-04 13:00:00,2050.15,2055,2050,2053.59
1775311200,2026-04-04 14:00:00,2053.58,2054.68,2044.63,2053.1
1775314800,2026-04-04 15:00:00,2053.1,2062.02,2052.35,2056.29
1775318400,2026-04-04 16:00:00,2056.29,2062.1,2053.38,2055.75
1775322000,2026-04-04 17:00:00,2055.75,2058.29,2053.07,2056.98
1775325600,2026-04-04 18:00:00,2056.98,2058.34,2055.01,2055.15
1775329200,2026-04-04 19:00:00,2055.15,2084,2055.14,2064.71
1775332800,2026-04-04 20:00:00,2064.71,2064.89,2059.6,2062.81
1775336400,2026-04-04 21:00:00,2062.8,2071.75,2062.63,2068.83
1775340000,2026-04-04 22:00:00,2068.84,2072.15,2067.99,2069.14
1775343600,2026-04-04 23:00:00,2069.14,2069.24,2062.64,2065.52
1775347200,2026-04-05 00:00:00,2065.51,2065.63,2060.33,2062.1
1775350800,2026-04-05 01:00:00,2062.1,2062.46,2057.17,2057.37
1775354400,2026-04-05 02:00:00,2057.37,2059.91,2054.15,2059.86
1775358000,2026-04-05 03:00:00,2059.86,2060.55,2055.37,2056.64
1775361600,2026-04-05 04:00:00,2056.64,2058.09,2054.11,2055.16
1775365200,2026-04-05 05:00:00,2055.16,2056.83,2047.21,2048.6
1775368800,2026-04-05 06:00:00,2048.6,2048.93,2027.75,2038.32
1775372400,2026-04-05 07:00:00,2038.32,2042.59,2034.48,2037.29
1775376000,2026-04-05 08:00:00,2037.29,2039.94,2035.91,2039.16
1775379600,2026-04-05 09:00:00,2039.17,2046,2038.87,2044.42
1775383200,2026-04-05 10:00:00,2044.41,2052.53,2042.44,2044.74
1775386800,2026-04-05 11:00:00,2044.74,2045.83,2040.52,2042.32
1775390400,2026-04-05 12:00:00,2042.31,2042.31,2021.5,2028.36
1775394000,2026-04-05 13:00:00,2028.37,2037.75,2025.71,2036.63
1775397600,2026-04-05 14:00:00,2036.63,2043.32,2035.19,2038.49
1775401200,2026-04-05 15:00:00,2038.49,2069.89,2034.58,2053.85
1775404800,2026-04-05 16:00:00,2053.85,2059.3,2050.29,2052.15
1775408400,2026-04-05 17:00:00,2052.15,2062.54,2048.69,2062.53
1775412000,2026-04-05 18:00:00,2062.54,2066.6,2057.1,2062.99
1775415600,2026-04-05 19:00:00,2062.99,2069.95,2058.25,2062.37
1775419200,2026-04-05 20:00:00,2062.38,2075.11,2062,2068.91
1775422800,2026-04-05 21:00:00,2068.9,2069.12,2056.73,2060.01
1775426400,2026-04-05 22:00:00,2060.01,2088,2050,2085.79
1775430000,2026-04-05 23:00:00,2085.78,2123.49,2082.35,2110.17
1775433600,2026-04-06 00:00:00,2110.17,2135.39,2110.17,2121.99
1775437200,2026-04-06 01:00:00,2122,2124.53,2112.48,2115.12
1775440800,2026-04-06 02:00:00,2115.11,2147.24,2114.59,2133.59
1775444400,2026-04-06 03:00:00,2133.59,2137.27,2126.59,2129.35
1775448000,2026-04-06 04:00:00,2129.35,2134.77,2125.12,2131.06
1775451600,2026-04-06 05:00:00,2131.06,2134.62,2128.42,2131.29
1775455200,2026-04-06 06:00:00,2131.29,2139,2120.04,2127.53
1775458800,2026-04-06 07:00:00,2127.53,2141,2122.83,2134.9
1775462400,2026-04-06 08:00:00,2134.91,2147.95,2133.42,2138.48
1775466000,2026-04-06 09:00:00,2138.48,2174.79,2138.47,2150.97
1775469600,2026-04-06 10:00:00,2150.97,2157.5,2149.36,2153.27
1775473200,2026-04-06 11:00:00,2153.27,2153.7,2146.61,2151.53
1775476800,2026-04-06 12:00:00,2151.53,2154.52,2142.31,2143.59
1775480400,2026-04-06 13:00:00,2143.59,2149.41,2137.91,2145.99
1775484000,2026-04-06 14:00:00,2146,2165.74,2137.76,2156.71
1775487600,2026-04-06 15:00:00,2156.72,2169.6,2155.5,2164.65
1775491200,2026-04-06 16:00:00,2164.65,2168.72,2140.45,2140.62
1775494800,2026-04-06 17:00:00,2140.62,2141,2123.6,2134.95
1775498400,2026-04-06 18:00:00,2134.96,2148.51,2131.6,2144.84
1775502000,2026-04-06 19:00:00,2144.84,2145.94,2135.94,2144.25
1775505600,2026-04-06 20:00:00,2144.25,2155.06,2140.45,2148.81
1775509200,2026-04-06 21:00:00,2148.8,2148.8,2137.73,2139.54
1775512800,2026-04-06 22:00:00,2139.54,2140.95,2105.41,2105.41
1775516400,2026-04-06 23:00:00,2105.41,2110.39,2087.5,2107.16
1775520000,2026-04-07 00:00:00,2107.16,2120.14,2105.63,2112.66
1775523600,2026-04-07 01:00:00,2112.66,2120.1,2097.3,2099.51
1775527200,2026-04-07 02:00:00,2099.51,2111.63,2093.64,2106.84
1775530800,2026-04-07 03:00:00,2106.84,2109.89,2103.77,2108.37
1775534400,2026-04-07 04:00:00,2108.37,2119.21,2103.68,2114.22
1775538000,2026-04-07 05:00:00,2114.23,2114.61,2103.73,2105.52
1775541600,2026-04-07 06:00:00,2105.53,2106.58,2096.69,2104.25
1775545200,2026-04-07 07:00:00,2104.26,2106.29,2098.9,2104.04
1775548800,2026-04-07 08:00:00,2104.03,2117.37,2103.29,2114.84
1775552400,2026-04-07 09:00:00,2114.85,2133.83,2114.13,2128.26
1775556000,2026-04-07 10:00:00,2128.26,2131.38,2085.79,2089.32
1775559600,2026-04-07 11:00:00,2089.31,2094.03,2082.35,2089.58
1775563200,2026-04-07 12:00:00,2089.58,2093.17,2074.09,2086.99
1775566800,2026-04-07 13:00:00,2086.99,2093.17,2074.5,2074.97
1775570400,2026-04-07 14:00:00,2074.98,2081.46,2060.24,2069.44
1775574000,2026-04-07 15:00:00,2069.44,2083.75,2064.76,2080.06
1775577600,2026-04-07 16:00:00,2080.07,2090.14,2077.52,2083.76
1775581200,2026-04-07 17:00:00,2083.75,2115.17,2079.8,2099.5
1775584800,2026-04-07 18:00:00,2099.49,2101.39,2082.43,2086.3
1775588400,2026-04-07 19:00:00,2086.29,2116.65,2084.04,2113.39
1775592000,2026-04-07 20:00:00,2113.39,2125.59,2110.68,2115.53
1775595600,2026-04-07 21:00:00,2115.52,2153,2115.52,2145.04
1775599200,2026-04-07 22:00:00,2145.05,2219.88,2145.05,2219.77
1775602800,2026-04-07 23:00:00,2219.78,2273.87,2215.73,2240.01
1775606400,2026-04-08 00:00:00,2240.01,2251.39,2228.24,2236.08
1775610000,2026-04-08 01:00:00,2236.09,2242.77,2230.45,2234.06
1775613600,2026-04-08 02:00:00,2234.07,2247.42,2230.76,2237.28
1775617200,2026-04-08 03:00:00,2237.28,2239.46,2232,2234.68
1775620800,2026-04-08 04:00:00,2234.68,2252.5,2234.68,2240.77
1775624400,2026-04-08 05:00:00,2240.76,2245.1,2238.3,2240.7
1775628000,2026-04-08 06:00:00,2240.7,2253.86,2235.49,2246.01
1775631600,2026-04-08 07:00:00,2246.01,2260.76,2244.63,2253.76
1775635200,2026-04-08 08:00:00,2253.76,2259.51,2250.44,2256.48
1775638800,2026-04-08 09:00:00,2256.47,2263.35,2245.99,2249.59
1775642400,2026-04-08 10:00:00,2249.59,2253.86,2242.39,2242.67
1775646000,2026-04-08 11:00:00,2242.66,2254.72,2237.12,2247.23
1775649600,2026-04-08 12:00:00,2247.23,2259.33,2242.67,2255.88
1775653200,2026-04-08 13:00:00,2255.88,2270.55,2231.58,2236.06
1775656800,2026-04-08 14:00:00,2236.05,2240.94,2186.61,2195.22
1775660400,2026-04-08 15:00:00,2195.23,2218.35,2193.46,2215.45
1775664000,2026-04-08 16:00:00,2215.44,2225.41,2211.23,2220.76
1775667600,2026-04-08 17:00:00,2220.77,2239.5,2213.03,2231.88
1775671200,2026-04-08 18:00:00,2231.87,2232.65,2199.32,2201.41
1775674800,2026-04-08 19:00:00,2201.4,2211.74,2197.7,2211.04
1775678400,2026-04-08 20:00:00,2211.03,2216.66,2205.84,2209.81
1775682000,2026-04-08 21:00:00,2209.81,2222.55,2207.9,2214.53
1775685600,2026-04-08 22:00:00,2214.54,2215.15,2186.97,2189.87
1775689200,2026-04-08 23:00:00,2189.86,2193.95,2179.78,2190
1775692800,2026-04-09 00:00:00,2190,2193.79,2179.3,2183.03
1775696400,2026-04-09 01:00:00,2183.03,2185.27,2162,2178.69
1775700000,2026-04-09 02:00:00,2178.68,2185.5,2174.01,2181.69
1775703600,2026-04-09 03:00:00,2181.69,2183.98,2175.6,2182.49
1775707200,2026-04-09 04:00:00,2182.49,2182.49,2176.42,2177.64
1775710800,2026-04-09 05:00:00,2177.64,2188.99,2175.6,2182.17
1775714400,2026-04-09 06:00:00,2182.18,2186.13,2175.6,2181.51
1775718000,2026-04-09 07:00:00,2181.52,2185.78,2180.02,2181.14
1775721600,2026-04-09 08:00:00,2181.14,2190.72,2176.37,2186.37
1775725200,2026-04-09 09:00:00,2186.36,2197.7,2179.72,2194.14
1775728800,2026-04-09 10:00:00,2194.13,2196.22,2188.08,2190.7
1775732400,2026-04-09 11:00:00,2190.69,2193.13,2178.31,2180.26
1775736000,2026-04-09 12:00:00,2180.26,2186.98,2174.27,2183.34
1775739600,2026-04-09 13:00:00,2183.33,2186.54,2158.19,2165.22
1775743200,2026-04-09 14:00:00,2165.23,2182.19,2157.31,2177.63
1775746800,2026-04-09 15:00:00,2177.64,2225,2169.51,2217.99
1775750400,2026-04-09 16:00:00,2218,2229.4,2193,2208.33
1775754000,2026-04-09 17:00:00,2208.33,2225.47,2206.43,2222.75
1775757600,2026-04-09 18:00:00,2222.75,2223.69,2200.64,2206.86
1775761200,2026-04-09 19:00:00,2206.86,2224.52,2204.39,2216.42
1775764800,2026-04-09 20:00:00,2216.42,2222,2210.31,2213.08
1775768400,2026-04-09 21:00:00,2213.08,2226.34,2207.54,2210.78
1775772000,2026-04-09 22:00:00,2210.79,2246,2197.5,2197.69
1775775600,2026-04-09 23:00:00,2197.69,2201.09,2183.33,2190.2
1775779200,2026-04-10 00:00:00,2190.17,2197.39,2181.95,2195.17
1775782800,2026-04-10 01:00:00,2195.17,2204.1,2176.1,2194.7
1775786400,2026-04-10 02:00:00,2194.69,2198.62,2187.01,2189.12
1775790000,2026-04-10 03:00:00,2189.11,2192.38,2182.68,2186.06
1775793600,2026-04-10 04:00:00,2186.05,2199.34,2185.95,2195.71
1775797200,2026-04-10 05:00:00,2195.71,2203.11,2192.49,2196.9
1775800800,2026-04-10 06:00:00,2196.91,2198.44,2184,2186.2
1775804400,2026-04-10 07:00:00,2186.21,2188.57,2176.4,2179.28
1775808000,2026-04-10 08:00:00,2179.27,2190.11,2177.13,2185.86
1775811600,2026-04-10 09:00:00,2185.85,2197.58,2185.83,2196.03
1775815200,2026-04-10 10:00:00,2196.04,2198.29,2190.66,2197.24
1775818800,2026-04-10 11:00:00,2197.25,2224.28,2197.22,2215.65
1775822400,2026-04-10 12:00:00,2215.66,2228.51,2208.18,2218.9
1775826000,2026-04-10 13:00:00,2218.9,2225.51,2208.4,2223.08
1775829600,2026-04-10 14:00:00,2223.08,2254.27,2220.43,2242.76
1775833200,2026-04-10 15:00:00,2242.76,2257.99,2220.36,2224.27
1775836800,2026-04-10 16:00:00,2224.28,2247.42,2221.46,2245.36
1775840400,2026-04-10 17:00:00,2245.37,2249.45,2239.29,2248.42
1775844000,2026-04-10 18:00:00,2248.41,2251.9,2239.06,2249.33
1775847600,2026-04-10 19:00:00,2249.32,2256,2243.52,2253.17
1775851200,2026-04-10 20:00:00,2253.17,2257.14,2243.03,2255.33
1775854800,2026-04-10 21:00:00,2255.33,2255.68,2242.34,2254.87
1775858400,2026-04-10 22:00:00,2254.88,2255.49,2235.41,2242.24
1775862000,2026-04-10 23:00:00,2242.25,2245.66,2239.31,2245.05
1775865600,2026-04-11 00:00:00,2245.06,2245.06,2235.92,2238.77
1775869200,2026-04-11 01:00:00,2238.77,2246.5,2234.81,2244.2
1775872800,2026-04-11 02:00:00,2244.2,2252.15,2242.2,2248.19
1775876400,2026-04-11 03:00:00,2248.19,2250.78,2235.77,2237.17
1775880000,2026-04-11 04:00:00,2237.18,2242.93,2235.45,2240.97
1775883600,2026-04-11 05:00:00,2240.98,2241.71,2229,2232.79
1775887200,2026-04-11 06:00:00,2232.79,2236.73,2229.62,2235.66
1775890800,2026-04-11 07:00:00,2235.68,2236.51,2230.58,2232.6
1775894400,2026-04-11 08:00:00,2232.6,2235.43,2232.14,2232.9
1775898000,2026-04-11 09:00:00,2232.89,2249.31,2232.24,2243.83
1775901600,2026-04-11 10:00:00,2243.84,2245.12,2237.7,2240.46
1775905200,2026-04-11 11:00:00,2240.42,2247,2238.67,2246.11
1775908800,2026-04-11 12:00:00,2246.12,2246.71,2241.16,2245.5
1775912400,2026-04-11 13:00:00,2245.49,2245.5,2233.72,2239.76
1775916000,2026-04-11 14:00:00,2239.75,2244.1,2238.39,2242.1
1775919600,2026-04-11 15:00:00,2242.1,2256.11,2241.39,2249.54
1775923200,2026-04-11 16:00:00,2249.54,2274.42,2246.53,2258.68
1775926800,2026-04-11 17:00:00,2258.68,2265.49,2253.87,2260.01
1775930400,2026-04-11 18:00:00,2260.01,2311.53,2257.34,2305.44
1775934000,2026-04-11 19:00:00,2305.43,2329.93,2305.31,2315.96
1775937600,2026-04-11 20:00:00,2315.96,2317.14,2288.32,2298.32
1775941200,2026-04-11 21:00:00,2298.32,2304.13,2292.35,2299.36
1775944800,2026-04-11 22:00:00,2299.35,2308,2289.03,2296.88
1775948400,2026-04-11 23:00:00,2296.89,2296.89,2276.47,2284.99
1775952000,2026-04-12 00:00:00,2285,2288.24,2273,2285.72
1775955600,2026-04-12 01:00:00,2285.72,2288.57,2209.14,2219.05
1775959200,2026-04-12 02:00:00,2219.05,2234.35,2207.06,2223.43
1775962800,2026-04-12 03:00:00,2223.42,2227.15,2211.99,2213.71
1775966400,2026-04-12 04:00:00,2213.7,2216.5,2209.08,2212.16
1775970000,2026-04-12 05:00:00,2212.17,2219.96,2208.32,2217.28
1775973600,2026-04-12 06:00:00,2217.28,2220.87,2214.71,2216.07
1775977200,2026-04-12 07:00:00,2216.08,2220.48,2212.2,2218.02
1775980800,2026-04-12 08:00:00,2218.02,2219.04,2211.92,2214
1775984400,2026-04-12 09:00:00,2214,2216.08,2211.44,2214.19
1775988000,2026-04-12 10:00:00,2214.2,2217.24,2194.32,2201.66
1775991600,2026-04-12 11:00:00,2201.65,2207.41,2197.54,2204.62
1775995200,2026-04-12 12:00:00,2204.62,2208.22,2188,2194.76
1775998800,2026-04-12 13:00:00,2194.76,2199.17,2185.17,2186.98
1776002400,2026-04-12 14:00:00,2186.98,2193.53,2178.69,2180.86
1776006000,2026-04-12 15:00:00,2180.88,2188.89,2175,2186.47
1776009600,2026-04-12 16:00:00,2186.47,2190.43,2183.09,2187.09
1776013200,2026-04-12 17:00:00,2187.09,2205,2187.09,2203.17
1776016800,2026-04-12 18:00:00,2203.18,2207.23,2199.56,2200.6
1776020400,2026-04-12 19:00:00,2200.6,2205.2,2197.4,2198.27
1776024000,2026-04-12 20:00:00,2198.27,2218.13,2193.34,2213.53
1776027600,2026-04-12 21:00:00,2213.54,2217.71,2205.19,2211.24
1776031200,2026-04-12 22:00:00,2211.24,2211.26,2183.99,2199.37
1776034800,2026-04-12 23:00:00,2199.36,2199.36,2186.35,2191.65
1776038400,2026-04-13 00:00:00,2191.64,2208.32,2187.2,2205.18
1776042000,2026-04-13 01:00:00,2205.18,2209.05,2200.55,2203.69
1776045600,2026-04-13 02:00:00,2203.68,2205.84,2192.49,2194.22
1776049200,2026-04-13 03:00:00,2194.23,2195.8,2190.1,2194.36
1776052800,2026-04-13 04:00:00,2194.36,2199.14,2187.58,2190.26
1776056400,2026-04-13 05:00:00,2190.25,2191.35,2182.22,2191.34
1776060000,2026-04-13 06:00:00,2191.34,2201.45,2190.32,2198.49
1776063600,2026-04-13 07:00:00,2198.49,2199.76,2183.11,2186.56
1776067200,2026-04-13 08:00:00,2186.57,2189.65,2180,2185.28
1776070800,2026-04-13 09:00:00,2185.28,2195.34,2185.28,2188.08
1776074400,2026-04-13 10:00:00,2188.08,2188.78,2179,2183.41
1776078000,2026-04-13 11:00:00,2183.41,2190.96,2182.45,2187.33
1776081600,2026-04-13 12:00:00,2187.33,2200,2175.68,2192.25
1776085200,2026-04-13 13:00:00,2192.3,2215.62,2181.4,2215.47
1776088800,2026-04-13 14:00:00,2215.46,2235.03,2203.45,2234.18
1776092400,2026-04-13 15:00:00,2234.18,2236.43,2199.52,2209.28
1776096000,2026-04-13 16:00:00,2209.28,2234.62,2200,2225.86
1776099600,2026-04-13 17:00:00,2225.85,2242.9,2222.5,2225.13
1776103200,2026-04-13 18:00:00,2225.12,2233.63,2218.53,2232.23
1776106800,2026-04-13 19:00:00,2232.22,2268.88,2227.72,2262.33
1776110400,2026-04-13 20:00:00,2262.33,2263.48,2247.5,2252.49
1776114000,2026-04-13 21:00:00,2252.49,2266.66,2249.62,2260.07
1776117600,2026-04-13 22:00:00,2260.07,2363.94,2259.81,2352.74
1776121200,2026-04-13 23:00:00,2352.74,2394.71,2341.53,2369.46
1776124800,2026-04-14 00:00:00,2369.46,2375.9,2359.55,2361
1776128400,2026-04-14 01:00:00,2361.01,2373.42,2354.6,2368.7
1776132000,2026-04-14 02:00:00,2368.7,2378.06,2366.22,2367.62
1776135600,2026-04-14 03:00:00,2367.62,2370.53,2361.55,2365.5
1776139200,2026-04-14 04:00:00,2365.5,2368.38,2361.81,2364.33
1776142800,2026-04-14 05:00:00,2364.34,2369.55,2354.76,2355.49
1776146400,2026-04-14 06:00:00,2355.49,2376.68,2355.49,2373.08
1776150000,2026-04-14 07:00:00,2373.08,2389.99,2370.59,2377.91
1776153600,2026-04-14 08:00:00,2377.92,2396.03,2374.04,2387.61
1776157200,2026-04-14 09:00:00,2387.62,2394.73,2382.82,2387.14
1776160800,2026-04-14 10:00:00,2387.14,2387.85,2373,2375.08
1776164400,2026-04-14 11:00:00,2375.08,2377.91,2367.61,2374.53
1776168000,2026-04-14 12:00:00,2374.54,2377.74,2368.56,2373.94
1776171600,2026-04-14 13:00:00,2373.95,2395.97,2372.67,2391.5
1776175200,2026-04-14 14:00:00,2391.51,2415.5,2352.59,2353.05
1776178800,2026-04-14 15:00:00,2353.05,2372.12,2332.72,2364.63
1776182400,2026-04-14 16:00:00,2364.62,2371.48,2329.56,2334
1776186000,2026-04-14 17:00:00,2334,2345.49,2323.66,2338.37
1776189600,2026-04-14 18:00:00,2338.37,2344.69,2309.28,2313.89
1776193200,2026-04-14 19:00:00,2313.89,2322.73,2302.9,2313.32
1776196800,2026-04-14 20:00:00,2313.32,2322.73,2308.53,2315.1
1776200400,2026-04-14 21:00:00,2315.1,2326.21,2314.87,2323.72
1776204000,2026-04-14 22:00:00,2323.72,2332.35,2311.75,2314.99
1776207600,2026-04-14 23:00:00,2314.99,2326.65,2314.32,2322.44
1776211200,2026-04-15 00:00:00,2322.44,2342.76,2321.63,2333.81
1776214800,2026-04-15 01:00:00,2333.8,2342.6,2331.18,2335.66
1776218400,2026-04-15 02:00:00,2335.66,2338.02,2317.56,2324.77
1776222000,2026-04-15 03:00:00,2324.78,2329.39,2320.57,2328.81
1776225600,2026-04-15 04:00:00,2328.82,2334.7,2328,2333.44
1776229200,2026-04-15 05:00:00,2333.43,2338.23,2314,2319.45
1776232800,2026-04-15 06:00:00,2319.44,2321.02,2314.99,2317.37
1776236400,2026-04-15 07:00:00,2317.37,2323.53,2308.5,2316.62
1776240000,2026-04-15 08:00:00,2316.62,2333,2314.07,2327.4
1776243600,2026-04-15 09:00:00,2327.4,2329.62,2318.47,2319.95
1776247200,2026-04-15 10:00:00,2319.95,2328.52,2312.15,2316.64
1776250800,2026-04-15 11:00:00,2316.65,2339.42,2316.65,2337.43
1776254400,2026-04-15 12:00:00,2337.42,2340,2329.66,2332.98
1776258000,2026-04-15 13:00:00,2332.97,2334.76,2317.54,2326.94
1776261600,2026-04-15 14:00:00,2326.93,2344.88,2321.94,2338.4
1776265200,2026-04-15 15:00:00,2338.41,2349.46,2320.77,2332.04
1776268800,2026-04-15 16:00:00,2332.03,2349.87,2329.1,2341.48
1776272400,2026-04-15 17:00:00,2341.48,2358.82,2339.65,2348.66
1776276000,2026-04-15 18:00:00,2348.66,2359.96,2346.34,2358.66
1776279600,2026-04-15 19:00:00,2358.66,2385.61,2357.37,2375.05
1776283200,2026-04-15 20:00:00,2375.05,2376.31,2353.72,2362.95
1776286800,2026-04-15 21:00:00,2362.95,2363.5,2348.58,2361.3
1776290400,2026-04-15 22:00:00,2361.29,2380.45,2360.33,2363.45
1776294000,2026-04-15 23:00:00,2363.46,2363.46,2349.6,2359.95
1776297600,2026-04-16 00:00:00,2359.94,2363.54,2349.93,2360.58
1776301200,2026-04-16 01:00:00,2360.58,2360.58,2345.04,2352.06
1776304800,2026-04-16 02:00:00,2352.06,2369.59,2350.01,2356.68
1776308400,2026-04-16 03:00:00,2356.67,2365.88,2355.91,2357.86
1776312000,2026-04-16 04:00:00,2357.85,2364,2348.38,2354.13
1776315600,2026-04-16 05:00:00,2354.14,2361.79,2349.59,2356.86
1776319200,2026-04-16 06:00:00,2356.86,2360.57,2349.77,2356.01
1776322800,2026-04-16 07:00:00,2356.02,2357.56,2335.72,2341.52
1776326400,2026-04-16 08:00:00,2341.52,2345.98,2334.65,2339.11
1776330000,2026-04-16 09:00:00,2339.12,2348.4,2337.79,2338.09
1776333600,2026-04-16 10:00:00,2338.09,2340.21,2328.64,2332.42
1776337200,2026-04-16 11:00:00,2332.42,2336.26,2329.8,2335.67
1776340800,2026-04-16 12:00:00,2335.68,2349.45,2334.99,2340.44
1776344400,2026-04-16 13:00:00,2340.44,2351.8,2290.57,2308.29
1776348000,2026-04-16 14:00:00,2308.28,2316.34,2285.1,2309.97
1776351600,2026-04-16 15:00:00,2309.96,2349.84,2308.5,2339.01
1776355200,2026-04-16 16:00:00,2339.01,2348.69,2309.96,2316.76
1776358800,2026-04-16 17:00:00,2316.77,2329.48,2310,2325.79
1776362400,2026-04-16 18:00:00,2325.8,2346.66,2320.4,2343.1
1776366000,2026-04-16 19:00:00,2343.11,2361.96,2334.66,2359.7
1776369600,2026-04-16 20:00:00,2359.69,2364.68,2341.51,2350.23
1776373200,2026-04-16 21:00:00,2350.23,2356.53,2336.25,2341.17
1776376800,2026-04-16 22:00:00,2341.18,2350.56,2339.3,2342.6
1776380400,2026-04-16 23:00:00,2342.59,2355,2341.61,2348.17
1776384000,2026-04-17 00:00:00,2348.16,2350.9,2341,2344.4
1776387600,2026-04-17 01:00:00,2344.39,2349,2327.34,2335.38
1776391200,2026-04-17 02:00:00,2335.37,2338.74,2324.93,2331.75
1776394800,2026-04-17 03:00:00,2331.75,2331.77,2323.83,2325.52
1776398400,2026-04-17 04:00:00,2325.53,2333.73,2324.21,2328.96
1776402000,2026-04-17 05:00:00,2328.96,2329.36,2317.43,2319.29
1776405600,2026-04-17 06:00:00,2319.29,2332.4,2317.49,2331.09
1776409200,2026-04-17 07:00:00,2331.1,2342.02,2330.09,2334.16
1776412800,2026-04-17 08:00:00,2334.15,2359.27,2332.98,2354.87
1776416400,2026-04-17 09:00:00,2354.87,2377,2348.28,2359.1
1776420000,2026-04-17 10:00:00,2359.1,2361.1,2336.45,2344.01
1776423600,2026-04-17 11:00:00,2344.01,2356.96,2343.08,2354.99
1776427200,2026-04-17 12:00:00,2355,2382.66,2349.4,2371.97
1776430800,2026-04-17 13:00:00,2371.97,2440.45,2366.8,2437.05
1776434400,2026-04-17 14:00:00,2437.05,2456.93,2426.31,2447.25
1776438000,2026-04-17 15:00:00,2447.25,2449.99,2433.16,2441.96
1776441600,2026-04-17 16:00:00,2441.96,2464.91,2441.49,2451.3
1776445200,2026-04-17 17:00:00,2451.31,2452.5,2422.08,2440.42
1776448800,2026-04-17 18:00:00,2440.42,2442.68,2415.41,2419.99
1776452400,2026-04-17 19:00:00,2420,2432.92,2417.17,2427.92
1776456000,2026-04-17 20:00:00,2427.92,2435.29,2417.01,2426.78
1776459600,2026-04-17 21:00:00,2426.76,2433.48,2418.71,2429.49
1776463200,2026-04-17 22:00:00,2429.49,2444.34,2422.78,2433.52
1776466800,2026-04-17 23:00:00,2433.52,2433.52,2415.47,2419
1776470400,2026-04-18 00:00:00,2419,2423.58,2410.06,2420.99
1776474000,2026-04-18 01:00:00,2420.99,2427.64,2416.8,2420.99
1776477600,2026-04-18 02:00:00,2421,2424.85,2416.83,2419.2
1776481200,2026-04-18 03:00:00,2419.21,2419.83,2399.54,2405.04
1776484800,2026-04-18 04:00:00,2405.03,2410.48,2399.52,2407.48
1776488400,2026-04-18 05:00:00,2407.48,2413.54,2405.83,2408.95
1776492000,2026-04-18 06:00:00,2408.94,2411.87,2405.52,2410
1776495600,2026-04-18 07:00:00,2410,2411.12,2401.67,2403.71
1776499200,2026-04-18 08:00:00,2403.71,2404.85,2367.39,2380.57
1776502800,2026-04-18 09:00:00,2380.57,2380.93,2369.75,2376.04
1776506400,2026-04-18 10:00:00,2376.03,2376.03,2353.88,2359.34
1776510000,2026-04-18 11:00:00,2359.34,2360.47,2343.44,2352.96
1776513600,2026-04-18 12:00:00,2352.96,2362.5,2351.15,2357.93
1776517200,2026-04-18 13:00:00,2357.92,2360.07,2345.25,2355.13
1776520800,2026-04-18 14:00:00,2355.13,2366,2349.72,2365.23
1776524400,2026-04-18 15:00:00,2365.23,2369.66,2359.11,2363.64
1776528000,2026-04-18 16:00:00,2363.64,2375.14,2357.57,2360.87
1776531600,2026-04-18 17:00:00,2360.86,2364.87,2355,2361.46
1776535200,2026-04-18 18:00:00,2361.47,2363.64,2339.92,2347.44
1776538800,2026-04-18 19:00:00,2347.45,2356.02,2346.49,2348.59
1776542400,2026-04-18 20:00:00,2348.59,2354.9,2344.96,2352.62
1776546000,2026-04-18 21:00:00,2352.61,2355.33,2347.74,2355.33
1776549600,2026-04-18 22:00:00,2355.32,2359.46,2348.63,2356.53
1776553200,2026-04-18 23:00:00,2356.54,2359.5,2349.68,2350.32
1776556800,2026-04-19 00:00:00,2350.33,2355.3,2344.35,2349.09
1776560400,2026-04-19 01:00:00,2349.09,2353,2341.66,2348.03
1776564000,2026-04-19 02:00:00,2348.04,2349.2,2333.44,2338.25
1776567600,2026-04-19 03:00:00,2338.24,2344.09,2332.1,2339.77
1776571200,2026-04-19 04:00:00,2339.77,2346.11,2321.62,2333.34
1776574800,2026-04-19 05:00:00,2333.34,2338.68,2329,2332.76
1776578400,2026-04-19 06:00:00,2332.75,2333.12,2321.88,2327.2
1776582000,2026-04-19 07:00:00,2327.2,2327.32,2300,2316.03
1776585600,2026-04-19 08:00:00,2316.03,2320.96,2311.2,2318.69
1776589200,2026-04-19 09:00:00,2318.69,2319.36,2306.42,2310.24
1776592800,2026-04-19 10:00:00,2310.24,2320.15,2306.73,2318.01
1776596400,2026-04-19 11:00:00,2318.02,2331.13,2317.53,2329.38
1776600000,2026-04-19 12:00:00,2329.38,2337.24,2325,2331.29
1776603600,2026-04-19 13:00:00,2331.29,2350.24,2330.85,2338.67
1776607200,2026-04-19 14:00:00,2338.67,2343.12,2327.35,2338.09
1776610800,2026-04-19 15:00:00,2338.09,2341.49,2315.29,2330.8
1776614400,2026-04-19 16:00:00,2330.8,2331.34,2304.7,2311.68
1776618000,2026-04-19 17:00:00,2311.68,2317.81,2294.5,2296.59
1776621600,2026-04-19 18:00:00,2296.58,2301.25,2287.62,2295.78
1776625200,2026-04-19 19:00:00,2295.78,2304.78,2294.42,2299.65
1776628800,2026-04-19 20:00:00,2299.66,2300,2273.51,2280.61
1776632400,2026-04-19 21:00:00,2280.61,2290.34,2274.98,2276.09
1776636000,2026-04-19 22:00:00,2276.08,2276.08,2252.72,2269.79
1776639600,2026-04-19 23:00:00,2269.78,2270.4,2256.33,2263.27
1776643200,2026-04-20 00:00:00,2263.28,2283.14,2259.67,2280.01
1776646800,2026-04-20 01:00:00,2280.02,2294.3,2278.2,2286.17
1776650400,2026-04-20 02:00:00,2286.16,2287.63,2272.25,2277.43
1776654000,2026-04-20 03:00:00,2277.43,2288.58,2276.08,2286.56
1776657600,2026-04-20 04:00:00,2286.55,2286.55,2278.84,2283.39
1776661200,2026-04-20 05:00:00,2283.39,2283.39,2263.18,2270.21
1776664800,2026-04-20 06:00:00,2270.21,2289,2268.78,2286.17
1776668400,2026-04-20 07:00:00,2286.17,2332.88,2283.02,2298.8
1776672000,2026-04-20 08:00:00,2298.81,2308.65,2289.82,2294.09
1776675600,2026-04-20 09:00:00,2294.08,2313.64,2293.3,2309.06
1776679200,2026-04-20 10:00:00,2309.06,2320,2303.23,2303.39
1776682800,2026-04-20 11:00:00,2303.39,2312.33,2300,2308.42
1776686400,2026-04-20 12:00:00,2308.42,2323.02,2304.46,2318.88
1776690000,2026-04-20 13:00:00,2318.88,2326.36,2301.53,2310.82
1776693600,2026-04-20 14:00:00,2310.82,2321.98,2283,2290.9
1776697200,2026-04-20 15:00:00,2290.91,2319,2278.38,2313.91
1776700800,2026-04-20 16:00:00,2313.92,2315.01,2298.76,2300.07
1776704400,2026-04-20 17:00:00,2300.07,2322.4,2297.97,2317.06
1776708000,2026-04-20 18:00:00,2317.06,2344.19,2317.06,2334.23
1776711600,2026-04-20 19:00:00,2334.24,2336.43,2327.27,2331.78
1776715200,2026-04-20 20:00:00,2331.78,2340.15,2325.33,2337.59
1776718800,2026-04-20 21:00:00,2337.58,2346.78,2315.21,2321.65
1776722400,2026-04-20 22:00:00,2321.64,2328.52,2316.75,2319.4
1776726000,2026-04-20 23:00:00,2319.4,2319.4,2307.74,2313.85
1776729600,2026-04-21 00:00:00,2313.84,2324.7,2311.66,2321.94
1776733200,2026-04-21 01:00:00,2321.94,2326.64,2312.66,2315.16
1776736800,2026-04-21 02:00:00,2315.16,2315.72,2306.45,2308.34
1776740400,2026-04-21 03:00:00,2308.34,2312.9,2300.01,2311.62
1776744000,2026-04-21 04:00:00,2311.62,2315.87,2304.06,2314.59
1776747600,2026-04-21 05:00:00,2314.59,2320.69,2312.65,2314.07
1776751200,2026-04-21 06:00:00,2314.07,2327.05,2308.01,2317.36
1776754800,2026-04-21 07:00:00,2317.37,2324.98,2311.56,2318.48
1776758400,2026-04-21 08:00:00,2318.48,2338.75,2314,2323.43
1776762000,2026-04-21 09:00:00,2323.42,2327.65,2318.37,2325.69
1776765600,2026-04-21 10:00:00,2325.7,2337.27,2325.33,2331.15
1776769200,2026-04-21 11:00:00,2331.15,2331.29,2316.14,2320.45
1776772800,2026-04-21 12:00:00,2320.45,2324.68,2294.39,2308.54
1776776400,2026-04-21 13:00:00,2308.54,2317.37,2301,2312.77
1776780000,2026-04-21 14:00:00,2312.77,2327.5,2295,2299.35
1776783600,2026-04-21 15:00:00,2299.35,2310.72,2290.35,2310.24
1776787200,2026-04-21 16:00:00,2310.25,2324.73,2306.51,2307.45
1776790800,2026-04-21 17:00:00,2307.44,2319.61,2284.19,2306.21
1776794400,2026-04-21 18:00:00,2306.2,2313.33,2300.29,2312.72
1776798000,2026-04-21 19:00:00,2312.72,2332,2287.3,2298.41
1776801600,2026-04-21 20:00:00,2298.42,2325.88,2296.04,2314.56
1776805200,2026-04-21 21:00:00,2314.55,2318,2309.41,2312.56
1776808800,2026-04-21 22:00:00,2312.56,2316.76,2301.9,2311.35
1776812400,2026-04-21 23:00:00,2311.35,2329.47,2310.92,2327.14
1776816000,2026-04-22 00:00:00,2327.15,2330.82,2322.62,2325.58
1776819600,2026-04-22 01:00:00,2325.57,2328.73,2312.95,2322.37
1776823200,2026-04-22 02:00:00,2322.37,2375.23,2320.22,2370.34
1776826800,2026-04-22 03:00:00,2370.35,2379.66,2358.49,2363.62
1776830400,2026-04-22 04:00:00,2363.63,2369.54,2358.41,2363.81
1776834000,2026-04-22 05:00:00,2363.82,2413.83,2361.85,2396.81
1776837600,2026-04-22 06:00:00,2396.81,2397.06,2389.44,2393.37
1776841200,2026-04-22 07:00:00,2393.38,2397.62,2383.33,2389.97
1776844800,2026-04-22 08:00:00,2389.98,2393.91,2383,2388.22
1776848400,2026-04-22 09:00:00,2388.22,2394.27,2385,2387.51
1776852000,2026-04-22 10:00:00,2387.52,2393.68,2385.15,2390.2
1776855600,2026-04-22 11:00:00,2390.21,2400.78,2386.51,2398.44
1776859200,2026-04-22 12:00:00,2398.44,2407.03,2396.16,2404.92
1776862800,2026-04-22 13:00:00,2404.91,2423,2401.27,2417.4
1776866400,2026-04-22 14:00:00,2417.4,2423.75,2391.5,2403.17
1776870000,2026-04-22 15:00:00,2403.17,2413.89,2390.9,2403.83
1776873600,2026-04-22 16:00:00,2403.84,2413.75,2384.17,2386.14
1776877200,2026-04-22 17:00:00,2386.15,2402.5,2386.15,2399.21
1776880800,2026-04-22 18:00:00,2399.21,2404.69,2395.09,2396.91
1776884400,2026-04-22 19:00:00,2396.92,2407.24,2389.18,2397.79
1776888000,2026-04-22 20:00:00,2397.8,2402.34,2390.81,2391.92
1776891600,2026-04-22 21:00:00,2391.91,2406.11,2391.88,2402.55
1776895200,2026-04-22 22:00:00,2402.55,2405.38,2394.09,2400.09
1776898800,2026-04-22 23:00:00,2400.08,2400.48,2373.95,2374.07
1776902400,2026-04-23 00:00:00,2374.08,2382,2342.8,2372.96
1776906000,2026-04-23 01:00:00,2372.96,2372.97,2360.72,2366.79
1776909600,2026-04-23 02:00:00,2366.79,2366.86,2344.35,2351.96
1776913200,2026-04-23 03:00:00,2351.96,2353.44,2331.5,2340.81
1776916800,2026-04-23 04:00:00,2340.82,2348.66,2337.12,2347.84
1776920400,2026-04-23 05:00:00,2347.84,2352.61,2340.19,2348.77
1776924000,2026-04-23 06:00:00,2348.77,2358.93,2348.77,2354.43
1776927600,2026-04-23 07:00:00,2354.44,2356.85,2340,2344.43
1776931200,2026-04-23 08:00:00,2344.43,2345,2335,2339.92
1776934800,2026-04-23 09:00:00,2339.91,2339.91,2313.58,2316.25
1776938400,2026-04-23 10:00:00,2316.24,2319.17,2305.61,2314.09
1776942000,2026-04-23 11:00:00,2314.09,2331.99,2314.09,2328.97
1776945600,2026-04-23 12:00:00,2328.96,2335.23,2320.81,2328.87
1776949200,2026-04-23 13:00:00,2328.88,2332.5,2315.23,2319.82
1776952800,2026-04-23 14:00:00,2319.81,2335.12,2316.07,2334.24
1776956400,2026-04-23 15:00:00,2334.24,2343.58,2324.15,2333.26
1776960000,2026-04-23 16:00:00,2333.26,2335.76,2323.39,2326.38
1776963600,2026-04-23 17:00:00,2326.39,2329.24,2285.42,2310.42
1776967200,2026-04-23 18:00:00,2310.42,2319.04,2304.42,2305.31
1776970800,2026-04-23 19:00:00,2305.3,2318.97,2300.7,2312.88
1776974400,2026-04-23 20:00:00,2312.87,2329.48,2312.74,2325.37
1776978000,2026-04-23 21:00:00,2325.36,2328.85,2320.73,2321.66
1776981600,2026-04-23 22:00:00,2321.66,2338.79,2321.66,2331.97
1776985200,2026-04-23 23:00:00,2331.97,2333.18,2323.71,2330.26
1776988800,2026-04-24 00:00:00,2330.27,2337.5,2326.68,2332.48
1776992400,2026-04-24 01:00:00,2332.47,2334.23,2318.69,2332.84
1776996000,2026-04-24 02:00:00,2332.83,2335.39,2315.05,2319.91
1776999600,2026-04-24 03:00:00,2319.9,2322.84,2301.35,2308.64
1777003200,2026-04-24 04:00:00,2308.63,2311.75,2300.5,2306.16
1777006800,2026-04-24 05:00:00,2306.16,2317.35,2300.22,2314.74
1777010400,2026-04-24 06:00:00,2314.75,2316.87,2308.71,2309.2
1777014000,2026-04-24 07:00:00,2309.21,2316.85,2308.48,2311.63
1777017600,2026-04-24 08:00:00,2311.63,2322.99,2307.49,2315.24
1777021200,2026-04-24 09:00:00,2315.24,2315.79,2303.74,2310.18
1777024800,2026-04-24 10:00:00,2310.19,2319.06,2306,2316.02
1777028400,2026-04-24 11:00:00,2316.01,2332.26,2316.01,2328.1
1777032000,2026-04-24 12:00:00,2328.1,2331.85,2318.53,2325.25
1777035600,2026-04-24 13:00:00,2325.26,2331.67,2310.99,2317.32
1777039200,2026-04-24 14:00:00,2317.32,2318.4,2304.07,2313.41
1777042800,2026-04-24 15:00:00,2313.42,2329.73,2301.61,2323.81
1777046400,2026-04-24 16:00:00,2323.81,2324.23,2310,2316.67
1777050000,2026-04-24 17:00:00,2316.66,2322,2308.82,2319.6
1777053600,2026-04-24 18:00:00,2319.59,2321.41,2310.01,2319.92
1777057200,2026-04-24 19:00:00,2319.93,2325,2319.22,2321.6
1777060800,2026-04-24 20:00:00,2321.59,2328.16,2315.38,2326.47
1777064400,2026-04-24 21:00:00,2326.47,2327.52,2312.6,2315.18
1777068000,2026-04-24 22:00:00,2315.19,2316.17,2307.2,2311.92
1777071600,2026-04-24 23:00:00,2311.93,2316.05,2311.93,2314.99
1777075200,2026-04-25 00:00:00,2314.98,2316.05,2311.27,2316.04
1777078800,2026-04-25 01:00:00,2316.04,2321.36,2315.46,2318
1777082400,2026-04-25 02:00:00,2318.01,2319.27,2314.78,2317.4
1777086000,2026-04-25 03:00:00,2317.41,2320.43,2315.12,2318.43
1777089600,2026-04-25 04:00:00,2318.44,2319.01,2316.15,2316.79
1777093200,2026-04-25 05:00:00,2316.8,2316.8,2313.3,2316.01
1777096800,2026-04-25 06:00:00,2316.01,2317.64,2314.89,2316.01
1777100400,2026-04-25 07:00:00,2316,2318.81,2314.26,2316.48
1777104000,2026-04-25 08:00:00,2316.48,2320.92,2315.92,2319.44
1777107600,2026-04-25 09:00:00,2319.43,2323.21,2317.17,2319.12
1777111200,2026-04-25 10:00:00,2319.11,2322.74,2318.93,2320.56
1777114800,2026-04-25 11:00:00,2320.57,2320.57,2311.2,2313.64
1777118400,2026-04-25 12:00:00,2313.65,2317.02,2311.88,2313.55
1777122000,2026-04-25 13:00:00,2313.56,2317.88,2313.56,2316.25
1777125600,2026-04-25 14:00:00,2316.25,2318.94,2315.27,2316.02
1777129200,2026-04-25 15:00:00,2316.03,2318.68,2303,2308.09
1777132800,2026-04-25 16:00:00,2308.08,2311.03,2300.55,2309.53
1777136400,2026-04-25 17:00:00,2309.54,2313.62,2307.34,2309.36
1777140000,2026-04-25 18:00:00,2309.36,2313.98,2308.28,2311.55
1777143600,2026-04-25 19:00:00,2311.55,2312.31,2307.12,2310.06
1777147200,2026-04-25 20:00:00,2310.06,2313.21,2308.85,2313.2
1777150800,2026-04-25 21:00:00,2313.21,2317.35,2312.86,2315.8
1777154400,2026-04-25 22:00:00,2315.79,2320.42,2315.09,2317.75
1777158000,2026-04-25 23:00:00,2317.76,2319.86,2316.92,2319.5
1777161600,2026-04-26 00:00:00,2319.49,2320.06,2312,2315.37
1777165200,2026-04-26 01:00:00,2315.37,2317.88,2313.48,2313.85
1777168800,2026-04-26 02:00:00,2313.84,2318.4,2313.58,2315.15
1777172400,2026-04-26 03:00:00,2315.15,2316.35,2306.72,2310
1777176000,2026-04-26 04:00:00,2309.99,2319.76,2308.97,2317.74
1777179600,2026-04-26 05:00:00,2317.73,2336.48,2317.57,2327.84
1777183200,2026-04-26 06:00:00,2327.85,2333.27,2327.46,2329.99
1777186800,2026-04-26 07:00:00,2330,2332.25,2328.58,2331.24
1777190400,2026-04-26 08:00:00,2331.25,2337.68,2330.49,2332.38
1777194000,2026-04-26 09:00:00,2332.37,2335.59,2329.66,2334.69
1777197600,2026-04-26 10:00:00,2334.68,2336.32,2331.7,2332.95
1777201200,2026-04-26 11:00:00,2332.95,2337.5,2332.75,2335.95
1777204800,2026-04-26 12:00:00,2335.96,2336.4,2324.19,2328.89
1777208400,2026-04-26 13:00:00,2328.9,2336,2328.11,2335.22
1777212000,2026-04-26 14:00:00,2335.21,2352.44,2333.64,2346.2
1777215600,2026-04-26 15:00:00,2346.2,2348.93,2344.23,2348.05
1777219200,2026-04-26 16:00:00,2348.06,2349.43,2342.91,2342.92
1777222800,2026-04-26 17:00:00,2342.92,2349.99,2340.56,2349.43
1777226400,2026-04-26 18:00:00,2349.42,2369.01,2347.42,2361.99
1777230000,2026-04-26 19:00:00,2361.99,2376.35,2359.55,2367.4
1777233600,2026-04-26 20:00:00,2367.4,2372.68,2362.5,2362.5
1777237200,2026-04-26 21:00:00,2362.51,2370.33,2348.47,2364.34
1777240800,2026-04-26 22:00:00,2364.34,2380,2353.53,2361.89
1777244400,2026-04-26 23:00:00,2361.88,2378.61,2356.73,2369.44
1777248000,2026-04-27 00:00:00,2369.45,2392,2359.46,2390.76
1777251600,2026-04-27 01:00:00,2390.56,2404.37,2377.56,2394.61
1777255200,2026-04-27 02:00:00,2394.6,2397,2387.29,2392.16
1777258800,2026-04-27 03:00:00,2392.16,2400.43,2390.57,2394.85
1777262400,2026-04-27 04:00:00,2394.85,2396.05,2380.45,2382.84
1777266000,2026-04-27 05:00:00,2382.84,2383.46,2319.31,2323.18
1777269600,2026-04-27 06:00:00,2323.17,2329.13,2312.71,2321
1777273200,2026-04-27 07:00:00,2321.01,2323.82,2315,2316.01
1777276800,2026-04-27 08:00:00,2316,2319.68,2309.13,2319.68
1777280400,2026-04-27 09:00:00,2319.68,2325.52,2315.59,2322.19
1777284000,2026-04-27 10:00:00,2322.19,2323.97,2318.87,2320.14
1777287600,2026-04-27 11:00:00,2320.14,2322.84,2316.84,2320.39
1777291200,2026-04-27 12:00:00,2320.39,2320.96,2312.59,2314.11
1777294800,2026-04-27 13:00:00,2314.1,2320.76,2303.5,2312.28
1777298400,2026-04-27 14:00:00,2312.28,2329.82,2308.69,2314.75
1777302000,2026-04-27 15:00:00,2314.75,2315.16,2266.09,2275.07
1777305600,2026-04-27 16:00:00,2275.07,2280.6,2270.04,2278.12
1777309200,2026-04-27 17:00:00,2278.13,2292.91,2278.12,2287.08
1777312800,2026-04-27 18:00:00,2287.09,2292.09,2284.5,2288.75
1777316400,2026-04-27 19:00:00,2288.75,2291.08,2274.98,2289.14
1777320000,2026-04-27 20:00:00,2289.15,2296.36,2289.08,2291.7
1777323600,2026-04-27 21:00:00,2291.69,2292.4,2287,2287.33
1777327200,2026-04-27 22:00:00,2287.34,2295.7,2284.66,2294.36
1777330800,2026-04-27 23:00:00,2294.36,2308.61,2291.16,2303.67
1777334400,2026-04-28 00:00:00,2303.66,2310.88,2299.47,2306.77
1777338000,2026-04-28 01:00:00,2306.76,2308.76,2297.78,2298.61
1777341600,2026-04-28 02:00:00,2298.61,2301.01,2280.99,2289.11
1777345200,2026-04-28 03:00:00,2289.1,2291,2282.39,2290.94
1777348800,2026-04-28 04:00:00,2290.93,2294.6,2283.32,2288.57
1777352400,2026-04-28 05:00:00,2288.58,2296.91,2286.71,2288.13
1777356000,2026-04-28 06:00:00,2288.13,2291,2270.53,2277.63
1777359600,2026-04-28 07:00:00,2277.63,2288.65,2270.65,2287.99
1777363200,2026-04-28 08:00:00,2288,2291.64,2283.86,2287.07
1777366800,2026-04-28 09:00:00,2287.07,2288.51,2276.67,2282.27
1777370400,2026-04-28 10:00:00,2282.26,2287.63,2280.84,2284.51
1777374000,2026-04-28 11:00:00,2284.51,2285.36,2270.36,2275.32
1777377600,2026-04-28 12:00:00,2275.32,2281.29,2271.59,2278.23
1777381200,2026-04-28 13:00:00,2278.23,2286.2,2258.24,2276.36
1777384800,2026-04-28 14:00:00,2276.37,2276.63,2261,2273.44
1777388400,2026-04-28 15:00:00,2273.44,2280.61,2269.22,2279.76
1777392000,2026-04-28 16:00:00,2279.76,2288.38,2274.38,2286.18
1777395600,2026-04-28 17:00:00,2286.18,2293.38,2278.99,2290.73
1777399200,2026-04-28 18:00:00,2290.73,2298.31,2287.9,2296.96
1777402800,2026-04-28 19:00:00,2296.96,2305.55,2290.26,2301.96
1777406400,2026-04-28 20:00:00,2301.96,2305.95,2295.52,2295.55
1777410000,2026-04-28 21:00:00,2295.55,2297.2,2285.75,2290.12
1777413600,2026-04-28 22:00:00,2290.12,2294.5,2285.48,2286.18
1777417200,2026-04-28 23:00:00,2286.17,2290.18,2284.15,2289.42
1777420800,2026-04-29 00:00:00,2289.42,2294.24,2285.38,2292.4
1777424400,2026-04-29 01:00:00,2292.41,2297.3,2278.84,2292.45
1777428000,2026-04-29 02:00:00,2292.45,2295.61,2284.68,2288.88
1777431600,2026-04-29 03:00:00,2288.87,2316.36,2287.61,2311.52
1777435200,2026-04-29 04:00:00,2311.53,2342.5,2309.33,2327.32
1777438800,2026-04-29 05:00:00,2327.32,2333.22,2322.83,2329.19
1777442400,2026-04-29 06:00:00,2329.19,2336.64,2320.24,2324.58
1777446000,2026-04-29 07:00:00,2324.59,2330.31,2321.7,2323.73
1777449600,2026-04-29 08:00:00,2323.74,2329.03,2321.11,2325.33
1777453200,2026-04-29 09:00:00,2325.33,2346.66,2322.74,2339.72
1777456800,2026-04-29 10:00:00,2339.71,2346.95,2330.01,2333.68
1777460400,2026-04-29 11:00:00,2333.67,2336,2328.79,2331.74
1777464000,2026-04-29 12:00:00,2331.74,2331.94,2307.4,2316.13
1777467600,2026-04-29 13:00:00,2316.13,2318.15,2289.94,2303.03
1777471200,2026-04-29 14:00:00,2303.02,2308.29,2293.86,2299.39
1777474800,2026-04-29 15:00:00,2299.4,2301.24,2263.1,2272.51
1777478400,2026-04-29 16:00:00,2272.5,2279.27,2263.35,2267.47
1777482000,2026-04-29 17:00:00,2267.48,2283.33,2266.3,2283.12
1777485600,2026-04-29 18:00:00,2283.12,2285.92,2220.36,2239.41
1777489200,2026-04-29 19:00:00,2239.41,2242.44,2225,2233.7
1777492800,2026-04-29 20:00:00,2233.69,2248.73,2230.49,2240.42
1777496400,2026-04-29 21:00:00,2240.42,2264.8,2238.59,2253.13
1777500000,2026-04-29 22:00:00,2253.14,2259.01,2250.19,2257.78
1777503600,2026-04-29 23:00:00,2257.77,2260.3,2250.35,2252.9
1777507200,2026-04-30 00:00:00,2252.9,2275,2249.47,2272.46
1777510800,2026-04-30 01:00:00,2272.45,2279,2267.06,2269.35
1777514400,2026-04-30 02:00:00,2269.36,2273.14,2236.36,2245.13
1777518000,2026-04-30 03:00:00,2245.12,2256.82,2243.89,2253.24
1777521600,2026-04-30 04:00:00,2253.24,2254.27,2236.89,2238.97
1777525200,2026-04-30 05:00:00,2238.98,2248.31,2231.64,2242.76
1777528800,2026-04-30 06:00:00,2242.76,2252.49,2241.86,2248.03
1777532400,2026-04-30 07:00:00,2248.03,2262.23,2243.71,2260.31
1777536000,2026-04-30 08:00:00,2260.31,2263.21,2255.27,2256.65
1777539600,2026-04-30 09:00:00,2256.65,2271.11,2256,2261.86
1777543200,2026-04-30 10:00:00,2261.86,2265.74,2256.78,2262.01
1777546800,2026-04-30 11:00:00,2262,2273.7,2252.07,2258.18
1777550400,2026-04-30 12:00:00,2258.18,2271.07,2257.74,2265.45
1777554000,2026-04-30 13:00:00,2265.46,2272.56,2254.74,2263.9
1777557600,2026-04-30 14:00:00,2263.9,2271.07,2245.82,2262.01
1777561200,2026-04-30 15:00:00,2262,2275.13,2257.65,2265.7
1777564800,2026-04-30 16:00:00,2265.7,2267.16,2255.8,2257.24
1777568400,2026-04-30 17:00:00,2257.24,2260.47,2251.62,2258.14
1777572000,2026-04-30 18:00:00,2258.13,2265.29,2254.55,2259.84
1777575600,2026-04-30 19:00:00,2259.84,2267.09,2258.13,2261.99
1777579200,2026-04-30 20:00:00,2261.98,2267.32,2260.56,2264.34
1777582800,2026-04-30 21:00:00,2264.34,2264.65,2254,2256.29
1777586400,2026-04-30 22:00:00,2256.29,2261.34,2252.42,2254.25
1777590000,2026-04-30 23:00:00,2254.25,2259.01,2254,2257.51
1777593600,2026-05-01 00:00:00,2257.51,2266,2257.21,2260
1777597200,2026-05-01 01:00:00,2260,2270.56,2260,2267.75
1777600800,2026-05-01 02:00:00,2267.75,2270,2265,2266.94
1777604400,2026-05-01 03:00:00,2266.94,2295,2266.25,2282.87
1777608000,2026-05-01 04:00:00,2282.87,2285.89,2277.56,2280.12
1777611600,2026-05-01 05:00:00,2280.11,2286.75,2278.28,2283.26
1777615200,2026-05-01 06:00:00,2283.26,2286.66,2272.09,2277.45
1777618800,2026-05-01 07:00:00,2277.46,2281.1,2273.14,2279.48
1777622400,2026-05-01 08:00:00,2279.5,2288.5,2277.44,2286.92
1777626000,2026-05-01 09:00:00,2286.93,2287.1,2279.87,2282.07
1777629600,2026-05-01 10:00:00,2282.08,2285.88,2277.06,2282.53
1777633200,2026-05-01 11:00:00,2282.53,2293,2281.71,2286.45
1777636800,2026-05-01 12:00:00,2286.46,2311.49,2284.15,2301.36
1777640400,2026-05-01 13:00:00,2301.37,2324,2301.37,2318.22
1777644000,2026-05-01 14:00:00,2318.22,2325.28,2301.42,2308.04
1777647600,2026-05-01 15:00:00,2308.03,2316.74,2298.77,2307.64
1777651200,2026-05-01 16:00:00,2307.64,2314.21,2298.17,2301.94
1777654800,2026-05-01 17:00:00,2301.95,2313.53,2298.71,2311.76
1777658400,2026-05-01 18:00:00,2311.76,2312.5,2303.45,2304.76
1777662000,2026-05-01 19:00:00,2304.77,2307.84,2302.2,2304.85
1777665600,2026-05-01 20:00:00,2304.85,2305.86,2278.98,2285.19
1777669200,2026-05-01 21:00:00,2285.18,2294.25,2283.58,2292.68
1777672800,2026-05-01 22:00:00,2292.67,2299.35,2291,2293.5
1777676400,2026-05-01 23:00:00,2293.5,2296.23,2289,2295.63
1777680000,2026-05-02 00:00:00,2295.63,2299.3,2292.91,2297.6
1777683600,2026-05-02 01:00:00,2297.59,2300.98,2295.88,2298.63
1777687200,2026-05-02 02:00:00,2298.62,2308.34,2295.43,2303.31
1777690800,2026-05-02 03:00:00,2303.31,2308.34,2301.01,2304.44
1777694400,2026-05-02 04:00:00,2304.43,2304.91,2299.59,2301.26
1777698000,2026-05-02 05:00:00,2301.26,2301.52,2296.62,2299.47
1777701600,2026-05-02 06:00:00,2299.46,2306.35,2297.09,2305.58
1777705200,2026-05-02 07:00:00,2305.59,2306.16,2301.01,2301.02
1777708800,2026-05-02 08:00:00,2301.01,2304.44,2299.05,2303.35
1777712400,2026-05-02 09:00:00,2303.34,2307.78,2303.34,2305.13
1777716000,2026-05-02 10:00:00,2305.13,2305.96,2302.41,2303.54
1777719600,2026-05-02 11:00:00,2303.54,2304.99,2300.25,2302.1
1777723200,2026-05-02 12:00:00,2302.09,2305.92,2301.36,2303.52
1777726800,2026-05-02 13:00:00,2303.53,2311.83,2303.53,2308.08
1777730400,2026-05-02 14:00:00,2308.08,2308.59,2305.23,2306.69
1777734000,2026-05-02 15:00:00,2306.69,2310.1,2305.32,2309.19
1777737600,2026-05-02 16:00:00,2309.18,2313.98,2307.96,2309.31
1777741200,2026-05-02 17:00:00,2309.31,2310.25,2305.69,2305.9
1777744800,2026-05-02 18:00:00,2305.9,2311.57,2304.08,2310.3
1777748400,2026-05-02 19:00:00,2310.31,2312.79,2309.17,2311.08
1777752000,2026-05-02 20:00:00,2311.08,2311.84,2309.59,2311.58
1777755600,2026-05-02 21:00:00,2311.59,2343.6,2310.79,2325.62
1777759200,2026-05-02 22:00:00,2325.62,2328.36,2317.88,2327
1777762800,2026-05-02 23:00:00,2326.99,2326.99,2313.98,2316.97
1777766400,2026-05-03 00:00:00,2316.97,2317.69,2308.9,2313.98
1777770000,2026-05-03 01:00:00,2313.98,2314.09,2303.43,2304.14
1777773600,2026-05-03 02:00:00,2304.14,2306.83,2299.38,2303.41
1777777200,2026-05-03 03:00:00,2303.41,2304,2300,2301.9
1777780800,2026-05-03 04:00:00,2301.9,2304.37,2297.59,2301.53
1777784400,2026-05-03 05:00:00,2301.53,2305.56,2301.26,2304.11
1777788000,2026-05-03 06:00:00,2304.11,2306.38,2299.69,2304.49
1777791600,2026-05-03 07:00:00,2304.5,2314.01,2304.42,2309.28
1777795200,2026-05-03 08:00:00,2309.28,2312.67,2307.65,2308.28
1777798800,2026-05-03 09:00:00,2308.29,2322.27,2307.49,2316.47
1777802400,2026-05-03 10:00:00,2316.48,2316.73,2311.32,2311.54
1777806000,2026-05-03 11:00:00,2311.54,2327.5,2310.52,2319.63
1777809600,2026-05-03 12:00:00,2319.63,2332.61,2319.63,2325.71
1777813200,2026-05-03 13:00:00,2325.71,2328.74,2320.61,2322.21
1777816800,2026-05-03 14:00:00,2322.22,2329.6,2321.19,2328.28
1777820400,2026-05-03 15:00:00,2328.28,2333.91,2324.96,2328.44
1777824000,2026-05-03 16:00:00,2328.45,2335,2322.38,2328.41
1777827600,2026-05-03 17:00:00,2328.4,2335.35,2324.11,2331.85
1777831200,2026-05-03 18:00:00,2331.85,2333.6,2328.29,2330.98
1777834800,2026-05-03 19:00:00,2330.98,2337.87,2328.47,2335.59
1777838400,2026-05-03 20:00:00,2335.6,2344.35,2328.28,2329.58
1777842000,2026-05-03 21:00:00,2329.58,2334.18,2315,2324.27
1777845600,2026-05-03 22:00:00,2324.27,2356.92,2324.26,2343.89
1777849200,2026-05-03 23:00:00,2343.89,2347.47,2319.96,2322.65
1777852800,2026-05-04 00:00:00,2322.65,2322.65,2309.24,2319
1777856400,2026-05-04 01:00:00,2319,2354.02,2312.98,2351.2
1777860000,2026-05-04 02:00:00,2351.21,2387.99,2345.41,2374.73
1777863600,2026-05-04 03:00:00,2374.73,2391,2371.74,2385.12
1777867200,2026-05-04 04:00:00,2385.11,2398.93,2384.37,2390.12
1777870800,2026-05-04 05:00:00,2390.12,2391.28,2375.26,2376.19
1777874400,2026-05-04 06:00:00,2376.19,2378.42,2354.2,2368.41
1777878000,2026-05-04 07:00:00,2368.41,2373.87,2362.51,2362.8
1777881600,2026-05-04 08:00:00,2362.79,2365.11,2357.3,2360.04
1777885200,2026-05-04 09:00:00,2360.04,2371.09,2358.04,2368.71
1777888800,2026-05-04 10:00:00,2368.72,2369.89,2314.25,2338.36
1777892400,2026-05-04 11:00:00,2338.35,2343.62,2332.91,2337.59
1777896000,2026-05-04 12:00:00,2337.59,2343.78,2333.04,2335.53
1777899600,2026-05-04 13:00:00,2335.53,2344.53,2325.71,2336.53
1777903200,2026-05-04 14:00:00,2336.53,2381.8,2327.47,2371.39
1777906800,2026-05-04 15:00:00,2371.4,2374.38,2336.01,2350.1
1777910400,2026-05-04 16:00:00,2350.11,2365,2336.63,2355.28
1777914000,2026-05-04 17:00:00,2355.27,2379.52,2353.84,2370.09
1777917600,2026-05-04 18:00:00,2370.1,2374.86,2357.02,2361.41
1777921200,2026-05-04 19:00:00,2361.42,2364.35,2353.52,2356.52
1777924800,2026-05-04 20:00:00,2356.52,2359.12,2347.77,2350.15
1777928400,2026-05-04 21:00:00,2350.14,2364.59,2350.14,2360.89
1777932000,2026-05-04 22:00:00,2360.89,2365.91,2353.95,2354.58
1777935600,2026-05-04 23:00:00,2354.58,2354.58,2344.83,2347.16
1777939200,2026-05-05 00:00:00,2347.17,2359,2344.93,2358.83
1777942800,2026-05-05 01:00:00,2358.83,2364.49,2355.1,2361.82
1777946400,2026-05-05 02:00:00,2361.81,2377.8,2359.1,2367.72
1777950000,2026-05-05 03:00:00,2367.72,2389.38,2364.71,2382.43
1777953600,2026-05-05 04:00:00,2382.43,2386,2376.04,2381.11
1777957200,2026-05-05 05:00:00,2381.1,2390.74,2376.88,2380.19
1777960800,2026-05-05 06:00:00,2380.19,2381.51,2367.35,2378.85
1777964400,2026-05-05 07:00:00,2378.84,2388.56,2375.81,2380.59
1777968000,2026-05-05 08:00:00,2380.59,2384.62,2373,2376.81
1777971600,2026-05-05 09:00:00,2376.82,2376.96,2366.76,2369.6
1777975200,2026-05-05 10:00:00,2369.6,2379.34,2367.3,2378.41
1777978800,2026-05-05 11:00:00,2378.42,2383.49,2372.95,2379.89
1777982400,2026-05-05 12:00:00,2379.89,2390.47,2376.34,2388.52
1777986000,2026-05-05 13:00:00,2388.52,2399.5,2383.5,2388.72
1777989600,2026-05-05 14:00:00,2388.71,2392.36,2369.17,2378.78
1777993200,2026-05-05 15:00:00,2378.78,2387.93,2375.5,2381.31
1777996800,2026-05-05 16:00:00,2381.3,2383.38,2361,2365.94
1778000400,2026-05-05 17:00:00,2365.94,2369.92,2359.71,2362.8
1778004000,2026-05-05 18:00:00,2362.81,2374.78,2362.81,2372.28
1778007600,2026-05-05 19:00:00,2372.28,2376.73,2369.33,2371.94
1778011200,2026-05-05 20:00:00,2371.94,2387,2371.21,2382.41
1778014800,2026-05-05 21:00:00,2382.41,2388.54,2368.9,2375.43
1778018400,2026-05-05 22:00:00,2375.43,2381.68,2354.34,2367.51
1778022000,2026-05-05 23:00:00,2367.51,2369.75,2355,2360.77
1778025600,2026-05-06 00:00:00,2360.76,2367.72,2355,2364.63
1778029200,2026-05-06 01:00:00,2364.63,2376.99,2362.75,2373.19
1778032800,2026-05-06 02:00:00,2373.2,2373.7,2360,2369.75
1778036400,2026-05-06 03:00:00,2369.75,2380.87,2368.08,2376.8
1778040000,2026-05-06 04:00:00,2376.81,2379.4,2361.25,2366.08
1778043600,2026-05-06 05:00:00,2366.08,2366.99,2355,2365.03
1778047200,2026-05-06 06:00:00,2365.03,2371.29,2361,2370.52
1778050800,2026-05-06 07:00:00,2370.53,2375,2368.57,2371.74
1778054400,2026-05-06 08:00:00,2371.74,2396.19,2369.16,2394.33
1778058000,2026-05-06 09:00:00,2394.32,2418.39,2384.8,2412.76
1778061600,2026-05-06 10:00:00,2412.77,2414.43,2405.18,2410.2
1778065200,2026-05-06 11:00:00,2410.2,2423.74,2408.34,2410.47
1778068800,2026-05-06 12:00:00,2410.47,2413.59,2400.55,2405.11
1778072400,2026-05-06 13:00:00,2405.11,2405.11,2365.01,2368.51
1778076000,2026-05-06 14:00:00,2368.52,2373.29,2346.68,2359.23
1778079600,2026-05-06 15:00:00,2359.23,2366,2354.98,2359.1
1778083200,2026-05-06 16:00:00,2359.1,2367.47,2350.56,2358.08
1778086800,2026-05-06 17:00:00,2358.09,2360.99,2347.71,2349.7
1778090400,2026-05-06 18:00:00,2349.71,2352.55,2338,2345
1778094000,2026-05-06 19:00:00,2345,2350,2342.14,2348.5
1778097600,2026-05-06 20:00:00,2348.49,2357.04,2345.23,2350.94
1778101200,2026-05-06 21:00:00,2350.94,2357.45,2345.83,2354.52
1778104800,2026-05-06 22:00:00,2354.52,2355.05,2344.99,2347.28
1778108400,2026-05-06 23:00:00,2347.28,2351.34,2338.28,2350.84
1778112000,2026-05-07 00:00:00,2350.84,2352.3,2329.05,2329.65
1778115600,2026-05-07 01:00:00,2329.66,2335,2314.16,2327.41
1778119200,2026-05-07 02:00:00,2327.4,2327.95,2313.89,2321.88
1778122800,2026-05-07 03:00:00,2321.89,2326.2,2315.74,2322.39
1778126400,2026-05-07 04:00:00,2322.39,2327.52,2317.8,2327.51
1778130000,2026-05-07 05:00:00,2327.51,2333.97,2327.02,2331.08
1778133600,2026-05-07 06:00:00,2331.08,2338.57,2320,2337.13
1778137200,2026-05-07 07:00:00,2337.14,2346.89,2336.72,2344.59
1778140800,2026-05-07 08:00:00,2344.59,2346.6,2332,2333.73
1778144400,2026-05-07 09:00:00,2333.73,2337.11,2326.83,2329.05
1778148000,2026-05-07 10:00:00,2329.04,2331.63,2317.35,2326.78
1778151600,2026-05-07 11:00:00,2326.78,2331.59,2325.45,2329.94
1778155200,2026-05-07 12:00:00,2329.94,2337.13,2329.04,2333.01
1778158800,2026-05-07 13:00:00,2333.02,2333.02,2305.4,2314.32
1778162400,2026-05-07 14:00:00,2314.32,2318.75,2289.51,2298.98
1778166000,2026-05-07 15:00:00,2298.98,2304.52,2285.95,2294.82
1778169600,2026-05-07 16:00:00,2294.82,2298.2,2285.37,2291.81
1778173200,2026-05-07 17:00:00,2291.81,2301.25,2280.1,2299.6
1778176800,2026-05-07 18:00:00,2299.61,2304,2291.27,2296.19
1778180400,2026-05-07 19:00:00,2296.18,2297.09,2287.88,2295.98
1778184000,2026-05-07 20:00:00,2295.98,2302.57,2287.94,2289.1
1778187600,2026-05-07 21:00:00,2289.1,2294.29,2281.29,2287.68
1778191200,2026-05-07 22:00:00,2287.68,2290.24,2281.04,2287.03
1778194800,2026-05-07 23:00:00,2287.03,2293.24,2286.11,2291.06
1778198400,2026-05-08 00:00:00,2291.06,2294.28,2283.66,2286.83
1778202000,2026-05-08 01:00:00,2286.83,2289.31,2280.28,2285.06
1778205600,2026-05-08 02:00:00,2285.06,2285.71,2268,2279.15
1778209200,2026-05-08 03:00:00,2279.15,2281.6,2265.61,2278.76
1778212800,2026-05-08 04:00:00,2278.77,2284.54,2276.5,2281.63
1778216400,2026-05-08 05:00:00,2281.63,2284,2275.97,2275.97
1778220000,2026-05-08 06:00:00,2275.98,2278.5,2268.6,2275.22
1778223600,2026-05-08 07:00:00,2275.23,2282.69,2267.15,2281.35
1778227200,2026-05-08 08:00:00,2281.37,2289.13,2280.15,2283.56
1778230800,2026-05-08 09:00:00,2283.56,2292.12,2280.35,2284.34
1778234400,2026-05-08 10:00:00,2284.34,2290.96,2281.17,2287.94
1778238000,2026-05-08 11:00:00,2287.95,2298.01,2287.95,2295.38
1778241600,2026-05-08 12:00:00,2295.38,2302,2282.46,2284.53
1778245200,2026-05-08 13:00:00,2284.53,2287,2269.96,2276.46
1778248800,2026-05-08 14:00:00,2276.46,2292.66,2273.32,2285.72
1778252400,2026-05-08 15:00:00,2285.72,2294.44,2274.94,2293.2
1778256000,2026-05-08 16:00:00,2293.2,2294.37,2286.42,2289.93
1778259600,2026-05-08 17:00:00,2289.93,2315.63,2289.39,2304.86
1778263200,2026-05-08 18:00:00,2304.87,2321.22,2304.87,2313.49
1778266800,2026-05-08 19:00:00,2313.49,2320.36,2312.48,2316.05
1778270400,2026-05-08 20:00:00,2316.06,2317,2305.36,2306.65
1778274000,2026-05-08 21:00:00,2306.64,2314.94,2304.21,2314.63
1778277600,2026-05-08 22:00:00,2314.62,2319.15,2310.26,2310.98
1778281200,2026-05-08 23:00:00,2310.98,2310.98,2303.19,2307.06
1778284800,2026-05-09 00:00:00,2307.07,2312.03,2304.19,2308.55
1778288400,2026-05-09 01:00:00,2308.55,2318.45,2308.23,2314.22
1778292000,2026-05-09 02:00:00,2314.23,2320.3,2313.8,2317.07
1778295600,2026-05-09 03:00:00,2317.07,2320.77,2312.6,2315.33
1778299200,2026-05-09 04:00:00,2315.33,2325.33,2311.27,2312.35
1778302800,2026-05-09 05:00:00,2312.35,2318.29,2310.9,2314.82
1778306400,2026-05-09 06:00:00,2314.82,2319.59,2312.95,2314.35
1778310000,2026-05-09 07:00:00,2314.35,2318.56,2311.34,2314.69
1778313600,2026-05-09 08:00:00,2314.69,2320.53,2314.23,2317.16
1778317200,2026-05-09 09:00:00,2317.16,2317.52,2311.37,2313.28
1778320800,2026-05-09 10:00:00,2313.28,2315.03,2310.24,2312.5
1778324400,2026-05-09 11:00:00,2312.49,2315.56,2312.49,2314.57
1778328000,2026-05-09 12:00:00,2314.56,2318.27,2313.24,2316.54
1778331600,2026-05-09 13:00:00,2316.54,2316.55,2311.69,2314.34
1778335200,2026-05-09 14:00:00,2314.34,2315.32,2305.21,2308.27
1778338800,2026-05-09 15:00:00,2308.27,2317.64,2300,2317.63
1778342400,2026-05-09 16:00:00,2317.64,2325.28,2315.29,2319.99
1778346000,2026-05-09 17:00:00,2320,2333.61,2320,2329.45
1778349600,2026-05-09 18:00:00,2329.46,2338.37,2328.8,2330.22
1778353200,2026-05-09 19:00:00,2330.23,2333.1,2326.54,2332.01
1778356800,2026-05-09 20:00:00,2332.02,2332.81,2327.26,2329.18
1778360400,2026-05-09 21:00:00,2329.17,2331.55,2328.62,2330.82
1778364000,2026-05-09 22:00:00,2330.82,2333.47,2327.22,2329.89
1778367600,2026-05-09 23:00:00,2329.89,2331.96,2324.7,2326.44
1778371200,2026-05-10 00:00:00,2326.43,2329.71,2321.16,2323.89
1778374800,2026-05-10 01:00:00,2323.9,2324.97,2318.33,2323.67
1778378400,2026-05-10 02:00:00,2323.68,2328,2320.08,2327.94
1778382000,2026-05-10 03:00:00,2327.94,2332.91,2323.7,2327.76
1778385600,2026-05-10 04:00:00,2327.75,2330.98,2326.1,2328.27
1778389200,2026-05-10 05:00:00,2328.28,2330,2326.51,2327.3
1778392800,2026-05-10 06:00:00,2327.3,2330.75,2326.65,2329.3
1778396400,2026-05-10 07:00:00,2329.31,2332.09,2327.36,2327.36
1778400000,2026-05-10 08:00:00,2327.36,2331.83,2326.16,2330.15
1778403600,2026-05-10 09:00:00,2330.16,2333.59,2326.92,2328.22
1778407200,2026-05-10 10:00:00,2328.23,2328.82,2323.38,2325.46
1778410800,2026-05-10 11:00:00,2325.46,2327.42,2319,2322.58
1778414400,2026-05-10 12:00:00,2322.59,2325.35,2320.87,2324.12
1778418000,2026-05-10 13:00:00,2324.12,2331.99,2323.28,2329.8
1778421600,2026-05-10 14:00:00,2329.8,2335,2326.94,2330.9
1778425200,2026-05-10 15:00:00,2330.9,2351.66,2330.9,2347.56
1778428800,2026-05-10 16:00:00,2347.56,2350.85,2340.11,2350
1778432400,2026-05-10 17:00:00,2349.99,2368,2345.4,2364.1
1778436000,2026-05-10 18:00:00,2364.11,2366.79,2356.63,2358.54
1778439600,2026-05-10 19:00:00,2358.53,2366.79,2351.25,2365.54
1778443200,2026-05-10 20:00:00,2365.54,2369.86,2311.83,2328.76
1778446800,2026-05-10 21:00:00,2328.76,2336.85,2324.02,2330.8
1778450400,2026-05-10 22:00:00,2330.79,2377.64,2327.92,2373.78
1778454000,2026-05-10 23:00:00,2373.78,2382.53,2367.95,2371.27
1778457600,2026-05-11 00:00:00,2371.26,2374.92,2344.59,2352.35
1778461200,2026-05-11 01:00:00,2352.36,2365.58,2345.33,2358.54
1778464800,2026-05-11 02:00:00,2358.54,2360.79,2343.38,2345.39
1778468400,2026-05-11 03:00:00,2345.4,2345.4,2320.01,2330.56
1778472000,2026-05-11 04:00:00,2330.56,2335.99,2326.66,2332.85
1778475600,2026-05-11 05:00:00,2332.85,2340.49,2332.05,2335.3
1778479200,2026-05-11 06:00:00,2335.29,2342.44,2330.05,2333.48
1778482800,2026-05-11 07:00:00,2333.49,2333.49,2328.25,2330.54
1778486400,2026-05-11 08:00:00,2330.55,2334.66,2326.66,2330.48
1778490000,2026-05-11 09:00:00,2330.48,2338.61,2330.26,2336.08
1778493600,2026-05-11 10:00:00,2336.07,2339.9,2329.93,2329.94
1778497200,2026-05-11 11:00:00,2329.93,2335.8,2327.43,2335.8
1778500800,2026-05-11 12:00:00,2335.8,2338.89,2328.79,2329.5
1778504400,2026-05-11 13:00:00,2329.51,2332.86,2314.77,2322.32
1778508000,2026-05-11 14:00:00,2322.31,2328.8,2304,2316.48
1778511600,2026-05-11 15:00:00,2316.48,2335.6,2313.4,2333.48
1778515200,2026-05-11 16:00:00,2333.48,2341.21,2327.38,2329.78
1778518800,2026-05-11 17:00:00,2329.79,2343.83,2323.68,2336.71
1778522400,2026-05-11 18:00:00,2336.71,2344.35,2334.55,2335.35
1778526000,2026-05-11 19:00:00,2335.35,2344,2331.92,2340.43
1778529600,2026-05-11 20:00:00,2340.44,2345.44,2336.27,2338.15
1778533200,2026-05-11 21:00:00,2338.16,2342.49,2336.36,2340.71
1778536800,2026-05-11 22:00:00,2340.71,2345.68,2336.63,2341.43
1778540400,2026-05-11 23:00:00,2341.43,2342.23,2335.08,2339.87
1778544000,2026-05-12 00:00:00,2339.88,2340.85,2332.13,2333.54
1778547600,2026-05-12 01:00:00,2333.54,2335.66,2295.01,2311.41
1778551200,2026-05-12 02:00:00,2311.4,2317,2307.2,2315.89
1778554800,2026-05-12 03:00:00,2315.89,2317.31,2307.2,2309.37
1778558400,2026-05-12 04:00:00,2309.36,2314.49,2305.65,2310.92
1778562000,2026-05-12 05:00:00,2310.92,2314.08,2309.74,2310.12
1778565600,2026-05-12 06:00:00,2310.13,2313.84,2302.63,2303.89
1778569200,2026-05-12 07:00:00,2303.9,2304.82,2291.63,2295.2
1778572800,2026-05-12 08:00:00,2295.2,2296.27,2280,2288.01
1778576400,2026-05-12 09:00:00,2288,2295.3,2281.1,2292.84
1778580000,2026-05-12 10:00:00,2292.84,2293.88,2281.42,2286.2
1778583600,2026-05-12 11:00:00,2286.21,2287.09,2278.57,2287.01
1778587200,2026-05-12 12:00:00,2287.02,2294.01,2281.14,2288.97
1778590800,2026-05-12 13:00:00,2288.97,2292.51,2268.88,2271.99
1778594400,2026-05-12 14:00:00,2271.99,2281.89,2262.37,2269.18
1778598000,2026-05-12 15:00:00,2269.18,2274.38,2256.67,2261.85
1778601600,2026-05-12 16:00:00,2261.86,2271.24,2256.27,2263.83
1778605200,2026-05-12 17:00:00,2263.83,2278,2263.83,2276.59
1778608800,2026-05-12 18:00:00,2276.6,2284.6,2274.67,2279.3
1778612400,2026-05-12 19:00:00,2279.31,2287.43,2279.15,2285.09
1778616000,2026-05-12 20:00:00,2285.1,2287.39,2281.32,2285.04
1778619600,2026-05-12 21:00:00,2285.05,2287.64,2282.81,2285.4
1778623200,2026-05-12 22:00:00,2285.41,2291.37,2282.24,2282.34
1778626800,2026-05-12 23:00:00,2282.34,2284.18,2273.88,2274.96
1778630400,2026-05-13 00:00:00,2274.97,2286.79,2273.34,2281.56
1778634000,2026-05-13 01:00:00,2281.56,2295.29,2280.99,2289.98
1778637600,2026-05-13 02:00:00,2289.99,2299.89,2286.96,2293.99
1778641200,2026-05-13 03:00:00,2293.99,2303.77,2292.44,2301.77
1778644800,2026-05-13 04:00:00,2301.76,2309,2298.47,2306.67
1778648400,2026-05-13 05:00:00,2306.68,2307.48,2295.63,2297.76
1778652000,2026-05-13 06:00:00,2297.77,2305.13,2297.26,2301.84
1778655600,2026-05-13 07:00:00,2301.84,2303.03,2296.95,2301.07
1778659200,2026-05-13 08:00:00,2301.07,2316.96,2300.73,2316.64
1778662800,2026-05-13 09:00:00,2316.65,2323.36,2314.45,2321.19
1778666400,2026-05-13 10:00:00,2321.18,2321.6,2305.55,2308.46
1778670000,2026-05-13 11:00:00,2308.46,2308.91,2299,2301.82
1778673600,2026-05-13 12:00:00,2301.83,2307.54,2270.01,2284.35
1778677200,2026-05-13 13:00:00,2284.35,2288.31,2258.51,2262.8
1778680800,2026-05-13 14:00:00,2262.8,2270.97,2251.05,2267.39
1778684400,2026-05-13 15:00:00,2267.39,2270.25,2234.13,2236.49
1778688000,2026-05-13 16:00:00,2236.48,2253.35,2235.48,2250.75
1778691600,2026-05-13 17:00:00,2250.75,2261.77,2250.75,2258.31
1778695200,2026-05-13 18:00:00,2258.32,2268.49,2258.32,2259.68
1778698800,2026-05-13 19:00:00,2259.67,2260.71,2250.56,2256.53
1778702400,2026-05-13 20:00:00,2256.53,2264.46,2256.43,2263.75
1778706000,2026-05-13 21:00:00,2263.76,2264.07,2253.7,2255.79
1778709600,2026-05-13 22:00:00,2255.8,2260.55,2251,2259.6
1778713200,2026-05-13 23:00:00,2259.59,2261.79,2254.83,2258.65
1778716800,2026-05-14 00:00:00,2258.66,2269.37,2258.14,2266.58
1778720400,2026-05-14 01:00:00,2266.58,2269.37,2259.9,2264.91
1778724000,2026-05-14 02:00:00,2264.9,2266.75,2247.71,2251.53
1778727600,2026-05-14 03:00:00,2251.54,2255,2238.64,2242.14
1778731200,2026-05-14 04:00:00,2242.14,2258.25,2239.54,2256.7
1778734800,2026-05-14 05:00:00,2256.69,2273.71,2255.53,2268.44
1778738400,2026-05-14 06:00:00,2268.44,2275.2,2266.86,2267.71
1778742000,2026-05-14 07:00:00,2267.72,2270.79,2263.88,2265.48
1778745600,2026-05-14 08:00:00,2265.49,2270.99,2262.05,2266.36
1778749200,2026-05-14 09:00:00,2266.35,2267.72,2252.76,2257.8
1778752800,2026-05-14 10:00:00,2257.8,2265.51,2255.84,2262.14
1778756400,2026-05-14 11:00:00,2262.13,2264,2252.53,2253.81
1778760000,2026-05-14 12:00:00,2253.81,2263.24,2248,2261.48
1778763600,2026-05-14 13:00:00,2261.48,2265.32,2248.43,2249.42
1778767200,2026-05-14 14:00:00,2249.42,2289,2246.13,2286.99
1778770800,2026-05-14 15:00:00,2287,2299.7,2280.63,2298.48
1778774400,2026-05-14 16:00:00,2298.48,2318.66,2293.96,2316.36
1778778000,2026-05-14 17:00:00,2316.35,2319.33,2296.57,2308.18
1778781600,2026-05-14 18:00:00,2308.17,2316.78,2303,2309.63
1778785200,2026-05-14 19:00:00,2309.64,2312.22,2297.5,2298.34
1778788800,2026-05-14 20:00:00,2298.34,2301.43,2288.7,2298.08
1778792400,2026-05-14 21:00:00,2298.08,2300.27,2290,2297.19
1778796000,2026-05-14 22:00:00,2297.2,2301.67,2295.2,2298.16
1778799600,2026-05-14 23:00:00,2298.16,2298.16,2280.18,2283.25
1778803200,2026-05-15 00:00:00,2283.26,2300.29,2281.78,2291.39
1778806800,2026-05-15 01:00:00,2291.39,2294.74,2274.06,2275.45
1778810400,2026-05-15 02:00:00,2275.46,2279.26,2260.45,2276.37
1778814000,2026-05-15 03:00:00,2276.37,2279.64,2267.98,2273.34
1778817600,2026-05-15 04:00:00,2273.35,2273.91,2262.74,2263.33
1778821200,2026-05-15 05:00:00,2263.33,2267,2237.95,2245.41
1778824800,2026-05-15 06:00:00,2245.4,2256.92,2243.8,2255.35
1778828400,2026-05-15 07:00:00,2255.36,2271.64,2253.63,2265.11
1778832000,2026-05-15 08:00:00,2265.11,2265.42,2250,2257.56
1778835600,2026-05-15 09:00:00,2257.56,2260,2250.82,2254.5
1778839200,2026-05-15 10:00:00,2254.5,2264.49,2252.35,2262.44
1778842800,2026-05-15 11:00:00,2262.44,2263.95,2257.26,2257.57
1778846400,2026-05-15 12:00:00,2257.56,2260.72,2251.14,2254.29
1778850000,2026-05-15 13:00:00,2254.29,2254.29,2210.31,2213.68
1778853600,2026-05-15 14:00:00,2213.69,2223.79,2205.11,2213.35
1778857200,2026-05-15 15:00:00,2213.35,2223.96,2209.79,2222.85
1778860800,2026-05-15 16:00:00,2222.86,2231.11,2218.9,2224.59
1778864400,2026-05-15 17:00:00,2224.59,2232.88,2224.26,2229.47
1778868000,2026-05-15 18:00:00,2229.47,2232.86,2224.97,2228.36
1778871600,2026-05-15 19:00:00,2228.35,2228.42,2222.27,2223.35
1778875200,2026-05-15 20:00:00,2223.35,2226.13,2216.99,2220.14
1778878800,2026-05-15 21:00:00,2220.13,2225.08,2215,2216.99
1778882400,2026-05-15 22:00:00,2217,2225.01,2216.99,2224.18
1778886000,2026-05-15 23:00:00,2224.18,2226.29,2222.88,2224.66
1778889600,2026-05-16 00:00:00,2224.65,2231.51,2223.81,2227
1778893200,2026-05-16 01:00:00,2226.99,2230.85,2223.53,2229.62
1778896800,2026-05-16 02:00:00,2229.62,2231.5,2227,2229.91
1778900400,2026-05-16 03:00:00,2229.91,2230.64,2227.11,2228.01
1778904000,2026-05-16 04:00:00,2228,2228.96,2218.35,2225.98
1778907600,2026-05-16 05:00:00,2225.99,2227.13,2222.69,2225.37
1778911200,2026-05-16 06:00:00,2225.38,2226.89,2209.7,2215.45
1778914800,2026-05-16 07:00:00,2215.46,2215.81,2182,2194.81
1778918400,2026-05-16 08:00:00,2194.81,2196.87,2192.01,2193.26
1778922000,2026-05-16 09:00:00,2193.26,2193.85,2162.6,2173.57
1778925600,2026-05-16 10:00:00,2173.57,2175,2162.55,2173.85
1778929200,2026-05-16 11:00:00,2173.85,2181,2173.85,2176.1
1778932800,2026-05-16 12:00:00,2176.11,2179.26,2173.18,2176.5
1778936400,2026-05-16 13:00:00,2176.5,2180,2172.3,2177.12
1778940000,2026-05-16 14:00:00,2177.12,2188.16,2173.51,2179.93
1778943600,2026-05-16 15:00:00,2179.92,2183.79,2176.9,2180
1778947200,2026-05-16 16:00:00,2180,2183.52,2170.5,2174.11
1778950800,2026-05-16 17:00:00,2174.11,2180.79,2174.11,2178.91
1778954400,2026-05-16 18:00:00,2178.91,2185.22,2176.36,2181.35
1778958000,2026-05-16 19:00:00,2181.35,2182.77,2179.23,2179.57
1778961600,2026-05-16 20:00:00,2179.57,2182.9,2179.57,2181.45
1778965200,2026-05-16 21:00:00,2181.45,2183.54,2180.94,2182.39
1778968800,2026-05-16 22:00:00,2182.39,2183.28,2179.77,2180.47
1778972400,2026-05-16 23:00:00,2180.46,2183.03,2179.35,2180.77
1778976000,2026-05-17 00:00:00,2180.77,2185.6,2174.08,2177.59
1778979600,2026-05-17 01:00:00,2177.6,2183.6,2167.98,2169.18
1778983200,2026-05-17 02:00:00,2169.17,2176.25,2169.17,2174.5
1778986800,2026-05-17 03:00:00,2174.51,2184.5,2174.26,2181.7
1778990400,2026-05-17 04:00:00,2181.71,2190.37,2181.14,2187.61
1778994000,2026-05-17 05:00:00,2187.61,2195,2185.63,2185.91
1778997600,2026-05-17 06:00:00,2185.91,2188,2181.7,2185.02
1779001200,2026-05-17 07:00:00,2185.02,2188.49,2182.53,2186.64
1779004800,2026-05-17 08:00:00,2186.63,2187.06,2183.12,2185.95
1779008400,2026-05-17 09:00:00,2185.95,2191.38,2185.91,2190.23
1779012000,2026-05-17 10:00:00,2190.22,2198.14,2190.22,2194.28
1779015600,2026-05-17 11:00:00,2194.29,2194.72,2188,2192
1779019200,2026-05-17 12:00:00,2192,2198.04,2191.34,2194.3
1779022800,2026-05-17 13:00:00,2194.3,2194.93,2187.29,2192.12
1779026400,2026-05-17 14:00:00,2192.12,2192.39,2178.39,2186.64
1779030000,2026-05-17 15:00:00,2186.64,2188.84,2181.2,2186.51
1779033600,2026-05-17 16:00:00,2186.51,2189.12,2182.15,2182.51
1779037200,2026-05-17 17:00:00,2182.52,2184.95,2176.63,2183.67
1779040800,2026-05-17 18:00:00,2183.68,2188.5,2179.13,2188.49
1779044400,2026-05-17 19:00:00,2188.5,2193.62,2187.56,2192.53
1779048000,2026-05-17 20:00:00,2192.54,2193.68,2186.98,2189.55
1779051600,2026-05-17 21:00:00,2189.55,2194.82,2187.24,2191.81
1779055200,2026-05-17 22:00:00,2191.8,2191.8,2174.01,2179.69
1779058800,2026-05-17 23:00:00,2179.7,2179.7,2091.48,2131
1779062400,2026-05-18 00:00:00,2131,2132,2104.99,2115.46
1779066000,2026-05-18 01:00:00,2115.47,2121.33,2106.5,2117.54
1779069600,2026-05-18 02:00:00,2117.54,2124,2112.78,2116.64
1779073200,2026-05-18 03:00:00,2116.65,2123.91,2115.89,2118.44
1779076800,2026-05-18 04:00:00,2118.44,2125.5,2114.24,2124.85
1779080400,2026-05-18 05:00:00,2124.85,2125.83,2117,2118.25
1779084000,2026-05-18 06:00:00,2118.25,2121,2110,2119.03
1779087600,2026-05-18 07:00:00,2119.04,2123.99,2112.07,2120.82
1779091200,2026-05-18 08:00:00,2120.82,2124.05,2117.48,2121.57
1779094800,2026-05-18 09:00:00,2121.57,2121.93,2116.03,2116.88
1779098400,2026-05-18 10:00:00,2116.88,2117.59,2112.65,2114.55
1779102000,2026-05-18 11:00:00,2114.56,2139.75,2110.5,2133.9
1779105600,2026-05-18 12:00:00,2133.9,2157.24,2133.9,2151.01
1779109200,2026-05-18 13:00:00,2151.02,2151.41,2120.25,2130.91
1779112800,2026-05-18 14:00:00,2130.9,2130.9,2098.01,2110.32
1779116400,2026-05-18 15:00:00,2110.32,2111.3,2093.77,2107.48
1779120000,2026-05-18 16:00:00,2107.49,2111.19,2090.56,2097.71
1779123600,2026-05-18 17:00:00,2097.71,2110.19,2095.33,2108.21
1779127200,2026-05-18 18:00:00,2108.21,2109.12,2077.23,2081.32
1779130800,2026-05-18 19:00:00,2081.31,2128.49,2079.64,2125.07
1779134400,2026-05-18 20:00:00,2125.07,2131.03,2115.01,2117.61
1779138000,2026-05-18 21:00:00,2117.62,2142.67,2114.59,2137.38
1779141600,2026-05-18 22:00:00,2137.39,2142.57,2130.5,2135.74
1779145200,2026-05-18 23:00:00,2135.73,2139.17,2127.75,2130.08
1779148800,2026-05-19 00:00:00,2130.08,2146.95,2128.44,2135.88
1779152400,2026-05-19 01:00:00,2135.88,2138.4,2123.71,2124.92
1779156000,2026-05-19 02:00:00,2124.92,2135.67,2118.6,2123.31
1779159600,2026-05-19 03:00:00,2123.3,2134.61,2122.06,2131.3
1779163200,2026-05-19 04:00:00,2131.3,2136.65,2128.22,2133.88
1779166800,2026-05-19 05:00:00,2133.88,2137.74,2123.61,2135.21
1779170400,2026-05-19 06:00:00,2135.21,2140.31,2132.71,2137.52
1779174000,2026-05-19 07:00:00,2137.52,2145,2135.29,2140.97
1779177600,2026-05-19 08:00:00,2140.97,2141.4,2131.01,2133.72
1779181200,2026-05-19 09:00:00,2133.72,2134.5,2111.25,2114.49
1779184800,2026-05-19 10:00:00,2114.49,2121.96,2106.77,2118.36
1779188400,2026-05-19 11:00:00,2118.37,2120.24,2109.22,2110.85
1779192000,2026-05-19 12:00:00,2110.85,2119.35,2108.64,2118.49
1779195600,2026-05-19 13:00:00,2118.5,2127.53,2107.65,2119.03
1779199200,2026-05-19 14:00:00,2119.02,2123.6,2094.47,2106.55
1779202800,2026-05-19 15:00:00,2106.54,2113.42,2103.58,2110.19
1779206400,2026-05-19 16:00:00,2110.2,2122.45,2107.12,2121.12
1779210000,2026-05-19 17:00:00,2121.11,2125.07,2112.92,2115.75
1779213600,2026-05-19 18:00:00,2115.75,2119.62,2110.74,2115.28
1779217200,2026-05-19 19:00:00,2115.27,2123.16,2110.14,2113.15
1779220800,2026-05-19 20:00:00,2113.14,2118.82,2112.41,2118.39
1779224400,2026-05-19 21:00:00,2118.38,2120.59,2116.69,2116.97
1779228000,2026-05-19 22:00:00,2116.97,2116.97,2102.09,2106.4
1779231600,2026-05-19 23:00:00,2106.4,2118.68,2104.66,2111.93
1779235200,2026-05-20 00:00:00,2111.93,2115.95,2103.3,2111.29
1779238800,2026-05-20 01:00:00,2111.29,2119.24,2103.29,2115.28
1779242400,2026-05-20 02:00:00,2115.28,2117.14,2106.01,2109.43
1779246000,2026-05-20 03:00:00,2109.42,2116.3,2106.1,2111.6
1779249600,2026-05-20 04:00:00,2111.6,2114.78,2107.3,2113.2
1779253200,2026-05-20 05:00:00,2113.2,2130.38,2113.2,2125.63
1779256800,2026-05-20 06:00:00,2125.63,2134.41,2125.62,2133.75
1779260400,2026-05-20 07:00:00,2133.76,2136.5,2128.51,2129.74
1779264000,2026-05-20 08:00:00,2129.75,2138,2128.87,2131.91
1779267600,2026-05-20 09:00:00,2131.91,2133,2127.7,2129.36
1779271200,2026-05-20 10:00:00,2129.36,2137.02,2129.36,2130.82
1779274800,2026-05-20 11:00:00,2130.82,2132.24,2124.28,2128.3
1779278400,2026-05-20 12:00:00,2128.31,2140,2127.02,2134.01
1779282000,2026-05-20 13:00:00,2134.02,2135.73,2115.69,2120.61
1779285600,2026-05-20 14:00:00,2120.62,2139.63,2113.87,2135.25
1779289200,2026-05-20 15:00:00,2135.24,2149,2129.02,2136.75
1779292800,2026-05-20 16:00:00,2136.76,2140.51,2124.1,2135.46
1779296400,2026-05-20 17:00:00,2135.46,2148.77,2132.14,2140.5
1779300000,2026-05-20 18:00:00,2140.5,2140.95,2131.3,2132.1
1779303600,2026-05-20 19:00:00,2132.1,2141.45,2129.11,2139.12
1779307200,2026-05-20 20:00:00,2139.12,2140.76,2129.51,2135.93
1779310800,2026-05-20 21:00:00,2135.92,2138.59,2130.61,2130.62
1779314400,2026-05-20 22:00:00,2130.61,2130.61,2118.45,2128.32
1779318000,2026-05-20 23:00:00,2128.32,2130.37,2122.59,2129.44
1779321600,2026-05-21 00:00:00,2129.44,2145.32,2128.59,2142.92
1779325200,2026-05-21 01:00:00,2142.93,2157.5,2139.31,2141.07
1779328800,2026-05-21 02:00:00,2141.08,2148.04,2139.5,2141.5
1779332400,2026-05-21 03:00:00,2141.5,2146.85,2140.85,2145.76
1779336000,2026-05-21 04:00:00,2145.76,2148.75,2142.7,2145
1779339600,2026-05-21 05:00:00,2145,2148.19,2133.21,2136.3
1779343200,2026-05-21 06:00:00,2136.31,2138.61,2127.64,2128.57
1779346800,2026-05-21 07:00:00,2128.58,2137,2124.25,2135.06
1779350400,2026-05-21 08:00:00,2135.07,2148.33,2135.01,2138.26
1779354000,2026-05-21 09:00:00,2138.26,2140.94,2127.96,2127.98
1779357600,2026-05-21 10:00:00,2127.97,2130.09,2110,2114.19
1779361200,2026-05-21 11:00:00,2114.2,2119.94,2112.17,2115.27
1779364800,2026-05-21 12:00:00,2115.28,2119.91,2112.1,2117.22
1779368400,2026-05-21 13:00:00,2117.22,2124.09,2105.15,2120.46
1779372000,2026-05-21 14:00:00,2120.47,2125.59,2110.68,2121.96
1779375600,2026-05-21 15:00:00,2121.97,2138.05,2119.44,2132.65
1779379200,2026-05-21 16:00:00,2132.64,2136.66,2122.82,2127.79
1779382800,2026-05-21 17:00:00,2127.8,2153.75,2126,2146.6
1779386400,2026-05-21 18:00:00,2146.6,2148,2121.79,2126.87
1779390000,2026-05-21 19:00:00,2126.87,2145.78,2126.48,2142.83
1779393600,2026-05-21 20:00:00,2142.84,2143.46,2137.13,2138.62
1779397200,2026-05-21 21:00:00,2138.63,2141,2134.21,2135.42
1779400800,2026-05-21 22:00:00,2135.43,2136.87,2131.03,2131.85
1779404400,2026-05-21 23:00:00,2131.84,2136.77,2127.27,2133.76
1779408000,2026-05-22 00:00:00,2133.77,2134.99,2129.28,2129.33
1779411600,2026-05-22 01:00:00,2129.32,2137,2125.68,2135.88
1779415200,2026-05-22 02:00:00,2135.89,2140.01,2134.47,2137.98
1779418800,2026-05-22 03:00:00,2137.97,2141.39,2135.29,2137.88
1779422400,2026-05-22 04:00:00,2137.89,2141.34,2132.56,2134
1779426000,2026-05-22 05:00:00,2134.01,2135.95,2127.39,2129.21
1779429600,2026-05-22 06:00:00,2129.21,2130.86,2123.95,2125.68
1779433200,2026-05-22 07:00:00,2125.68,2132.73,2122.22,2128.7
1779436800,2026-05-22 08:00:00,2128.7,2133.34,2119.94,2122.3
1779440400,2026-05-22 09:00:00,2122.29,2125.24,2119.18,2123.98
1779444000,2026-05-22 10:00:00,2123.97,2125.4,2120.81,2123
1779447600,2026-05-22 11:00:00,2123,2131.01,2120.1,2130.78
1779451200,2026-05-22 12:00:00,2130.78,2138,2129.31,2134.99
1779454800,2026-05-22 13:00:00,2135,2135.75,2124.01,2130.23
1779458400,2026-05-22 14:00:00,2130.23,2130.23,2112.58,2116.94
1779462000,2026-05-22 15:00:00,2116.94,2125.49,2112.47,2119.48
1779465600,2026-05-22 16:00:00,2119.49,2124,2118.11,2122.78
1779469200,2026-05-22 17:00:00,2122.78,2130,2119.43,2119.6
1779472800,2026-05-22 18:00:00,2119.61,2121.57,2084.51,2099.99
1779476400,2026-05-22 19:00:00,2099.99,2103.1,2058,2065.54
1779480000,2026-05-22 20:00:00,2065.54,2078.85,2064.31,2073.4
1779483600,2026-05-22 21:00:00,2073.4,2079.59,2071.52,2078.18
1779487200,2026-05-22 22:00:00,2078.17,2079.58,2066.55,2072.71
1779490800,2026-05-22 23:00:00,2072.72,2077.24,2057.79,2065.85
1779494400,2026-05-23 00:00:00,2065.86,2070.61,2053,2064.63
1779498000,2026-05-23 01:00:00,2064.63,2069.92,2062.67,2068.93
1779501600,2026-05-23 02:00:00,2068.93,2070.37,2064.9,2068.52
1779505200,2026-05-23 03:00:00,2068.52,2072,2068.21,2070.78
1779508800,2026-05-23 04:00:00,2070.78,2071.19,2065.55,2067.3
1779512400,2026-05-23 05:00:00,2067.29,2068,2061.9,2064.85
1779516000,2026-05-23 06:00:00,2064.85,2065.81,2060.71,2061.69
1779519600,2026-05-23 07:00:00,2061.7,2063.06,2009.3,2028.59
1779523200,2026-05-23 08:00:00,2028.58,2032.1,2021.07,2030.32
1779526800,2026-05-23 09:00:00,2030.32,2031,2027.1,2027.29
1779530400,2026-05-23 10:00:00,2027.29,2033.79,2027.11,2031.57
1779534000,2026-05-23 11:00:00,2031.56,2036.01,2030.84,2031.48
1779537600,2026-05-23 12:00:00,2031.48,2032.07,2027.35,2031.07
1779541200,2026-05-23 13:00:00,2031.08,2046.1,2031.07,2044.89
1779544800,2026-05-23 14:00:00,2044.88,2065.32,2041.12,2061.64
1779548400,2026-05-23 15:00:00,2061.64,2068.68,2055.67,2060.27
1779552000,2026-05-23 16:00:00,2060.27,2065,2057.25,2061.65
1779555600,2026-05-23 17:00:00,2061.66,2065.87,2059.28,2063.98
1779559200,2026-05-23 18:00:00,2063.98,2083.64,2063.74,2074.27
1779562800,2026-05-23 19:00:00,2074.27,2081,2069.86,2077.33
1779566400,2026-05-23 20:00:00,2077.34,2147,2074.84,2146.3
1779570000,2026-05-23 21:00:00,2146.3,2149.95,2106.27,2116.84
1779573600,2026-05-23 22:00:00,2116.84,2120.28,2102.65,2116.83
1779577200,2026-05-23 23:00:00,2116.84,2121.84,2114.42,2117.68
1779580800,2026-05-24 00:00:00,2117.69,2121.5,2113.1,2119.45
1779584400,2026-05-24 01:00:00,2119.45,2125.51,2118.31,2122.56
1779588000,2026-05-24 02:00:00,2122.56,2125.45,2118.3,2122.53
1779591600,2026-05-24 03:00:00,2122.54,2127.28,2116.74,2119.04
1779595200,2026-05-24 04:00:00,2119.05,2123.86,2119.05,2120.21
1779598800,2026-05-24 05:00:00,2120.22,2121.39,2113.65,2119.98
1779602400,2026-05-24 06:00:00,2119.98,2129.93,2117.6,2128.13
1779606000,2026-05-24 07:00:00,2128.13,2129.79,2119.49,2121.01
1779609600,2026-05-24 08:00:00,2121.02,2123.23,2119.25,2120.32
1779613200,2026-05-24 09:00:00,2120.33,2124.37,2119.05,2123.41
1779616800,2026-05-24 10:00:00,2123.42,2132.14,2119.38,2122.35
1779620400,2026-05-24 11:00:00,2122.34,2127.82,2122.23,2126.18
1779624000,2026-05-24 12:00:00,2126.19,2126.58,2117.32,2119.97
1779627600,2026-05-24 13:00:00,2119.97,2121.05,2105.79,2110.14
1779631200,2026-05-24 14:00:00,2110.14,2112.52,2079.52,2097.98
1779634800,2026-05-24 15:00:00,2097.98,2100,2094.14,2095.84
1779638400,2026-05-24 16:00:00,2095.83,2109,2095.22,2103.62
1779642000,2026-05-24 17:00:00,2103.61,2106.68,2101.4,2102.88
1779645600,2026-05-24 18:00:00,2102.89,2104.78,2097.8,2099.97
1779649200,2026-05-24 19:00:00,2099.97,2102.58,2096.34,2100.87
1779652800,2026-05-24 20:00:00,2100.87,2102.11,2091.51,2093.15
1779656400,2026-05-24 21:00:00,2093.15,2098.63,2063,2070.59
1779660000,2026-05-24 22:00:00,2070.59,2099.49,2070.56,2092.37
1779663600,2026-05-24 23:00:00,2092.38,2107,2091.67,2099.85
1779667200,2026-05-25 00:00:00,2099.86,2109.4,2099.7,2104.95
1779670800,2026-05-25 01:00:00,2104.96,2107.99,2093.22,2094.13
1779674400,2026-05-25 02:00:00,2094.13,2113.25,2094.13,2098.35
1779678000,2026-05-25 03:00:00,2098.35,2100,2092.57,2095.58
1779681600,2026-05-25 04:00:00,2095.59,2108.14,2092.26,2105.83
1779685200,2026-05-25 05:00:00,2105.83,2111.7,2104.39,2108.22
1779688800,2026-05-25 06:00:00,2108.21,2111.42,2099.27,2108.99
1779692400,2026-05-25 07:00:00,2109,2117.55,2106.5,2116.28
1779696000,2026-05-25 08:00:00,2116.29,2117.79,2111.7,2116.82
1779699600,2026-05-25 09:00:00,2116.83,2124.1,2116.17,2117.02
1779703200,2026-05-25 10:00:00,2117.03,2121.23,2114.86,2117.03
1779706800,2026-05-25 11:00:00,2117.02,2120.3,2114.26,2114.95
1779710400,2026-05-25 12:00:00,2114.95,2119.61,2112.25,2117.34
1779714000,2026-05-25 13:00:00,2117.35,2120,2114.27,2116.28
1779717600,2026-05-25 14:00:00,2116.28,2130.24,2115.77,2128.34
1779721200,2026-05-25 15:00:00,2128.35,2138.28,2122.9,2127.12
1779724800,2026-05-25 16:00:00,2127.13,2141.98,2125.14,2136.4
1779728400,2026-05-25 17:00:00,2136.4,2140.52,2128.24,2128.55
1779732000,2026-05-25 18:00:00,2128.54,2133.81,2126.64,2126.85
1779735600,2026-05-25 19:00:00,2126.86,2126.86,2116.55,2121.43
1779739200,2026-05-25 20:00:00,2121.42,2123.16,2107.38,2108.64
1779742800,2026-05-25 21:00:00,2108.64,2113.04,2108,2110.9
1779746400,2026-05-25 22:00:00,2110.9,2115.68,2102.35,2103.61
1779750000,2026-05-25 23:00:00,2103.6,2113.85,2102.62,2113.01
1779753600,2026-05-26 00:00:00,2113.01,2113.89,2084.83,2097.75
1779757200,2026-05-26 01:00:00,2097.74,2100.5,2088.03,2094.35
1779760800,2026-05-26 02:00:00,2094.36,2095.8,2084.79,2088.83
1779764400,2026-05-26 03:00:00,2088.83,2093.84,2084.52,2093.12
1779768000,2026-05-26 04:00:00,2093.11,2096.45,2088.82,2093.67
1779771600,2026-05-26 05:00:00,2093.68,2103.65,2092.05,2100.91
1779775200,2026-05-26 06:00:00,2100.9,2104.65,2094.78,2101.73
1779778800,2026-05-26 07:00:00,2101.73,2102.63,2090.65,2095.61
1779782400,2026-05-26 08:00:00,2095.61,2100.14,2095.13,2097.25
1779786000,2026-05-26 09:00:00,2097.26,2099.62,2094.1,2096.81
1779789600,2026-05-26 10:00:00,2096.8,2137.29,2094.23,2127.56
1779793200,2026-05-26 11:00:00,2127.57,2130.6,2118.6,2121.01
1779796800,2026-05-26 12:00:00,2121,2126.93,2111.01,2126.2
1779800400,2026-05-26 13:00:00,2126.2,2131.5,2109.62,2125.3
1779804000,2026-05-26 14:00:00,2125.3,2140.49,2105.85,2109.29
1779807600,2026-05-26 15:00:00,2109.3,2112.2,2078.75,2087.36
1779811200,2026-05-26 16:00:00,2087.36,2089.97,2073.48,2079.56
1779814800,2026-05-26 17:00:00,2079.56,2083.84,2055.06,2070.84
1779818400,2026-05-26 18:00:00,2070.84,2081.21,2066.8,2068.59
1779822000,2026-05-26 19:00:00,2068.6,2076.85,2065.72,2074.29
1779825600,2026-05-26 20:00:00,2074.3,2078.51,2073.9,2078.35
1779829200,2026-05-26 21:00:00,2078.35,2078.78,2069.45,2072.85
1779832800,2026-05-26 22:00:00,2072.85,2076.52,2065.98,2068.79
1779836400,2026-05-26 23:00:00,2068.79,2076.85,2068.79,2073.77
1779840000,2026-05-27 00:00:00,2073.77,2084.23,2073.77,2083.36
1779843600,2026-05-27 01:00:00,2083.35,2083.93,2071.86,2074.53
1779847200,2026-05-27 02:00:00,2074.53,2076.26,2069.11,2076.26
1779850800,2026-05-27 03:00:00,2076.25,2080,2068.9,2070
1779854400,2026-05-27 04:00:00,2070.01,2073.08,2056.31,2072.21
1779858000,2026-05-27 05:00:00,2072.21,2079.2,2071.62,2077.37
1779861600,2026-05-27 06:00:00,2077.38,2081.46,2075.01,2079.62
1779865200,2026-05-27 07:00:00,2079.62,2084.16,2076.07,2083.78
1779868800,2026-05-27 08:00:00,2083.77,2096.71,2083.56,2085.05
1779872400,2026-05-27 09:00:00,2085.06,2087.78,2078.26,2083.36
1779876000,2026-05-27 10:00:00,2083.36,2087.9,2079.47,2079.5
1779879600,2026-05-27 11:00:00,2079.51,2085.29,2078.88,2080.55
1779883200,2026-05-27 12:00:00,2080.56,2097.4,2073.84,2078.76
1779886800,2026-05-27 13:00:00,2078.76,2080.64,2051.96,2064.53
1779890400,2026-05-27 14:00:00,2064.52,2071.86,2054.84,2062.62
1779894000,2026-05-27 15:00:00,2062.62,2079.73,2061.21,2071.38
1779897600,2026-05-27 16:00:00,2071.39,2074.5,2060,2070.15
1779901200,2026-05-27 17:00:00,2070.14,2070.3,2044.08,2052.28
1779904800,2026-05-27 18:00:00,2052.27,2056.92,2043.31,2056.71
1779908400,2026-05-27 19:00:00,2056.72,2061.16,2054.42,2057.47
1779912000,2026-05-27 20:00:00,2057.47,2066.14,2057.22,2063.29
1779915600,2026-05-27 21:00:00,2063.3,2063.3,2016,2021.04
1779919200,2026-05-27 22:00:00,2021.04,2035,2016.27,2025.34
1779922800,2026-05-27 23:00:00,2025.34,2030.19,2018.17,2024.84
1779926400,2026-05-28 00:00:00,2024.83,2029.2,2020.7,2028.23
1779930000,2026-05-28 01:00:00,2028.23,2029.2,2012.7,2020.32
1779933600,2026-05-28 02:00:00,2020.32,2021.99,2014.77,2017.75
1779937200,2026-05-28 03:00:00,2017.75,2020.96,1972,1981.55
1779940800,2026-05-28 04:00:00,1981.55,1986.39,1967,1982.33
1779944400,2026-05-28 05:00:00,1982.33,1983.55,1975.66,1978.52
1779948000,2026-05-28 06:00:00,1978.52,1984.83,1972.5,1984.07
1779951600,2026-05-28 07:00:00,1984.07,1996.78,1982.41,1995.56
1779955200,2026-05-28 08:00:00,1995.56,1996.23,1985,1988.26
1779958800,2026-05-28 09:00:00,1988.27,1995.51,1984.85,1994.04
1779962400,2026-05-28 10:00:00,1994.04,1998.4,1988.71,1990.32
1779966000,2026-05-28 11:00:00,1990.32,1992.72,1986.53,1989.89
1779969600,2026-05-28 12:00:00,1989.88,1994.58,1981.57,1991.89
1779973200,2026-05-28 13:00:00,1991.88,1995,1975.35,1981.55
1779976800,2026-05-28 14:00:00,1981.55,2002.5,1967.38,1993.62
1779980400,2026-05-28 15:00:00,1993.61,1999.4,1983.84,1990.65
1779984000,2026-05-28 16:00:00,1990.65,2015,1985.22,2013.19
1779987600,2026-05-28 17:00:00,2013.18,2027.14,2009.26,2019.51
1779991200,2026-05-28 18:00:00,2019.51,2030,2018.24,2025
1779994800,2026-05-28 19:00:00,2025,2025.01,2014.04,2014.55
1779998400,2026-05-28 20:00:00,2014.54,2020.03,2006.44,2014.11
1780002000,2026-05-28 21:00:00,2014.12,2024.63,2013.42,2020.17
1780005600,2026-05-28 22:00:00,2020.17,2022.9,2005.43,2005.6
1780009200,2026-05-28 23:00:00,2005.6,2011.96,2005.6,2009.9
1780012800,2026-05-29 00:00:00,2009.89,2017.17,2009.89,2012.46
1780016400,2026-05-29 01:00:00,2012.45,2016.47,2005.9,2008.23
1780020000,2026-05-29 02:00:00,2008.23,2010.62,1997.24,1999.22
1780023600,2026-05-29 03:00:00,1999.23,2007.86,1999.23,2002.78
1780027200,2026-05-29 04:00:00,2002.79,2008.51,1998.4,2008.51
1780030800,2026-05-29 05:00:00,2008.51,2015.3,2008,2014.56
1780034400,2026-05-29 06:00:00,2014.56,2021.51,2012.17,2018.09
1780038000,2026-05-29 07:00:00,2018.09,2019.81,2003.46,2007.62
1780041600,2026-05-29 08:00:00,2007.61,2013.91,2005.45,2006.11
1780045200,2026-05-29 09:00:00,2006.11,2016.11,2006.11,2014.85
1780048800,2026-05-29 10:00:00,2014.84,2014.85,2009.77,2011.1
1780052400,2026-05-29 11:00:00,2011.11,2014.29,2002.35,2007.58
1780056000,2026-05-29 12:00:00,2007.58,2007.58,1995.1,1999.78
1780059600,2026-05-29 13:00:00,1999.78,2006.16,1988.14,1999.53
1780063200,2026-05-29 14:00:00,1999.53,2004.31,1976.48,2001.84
1780066800,2026-05-29 15:00:00,2001.85,2046.59,1999.45,2031.62
1780070400,2026-05-29 16:00:00,2031.62,2043,2022.24,2040.45
1780074000,2026-05-29 17:00:00,2040.46,2044.29,2026.21,2028.27
1780077600,2026-05-29 18:00:00,2028.28,2031.64,2006.21,2011.41
1780081200,2026-05-29 19:00:00,2011.41,2022.2,2005,2016.96
1780084800,2026-05-29 20:00:00,2016.96,2023.84,2015,2018.17
1780088400,2026-05-29 21:00:00,2018.17,2023.99,2008.23,2009.4
1780092000,2026-05-29 22:00:00,2009.41,2017.24,2007.78,2013.83
1780095600,2026-05-29 23:00:00,2013.83,2015.6,2007,2014.54
1780099200,2026-05-30 00:00:00,2014.54,2016.18,2010.69,2014.74
1780102800,2026-05-30 01:00:00,2014.75,2021.55,2013.67,2019.46
1780106400,2026-05-30 02:00:00,2019.46,2021.34,2017.12,2021.34
1780110000,2026-05-30 03:00:00,2021.34,2023.55,2014.74,2016.83
1780113600,2026-05-30 04:00:00,2016.83,2018.44,2002,2010.8
1780117200,2026-05-30 05:00:00,2010.81,2019.5,2008.02,2015.95
1780120800,2026-05-30 06:00:00,2015.95,2020.56,2012.86,2016.98
1780124400,2026-05-30 07:00:00,2016.99,2017.88,2013.62,2016.32
1780128000,2026-05-30 08:00:00,2016.32,2016.32,2013.92,2014.16
1780131600,2026-05-30 09:00:00,2014.16,2017.27,2013.92,2016.79
1780135200,2026-05-30 10:00:00,2016.79,2022,2016.34,2017.98
1780138800,2026-05-30 11:00:00,2017.99,2019.05,2015.19,2017.4
1780142400,2026-05-30 12:00:00,2017.4,2020.35,2017.14,2019.86
1780146000,2026-05-30 13:00:00,2019.85,2022.77,2017.44,2020.73
1780149600,2026-05-30 14:00:00,2020.73,2030.62,2020.61,2026.6
1780153200,2026-05-30 15:00:00,2026.59,2032,2024.2,2026.61
1780156800,2026-05-30 16:00:00,2026.63,2028.33,2024.35,2027.09
1780160400,2026-05-30 17:00:00,2027.09,2029.01,2019.5,2027.17
1780164000,2026-05-30 18:00:00,2027.17,2030.01,2024.56,2027.59
1780167600,2026-05-30 19:00:00,2027.59,2029.12,2024.54,2028.76
1780171200,2026-05-30 20:00:00,2028.77,2029.68,2025.7,2027.05
1780174800,2026-05-30 21:00:00,2027.05,2031.41,2027.05,2028.15
1780178400,2026-05-30 22:00:00,2028.15,2028.15,2020.94,2023.57
1780182000,2026-05-30 23:00:00,2023.56,2026.1,2020.35,2022.44
1780185600,2026-05-31 00:00:00,2022.44,2027.83,2020.83,2027.12
1780189200,2026-05-31 01:00:00,2027.11,2034.23,2026.85,2029.11
1780192800,2026-05-31 02:00:00,2029.11,2038,2027.81,2034.36
1780196400,2026-05-31 03:00:00,2034.35,2036.88,2032.12,2033.41
1780200000,2026-05-31 04:00:00,2033.41,2034.99,2031.27,2033.91
1780203600,2026-05-31 05:00:00,2033.9,2033.9,2029.29,2030.18
1780207200,2026-05-31 06:00:00,2030.18,2030.93,2028.52,2029.87
1780210800,2026-05-31 07:00:00,2029.87,2029.87,2022.78,2024.01
1780214400,2026-05-31 08:00:00,2024.02,2029.11,2022.85,2027.63
1780218000,2026-05-31 09:00:00,2027.64,2028.6,2018.35,2021.13
1780221600,2026-05-31 10:00:00,2021.13,2021.65,2015.34,2021.05
1780225200,2026-05-31 11:00:00,2021.05,2024.12,2021.04,2023.27
1780228800,2026-05-31 12:00:00,2023.28,2025.16,2019.69,2022.35
1780232400,2026-05-31 13:00:00,2022.35,2026.5,2019.78,2020.5
1780236000,2026-05-31 14:00:00,2020.5,2021.69,2005.83,2008.06
1780239600,2026-05-31 15:00:00,2008.06,2015.22,2007.57,2010.52
1780243200,2026-05-31 16:00:00,2010.52,2012.42,1997.72,2002.09
1780246800,2026-05-31 17:00:00,2002.09,2007.69,1996.21,2006
1780250400,2026-05-31 18:00:00,2006,2006.07,1999,2000.68
1780254000,2026-05-31 19:00:00,2000.69,2002.49,1993.75,1999.59
1780257600,2026-05-31 20:00:00,1999.58,2008.25,1999.58,2007.09
1780261200,2026-05-31 21:00:00,2007.09,2014.28,2005,2012.18
1780264800,2026-05-31 22:00:00,2012.18,2014.42,2004.47,2012.43
1780268400,2026-05-31 23:00:00,2012.43,2023,2000.11,2007.01
1780272000,2026-06-01 00:00:00,2007.02,2021.5,1997,2015.44
1780275600,2026-06-01 01:00:00,2015.44,2016.73,1994.12,1994.7
1780279200,2026-06-01 02:00:00,1994.7,2017.89,1991.31,2011.47
1780282800,2026-06-01 03:00:00,2011.47,2018.09,2008.66,2009.09
1780286400,2026-06-01 04:00:00,2009.09,2011.97,1993.91,1999.99
1780290000,2026-06-01 05:00:00,1999.98,2001.27,1991.65,1994.55
1780293600,2026-06-01 06:00:00,1994.56,1995.34,1980.14,1988.07
1780297200,2026-06-01 07:00:00,1988.08,1990.62,1971.7,1976.43
1780300800,2026-06-01 08:00:00,1976.42,1985.07,1969.9,1983.96
1780304400,2026-06-01 09:00:00,1983.96,1990.11,1983.94,1987.53
1780308000,2026-06-01 10:00:00,1987.53,1988.92,1980.99,1984.49
1780311600,2026-06-01 11:00:00,1984.49,1986.89,1977.07,1981.44
1780315200,2026-06-01 12:00:00,1981.44,1994.39,1967.51,1989.55
1780318800,2026-06-01 13:00:00,1989.55,1990.29,1956.04,1971.22
1780322400,2026-06-01 14:00:00,1971.22,1977.34,1964.64,1968.63
1780326000,2026-06-01 15:00:00,1968.64,1980.24,1960.25,1968.45
1780329600,2026-06-01 16:00:00,1968.45,1978.97,1958.79,1978.15
1780333200,2026-06-01 17:00:00,1978.14,1996.73,1977.72,1990.62
1780336800,2026-06-01 18:00:00,1990.62,1996,1983.45,1992.72
1780340400,2026-06-01 19:00:00,1992.72,2008.83,1992.21,2004.53
1780344000,2026-06-01 20:00:00,2004.53,2008.7,2001.14,2005.57
1780347600,2026-06-01 21:00:00,2005.56,2009.2,1992.59,1994.57
1780351200,2026-06-01 22:00:00,1994.57,2006,1984.5,2004.43
1780354800,2026-06-01 23:00:00,2004.42,2008.38,1998.13,2006.73
1780358400,2026-06-02 00:00:00,2006.73,2006.78,1995.38,1996.44
1780362000,2026-06-02 01:00:00,1996.43,1999,1979.49,1980.15
1780365600,2026-06-02 02:00:00,1980.15,1997.08,1962.76,1997.07
1780369200,2026-06-02 03:00:00,1997.08,2005,1995.14,2003.94
1780372800,2026-06-02 04:00:00,2003.94,2006.44,1995.95,1996.85
1780376400,2026-06-02 05:00:00,1996.86,2001.23,1985,1985.01
1780380000,2026-06-02 06:00:00,1985.01,1988.88,1978.14,1982.38
1780383600,2026-06-02 07:00:00,1982.39,1990,1973.88,1981.88
1780387200,2026-06-02 08:00:00,1981.89,1989,1977,1979.21
1780390800,2026-06-02 09:00:00,1979.22,1979.78,1966.69,1975.28
1780394400,2026-06-02 10:00:00,1975.27,1983.88,1971.75,1983.49
1780398000,2026-06-02 11:00:00,1983.49,1983.72,1975.8,1978.53
1780401600,2026-06-02 12:00:00,1978.53,1982.75,1972.57,1976.27
1780405200,2026-06-02 13:00:00,1976.28,1981.79,1970.5,1974.33
1780408800,2026-06-02 14:00:00,1974.34,1975.22,1925.8,1941.36
1780412400,2026-06-02 15:00:00,1941.35,1941.59,1890,1914.81
1780416000,2026-06-02 16:00:00,1914.81,1943.87,1909.57,1920.59
1780419600,2026-06-02 17:00:00,1920.59,1931.53,1919.59,1924.18
1780423200,2026-06-02 18:00:00,1924.18,1928,1903.38,1913.11
1780426800,2026-06-02 19:00:00,1913.11,1917.8,1881.01,1912.28
1780430400,2026-06-02 20:00:00,1912.28,1919.01,1895.53,1906.74
1780434000,2026-06-02 21:00:00,1906.75,1911.45,1897.23,1900.34
1780437600,2026-06-02 22:00:00,1900.35,1909.59,1862.23,1868.77
1780441200,2026-06-02 23:00:00,1868.78,1873.37,1839.02,1859.84
1780444800,2026-06-03 00:00:00,1859.84,1874.11,1854.62,1867.35
1780448400,2026-06-03 01:00:00,1867.35,1870.01,1850,1864.51
1780452000,2026-06-03 02:00:00,1864.52,1864.94,1851.2,1854.09
1780455600,2026-06-03 03:00:00,1854.09,1856.71,1816.92,1828.24
1780459200,2026-06-03 04:00:00,1828.24,1852,1827.65,1850.84
1780462800,2026-06-03 05:00:00,1850.84,1876.12,1849.99,1873.45
1780466400,2026-06-03 06:00:00,1873.44,1884.41,1870.28,1871.87
1780470000,2026-06-03 07:00:00,1871.87,1880.38,1867.97,1878.39
1780473600,2026-06-03 08:00:00,1878.39,1883.43,1873.32,1880.02
1780477200,2026-06-03 09:00:00,1880.01,1886.58,1869.95,1876.28
1780480800,2026-06-03 10:00:00,1876.28,1893.07,1875.01,1884.79
1780484400,2026-06-03 11:00:00,1884.79,1888.29,1876.12,1878.16
1780488000,2026-06-03 12:00:00,1878.17,1880,1868.02,1876.4
1780491600,2026-06-03 13:00:00,1876.41,1879.68,1861.35,1867.64
1780495200,2026-06-03 14:00:00,1867.64,1868.72,1852.8,1858.51
1780498800,2026-06-03 15:00:00,1858.51,1859.75,1836.21,1837.21
1780502400,2026-06-03 16:00:00,1837.22,1844.08,1811.15,1832.68
1780506000,2026-06-03 17:00:00,1832.68,1839.53,1818.14,1828.11
1780509600,2026-06-03 18:00:00,1828.12,1834.41,1821.65,1832.25
1780513200,2026-06-03 19:00:00,1832.25,1833.64,1795.23,1803.41
1780516800,2026-06-03 20:00:00,1803.41,1813.11,1769.62,1781.44
1780520400,2026-06-03 21:00:00,1781.44,1850.29,1777.67,1850.1
1780524000,2026-06-03 22:00:00,1850.1,1852.2,1822.77,1829
1780527600,2026-06-03 23:00:00,1829.01,1830.93,1812.84,1813.05
1780531200,2026-06-04 00:00:00,1813.05,1820.5,1782.6,1793.85
1780534800,2026-06-04 01:00:00,1793.86,1801.06,1755,1759.77
1780538400,2026-06-04 02:00:00,1759.76,1778.93,1717.28,1766.82
1780542000,2026-06-04 03:00:00,1766.83,1812.52,1766.6,1809.24
1780545600,2026-06-04 04:00:00,1809.24,1818,1802.69,1805.49
1780549200,2026-06-04 05:00:00,1805.49,1805.49,1780.59,1784.06
1780552800,2026-06-04 06:00:00,1784.05,1802.06,1782.07,1789.95
1780556400,2026-06-04 07:00:00,1789.96,1790.72,1773.52,1777.45
1780560000,2026-06-04 08:00:00,1777.44,1783.27,1763.98,1773.63
1780563600,2026-06-04 09:00:00,1773.63,1774.14,1744.53,1766.52
1780567200,2026-06-04 10:00:00,1766.58,1767.22,1730.13,1736.86
1780570800,2026-06-04 11:00:00,1736.86,1754.67,1732.53,1751.51
1780574400,2026-06-04 12:00:00,1751.51,1782.91,1744.29,1778.16
1780578000,2026-06-04 13:00:00,1778.17,1790,1755.65,1785.52
1780581600,2026-06-04 14:00:00,1785.53,1794.43,1766.33,1774.38
1780585200,2026-06-04 15:00:00,1774.37,1791.29,1770.64,1777.02
1780588800,2026-06-04 16:00:00,1777.03,1781.25,1766.13,1772.2
1780592400,2026-06-04 17:00:00,1772.2,1776.03,1754,1768.05
1780596000,2026-06-04 18:00:00,1768.06,1783.64,1760.01,1776.28
1780599600,2026-06-04 19:00:00,1776.27,1787.11,1771,1776.94
1780603200,2026-06-04 20:00:00,1776.93,1777.52,1764.66,1774.88
1780606800,2026-06-04 21:00:00,1774.87,1783.02,1757.11,1761.2
1780610400,2026-06-04 22:00:00,1761.2,1770.26,1752.46,1768.73
1780614000,2026-06-04 23:00:00,1768.74,1777.02,1757.35,1770.77
1780617600,2026-06-05 00:00:00,1770.76,1774.99,1758.51,1759.42
1780621200,2026-06-05 01:00:00,1759.43,1764.07,1746.52,1753.33
1780624800,2026-06-05 02:00:00,1753.34,1754.9,1727.65,1730.24
1780628400,2026-06-05 03:00:00,1730.24,1739.5,1722.36,1729.71
1780632000,2026-06-05 04:00:00,1729.72,1746.05,1718.25,1744.64
1780635600,2026-06-05 05:00:00,1744.64,1747.8,1681.29,1684.16
1780639200,2026-06-05 06:00:00,1684.16,1689.5,1625.78,1656.52
1780642800,2026-06-05 07:00:00,1656.52,1680,1633.45,1679.21
1780646400,2026-06-05 08:00:00,1679.22,1679.64,1659.43,1663.87
1780650000,2026-06-05 09:00:00,1663.88,1690.07,1662.85,1682.72
1780653600,2026-06-05 10:00:00,1682.73,1685.03,1672.05,1676.87
1780657200,2026-06-05 11:00:00,1676.86,1681.8,1663,1663.44
1780660800,2026-06-05 12:00:00,1663.43,1671.47,1646.1,1657.28
1780664400,2026-06-05 13:00:00,1657.28,1677.7,1612.35,1615.04
1780668000,2026-06-05 14:00:00,1615.05,1624.56,1590.8,1600.96
1780671600,2026-06-05 15:00:00,1600.96,1604.6,1572.22,1583.29
1780675200,2026-06-05 16:00:00,1583.29,1612.44,1547.01,1608.49
1780678800,2026-06-05 17:00:00,1608.48,1612.89,1588,1594.28
1780682400,2026-06-05 18:00:00,1594.28,1598.66,1544.68,1553.26
1780686000,2026-06-05 19:00:00,1553.26,1580.3,1540.19,1574.06
1780689600,2026-06-05 20:00:00,1574.07,1608.5,1557.36,1603.38
1780693200,2026-06-05 21:00:00,1603.38,1619.3,1602.45,1609.8
1780696800,2026-06-05 22:00:00,1609.81,1610.25,1589.68,1597.14
1780700400,2026-06-05 23:00:00,1597.14,1603.89,1561.07,1583.4
1780704000,2026-06-06 00:00:00,1583.4,1601.22,1582.71,1593.03
1780707600,2026-06-06 01:00:00,1593.04,1596.77,1578.15,1583.16
1780711200,2026-06-06 02:00:00,1583.16,1585.84,1566.66,1576.2
1780714800,2026-06-06 03:00:00,1576.2,1576.73,1555.28,1563.34
1780718400,2026-06-06 04:00:00,1563.34,1569.57,1510.43,1522.56
1780722000,2026-06-06 05:00:00,1522.57,1569.17,1505.68,1566.71
1780725600,2026-06-06 06:00:00,1566.72,1581.62,1556.01,1560.16
1780729200,2026-06-06 07:00:00,1560.1,1580.22,1556.07,1575.14
1780732800,2026-06-06 08:00:00,1575.14,1593.04,1570.01,1582.57
1780736400,2026-06-06 09:00:00,1582.56,1588.53,1565.97,1570.69
1780740000,2026-06-06 10:00:00,1570.7,1570.7,1535.68,1548.27
1780743600,2026-06-06 11:00:00,1548.26,1567.4,1547.24,1558.89
1780747200,2026-06-06 12:00:00,1558.9,1575.82,1551.56,1571.32
1780750800,2026-06-06 13:00:00,1571.32,1573.36,1553.92,1557.03
1780754400,2026-06-06 14:00:00,1557.04,1566.96,1556.09,1557.7
1780758000,2026-06-06 15:00:00,1557.71,1565.84,1544.87,1560.45
1780761600,2026-06-06 16:00:00,1560.45,1566,1553.36,1563.57
1780765200,2026-06-06 17:00:00,1563.58,1566.51,1547.05,1553.54
1780768800,2026-06-06 18:00:00,1553.53,1566.25,1550.01,1556.58
1780772400,2026-06-06 19:00:00,1556.59,1563.51,1553.52,1554.56
1780776000,2026-06-06 20:00:00,1554.55,1559.99,1550.85,1557.61
1780779600,2026-06-06 21:00:00,1557.62,1565.21,1557.62,1558.2
1780783200,2026-06-06 22:00:00,1558.2,1561.93,1551.57,1558.33
1780786800,2026-06-06 23:00:00,1558.33,1570.06,1556.86,1569.69
1780790400,2026-06-07 00:00:00,1569.68,1572.42,1564.1,1565.03
1780794000,2026-06-07 01:00:00,1565.03,1596.54,1564.16,1590.12
1780797600,2026-06-07 02:00:00,1590.12,1594.92,1582.39,1592.67
1780801200,2026-06-07 03:00:00,1592.67,1600.51,1589.72,1595.01
1780804800,2026-06-07 04:00:00,1595,1599.1,1585,1597
1780808400,2026-06-07 05:00:00,1597,1609.96,1593.25,1604.02
1780812000,2026-06-07 06:00:00,1604.02,1623.52,1598.54,1612.01
1780815600,2026-06-07 07:00:00,1612.01,1616.46,1606.99,1615.18
1780819200,2026-06-07 08:00:00,1615.18,1642.27,1608.39,1641.35
1780822800,2026-06-07 09:00:00,1641.35,1648.7,1627.9,1633.52
1780826400,2026-06-07 10:00:00,1633.53,1635.73,1624.78,1625.7
1780830000,2026-06-07 11:00:00,1625.7,1633.99,1622.22,1630.12
1780833600,2026-06-07 12:00:00,1630.12,1631.24,1607,1620.17
1780837200,2026-06-07 13:00:00,1620.17,1623,1613.36,1617.46
1780840800,2026-06-07 14:00:00,1617.46,1640,1616.91,1628.13
1780844400,2026-06-07 15:00:00,1628.12,1636.12,1620.85,1630.07
1780848000,2026-06-07 16:00:00,1630.07,1633.52,1623.37,1628.52
1780851600,2026-06-07 17:00:00,1628.52,1638,1627.65,1631.35
1780855200,2026-06-07 18:00:00,1631.34,1636.74,1629,1630.36
1780858800,2026-06-07 19:00:00,1630.37,1630.56,1604,1613.11
1780862400,2026-06-07 20:00:00,1613.1,1631.65,1609.43,1628.14
1780866000,2026-06-07 21:00:00,1628.14,1634.57,1623.72,1634.53
1780869600,2026-06-07 22:00:00,1634.53,1721.93,1629.05,1672.56
1780873200,2026-06-07 23:00:00,1672.55,1691.93,1670.76,1690.51
1780876800,2026-06-08 00:00:00,1690.5,1711.58,1683.24,1697.59
1780880400,2026-06-08 01:00:00,1697.6,1700.2,1670.94,1687.34
1780884000,2026-06-08 02:00:00,1687.34,1689.5,1678.07,1683.9
1780887600,2026-06-08 03:00:00,1683.91,1692.62,1677,1680.01
1780891200,2026-06-08 04:00:00,1680.02,1681,1655.95,1657.05
1780894800,2026-06-08 05:00:00,1657.05,1659.87,1645,1653.68
1780898400,2026-06-08 06:00:00,1653.68,1669.99,1652.78,1666.53
1780902000,2026-06-08 07:00:00,1666.54,1683.49,1661.63,1673.47
1780905600,2026-06-08 08:00:00,1673.46,1673.46,1658.76,1661.17
1780909200,2026-06-08 09:00:00,1661.17,1672,1657.21,1671.1
1780912800,2026-06-08 10:00:00,1671.09,1676.95,1663.32,1672.36
1780916400,2026-06-08 11:00:00,1672.37,1696.77,1667.81,1683.76
1780920000,2026-06-08 12:00:00,1683.77,1698.9,1667.46,1695.61
1780923600,2026-06-08 13:00:00,1695.6,1696.82,1678.44,1681.59
1780927200,2026-06-08 14:00:00,1681.59,1694.46,1676.55,1691.25
1780930800,2026-06-08 15:00:00,1691.24,1706.22,1688.69,1691.59
1780934400,2026-06-08 16:00:00,1691.59,1703.88,1682.69,1682.7
1780938000,2026-06-08 17:00:00,1682.7,1687.86,1675.8,1686.8
1780941600,2026-06-08 18:00:00,1686.81,1692.54,1678.69,1684.71
1780945200,2026-06-08 19:00:00,1684.71,1691.76,1681.14,1684.78
1780948800,2026-06-08 20:00:00,1684.78,1689.71,1679.25,1689.71
1780952400,2026-06-08 21:00:00,1689.71,1714.5,1689.71,1703.52
1780956000,2026-06-08 22:00:00,1703.51,1704.19,1688.36,1703.22
1780959600,2026-06-08 23:00:00,1703.21,1714.45,1686.72,1690.49
1780963200,2026-06-09 00:00:00,1690.48,1696.88,1660,1663.26
1780966800,2026-06-09 01:00:00,1663.26,1674.27,1658.8,1669.02
1780970400,2026-06-09 02:00:00,1669.01,1672.19,1654.63,1667.89
1780974000,2026-06-09 03:00:00,1667.88,1671.68,1663.83,1669.44
1780977600,2026-06-09 04:00:00,1669.44,1696.41,1664.33,1686.35
1780981200,2026-06-09 05:00:00,1686.36,1695.23,1681.53,1688.25
1780984800,2026-06-09 06:00:00,1688.25,1695.49,1684.06,1685.98
1780988400,2026-06-09 07:00:00,1685.99,1691.59,1675.2,1679.86
1780992000,2026-06-09 08:00:00,1679.86,1680.64,1668.16,1675.28
1780995600,2026-06-09 09:00:00,1675.28,1680.16,1665,1670.61
1780999200,2026-06-09 10:00:00,1670.6,1676.41,1667.11,1674.72
1781002800,2026-06-09 11:00:00,1674.72,1675.46,1666.12,1671.96
1781006400,2026-06-09 12:00:00,1671.96,1683.32,1671.04,1676.9
1781010000,2026-06-09 13:00:00,1676.9,1680.63,1664.05,1666.71
1781013600,2026-06-09 14:00:00,1666.71,1670.84,1633.84,1645.9
1781017200,2026-06-09 15:00:00,1645.9,1653.89,1634.45,1636.4
1781020800,2026-06-09 16:00:00,1636.4,1639.35,1614.02,1632.27
1781024400,2026-06-09 17:00:00,1632.28,1649.76,1632.18,1643.04
1781028000,2026-06-09 18:00:00,1643.03,1655.49,1639.87,1652.28
1781031600,2026-06-09 19:00:00,1652.27,1658.64,1647.82,1657.33
1781035200,2026-06-09 20:00:00,1657.33,1663.77,1655.34,1660.59
1781038800,2026-06-09 21:00:00,1660.59,1661.69,1647.29,1650.33
1781042400,2026-06-09 22:00:00,1650.32,1655,1639.52,1640
1781046000,2026-06-09 23:00:00,1640.01,1642.87,1630.36,1639.52
1781049600,2026-06-10 00:00:00,1639.52,1646.83,1629.52,1645.74
1781053200,2026-06-10 01:00:00,1645.75,1646.91,1633.55,1638.98
1781056800,2026-06-10 02:00:00,1638.99,1642.5,1621.77,1624.22
1781060400,2026-06-10 03:00:00,1624.21,1636.53,1623.52,1630.82
1781064000,2026-06-10 04:00:00,1630.82,1632.92,1622.45,1625.98
1781067600,2026-06-10 05:00:00,1625.99,1630,1616.33,1627.99
1781071200,2026-06-10 06:00:00,1628,1634.41,1622.76,1632.08
1781074800,2026-06-10 07:00:00,1632.08,1643.58,1630.73,1640.09
1781078400,2026-06-10 08:00:00,1640.1,1640.89,1618.18,1621.34
1781082000,2026-06-10 09:00:00,1621.35,1626.44,1606.01,1623.67
1781085600,2026-06-10 10:00:00,1623.67,1629.99,1618.1,1628.23
1781089200,2026-06-10 11:00:00,1628.23,1630.22,1612,1620.05
1781092800,2026-06-10 12:00:00,1620.06,1645.46,1615.91,1635.4
1781096400,2026-06-10 13:00:00,1635.4,1667.96,1632,1651.81
1781100000,2026-06-10 14:00:00,1651.82,1655.64,1637.27,1646.72
1781103600,2026-06-10 15:00:00,1646.72,1665.05,1635.85,1657.97
1781107200,2026-06-10 16:00:00,1657.98,1658.73,1632.5,1641.99
1781110800,2026-06-10 17:00:00,1641.99,1647.59,1622.51,1632.32
1781114400,2026-06-10 18:00:00,1632.32,1636.88,1622.52,1631.13
1781118000,2026-06-10 19:00:00,1631.13,1633.69,1623.13,1630.15
1781121600,2026-06-10 20:00:00,1630.15,1636.21,1623.15,1630.65
1781125200,2026-06-10 21:00:00,1630.64,1630.64,1603.44,1611.44
1781128800,2026-06-10 22:00:00,1611.45,1622.38,1604.62,1616.52
1781132400,2026-06-10 23:00:00,1616.52,1625.09,1609.39,1621.59
1781136000,2026-06-11 00:00:00,1621.6,1634.72,1621.6,1628.64
1781139600,2026-06-11 01:00:00,1628.63,1647.88,1628.57,1642.83
1781143200,2026-06-11 02:00:00,1642.83,1645.5,1630.9,1641.07
1781146800,2026-06-11 03:00:00,1641.06,1661.3,1636.09,1653.95
1781150400,2026-06-11 04:00:00,1653.94,1659.72,1650,1656.89
1781154000,2026-06-11 05:00:00,1656.89,1656.9,1647.63,1647.95
1781157600,2026-06-11 06:00:00,1647.96,1663.14,1646.2,1654.82
1781161200,2026-06-11 07:00:00,1654.81,1658.3,1651.7,1654.41
1781164800,2026-06-11 08:00:00,1654.4,1664.14,1654.33,1659.96
1781168400,2026-06-11 09:00:00,1659.97,1662,1656.47,1658.98
1781172000,2026-06-11 10:00:00,1658.97,1661.58,1654.28,1658.85
1781175600,2026-06-11 11:00:00,1658.85,1673.5,1656.43,1666.84
1781179200,2026-06-11 12:00:00,1666.84,1666.88,1642.12,1651.84
1781182800,2026-06-11 13:00:00,1651.85,1659.52,1644.45,1653.24
1781186400,2026-06-11 14:00:00,1653.24,1655.4,1638.95,1643.04
1781190000,2026-06-11 15:00:00,1643.04,1650.83,1636.19,1645.55
1781193600,2026-06-11 16:00:00,1645.56,1649.5,1638.35,1639.75
1781197200,2026-06-11 17:00:00,1639.74,1693.59,1632.71,1688.66
1781200800,2026-06-11 18:00:00,1688.65,1691.85,1676.98,1683.98
1781204400,2026-06-11 19:00:00,1683.97,1693.55,1675.98,1681.26
1781208000,2026-06-11 20:00:00,1681.26,1683.01,1667.18,1672.37
1781211600,2026-06-11 21:00:00,1672.37,1683.29,1672.14,1677
1781215200,2026-06-11 22:00:00,1676.99,1683.21,1675.43,1676.17
1781218800,2026-06-11 23:00:00,1676.16,1679.25,1670.19,1673.46
1781222400,2026-06-12 00:00:00,1673.46,1677.74,1669.86,1672.74
1781226000,2026-06-12 01:00:00,1672.74,1672.74,1660.93,1667.09
1781229600,2026-06-12 02:00:00,1667.08,1678.42,1666.87,1675.59
1781233200,2026-06-12 03:00:00,1675.6,1676.6,1668.81,1673.25
1781236800,2026-06-12 04:00:00,1673.25,1682,1669.29,1677.47
1781240400,2026-06-12 05:00:00,1677.48,1677.86,1662.31,1664.23
1781244000,2026-06-12 06:00:00,1664.23,1666.82,1652.09,1657.34
1781247600,2026-06-12 07:00:00,1657.35,1664.99,1656.23,1662.12
1781251200,2026-06-12 08:00:00,1662.12,1678.22,1662.12,1673.53
1781254800,2026-06-12 09:00:00,1673.53,1685.65,1671.48,1680.16
1781258400,2026-06-12 10:00:00,1680.16,1683.35,1671.91,1674.85
1781262000,2026-06-12 11:00:00,1674.85,1678.51,1672.1,1673.89
1781265600,2026-06-12 12:00:00,1673.88,1673.88,1663.07,1666.54
1781269200,2026-06-12 13:00:00,1666.55,1668.91,1653.74,1657.6
1781272800,2026-06-12 14:00:00,1657.6,1685.93,1656.26,1685.64
1781276400,2026-06-12 15:00:00,1685.65,1691.07,1658.75,1660.08
1781280000,2026-06-12 16:00:00,1660.08,1675.81,1657.38,1672.9
1781283600,2026-06-12 17:00:00,1672.91,1678.1,1667.37,1668.84
1781287200,2026-06-12 18:00:00,1668.84,1673.57,1663.6,1666.87
1781290800,2026-06-12 19:00:00,1666.86,1672.47,1664.9,1665.92
1781294400,2026-06-12 20:00:00,1665.92,1667.85,1662.02,1664.92
1781298000,2026-06-12 21:00:00,1664.93,1668.01,1663.21,1664.19
1781301600,2026-06-12 22:00:00,1664.18,1667.49,1661.46,1662.6
1781305200,2026-06-12 23:00:00,1662.6,1666.41,1659.02,1666.41
1781308800,2026-06-13 00:00:00,1666.42,1669.34,1665.31,1667.47
1781312400,2026-06-13 01:00:00,1667.47,1675.9,1666.53,1674.03
1781316000,2026-06-13 02:00:00,1674.03,1674.52,1665.69,1668.02
1781319600,2026-06-13 03:00:00,1668.03,1669.57,1663.36,1665.25
1781323200,2026-06-13 04:00:00,1665.25,1668.28,1663.52,1664.51
1781326800,2026-06-13 05:00:00,1664.52,1665.61,1662.2,1665.22
1781330400,2026-06-13 06:00:00,1665.22,1670.25,1663.88,1669.7
1781334000,2026-06-13 07:00:00,1669.71,1677.74,1668.47,1676.38
1781337600,2026-06-13 08:00:00,1676.38,1679.92,1673.63,1674.57
1781341200,2026-06-13 09:00:00,1674.57,1676.3,1672.93,1673.7
1781344800,2026-06-13 10:00:00,1673.7,1676.37,1672.8,1674.18
1781348400,2026-06-13 11:00:00,1674.19,1678.96,1673.55,1678.34
1781352000,2026-06-13 12:00:00,1678.33,1683.77,1676.99,1680.53
1781355600,2026-06-13 13:00:00,1680.52,1681.58,1676.69,1678.02
1781359200,2026-06-13 14:00:00,1678.02,1681.47,1677.82,1679.97
1781362800,2026-06-13 15:00:00,1679.98,1686.56,1678.5,1682.15
1781366400,2026-06-13 16:00:00,1682.14,1682.48,1671.44,1676.74
1781370000,2026-06-13 17:00:00,1676.74,1678.4,1673.23,1674.31
1781373600,2026-06-13 18:00:00,1674.31,1682.63,1674.2,1678.53
1781377200,2026-06-13 19:00:00,1678.53,1680,1675.86,1678.29
1781380800,2026-06-13 20:00:00,1678.3,1678.3,1675.11,1676.53
1781384400,2026-06-13 21:00:00,1676.53,1697.28,1674.91,1686.44
1781388000,2026-06-13 22:00:00,1686.44,1686.65,1681.62,1681.63
1781391600,2026-06-13 23:00:00,1681.62,1684.2,1678.1,1681.18
1781395200,2026-06-14 00:00:00,1681.19,1683.52,1678.83,1681.91
1781398800,2026-06-14 01:00:00,1681.9,1690.36,1680.3,1683.99
1781402400,2026-06-14 02:00:00,1683.98,1685.7,1681.59,1682.47
1781406000,2026-06-14 03:00:00,1682.46,1683.28,1679.85,1681.73
1781409600,2026-06-14 04:00:00,1681.74,1682.66,1676.35,1677.95
1781413200,2026-06-14 05:00:00,1677.95,1679.14,1674,1678.13
1781416800,2026-06-14 06:00:00,1678.13,1682.5,1675.3,1676.39
1781420400,2026-06-14 07:00:00,1676.4,1677.55,1673.72,1675.91
1781424000,2026-06-14 08:00:00,1675.91,1678.92,1674.73,1675.58
1781427600,2026-06-14 09:00:00,1675.58,1679,1669.15,1678.49
1781431200,2026-06-14 10:00:00,1678.48,1678.55,1673.13,1673.13
1781434800,2026-06-14 11:00:00,1673.13,1677.15,1672.36,1673.73
1781438400,2026-06-14 12:00:00,1673.73,1674.58,1665.35,1666.9
1781442000,2026-06-14 13:00:00,1666.9,1669.15,1664.5,1666.54
1781445600,2026-06-14 14:00:00,1666.53,1670.2,1654.9,1659.76
1781449200,2026-06-14 15:00:00,1659.76,1664.67,1659.6,1662.95
1781452800,2026-06-14 16:00:00,1662.95,1668.57,1659.36,1661.38
1781456400,2026-06-14 17:00:00,1661.37,1666.52,1660.92,1662.09
1781460000,2026-06-14 18:00:00,1662.09,1663.27,1658.95,1662.08
1781463600,2026-06-14 19:00:00,1662.07,1667.93,1661.13,1665.43
1781467200,2026-06-14 20:00:00,1665.44,1673.72,1662.67,1670.48
1781470800,2026-06-14 21:00:00,1670.48,1732.28,1669.97,1718.67
1781474400,2026-06-14 22:00:00,1718.68,1729.1,1712.34,1722.62
1781478000,2026-06-14 23:00:00,1722.62,1726.43,1716.79,1725.62
1781481600,2026-06-15 00:00:00,1725.63,1733.04,1719.78,1720.83
1781485200,2026-06-15 01:00:00,1720.83,1721.91,1709.66,1715.79
1781488800,2026-06-15 02:00:00,1715.8,1726.96,1714.23,1716.78
1781492400,2026-06-15 03:00:00,1716.78,1724.17,1715.55,1720.78
1781496000,2026-06-15 04:00:00,1720.78,1720.78,1716,1717.04
1781499600,2026-06-15 05:00:00,1717.05,1722.63,1715.95,1720.66
1781503200,2026-06-15 06:00:00,1720.67,1723.29,1718.25,1719.82
1781506800,2026-06-15 07:00:00,1719.82,1723.8,1716.49,1716.59
1781510400,2026-06-15 08:00:00,1716.6,1721.91,1715.6,1720.36
1781514000,2026-06-15 09:00:00,1720.35,1726.94,1712.17,1718.65
1781517600,2026-06-15 10:00:00,1718.65,1748.6,1718.27,1737.77
1781521200,2026-06-15 11:00:00,1737.77,1769,1734.11,1764.67
1781524800,2026-06-15 12:00:00,1764.67,1777.77,1760.28,1777.48
1781528400,2026-06-15 13:00:00,1777.48,1827.67,1774.6,1814.12
1781532000,2026-06-15 14:00:00,1814.12,1818.58,1804.71,1814.55
1781535600,2026-06-15 15:00:00,1814.55,1849.54,1813.15,1845.53
1781539200,2026-06-15 16:00:00,1845.53,1847.13,1837.48,1842.85
1781542800,2026-06-15 17:00:00,1842.85,1842.86,1823.58,1829.19
1781546400,2026-06-15 18:00:00,1829.19,1835.58,1825.85,1828.13
1781550000,2026-06-15 19:00:00,1828.12,1834.44,1811.66,1821.89
1781553600,2026-06-15 20:00:00,1821.88,1826.62,1815.33,1816.95
1781557200,2026-06-15 21:00:00,1816.94,1822.15,1809.53,1811.35
1781560800,2026-06-15 22:00:00,1811.36,1813.55,1787,1789.68
1781564400,2026-06-15 23:00:00,1789.69,1797.58,1782.82,1796.13
1781568000,2026-06-16 00:00:00,1796.14,1802.09,1789,1789.6
1781571600,2026-06-16 01:00:00,1789.59,1797.42,1789.13,1792.27
1781575200,2026-06-16 02:00:00,1792.26,1794.1,1767.4,1770.13
1781578800,2026-06-16 03:00:00,1770.13,1780.73,1764.84,1779.16
1781582400,2026-06-16 04:00:00,1779.16,1783.32,1758,1760.64
1781586000,2026-06-16 05:00:00,1760.65,1766,1760.57,1762.05
1781589600,2026-06-16 06:00:00,1762.06,1774.17,1762.06,1771.4
1781593200,2026-06-16 07:00:00,1771.41,1776.47,1769.02,1774.24
1781596800,2026-06-16 08:00:00,1774.25,1807.97,1773.25,1803.23
1781600400,2026-06-16 09:00:00,1803.23,1805.79,1787.07,1789.63
1781604000,2026-06-16 10:00:00,1789.63,1800,1788.61,1793.95
1781607600,2026-06-16 11:00:00,1793.95,1800,1790.7,1799.59
1781611200,2026-06-16 12:00:00,1799.6,1839.77,1796.71,1814.88
1781614800,2026-06-16 13:00:00,1814.89,1817.1,1791.57,1797.88
1781618400,2026-06-16 14:00:00,1797.86,1805.57,1763.36,1780.56
1781622000,2026-06-16 15:00:00,1780.56,1788.32,1774.52,1782.44
1781625600,2026-06-16 16:00:00,1782.43,1785.58,1773.03,1777.89
1781629200,2026-06-16 17:00:00,1777.9,1799.45,1777.38,1795.1
1781632800,2026-06-16 18:00:00,1795.1,1808.44,1792.58,1799.21
1781636400,2026-06-16 19:00:00,1799.2,1801.04,1790.14,1795.41
1781640000,2026-06-16 20:00:00,1795.41,1798.5,1789.53,1797.82
1781643600,2026-06-16 21:00:00,1797.82,1800.48,1790.57,1796.52
1781647200,2026-06-16 22:00:00,1796.53,1799.49,1791.03,1796.21
1781650800,2026-06-16 23:00:00,1796.22,1798.89,1791.26,1792.99
1781654400,2026-06-17 00:00:00,1793,1799.01,1791.95,1794.22
1781658000,2026-06-17 01:00:00,1794.22,1799.12,1778.99,1797.76
1781661600,2026-06-17 02:00:00,1797.76,1810.21,1788.78,1795.59
1781665200,2026-06-17 03:00:00,1795.59,1797.36,1787.65,1793.58
1781668800,2026-06-17 04:00:00,1793.58,1801.79,1792,1794.3
1781672400,2026-06-17 05:00:00,1794.3,1799.45,1789.13,1793.98
1781676000,2026-06-17 06:00:00,1793.98,1797.2,1786.44,1790.38
1781679600,2026-06-17 07:00:00,1790.38,1792.34,1778.71,1785.08
1781683200,2026-06-17 08:00:00,1785.09,1786.15,1760.4,1765.31
1781686800,2026-06-17 09:00:00,1765.3,1777.78,1765,1773.07
1781690400,2026-06-17 10:00:00,1773.08,1776.05,1767.14,1768.38
1781694000,2026-06-17 11:00:00,1768.39,1770.77,1759.35,1763.92
1781697600,2026-06-17 12:00:00,1763.93,1765.99,1742.94,1759.44
1781701200,2026-06-17 13:00:00,1759.42,1771.91,1754.72,1761.25
1781704800,2026-06-17 14:00:00,1761.24,1765.52,1741.05,1754.96
1781708400,2026-06-17 15:00:00,1754.97,1776.94,1751.21,1773.41
1781712000,2026-06-17 16:00:00,1773.42,1791.73,1769.52,1772.02
1781715600,2026-06-17 17:00:00,1772.03,1796.08,1767.54,1789.27
1781719200,2026-06-17 18:00:00,1789.27,1789.4,1746.42,1770.32
1781722800,2026-06-17 19:00:00,1770.31,1775.85,1729.26,1734.72
1781726400,2026-06-17 20:00:00,1734.73,1747.92,1732.97,1747.36
1781730000,2026-06-17 21:00:00,1747.37,1748.01,1736.39,1738.9
1781733600,2026-06-17 22:00:00,1738.91,1746.6,1725.34,1740.31
1781737200,2026-06-17 23:00:00,1740.31,1751.66,1740.1,1750.6
1781740800,2026-06-18 00:00:00,1750.61,1759.49,1749.98,1752.97
1781744400,2026-06-18 01:00:00,1752.97,1762.99,1752.64,1754.92
1781748000,2026-06-18 02:00:00,1754.93,1759,1750.34,1755.85
1781751600,2026-06-18 03:00:00,1755.86,1756.26,1741.46,1744.17
1781755200,2026-06-18 04:00:00,1744.17,1745.92,1730,1730.64
1781758800,2026-06-18 05:00:00,1730.63,1733,1722.24,1730.97
1781762400,2026-06-18 06:00:00,1730.97,1736.79,1725.53,1735.56
1781766000,2026-06-18 07:00:00,1735.56,1753.29,1732.91,1749.79
1781769600,2026-06-18 08:00:00,1749.8,1753.61,1743.7,1747.67
1781773200,2026-06-18 09:00:00,1747.67,1751.87,1742.53,1746.07
1781776800,2026-06-18 10:00:00,1746.07,1752.84,1739.46,1746.9
1781780400,2026-06-18 11:00:00,1746.9,1749.39,1739.11,1743.31
1781784000,2026-06-18 12:00:00,1743.31,1753.06,1741.88,1750.41
1781787600,2026-06-18 13:00:00,1750.41,1752.51,1729.08,1736.78
1781791200,2026-06-18 14:00:00,1736.78,1745.46,1729.66,1739.79
1781794800,2026-06-18 15:00:00,1739.78,1740.09,1680,1682.23
1781798400,2026-06-18 16:00:00,1682.23,1692.95,1680.39,1686.93
1781802000,2026-06-18 17:00:00,1686.96,1687.68,1671.79,1679.42
1781805600,2026-06-18 18:00:00,1679.41,1689.4,1676.35,1685.38
1781809200,2026-06-18 19:00:00,1685.38,1707.48,1682.78,1705.39
1781812800,2026-06-18 20:00:00,1705.4,1717.23,1705.4,1710.47
1781816400,2026-06-18 21:00:00,1710.47,1711.96,1701.64,1708.39
1781820000,2026-06-18 22:00:00,1708.39,1708.56,1700.19,1706.81
1781823600,2026-06-18 23:00:00,1706.81,1712.38,1702.96,1711.11
1781827200,2026-06-19 00:00:00,1711.11,1716.3,1708.64,1713.84
1781830800,2026-06-19 01:00:00,1713.85,1719.51,1706.19,1713.5
1781834400,2026-06-19 02:00:00,1713.5,1715.21,1701.29,1707.15
1781838000,2026-06-19 03:00:00,1707.15,1708.28,1682.35,1697.69
1781841600,2026-06-19 04:00:00,1697.7,1702.97,1686,1689.72
1781845200,2026-06-19 05:00:00,1689.72,1697.75,1689.39,1697.51
1781848800,2026-06-19 06:00:00,1697.51,1703.4,1696.18,1700.26
1781852400,2026-06-19 07:00:00,1700.27,1700.98,1690.09,1695.82
1781856000,2026-06-19 08:00:00,1695.82,1699.11,1693.66,1697.94
1781859600,2026-06-19 09:00:00,1697.94,1699.82,1688.72,1689.2
1781863200,2026-06-19 10:00:00,1689.21,1694.67,1687.05,1692.61
1781866800,2026-06-19 11:00:00,1692.6,1694.24,1688.84,1691.74
1781870400,2026-06-19 12:00:00,1691.74,1696.12,1679.11,1695.36
1781874000,2026-06-19 13:00:00,1695.37,1711.59,1687.75,1703.47
1781877600,2026-06-19 14:00:00,1703.46,1709.98,1696.51,1706.97
1781881200,2026-06-19 15:00:00,1706.96,1712.06,1698.37,1707.86
1781884800,2026-06-19 16:00:00,1707.87,1711.76,1695.09,1696.8
1781888400,2026-06-19 17:00:00,1696.8,1706.25,1693.7,1704.85
1781892000,2026-06-19 18:00:00,1704.85,1705.45,1698.3,1702.7
1781895600,2026-06-19 19:00:00,1702.69,1704.61,1698.15,1701.2
1781899200,2026-06-19 20:00:00,1701.21,1709.37,1698.89,1708.96
1781902800,2026-06-19 21:00:00,1708.97,1708.97,1701.52,1702.03
1781906400,2026-06-19 22:00:00,1702.02,1710.38,1700.45,1707.61
1781910000,2026-06-19 23:00:00,1707.61,1715,1704.88,1711.19
1781913600,2026-06-20 00:00:00,1711.18,1718,1708.41,1708.8
1781917200,2026-06-20 01:00:00,1708.8,1713.36,1706.62,1709.89
1781920800,2026-06-20 02:00:00,1709.89,1710.52,1704.06,1704.85
1781924400,2026-06-20 03:00:00,1704.85,1709.33,1704.56,1708.17
1781928000,2026-06-20 04:00:00,1708.18,1715.47,1706.51,1713.52
1781931600,2026-06-20 05:00:00,1713.52,1733.89,1712.25,1726.1
1781935200,2026-06-20 06:00:00,1726.11,1729.84,1723.98,1727.67
1781938800,2026-06-20 07:00:00,1727.66,1729.56,1723.05,1725.82
1781942400,2026-06-20 08:00:00,1725.81,1726.9,1721.25,1722.83
1781946000,2026-06-20 09:00:00,1722.83,1730,1722.83,1728.47
1781949600,2026-06-20 10:00:00,1728.46,1729.53,1725.26,1727.62
1781953200,2026-06-20 11:00:00,1727.63,1731.76,1725.84,1727.18
1781956800,2026-06-20 12:00:00,1727.18,1730.35,1723.61,1726.86
1781960400,2026-06-20 13:00:00,1726.86,1727.21,1712.81,1717.56
1781964000,2026-06-20 14:00:00,1717.56,1746.67,1708.11,1733.48
1781967600,2026-06-20 15:00:00,1733.49,1749.55,1729.44,1740.63
1781971200,2026-06-20 16:00:00,1740.63,1740.91,1730.9,1733.92
1781974800,2026-06-20 17:00:00,1733.92,1733.93,1721.03,1726.86
1781978400,2026-06-20 18:00:00,1726.87,1732,1726,1726.63
1781982000,2026-06-20 19:00:00,1726.62,1730.18,1725.24,1729.27
1781985600,2026-06-20 20:00:00,1729.27,1731.34,1726.53,1730.98
1781989200,2026-06-20 21:00:00,1730.98,1738.01,1730.38,1735.33
1781992800,2026-06-20 22:00:00,1735.33,1746.17,1732.96,1743.32
1781996400,2026-06-20 23:00:00,1743.32,1743.76,1740.52,1741.08
1782000000,2026-06-21 00:00:00,1741.08,1741.09,1736.19,1737.92
1782003600,2026-06-21 01:00:00,1737.92,1740,1734.5,1737.01
1782007200,2026-06-21 02:00:00,1737,1738.18,1735.66,1736.09
1782010800,2026-06-21 03:00:00,1736.08,1741.45,1733.51,1737.87
1782014400,2026-06-21 04:00:00,1737.88,1741.41,1731.63,1732.85
1782018000,2026-06-21 05:00:00,1732.85,1736.27,1729.8,1733.47
1782021600,2026-06-21 06:00:00,1733.46,1738.66,1732.52,1736.14
1782025200,2026-06-21 07:00:00,1736.14,1736.44,1731.79,1732.36
1782028800,2026-06-21 08:00:00,1732.36,1733.22,1724,1729.1
1782032400,2026-06-21 09:00:00,1729.11,1734.37,1725.89,1732.78
1782036000,2026-06-21 10:00:00,1732.77,1737.02,1731.03,1731.38
1782039600,2026-06-21 11:00:00,1731.39,1734.81,1718.56,1725.36
1782043200,2026-06-21 12:00:00,1725.37,1726.93,1717.14,1726
1782046800,2026-06-21 13:00:00,1725.99,1728.14,1722.12,1725.15
1782050400,2026-06-21 14:00:00,1725.15,1728.46,1721.78,1728.44
1782054000,2026-06-21 15:00:00,1728.45,1732.57,1727.12,1730.72
1782057600,2026-06-21 16:00:00,1730.71,1730.71,1722.21,1728.15
1782061200,2026-06-21 17:00:00,1728.16,1731.54,1725.97,1727.36
1782064800,2026-06-21 18:00:00,1727.37,1737.81,1721.67,1735.39
1782068400,2026-06-21 19:00:00,1735.4,1739.32,1733.59,1734.14
1782072000,2026-06-21 20:00:00,1734.14,1735.34,1717.3,1721.3
1782075600,2026-06-21 21:00:00,1721.32,1724.19,1702,1718.6
1782079200,2026-06-21 22:00:00,1718.59,1721.38,1708.57,1717.65
1782082800,2026-06-21 23:00:00,1717.64,1717.64,1704.25,1706.94
1782086400,2026-06-22 00:00:00,1706.94,1732.2,1706.94,1726.95
1782090000,2026-06-22 01:00:00,1726.95,1759.84,1724.56,1743.82
1782093600,2026-06-22 02:00:00,1743.83,1745.28,1737.28,1737.28
1782097200,2026-06-22 03:00:00,1737.27,1740.98,1726.54,1730
1782100800,2026-06-22 04:00:00,1730,1735.96,1727.69,1735.31
1782104400,2026-06-22 05:00:00,1735.3,1739.83,1734.2,1736.85
1782108000,2026-06-22 06:00:00,1736.85,1740.21,1733.21,1735.06
1782111600,2026-06-22 07:00:00,1735.07,1751.58,1734.76,1746.34
1782115200,2026-06-22 08:00:00,1746.34,1752.23,1743.56,1747.79
1782118800,2026-06-22 09:00:00,1747.8,1750.38,1743.75,1746.2
1782122400,2026-06-22 10:00:00,1746.19,1751.58,1745.23,1748.81
1782126000,2026-06-22 11:00:00,1748.81,1774.7,1747.48,1767.68
1782129600,2026-06-22 12:00:00,1767.68,1772,1761.29,1764
1782133200,2026-06-22 13:00:00,1764,1779.9,1762.06,1777.51
1782136800,2026-06-22 14:00:00,1777.52,1778,1749.85,1754.61
1782140400,2026-06-22 15:00:00,1754.62,1758.06,1742.41,1744.74
1782144000,2026-06-22 16:00:00,1744.75,1746.29,1733.71,1740.1
1782147600,2026-06-22 17:00:00,1740.1,1743.12,1731.32,1740.93
1782151200,2026-06-22 18:00:00,1740.92,1747.7,1729.42,1733.51
1782154800,2026-06-22 19:00:00,1733.51,1736.82,1729.15,1734.59
1782158400,2026-06-22 20:00:00,1734.59,1740.07,1731.14,1734.61
1782162000,2026-06-22 21:00:00,1734.61,1737.53,1726.83,1732.74
1782165600,2026-06-22 22:00:00,1732.74,1735.93,1717.02,1724.15
1782169200,2026-06-22 23:00:00,1724.16,1730.6,1721.38,1728.19
1782172800,2026-06-23 00:00:00,1728.19,1731.74,1719.75,1731.27
1782176400,2026-06-23 01:00:00,1731.26,1736.25,1721.22,1730.61
1782180000,2026-06-23 02:00:00,1730.61,1735.04,1726.36,1732.65
1782183600,2026-06-23 03:00:00,1732.65,1733.11,1725.98,1729.9
1782187200,2026-06-23 04:00:00,1729.91,1731.25,1717.75,1719.07
1782190800,2026-06-23 05:00:00,1719.07,1721.38,1710.5,1713.44
1782194400,2026-06-23 06:00:00,1713.51,1713.7,1680.52,1692.29
1782198000,2026-06-23 07:00:00,1692.3,1696.47,1682.34,1683.01
1782201600,2026-06-23 08:00:00,1683.02,1684.8,1635.65,1648.48
1782205200,2026-06-23 09:00:00,1648.47,1654.39,1648.15,1650.97
1782208800,2026-06-23 10:00:00,1650.97,1658.91,1649.37,1652.65
1782212400,2026-06-23 11:00:00,1652.65,1663.9,1652.65,1660.9
1782216000,2026-06-23 12:00:00,1660.9,1662.59,1653.6,1654.53
1782219600,2026-06-23 13:00:00,1654.54,1664.13,1645.52,1662.83
1782223200,2026-06-23 14:00:00,1662.82,1672,1658.04,1662.1
1782226800,2026-06-23 15:00:00,1662.1,1663.39,1651.39,1659.78
1782230400,2026-06-23 16:00:00,1659.78,1673.89,1656.99,1659.35
1782234000,2026-06-23 17:00:00,1659.34,1664.87,1654.67,1656.85
1782237600,2026-06-23 18:00:00,1656.86,1660.64,1650,1655.53
1782241200,2026-06-23 19:00:00,1655.53,1663.97,1655.47,1662.58
1782244800,2026-06-23 20:00:00,1662.57,1667.64,1661.42,1664.13
1782248400,2026-06-23 21:00:00,1664.12,1668.37,1663.52,1666.75
1782252000,2026-06-23 22:00:00,1666.74,1672.92,1663,1664.67
1782255600,2026-06-23 23:00:00,1664.67,1669.55,1660.27,1667.13
1782259200,2026-06-24 00:00:00,1667.13,1674.72,1666.75,1671.37
1782262800,2026-06-24 01:00:00,1671.37,1680.46,1666.12,1672.71
1782266400,2026-06-24 02:00:00,1672.71,1673.62,1663.53,1664.03
1782270000,2026-06-24 03:00:00,1664.03,1670.09,1658.18,1666.67
1782273600,2026-06-24 04:00:00,1666.67,1671.01,1658.22,1669
1782277200,2026-06-24 05:00:00,1669,1679.57,1667.8,1674.48
1782280800,2026-06-24 06:00:00,1674.48,1677,1670.54,1674.89
1782284400,2026-06-24 07:00:00,1674.89,1678.53,1670.94,1673.12
1782288000,2026-06-24 08:00:00,1673.13,1675.2,1669.23,1673.28
1782291600,2026-06-24 09:00:00,1673.28,1673.38,1665.29,1667.15
1782295200,2026-06-24 10:00:00,1667.14,1668,1662.88,1663.69
1782298800,2026-06-24 11:00:00,1663.68,1693.67,1655.76,1679.57
1782302400,2026-06-24 12:00:00,1679.57,1681.29,1670.52,1671.53
1782306000,2026-06-24 13:00:00,1671.53,1672.17,1641.44,1645.43
1782309600,2026-06-24 14:00:00,1645.42,1657.4,1638.14,1647.26
1782313200,2026-06-24 15:00:00,1647.27,1651.24,1616.8,1618.08
1782316800,2026-06-24 16:00:00,1618.08,1636.08,1585.2,1589.87
1782320400,2026-06-24 17:00:00,1589.86,1597.83,1552.95,1560.66
1782324000,2026-06-24 18:00:00,1560.66,1585.11,1556.86,1572.26
1782327600,2026-06-24 19:00:00,1572.27,1585.39,1567.12,1584.58
1782331200,2026-06-24 20:00:00,1584.59,1622.12,1580,1613.63
1782334800,2026-06-24 21:00:00,1613.63,1621.81,1606.09,1621.37
1782338400,2026-06-24 22:00:00,1621.37,1629.82,1613.65,1615.46
1782342000,2026-06-24 23:00:00,1615.45,1623.46,1613.75,1622.17
1782345600,2026-06-25 00:00:00,1622.18,1626.51,1616.56,1619.12
1782349200,2026-06-25 01:00:00,1619.12,1624.24,1614.69,1620.72
1782352800,2026-06-25 02:00:00,1620.73,1621.47,1615.04,1621
1782356400,2026-06-25 03:00:00,1621.01,1624.12,1616.23,1619.6
1782360000,2026-06-25 04:00:00,1619.61,1636.52,1617.12,1635.03
1782363600,2026-06-25 05:00:00,1635.04,1652.23,1633.58,1645.89
1782367200,2026-06-25 06:00:00,1645.89,1660.54,1644.15,1653.95
1782370800,2026-06-25 07:00:00,1653.95,1659.89,1651.22,1657.19
1782374400,2026-06-25 08:00:00,1657.2,1658.98,1651.03,1652.92
1782378000,2026-06-25 09:00:00,1652.93,1655.41,1646.62,1648.88
1782381600,2026-06-25 10:00:00,1648.89,1649.83,1633.6,1636.58
1782385200,2026-06-25 11:00:00,1636.58,1639.17,1628.05,1633.27
1782388800,2026-06-25 12:00:00,1633.28,1650.38,1624.71,1635.81
1782392400,2026-06-25 13:00:00,1635.82,1640.98,1532.9,1538.15
1782396000,2026-06-25 14:00:00,1538.15,1593.07,1538.15,1568.37
1782399600,2026-06-25 15:00:00,1568.37,1573.55,1544.68,1570.01
1782403200,2026-06-25 16:00:00,1570.01,1587.7,1558.17,1562.04
1782406800,2026-06-25 17:00:00,1562.04,1575.43,1557.56,1574.92
1782410400,2026-06-25 18:00:00,1574.92,1577.49,1560,1567.56
1782414000,2026-06-25 19:00:00,1567.56,1567.83,1554.6,1559.42
1782417600,2026-06-25 20:00:00,1559.41,1570.74,1556.73,1560.33
1782421200,2026-06-25 21:00:00,1560.33,1583.09,1560.14,1580.77
1782424800,2026-06-25 22:00:00,1580.76,1583.65,1566.62,1570.3
1782428400,2026-06-25 23:00:00,1570.29,1579.82,1564.57,1567.84
1782432000,2026-06-26 00:00:00,1567.86,1571.78,1563.69,1564.72
1782435600,2026-06-26 01:00:00,1564.73,1568.65,1555.33,1560.13
1782439200,2026-06-26 02:00:00,1560.13,1560.94,1520,1524.7
1782442800,2026-06-26 03:00:00,1524.7,1563.65,1512,1557.93
1782446400,2026-06-26 04:00:00,1557.93,1560.7,1547.41,1549.79
1782450000,2026-06-26 05:00:00,1549.8,1559.22,1548.4,1555.69
1782453600,2026-06-26 06:00:00,1555.68,1574.02,1543.43,1570.99
1782457200,2026-06-26 07:00:00,1571,1586.5,1570.65,1581.12
1782460800,2026-06-26 08:00:00,1581.12,1582.43,1563.55,1566.43
1782464400,2026-06-26 09:00:00,1566.44,1567.28,1549.33,1552.99
1782468000,2026-06-26 10:00:00,1552.99,1556.15,1545,1548.37
1782471600,2026-06-26 11:00:00,1548.36,1555.2,1541.01,1545.14
1782475200,2026-06-26 12:00:00,1545.15,1560.61,1527.81,1536.28
1782478800,2026-06-26 13:00:00,1536.29,1571.4,1521.54,1569.4
1782482400,2026-06-26 14:00:00,1569.4,1575.36,1553.66,1559.98
1782486000,2026-06-26 15:00:00,1559.98,1588.23,1559.56,1580.14
1782489600,2026-06-26 16:00:00,1580.13,1594.7,1572.44,1577.84
1782493200,2026-06-26 17:00:00,1577.83,1589.03,1576.59,1581.92
1782496800,2026-06-26 18:00:00,1581.91,1585.51,1570.32,1573.34
1782500400,2026-06-26 19:00:00,1573.35,1584.2,1570.5,1574.51
1782504000,2026-06-26 20:00:00,1574.51,1583.4,1568,1571.03
1782507600,2026-06-26 21:00:00,1571.02,1579.4,1568.43,1575.18
1782511200,2026-06-26 22:00:00,1575.17,1579.45,1569.44,1577.95
1782514800,2026-06-26 23:00:00,1577.94,1580.76,1574.44,1578.68
1782518400,2026-06-27 00:00:00,1578.68,1582.07,1571.55,1576.82
1782522000,2026-06-27 01:00:00,1576.83,1577.7,1574,1576.01
1782525600,2026-06-27 02:00:00,1576,1587.17,1574.64,1583.13
1782529200,2026-06-27 03:00:00,1583.13,1585.09,1578.41,1580.62
1782532800,2026-06-27 04:00:00,1580.62,1585.22,1579,1579.48
1782536400,2026-06-27 05:00:00,1579.48,1581.12,1577,1578.65
1782540000,2026-06-27 06:00:00,1578.66,1584.61,1575.2,1582.71
1782543600,2026-06-27 07:00:00,1582.71,1586.38,1580.39,1585.71
1782547200,2026-06-27 08:00:00,1585.72,1585.95,1582.05,1584.18
1782550800,2026-06-27 09:00:00,1584.18,1584.91,1579.39,1582.93
1782554400,2026-06-27 10:00:00,1582.93,1584.97,1582.18,1584.31
1782558000,2026-06-27 11:00:00,1584.31,1585.12,1579,1584
1782561600,2026-06-27 12:00:00,1584,1586.49,1581.42,1585.95
1782565200,2026-06-27 13:00:00,1585.95,1593.23,1584.98,1592.3
1782568800,2026-06-27 14:00:00,1592.31,1598.88,1589.49,1594.68
1782572400,2026-06-27 15:00:00,1594.68,1611.02,1594.09,1605.68
1782576000,2026-06-27 16:00:00,1605.68,1607.92,1601.7,1606.97
1782579600,2026-06-27 17:00:00,1606.98,1607.1,1588.6,1591.42
1782583200,2026-06-27 18:00:00,1591.42,1594.7,1589.2,1593.92
1782586800,2026-06-27 19:00:00,1593.91,1595.25,1573.36,1578.51
1782590400,2026-06-27 20:00:00,1578.51,1583.24,1578.48,1581.48
1782594000,2026-06-27 21:00:00,1581.48,1585.69,1573.93,1575.38
1782597600,2026-06-27 22:00:00,1575.38,1579.56,1562.86,1578.98
1782601200,2026-06-27 23:00:00,1578.98,1581.58,1570.55,1573.99
1782604800,2026-06-28 00:00:00,1574,1578.08,1572.71,1574.75
1782608400,2026-06-28 01:00:00,1574.74,1576.95,1570,1575.11
1782612000,2026-06-28 02:00:00,1575.11,1580.05,1569.07,1572
1782615600,2026-06-28 03:00:00,1572.01,1576.11,1572.01,1575.08
1782619200,2026-06-28 04:00:00,1575.08,1577.34,1570.64,1574.32
1782622800,2026-06-28 05:00:00,1574.32,1574.33,1564.33,1569.17
1782626400,2026-06-28 06:00:00,1569.18,1570.65,1562.41,1567.84
1782630000,2026-06-28 07:00:00,1567.85,1577.13,1567.84,1575.96
1782633600,2026-06-28 08:00:00,1575.96,1585.32,1573.75,1581.58
1782637200,2026-06-28 09:00:00,1581.58,1586.35,1578.37,1579.09
1782640800,2026-06-28 10:00:00,1579.08,1581.42,1572.23,1577.16
1782644400,2026-06-28 11:00:00,1577.16,1584,1575.9,1582.87
1782648000,2026-06-28 12:00:00,1582.86,1588.82,1578.21,1583.56
1782651600,2026-06-28 13:00:00,1583.56,1583.85,1575.04,1579.68
1782655200,2026-06-28 14:00:00,1579.68,1586.36,1577.92,1581.56
1782658800,2026-06-28 15:00:00,1581.55,1585.36,1577.2,1580.89
1782662400,2026-06-28 16:00:00,1580.9,1581.94,1566.62,1572.85
1782666000,2026-06-28 17:00:00,1572.84,1577.36,1563.53,1572.35
1782669600,2026-06-28 18:00:00,1572.34,1575.15,1569.08,1571.78
1782673200,2026-06-28 19:00:00,1571.79,1574.55,1556.81,1564.62
1782676800,2026-06-28 20:00:00,1564.61,1576.42,1564.3,1573.2
1782680400,2026-06-28 21:00:00,1573.2,1573.87,1559.21,1563.62
1782684000,2026-06-28 22:00:00,1563.63,1582.29,1548.37,1557.09
1782687600,2026-06-28 23:00:00,1557.08,1580.1,1555.35,1571.96
1782691200,2026-06-29 00:00:00,1571.96,1574.69,1552.21,1573.53
1782694800,2026-06-29 01:00:00,1573.53,1574.28,1560.19,1568.7
1782698400,2026-06-29 02:00:00,1568.71,1579.15,1550.43,1576.6
1782702000,2026-06-29 03:00:00,1576.6,1589.75,1576.6,1584.78
1782705600,2026-06-29 04:00:00,1584.77,1585.05,1574.65,1575.5
1782709200,2026-06-29 05:00:00,1575.5,1583.1,1562.26,1583.1
1782712800,2026-06-29 06:00:00,1583.1,1589.08,1579.81,1582.82
1782716400,2026-06-29 07:00:00,1582.82,1584.9,1577.92,1580.16
1782720000,2026-06-29 08:00:00,1580.17,1582.33,1569.85,1572.98
1782723600,2026-06-29 09:00:00,1572.98,1580.44,1570.49,1576.2
1782727200,2026-06-29 10:00:00,1576.2,1587,1576.2,1578.6
1782730800,2026-06-29 11:00:00,1578.6,1582.54,1570.32,1574.93
1782734400,2026-06-29 12:00:00,1574.93,1597.28,1566.6,1576.11
1782738000,2026-06-29 13:00:00,1576.12,1588.82,1564.85,1572.74
1782741600,2026-06-29 14:00:00,1572.74,1579.34,1557.35,1572.9
1782745200,2026-06-29 15:00:00,1572.9,1585.41,1561.7,1580.26
1782748800,2026-06-29 16:00:00,1580.26,1587.71,1574.06,1585.37
1782752400,2026-06-29 17:00:00,1585.37,1637.58,1585.37,1628.03
1782756000,2026-06-29 18:00:00,1628.04,1628.61,1618.37,1621.1
1782759600,2026-06-29 19:00:00,1621.1,1627.36,1616.23,1625.6
1782763200,2026-06-29 20:00:00,1625.6,1626.65,1617.37,1617.66
1782766800,2026-06-29 21:00:00,1617.66,1623,1611.5,1619.99
1782770400,2026-06-29 22:00:00,1620,1622.11,1610.36,1612.9
1782774000,2026-06-29 23:00:00,1612.9,1613.98,1607.41,1613.07
1782777600,2026-06-30 00:00:00,1613.07,1614.41,1592.71,1594.41
1782781200,2026-06-30 01:00:00,1594.42,1599.83,1589,1593.92
1782784800,2026-06-30 02:00:00,1593.92,1593.93,1586.49,1590.57
1782788400,2026-06-30 03:00:00,1590.57,1596.18,1586.58,1587.18
1782792000,2026-06-30 04:00:00,1587.18,1590.99,1579.79,1588.11
1782795600,2026-06-30 05:00:00,1588.1,1592.02,1585.22,1591.6
1782799200,2026-06-30 06:00:00,1591.61,1594.65,1589,1593.72
1782802800,2026-06-30 07:00:00,1593.72,1596.25,1590.07,1592.51
1782806400,2026-06-30 08:00:00,1592.51,1594.28,1579.54,1583.98
1782810000,2026-06-30 09:00:00,1583.97,1587.03,1581.49,1585.35
1782813600,2026-06-30 10:00:00,1585.35,1586.93,1582.23,1584.51
1782817200,2026-06-30 11:00:00,1584.52,1586.15,1575.85,1578.58
1782820800,2026-06-30 12:00:00,1578.57,1578.58,1551.33,1552.79
1782824400,2026-06-30 13:00:00,1552.8,1567.51,1550.2,1567.29
1782828000,2026-06-30 14:00:00,1567.29,1578,1561.33,1563.52
1782831600,2026-06-30 15:00:00,1563.52,1576.94,1557.35,1565.18
1782835200,2026-06-30 16:00:00,1565.19,1575,1561.84,1572.38
1782838800,2026-06-30 17:00:00,1572.38,1577.1,1568.64,1570.86
1782842400,2026-06-30 18:00:00,1570.87,1581.83,1569.59,1579.11
1782846000,2026-06-30 19:00:00,1579.1,1581.92,1575.56,1580.53
1782849600,2026-06-30 20:00:00,1580.52,1582.98,1573.4,1575.99
1782853200,2026-06-30 21:00:00,1575.99,1577.26,1570,1571.68
1782856800,2026-06-30 22:00:00,1571.68,1575.3,1566.81,1567.64
1782860400,2026-06-30 23:00:00,1567.64,1572.8,1566,1572.01
