unix_timestamp,datetime_utc,open,high,low,close
1767225600,2026-01-01 00:00:00,124.64,125.25,124.6,125.15
1767229200,2026-01-01 01:00:00,125.15,125.8,124.91,124.99
1767232800,2026-01-01 02:00:00,124.98,125.22,124.79,125.18
1767236400,2026-01-01 03:00:00,125.18,125.41,125.01,125.21
1767240000,2026-01-01 04:00:00,125.22,125.27,124.8,124.96
1767243600,2026-01-01 05:00:00,124.95,125.32,124.95,125.3
1767247200,2026-01-01 06:00:00,125.3,125.32,124.88,124.89
1767250800,2026-01-01 07:00:00,124.89,125,124.22,124.24
1767254400,2026-01-01 08:00:00,124.24,124.72,124.15,124.68
1767258000,2026-01-01 09:00:00,124.69,125.14,124.59,125.05
1767261600,2026-01-01 10:00:00,125.05,125.29,124.98,125.05
1767265200,2026-01-01 11:00:00,125.05,125.23,124.76,125.22
1767268800,2026-01-01 12:00:00,125.23,125.28,125.01,125.02
1767272400,2026-01-01 13:00:00,125.03,125.13,124.71,124.73
1767276000,2026-01-01 14:00:00,124.73,124.92,124.39,124.71
1767279600,2026-01-01 15:00:00,124.71,125.23,124.58,124.96
1767283200,2026-01-01 16:00:00,124.96,125.02,124.28,124.45
1767286800,2026-01-01 17:00:00,124.44,125.65,124.3,125.2
1767290400,2026-01-01 18:00:00,125.2,125.39,125.03,125.35
1767294000,2026-01-01 19:00:00,125.34,125.79,125.22,125.76
1767297600,2026-01-01 20:00:00,125.76,125.95,125.31,125.39
1767301200,2026-01-01 21:00:00,125.39,125.69,125.31,125.41
1767304800,2026-01-01 22:00:00,125.41,126.25,125.37,126.08
1767308400,2026-01-01 23:00:00,126.08,127.25,125.75,126.9
1767312000,2026-01-02 00:00:00,126.91,127.16,126.44,126.79
1767315600,2026-01-02 01:00:00,126.79,126.95,126.05,126.18
1767319200,2026-01-02 02:00:00,126.18,126.67,125.84,126.58
1767322800,2026-01-02 03:00:00,126.57,127.99,126.41,127.53
1767326400,2026-01-02 04:00:00,127.53,127.72,126.95,126.98
1767330000,2026-01-02 05:00:00,126.98,127.42,126.75,127.34
1767333600,2026-01-02 06:00:00,127.34,127.72,127.25,127.32
1767337200,2026-01-02 07:00:00,127.33,127.58,126.91,127.13
1767340800,2026-01-02 08:00:00,127.14,127.97,127.13,127.96
1767344400,2026-01-02 09:00:00,127.96,129.89,127.81,129.4
1767348000,2026-01-02 10:00:00,129.39,129.99,128.88,128.94
1767351600,2026-01-02 11:00:00,128.95,128.98,128,128.22
1767355200,2026-01-02 12:00:00,128.21,128.65,127.91,128.42
1767358800,2026-01-02 13:00:00,128.43,128.8,128.28,128.37
1767362400,2026-01-02 14:00:00,128.37,129.65,126.82,128.73
1767366000,2026-01-02 15:00:00,128.74,129.53,127.41,128.98
1767369600,2026-01-02 16:00:00,128.98,131.79,128.68,130.92
1767373200,2026-01-02 17:00:00,130.92,132.3,130.69,131.44
1767376800,2026-01-02 18:00:00,131.44,132.03,130.35,130.8
1767380400,2026-01-02 19:00:00,130.8,131.79,130.64,131.63
1767384000,2026-01-02 20:00:00,131.63,132.13,130.83,131.14
1767387600,2026-01-02 21:00:00,131.14,132.16,131.14,131.92
1767391200,2026-01-02 22:00:00,131.93,133.25,131.9,132.64
1767394800,2026-01-02 23:00:00,132.63,132.75,131.92,132.29
1767398400,2026-01-03 00:00:00,132.28,132.93,132.24,132.53
1767402000,2026-01-03 01:00:00,132.53,132.97,132.36,132.64
1767405600,2026-01-03 02:00:00,132.64,133.11,132.06,132.85
1767409200,2026-01-03 03:00:00,132.85,133.17,132.19,132.83
1767412800,2026-01-03 04:00:00,132.83,132.93,132.19,132.37
1767416400,2026-01-03 05:00:00,132.37,132.54,131.63,131.9
1767420000,2026-01-03 06:00:00,131.89,132.28,131.05,131.18
1767423600,2026-01-03 07:00:00,131.18,131.4,129.6,130.1
1767427200,2026-01-03 08:00:00,130.09,131.03,129.8,130.69
1767430800,2026-01-03 09:00:00,130.69,131.44,130.38,131.17
1767434400,2026-01-03 10:00:00,131.17,131.23,130.8,130.96
1767438000,2026-01-03 11:00:00,130.96,131,130.46,130.71
1767441600,2026-01-03 12:00:00,130.71,130.94,130.5,130.91
1767445200,2026-01-03 13:00:00,130.9,131.4,130.8,131.29
1767448800,2026-01-03 14:00:00,131.3,132.18,131.13,131.99
1767452400,2026-01-03 15:00:00,132,132.03,131.23,131.47
1767456000,2026-01-03 16:00:00,131.48,132,131.47,131.78
1767459600,2026-01-03 17:00:00,131.77,132.04,131.65,131.89
1767463200,2026-01-03 18:00:00,131.9,132.12,131.61,131.97
1767466800,2026-01-03 19:00:00,131.97,131.97,131.66,131.78
1767470400,2026-01-03 20:00:00,131.78,132.03,131.35,131.99
1767474000,2026-01-03 21:00:00,131.99,133.07,131.81,132.87
1767477600,2026-01-03 22:00:00,132.87,133.99,132.59,133.43
1767481200,2026-01-03 23:00:00,133.43,133.76,133.1,133.37
1767484800,2026-01-04 00:00:00,133.37,134.97,133.31,134.57
1767488400,2026-01-04 01:00:00,134.57,134.75,133.42,133.96
1767492000,2026-01-04 02:00:00,133.96,134.02,133.48,133.73
1767495600,2026-01-04 03:00:00,133.73,134.7,133.66,134.62
1767499200,2026-01-04 04:00:00,134.62,134.87,134.24,134.3
1767502800,2026-01-04 05:00:00,134.31,134.62,134.26,134.57
1767506400,2026-01-04 06:00:00,134.56,135,133.7,133.76
1767510000,2026-01-04 07:00:00,133.76,134.14,133.66,133.8
1767513600,2026-01-04 08:00:00,133.8,134.18,133.2,134.12
1767517200,2026-01-04 09:00:00,134.11,134.57,133.84,134.32
1767520800,2026-01-04 10:00:00,134.32,134.88,134.23,134.7
1767524400,2026-01-04 11:00:00,134.7,134.7,134.16,134.39
1767528000,2026-01-04 12:00:00,134.39,134.9,134.2,134.34
1767531600,2026-01-04 13:00:00,134.34,134.56,133.75,134.52
1767535200,2026-01-04 14:00:00,134.53,135,134.25,134.96
1767538800,2026-01-04 15:00:00,134.97,135.35,134.29,134.91
1767542400,2026-01-04 16:00:00,134.91,135.54,134.75,135.11
1767546000,2026-01-04 17:00:00,135.11,135.37,134.81,134.83
1767549600,2026-01-04 18:00:00,134.83,134.88,133.71,134.21
1767553200,2026-01-04 19:00:00,134.2,134.21,133.12,133.56
1767556800,2026-01-04 20:00:00,133.55,134.26,133.4,134.03
1767560400,2026-01-04 21:00:00,134.04,134.58,133.72,133.94
1767564000,2026-01-04 22:00:00,133.93,134.44,133.79,134.16
1767567600,2026-01-04 23:00:00,134.17,134.86,133.66,134.12
1767571200,2026-01-05 00:00:00,134.12,135.84,134.01,135.55
1767574800,2026-01-05 01:00:00,135.55,137.75,135.28,136.75
1767578400,2026-01-05 02:00:00,136.76,137.23,135.69,136.87
1767582000,2026-01-05 03:00:00,136.88,137.33,136.58,136.64
1767585600,2026-01-05 04:00:00,136.64,136.79,135,135.69
1767589200,2026-01-05 05:00:00,135.69,136.32,135.03,135.07
1767592800,2026-01-05 06:00:00,135.06,135.71,134.63,135.63
1767596400,2026-01-05 07:00:00,135.63,135.76,135.09,135.45
1767600000,2026-01-05 08:00:00,135.45,135.95,135.21,135.22
1767603600,2026-01-05 09:00:00,135.21,135.69,134.75,135.45
1767607200,2026-01-05 10:00:00,135.45,136.06,135.27,135.8
1767610800,2026-01-05 11:00:00,135.81,135.82,135.24,135.77
1767614400,2026-01-05 12:00:00,135.77,135.83,134.91,135.13
1767618000,2026-01-05 13:00:00,135.13,135.4,133.26,133.81
1767621600,2026-01-05 14:00:00,133.81,135.62,133.18,134.99
1767625200,2026-01-05 15:00:00,134.99,136.47,134.14,136.13
1767628800,2026-01-05 16:00:00,136.13,136.3,134.98,135.4
1767632400,2026-01-05 17:00:00,135.41,136.85,134.31,136.52
1767636000,2026-01-05 18:00:00,136.53,137.58,135.7,137.37
1767639600,2026-01-05 19:00:00,137.38,138.82,137.1,138.23
1767643200,2026-01-05 20:00:00,138.23,139.87,137.72,137.87
1767646800,2026-01-05 21:00:00,137.87,138.75,137.87,138.41
1767650400,2026-01-05 22:00:00,138.4,139.16,138.29,138.8
1767654000,2026-01-05 23:00:00,138.8,138.95,137.88,137.9
1767657600,2026-01-06 00:00:00,137.91,138.2,136.89,137.72
1767661200,2026-01-06 01:00:00,137.72,138.53,137.35,137.58
1767664800,2026-01-06 02:00:00,137.58,138.01,137.32,137.61
1767668400,2026-01-06 03:00:00,137.6,138.63,137.57,138.38
1767672000,2026-01-06 04:00:00,138.38,139,138.2,138.45
1767675600,2026-01-06 05:00:00,138.45,140.08,138.08,139.56
1767679200,2026-01-06 06:00:00,139.56,139.78,138.85,139.02
1767682800,2026-01-06 07:00:00,139.02,139.11,137.35,137.61
1767686400,2026-01-06 08:00:00,137.6,138.13,137.4,137.62
1767690000,2026-01-06 09:00:00,137.61,138.42,137.5,137.79
1767693600,2026-01-06 10:00:00,137.79,138.11,137.42,137.74
1767697200,2026-01-06 11:00:00,137.74,139.7,137.65,139.5
1767700800,2026-01-06 12:00:00,139.5,139.62,138.86,139.09
1767704400,2026-01-06 13:00:00,139.08,139.45,138.72,139.1
1767708000,2026-01-06 14:00:00,139.11,143.48,139.11,142
1767711600,2026-01-06 15:00:00,142,143.22,141.12,141.6
1767715200,2026-01-06 16:00:00,141.59,141.95,138.15,138.92
1767718800,2026-01-06 17:00:00,138.91,139.17,136.42,136.52
1767722400,2026-01-06 18:00:00,136.51,138,136.19,137.57
1767726000,2026-01-06 19:00:00,137.57,138.08,137.31,137.53
1767729600,2026-01-06 20:00:00,137.53,139.19,137.51,138.95
1767733200,2026-01-06 21:00:00,138.96,141.99,138.68,140.24
1767736800,2026-01-06 22:00:00,140.23,141,139.51,140.03
1767740400,2026-01-06 23:00:00,140.04,141.37,140.03,141.08
1767744000,2026-01-07 00:00:00,141.08,141.4,139.78,139.85
1767747600,2026-01-07 01:00:00,139.85,140.63,138.8,138.91
1767751200,2026-01-07 02:00:00,138.9,140.1,138.52,139.95
1767754800,2026-01-07 03:00:00,139.95,140.55,139.38,139.58
1767758400,2026-01-07 04:00:00,139.59,139.72,138.72,138.78
1767762000,2026-01-07 05:00:00,138.78,139.34,138.15,138.52
1767765600,2026-01-07 06:00:00,138.52,139.08,138.47,138.79
1767769200,2026-01-07 07:00:00,138.8,139.45,138.79,139.39
1767772800,2026-01-07 08:00:00,139.39,139.8,139.09,139.41
1767776400,2026-01-07 09:00:00,139.4,139.49,136.56,136.89
1767780000,2026-01-07 10:00:00,136.89,137.71,136.75,137.57
1767783600,2026-01-07 11:00:00,137.58,138.21,137.51,137.93
1767787200,2026-01-07 12:00:00,137.93,138.21,137.61,137.92
1767790800,2026-01-07 13:00:00,137.93,138.51,137.55,138.13
1767794400,2026-01-07 14:00:00,138.14,138.21,136.58,138.02
1767798000,2026-01-07 15:00:00,138.03,138.08,135.25,135.7
1767801600,2026-01-07 16:00:00,135.7,136.68,135.32,135.7
1767805200,2026-01-07 17:00:00,135.7,136.48,135.39,135.6
1767808800,2026-01-07 18:00:00,135.6,135.91,134.73,135.26
1767812400,2026-01-07 19:00:00,135.25,136,134.41,135.76
1767816000,2026-01-07 20:00:00,135.76,136,135,135.79
1767819600,2026-01-07 21:00:00,135.79,136.35,135.68,136.19
1767823200,2026-01-07 22:00:00,136.18,136.82,135.77,136.5
1767826800,2026-01-07 23:00:00,136.5,137.05,135.86,136.39
1767830400,2026-01-08 00:00:00,136.39,136.97,136,136.83
1767834000,2026-01-08 01:00:00,136.83,137.42,136.7,136.82
1767837600,2026-01-08 02:00:00,136.82,138,136.58,137.93
1767841200,2026-01-08 03:00:00,137.93,138.32,136.59,136.75
1767844800,2026-01-08 04:00:00,136.74,138.33,136.43,137.65
1767848400,2026-01-08 05:00:00,137.65,138.07,136.5,136.64
1767852000,2026-01-08 06:00:00,136.65,136.76,134.74,134.85
1767855600,2026-01-08 07:00:00,134.86,135.99,133.79,135.9
1767859200,2026-01-08 08:00:00,135.9,136.22,135.05,135.11
1767862800,2026-01-08 09:00:00,135.12,135.52,134.36,134.47
1767866400,2026-01-08 10:00:00,134.48,135.44,133.92,135.1
1767870000,2026-01-08 11:00:00,135.1,135.29,134.28,134.79
1767873600,2026-01-08 12:00:00,134.8,134.83,133.72,134.14
1767877200,2026-01-08 13:00:00,134.13,134.59,133.72,134.46
1767880800,2026-01-08 14:00:00,134.46,134.5,132.67,134.04
1767884400,2026-01-08 15:00:00,134.03,136.55,133.4,136.41
1767888000,2026-01-08 16:00:00,136.41,138.22,136.25,138.19
1767891600,2026-01-08 17:00:00,138.19,138.83,137.27,138.72
1767895200,2026-01-08 18:00:00,138.72,139.06,137.9,138.08
1767898800,2026-01-08 19:00:00,138.09,138.41,137.2,137.53
1767902400,2026-01-08 20:00:00,137.53,137.86,136.52,137.69
1767906000,2026-01-08 21:00:00,137.69,139.84,137.69,139.61
1767909600,2026-01-08 22:00:00,139.61,140.07,138.3,138.87
1767913200,2026-01-08 23:00:00,138.87,139.19,138.24,138.37
1767916800,2026-01-09 00:00:00,138.37,139.35,138.28,139.13
1767920400,2026-01-09 01:00:00,139.13,139.6,137.74,138.29
1767924000,2026-01-09 02:00:00,138.28,139.54,138.21,138.98
1767927600,2026-01-09 03:00:00,138.97,141.17,138.9,140.81
1767931200,2026-01-09 04:00:00,140.81,141.08,139.65,139.76
1767934800,2026-01-09 05:00:00,139.75,140.16,139.46,139.95
1767938400,2026-01-09 06:00:00,139.95,140.86,139.66,140.7
1767942000,2026-01-09 07:00:00,140.71,140.73,139.54,139.54
1767945600,2026-01-09 08:00:00,139.55,139.68,137.04,137.93
1767949200,2026-01-09 09:00:00,137.94,139.08,137.9,138.43
1767952800,2026-01-09 10:00:00,138.43,139,138.13,138.72
1767956400,2026-01-09 11:00:00,138.73,138.91,138.07,138.28
1767960000,2026-01-09 12:00:00,138.27,138.64,137.58,137.72
1767963600,2026-01-09 13:00:00,137.72,139.44,137.66,138.64
1767967200,2026-01-09 14:00:00,138.64,138.64,136.46,136.87
1767970800,2026-01-09 15:00:00,136.86,140.89,136.13,138.82
1767974400,2026-01-09 16:00:00,138.82,140.25,138.72,139.95
1767978000,2026-01-09 17:00:00,139.95,140.08,137.35,138.5
1767981600,2026-01-09 18:00:00,138.5,138.5,135.79,136.83
1767985200,2026-01-09 19:00:00,136.83,136.83,135.44,135.81
1767988800,2026-01-09 20:00:00,135.8,136.07,134.98,135.61
1767992400,2026-01-09 21:00:00,135.61,136.45,135.4,136
1767996000,2026-01-09 22:00:00,136.01,136.23,135.57,136.17
1767999600,2026-01-09 23:00:00,136.16,136.45,135.77,135.97
1768003200,2026-01-10 00:00:00,135.96,136.13,135.68,135.9
1768006800,2026-01-10 01:00:00,135.9,136.49,135.76,136.47
1768010400,2026-01-10 02:00:00,136.46,136.69,135.92,136.39
1768014000,2026-01-10 03:00:00,136.4,136.4,135.92,136.15
1768017600,2026-01-10 04:00:00,136.15,136.19,135.75,135.86
1768021200,2026-01-10 05:00:00,135.86,136.34,135.78,135.94
1768024800,2026-01-10 06:00:00,135.95,136.2,135.75,135.99
1768028400,2026-01-10 07:00:00,136,136.26,135.96,136.09
1768032000,2026-01-10 08:00:00,136.09,136.38,136,136.23
1768035600,2026-01-10 09:00:00,136.23,136.66,136.1,136.62
1768039200,2026-01-10 10:00:00,136.63,137.05,136.42,137.01
1768042800,2026-01-10 11:00:00,137.01,137.01,136.4,136.58
1768046400,2026-01-10 12:00:00,136.58,137.04,136.55,136.64
1768050000,2026-01-10 13:00:00,136.64,136.64,136.07,136.35
1768053600,2026-01-10 14:00:00,136.35,136.46,136.01,136.13
1768057200,2026-01-10 15:00:00,136.14,136.54,136.06,136.42
1768060800,2026-01-10 16:00:00,136.42,136.64,136.16,136.41
1768064400,2026-01-10 17:00:00,136.41,136.71,136.13,136.15
1768068000,2026-01-10 18:00:00,136.16,136.33,135.85,136.16
1768071600,2026-01-10 19:00:00,136.16,136.24,135.99,136.22
1768075200,2026-01-10 20:00:00,136.22,136.27,135.99,136.08
1768078800,2026-01-10 21:00:00,136.08,136.09,135.72,135.75
1768082400,2026-01-10 22:00:00,135.76,135.94,135.37,135.56
1768086000,2026-01-10 23:00:00,135.56,136.06,135.5,135.84
1768089600,2026-01-11 00:00:00,135.85,136.45,135.75,136.39
1768093200,2026-01-11 01:00:00,136.39,136.47,136.1,136.3
1768096800,2026-01-11 02:00:00,136.3,136.46,135.94,136.01
1768100400,2026-01-11 03:00:00,136.01,136.33,135.83,136.26
1768104000,2026-01-11 04:00:00,136.26,136.4,135.97,136.2
1768107600,2026-01-11 05:00:00,136.19,136.43,136,136.28
1768111200,2026-01-11 06:00:00,136.28,136.4,135.88,136.15
1768114800,2026-01-11 07:00:00,136.15,136.26,135.98,136.2
1768118400,2026-01-11 08:00:00,136.2,136.91,136.1,136.76
1768122000,2026-01-11 09:00:00,136.76,136.86,136.37,136.5
1768125600,2026-01-11 10:00:00,136.5,136.74,136.3,136.57
1768129200,2026-01-11 11:00:00,136.57,136.79,136.48,136.58
1768132800,2026-01-11 12:00:00,136.58,137.28,136.52,137.1
1768136400,2026-01-11 13:00:00,137.1,137.35,136.93,137.24
1768140000,2026-01-11 14:00:00,137.24,139.47,137.23,139.21
1768143600,2026-01-11 15:00:00,139.21,139.55,137.83,138.43
1768147200,2026-01-11 16:00:00,138.44,141.6,138.43,140.04
1768150800,2026-01-11 17:00:00,140.04,140.21,138.75,139.69
1768154400,2026-01-11 18:00:00,139.68,140.2,139.12,140.03
1768158000,2026-01-11 19:00:00,140.02,140.14,139.05,139.43
1768161600,2026-01-11 20:00:00,139.42,139.43,137.97,138.54
1768165200,2026-01-11 21:00:00,138.54,138.95,137.97,138.69
1768168800,2026-01-11 22:00:00,138.69,138.69,137.71,138.23
1768172400,2026-01-11 23:00:00,138.22,139.77,137.49,139.7
1768176000,2026-01-12 00:00:00,139.69,141.36,138.92,141.33
1768179600,2026-01-12 01:00:00,141.32,141.95,140.73,141.05
1768183200,2026-01-12 02:00:00,141.06,142.76,140.96,142.42
1768186800,2026-01-12 03:00:00,142.42,144.4,142.39,142.54
1768190400,2026-01-12 04:00:00,142.54,143.09,142.46,142.75
1768194000,2026-01-12 05:00:00,142.74,143.23,142.48,142.79
1768197600,2026-01-12 06:00:00,142.79,143.35,141.86,142
1768201200,2026-01-12 07:00:00,142.01,142.46,141.36,141.41
1768204800,2026-01-12 08:00:00,141.42,142.05,139.05,140.06
1768208400,2026-01-12 09:00:00,140.05,140.26,139.15,139.57
1768212000,2026-01-12 10:00:00,139.57,140.2,139.04,139.26
1768215600,2026-01-12 11:00:00,139.26,140.16,139.18,140.03
1768219200,2026-01-12 12:00:00,140.02,140.3,139.68,139.77
1768222800,2026-01-12 13:00:00,139.76,140.14,139.37,139.77
1768226400,2026-01-12 14:00:00,139.76,140.82,138.69,140.44
1768230000,2026-01-12 15:00:00,140.45,142.74,140.05,142.58
1768233600,2026-01-12 16:00:00,142.58,144.33,142.11,142.97
1768237200,2026-01-12 17:00:00,142.98,143.71,141.15,141.94
1768240800,2026-01-12 18:00:00,141.94,142.88,140.58,141.23
1768244400,2026-01-12 19:00:00,141.22,141.48,140.63,140.99
1768248000,2026-01-12 20:00:00,141,141.86,140,140.23
1768251600,2026-01-12 21:00:00,140.23,140.25,138.34,138.81
1768255200,2026-01-12 22:00:00,138.82,139.85,138.78,139.17
1768258800,2026-01-12 23:00:00,139.17,139.52,138.62,139.22
1768262400,2026-01-13 00:00:00,139.21,139.45,138.69,139.3
1768266000,2026-01-13 01:00:00,139.3,139.58,138.46,138.88
1768269600,2026-01-13 02:00:00,138.88,139.31,138.12,138.38
1768273200,2026-01-13 03:00:00,138.37,138.79,137.82,138.74
1768276800,2026-01-13 04:00:00,138.75,139.15,138.39,139.14
1768280400,2026-01-13 05:00:00,139.14,140.51,138.81,139.95
1768284000,2026-01-13 06:00:00,139.95,140.76,139.83,140.62
1768287600,2026-01-13 07:00:00,140.62,140.69,139.97,139.97
1768291200,2026-01-13 08:00:00,139.97,141.85,139.97,141.6
1768294800,2026-01-13 09:00:00,141.59,143.12,141.27,141.96
1768298400,2026-01-13 10:00:00,141.96,142.62,141.7,142.09
1768302000,2026-01-13 11:00:00,142.1,142.27,141.53,141.84
1768305600,2026-01-13 12:00:00,141.84,142.36,141.37,142.24
1768309200,2026-01-13 13:00:00,142.24,143.46,141.79,142.46
1768312800,2026-01-13 14:00:00,142.45,143.84,141.66,142.06
1768316400,2026-01-13 15:00:00,142.05,143.53,141.21,143.51
1768320000,2026-01-13 16:00:00,143.51,144.55,142.87,143.17
1768323600,2026-01-13 17:00:00,143.17,143.63,142.43,142.9
1768327200,2026-01-13 18:00:00,142.89,143.89,142.68,143.47
1768330800,2026-01-13 19:00:00,143.47,144.44,143.08,144.24
1768334400,2026-01-13 20:00:00,144.24,144.43,143,143.82
1768338000,2026-01-13 21:00:00,143.82,144.3,143.37,143.38
1768341600,2026-01-13 22:00:00,143.39,148.74,143.39,146.96
1768345200,2026-01-13 23:00:00,146.96,147.6,144.63,145.51
1768348800,2026-01-14 00:00:00,145.52,145.88,144.33,145.05
1768352400,2026-01-14 01:00:00,145.05,146.2,144.93,145.7
1768356000,2026-01-14 02:00:00,145.69,146.6,145.32,145.51
1768359600,2026-01-14 03:00:00,145.5,146.37,145.17,146.29
1768363200,2026-01-14 04:00:00,146.28,146.46,144.81,144.91
1768366800,2026-01-14 05:00:00,144.91,145.19,144.34,144.47
1768370400,2026-01-14 06:00:00,144.47,144.72,143.92,144.7
1768374000,2026-01-14 07:00:00,144.7,145.06,144.15,144.86
1768377600,2026-01-14 08:00:00,144.85,145.19,144.64,144.91
1768381200,2026-01-14 09:00:00,144.91,145.63,144.86,145.5
1768384800,2026-01-14 10:00:00,145.49,145.76,144.55,144.74
1768388400,2026-01-14 11:00:00,144.74,144.74,143.53,143.77
1768392000,2026-01-14 12:00:00,143.76,144.78,143.37,144.57
1768395600,2026-01-14 13:00:00,144.57,144.92,144.04,144.24
1768399200,2026-01-14 14:00:00,144.23,147.56,144.23,146.64
1768402800,2026-01-14 15:00:00,146.64,147.55,145.95,147.07
1768406400,2026-01-14 16:00:00,147.07,148.44,146.84,147.08
1768410000,2026-01-14 17:00:00,147.07,147.65,145.73,145.98
1768413600,2026-01-14 18:00:00,145.98,147.46,145.32,146.35
1768417200,2026-01-14 19:00:00,146.35,147.58,146.14,146.8
1768420800,2026-01-14 20:00:00,146.8,147.73,146.56,147.52
1768424400,2026-01-14 21:00:00,147.53,147.53,146.27,146.93
1768428000,2026-01-14 22:00:00,146.93,147.17,145.84,146.18
1768431600,2026-01-14 23:00:00,146.19,147.11,146.05,146.69
1768435200,2026-01-15 00:00:00,146.7,146.73,145.49,146.05
1768438800,2026-01-15 01:00:00,146.06,146.51,144.76,145.18
1768442400,2026-01-15 02:00:00,145.17,145.53,144.28,144.52
1768446000,2026-01-15 03:00:00,144.53,144.73,143.21,143.49
1768449600,2026-01-15 04:00:00,143.49,144.46,143.28,144.45
1768453200,2026-01-15 05:00:00,144.45,144.83,144.3,144.6
1768456800,2026-01-15 06:00:00,144.6,144.89,144.07,144.19
1768460400,2026-01-15 07:00:00,144.2,145.29,144.08,144.99
1768464000,2026-01-15 08:00:00,145,145.25,144.02,144.89
1768467600,2026-01-15 09:00:00,144.89,146,144.46,145.63
1768471200,2026-01-15 10:00:00,145.63,145.68,145.19,145.43
1768474800,2026-01-15 11:00:00,145.42,145.69,144.82,144.86
1768478400,2026-01-15 12:00:00,144.85,145.07,144.32,144.88
1768482000,2026-01-15 13:00:00,144.88,145.34,144.51,145.19
1768485600,2026-01-15 14:00:00,145.19,145.65,143.21,143.94
1768489200,2026-01-15 15:00:00,143.93,144.36,141.78,143.48
1768492800,2026-01-15 16:00:00,143.48,144.03,142.8,143.54
1768496400,2026-01-15 17:00:00,143.54,144.2,142.5,142.66
1768500000,2026-01-15 18:00:00,142.67,143.03,141.46,141.57
1768503600,2026-01-15 19:00:00,141.56,141.85,140.9,141.53
1768507200,2026-01-15 20:00:00,141.53,141.91,141.02,141.45
1768510800,2026-01-15 21:00:00,141.45,142.27,141.3,142.1
1768514400,2026-01-15 22:00:00,142.1,142.58,141.98,142.41
1768518000,2026-01-15 23:00:00,142.4,142.66,142.06,142.4
1768521600,2026-01-16 00:00:00,142.41,142.82,142.23,142.46
1768525200,2026-01-16 01:00:00,142.45,142.73,141.98,142.35
1768528800,2026-01-16 02:00:00,142.35,142.35,141.68,142.19
1768532400,2026-01-16 03:00:00,142.2,142.47,141.87,141.97
1768536000,2026-01-16 04:00:00,141.97,142.74,141.39,141.68
1768539600,2026-01-16 05:00:00,141.67,143.63,141.4,143.19
1768543200,2026-01-16 06:00:00,143.19,143.38,142.74,143.32
1768546800,2026-01-16 07:00:00,143.32,143.33,142.6,142.95
1768550400,2026-01-16 08:00:00,142.95,143.46,142.93,143.16
1768554000,2026-01-16 09:00:00,143.15,143.47,142.88,143.06
1768557600,2026-01-16 10:00:00,143.05,143.17,142.71,143.09
1768561200,2026-01-16 11:00:00,143.1,143.55,142.8,143.14
1768564800,2026-01-16 12:00:00,143.14,143.86,143.11,143.66
1768568400,2026-01-16 13:00:00,143.66,143.66,142.68,143.07
1768572000,2026-01-16 14:00:00,143.07,143.75,142.83,143.02
1768575600,2026-01-16 15:00:00,143.01,143.67,140.26,140.78
1768579200,2026-01-16 16:00:00,140.77,142,140.65,141.91
1768582800,2026-01-16 17:00:00,141.92,143.42,141.41,143.31
1768586400,2026-01-16 18:00:00,143.31,144.19,142.98,143.53
1768590000,2026-01-16 19:00:00,143.53,144.52,143.01,144.18
1768593600,2026-01-16 20:00:00,144.17,145,143.49,144.95
1768597200,2026-01-16 21:00:00,144.95,145.55,144.69,145.03
1768600800,2026-01-16 22:00:00,145.03,145.13,144.58,144.92
1768604400,2026-01-16 23:00:00,144.93,145.2,144.73,144.89
1768608000,2026-01-17 00:00:00,144.9,144.99,144.2,144.32
1768611600,2026-01-17 01:00:00,144.33,144.82,144.22,144.66
1768615200,2026-01-17 02:00:00,144.65,144.68,144.25,144.59
1768618800,2026-01-17 03:00:00,144.59,144.62,144.24,144.37
1768622400,2026-01-17 04:00:00,144.36,144.5,144.23,144.33
1768626000,2026-01-17 05:00:00,144.33,144.37,143.94,143.96
1768629600,2026-01-17 06:00:00,143.97,144.1,143.76,143.85
1768633200,2026-01-17 07:00:00,143.86,143.97,143.64,143.64
1768636800,2026-01-17 08:00:00,143.64,144.28,143.6,144.21
1768640400,2026-01-17 09:00:00,144.22,144.65,143.99,144.45
1768644000,2026-01-17 10:00:00,144.46,144.63,143.92,143.96
1768647600,2026-01-17 11:00:00,143.95,144.19,143.32,144
1768651200,2026-01-17 12:00:00,144,144.08,143.67,143.76
1768654800,2026-01-17 13:00:00,143.77,144.05,143.6,143.99
1768658400,2026-01-17 14:00:00,144,144.26,143.74,143.92
1768662000,2026-01-17 15:00:00,143.91,144.35,143.7,144.33
1768665600,2026-01-17 16:00:00,144.33,144.33,143.64,143.89
1768669200,2026-01-17 17:00:00,143.89,144.25,143.83,144.07
1768672800,2026-01-17 18:00:00,144.07,144.29,143.98,144.28
1768676400,2026-01-17 19:00:00,144.28,144.55,144.12,144.27
1768680000,2026-01-17 20:00:00,144.26,144.58,144.19,144.51
1768683600,2026-01-17 21:00:00,144.51,144.58,144.22,144.26
1768687200,2026-01-17 22:00:00,144.25,144.26,143.51,143.76
1768690800,2026-01-17 23:00:00,143.76,144.1,143.65,143.72
1768694400,2026-01-18 00:00:00,143.73,144,143.07,143.23
1768698000,2026-01-18 01:00:00,143.23,143.41,142.08,142.77
1768701600,2026-01-18 02:00:00,142.76,143.04,141.95,142.54
1768705200,2026-01-18 03:00:00,142.55,142.95,142.36,142.83
1768708800,2026-01-18 04:00:00,142.82,142.94,142.54,142.83
1768712400,2026-01-18 05:00:00,142.83,143,142.54,142.84
1768716000,2026-01-18 06:00:00,142.85,143.04,142.55,142.7
1768719600,2026-01-18 07:00:00,142.71,142.72,142.03,142.11
1768723200,2026-01-18 08:00:00,142.12,142.46,141.93,142.43
1768726800,2026-01-18 09:00:00,142.43,142.65,142.32,142.54
1768730400,2026-01-18 10:00:00,142.53,142.55,142.17,142.43
1768734000,2026-01-18 11:00:00,142.42,142.49,142.19,142.39
1768737600,2026-01-18 12:00:00,142.39,142.53,142.17,142.24
1768741200,2026-01-18 13:00:00,142.24,142.5,142,142.38
1768744800,2026-01-18 14:00:00,142.37,142.73,141.62,141.72
1768748400,2026-01-18 15:00:00,141.73,142.13,141.5,142
1768752000,2026-01-18 16:00:00,141.99,142.23,141.75,142.03
1768755600,2026-01-18 17:00:00,142.02,142.52,141.85,142.36
1768759200,2026-01-18 18:00:00,142.35,142.97,142.08,142.76
1768762800,2026-01-18 19:00:00,142.76,143.25,142.1,142.27
1768766400,2026-01-18 20:00:00,142.28,142.56,141.94,142.46
1768770000,2026-01-18 21:00:00,142.47,142.79,142.4,142.65
1768773600,2026-01-18 22:00:00,142.66,143.04,142.48,142.86
1768777200,2026-01-18 23:00:00,142.86,142.86,137.74,137.87
1768780800,2026-01-19 00:00:00,137.87,137.87,130,133.77
1768784400,2026-01-19 01:00:00,133.76,134.46,133.42,133.8
1768788000,2026-01-19 02:00:00,133.8,134.11,133.47,133.82
1768791600,2026-01-19 03:00:00,133.81,134.12,133.61,133.94
1768795200,2026-01-19 04:00:00,133.93,134.09,133.5,133.69
1768798800,2026-01-19 05:00:00,133.69,133.99,133.34,133.35
1768802400,2026-01-19 06:00:00,133.36,133.44,132.71,133.28
1768806000,2026-01-19 07:00:00,133.28,133.57,133.2,133.47
1768809600,2026-01-19 08:00:00,133.47,134.05,133.28,133.87
1768813200,2026-01-19 09:00:00,133.86,134.03,133.54,133.75
1768816800,2026-01-19 10:00:00,133.75,133.85,133.53,133.8
1768820400,2026-01-19 11:00:00,133.8,134.37,133.63,134.13
1768824000,2026-01-19 12:00:00,134.12,134.19,133.71,134.13
1768827600,2026-01-19 13:00:00,134.13,134.16,133.58,133.73
1768831200,2026-01-19 14:00:00,133.73,133.78,133.27,133.51
1768834800,2026-01-19 15:00:00,133.51,133.93,133.42,133.55
1768838400,2026-01-19 16:00:00,133.55,134.65,133.48,134.46
1768842000,2026-01-19 17:00:00,134.47,134.52,134.08,134.29
1768845600,2026-01-19 18:00:00,134.3,134.43,133.89,134.28
1768849200,2026-01-19 19:00:00,134.28,134.71,134.24,134.45
1768852800,2026-01-19 20:00:00,134.46,135.16,134.45,134.69
1768856400,2026-01-19 21:00:00,134.69,134.99,134.07,134.09
1768860000,2026-01-19 22:00:00,134.09,134.21,132.91,132.97
1768863600,2026-01-19 23:00:00,132.97,133.94,132.74,133.44
1768867200,2026-01-20 00:00:00,133.44,133.95,133.07,133.73
1768870800,2026-01-20 01:00:00,133.72,134.28,133.29,133.86
1768874400,2026-01-20 02:00:00,133.87,134.15,133.35,133.84
1768878000,2026-01-20 03:00:00,133.84,134.63,133.49,134.24
1768881600,2026-01-20 04:00:00,134.25,134.27,133.21,133.39
1768885200,2026-01-20 05:00:00,133.39,133.53,132.4,133.03
1768888800,2026-01-20 06:00:00,133.03,133.03,131.07,131.23
1768892400,2026-01-20 07:00:00,131.23,131.78,130.56,130.62
1768896000,2026-01-20 08:00:00,130.62,130.8,128.36,129.09
1768899600,2026-01-20 09:00:00,129.08,129.15,128.55,128.91
1768903200,2026-01-20 10:00:00,128.91,129.35,128.73,128.91
1768906800,2026-01-20 11:00:00,128.9,129.47,128.72,128.81
1768910400,2026-01-20 12:00:00,128.81,129.52,128.73,129.34
1768914000,2026-01-20 13:00:00,129.34,129.36,128.4,128.43
1768917600,2026-01-20 14:00:00,128.43,129.77,127.97,128.87
1768921200,2026-01-20 15:00:00,128.87,128.97,127.24,127.86
1768924800,2026-01-20 16:00:00,127.86,128.59,126.3,127.07
1768928400,2026-01-20 17:00:00,127.08,127.95,126.36,126.98
1768932000,2026-01-20 18:00:00,126.97,127.71,126.84,126.97
1768935600,2026-01-20 19:00:00,126.96,127.53,126.59,127.25
1768939200,2026-01-20 20:00:00,127.24,128.08,127,127.82
1768942800,2026-01-20 21:00:00,127.82,127.96,126.95,126.96
1768946400,2026-01-20 22:00:00,126.96,127.48,124.68,126.1
1768950000,2026-01-20 23:00:00,126.09,126.5,125.6,125.8
1768953600,2026-01-21 00:00:00,125.81,127.5,125.75,127.31
1768957200,2026-01-21 01:00:00,127.31,127.86,127.2,127.35
1768960800,2026-01-21 02:00:00,127.36,127.8,126.78,126.93
1768964400,2026-01-21 03:00:00,126.93,127.84,126.88,127.61
1768968000,2026-01-21 04:00:00,127.61,128.04,127.45,127.77
1768971600,2026-01-21 05:00:00,127.77,128.75,127.74,128.52
1768975200,2026-01-21 06:00:00,128.51,128.62,128.02,128.24
1768978800,2026-01-21 07:00:00,128.24,128.45,127.5,127.62
1768982400,2026-01-21 08:00:00,127.61,127.69,127,127.17
1768986000,2026-01-21 09:00:00,127.16,127.78,127.05,127.47
1768989600,2026-01-21 10:00:00,127.46,128.19,127.42,127.73
1768993200,2026-01-21 11:00:00,127.74,127.91,126.8,126.94
1768996800,2026-01-21 12:00:00,126.94,127.44,126.17,127.42
1769000400,2026-01-21 13:00:00,127.42,127.63,126.81,127.1
1769004000,2026-01-21 14:00:00,127.1,129.75,126.96,129.55
1769007600,2026-01-21 15:00:00,129.55,131.18,129.37,130.43
1769011200,2026-01-21 16:00:00,130.43,130.47,125.51,125.59
1769014800,2026-01-21 17:00:00,125.58,127.05,125.26,126.92
1769018400,2026-01-21 18:00:00,126.92,127.86,126.35,127.62
1769022000,2026-01-21 19:00:00,127.61,131.68,127.2,131.5
1769025600,2026-01-21 20:00:00,131.49,131.65,130.01,131.15
1769029200,2026-01-21 21:00:00,131.15,132.17,130.75,131.05
1769032800,2026-01-21 22:00:00,131.06,131.76,130.59,130.61
1769036400,2026-01-21 23:00:00,130.61,131.05,129.16,129.54
1769040000,2026-01-22 00:00:00,129.53,130.36,129.53,130.01
1769043600,2026-01-22 01:00:00,130.01,130.62,129.88,130.25
1769047200,2026-01-22 02:00:00,130.24,130.62,129.73,129.8
1769050800,2026-01-22 03:00:00,129.8,130.3,129.54,129.86
1769054400,2026-01-22 04:00:00,129.85,130.5,129.8,130.36
1769058000,2026-01-22 05:00:00,130.36,130.45,129.97,130.11
1769061600,2026-01-22 06:00:00,130.12,130.43,129.75,130.35
1769065200,2026-01-22 07:00:00,130.36,130.44,129.77,129.81
1769068800,2026-01-22 08:00:00,129.8,130.1,129.35,129.94
1769072400,2026-01-22 09:00:00,129.93,130.27,129.6,130.16
1769076000,2026-01-22 10:00:00,130.16,130.35,130.02,130.16
1769079600,2026-01-22 11:00:00,130.16,130.34,129.72,130.11
1769083200,2026-01-22 12:00:00,130.11,130.45,129.98,130.1
1769086800,2026-01-22 13:00:00,130.09,130.94,129.1,129.37
1769090400,2026-01-22 14:00:00,129.36,129.5,127.84,127.91
1769094000,2026-01-22 15:00:00,127.91,128.63,126.73,127.41
1769097600,2026-01-22 16:00:00,127.42,128.33,126.92,127.9
1769101200,2026-01-22 17:00:00,127.9,128.82,127.55,128.7
1769104800,2026-01-22 18:00:00,128.7,128.8,127.63,127.73
1769108400,2026-01-22 19:00:00,127.74,129.37,127.45,129.26
1769112000,2026-01-22 20:00:00,129.26,129.76,128.33,128.49
1769115600,2026-01-22 21:00:00,128.5,129.07,128.22,128.31
1769119200,2026-01-22 22:00:00,128.32,128.78,128.02,128.71
1769122800,2026-01-22 23:00:00,128.71,128.72,128.12,128.47
1769126400,2026-01-23 00:00:00,128.47,128.52,128.08,128.35
1769130000,2026-01-23 01:00:00,128.36,128.94,128.29,128.9
1769133600,2026-01-23 02:00:00,128.91,128.98,128.18,128.19
1769137200,2026-01-23 03:00:00,128.18,128.78,128.14,128.76
1769140800,2026-01-23 04:00:00,128.76,129.29,128.62,129.12
1769144400,2026-01-23 05:00:00,129.13,129.13,128.36,128.67
1769148000,2026-01-23 06:00:00,128.68,129.14,127.23,127.5
1769151600,2026-01-23 07:00:00,127.51,128.1,127.51,127.93
1769155200,2026-01-23 08:00:00,127.93,128,127,127.11
1769158800,2026-01-23 09:00:00,127.11,127.39,126.94,127.08
1769162400,2026-01-23 10:00:00,127.08,127.5,127.02,127.28
1769166000,2026-01-23 11:00:00,127.29,127.76,127.23,127.54
1769169600,2026-01-23 12:00:00,127.54,127.54,127.16,127.19
1769173200,2026-01-23 13:00:00,127.19,127.4,126.76,126.83
1769176800,2026-01-23 14:00:00,126.84,127.37,125.28,126.11
1769180400,2026-01-23 15:00:00,126.11,128.1,125.53,127.9
1769184000,2026-01-23 16:00:00,127.9,129.2,127.46,128.46
1769187600,2026-01-23 17:00:00,128.46,130.2,127.88,128.45
1769191200,2026-01-23 18:00:00,128.45,129.56,128.26,129.05
1769194800,2026-01-23 19:00:00,129.05,129.13,127.77,128.08
1769198400,2026-01-23 20:00:00,128.08,128.26,126.54,126.97
1769202000,2026-01-23 21:00:00,126.97,127.57,126.89,127.15
1769205600,2026-01-23 22:00:00,127.14,127.89,127.11,127.68
1769209200,2026-01-23 23:00:00,127.67,127.67,127.26,127.43
1769212800,2026-01-24 00:00:00,127.43,127.75,127.37,127.41
1769216400,2026-01-24 01:00:00,127.4,127.57,127.29,127.55
1769220000,2026-01-24 02:00:00,127.55,127.8,127.49,127.72
1769223600,2026-01-24 03:00:00,127.72,128.12,127.6,127.91
1769227200,2026-01-24 04:00:00,127.91,128.11,127.69,127.85
1769230800,2026-01-24 05:00:00,127.85,127.91,127.64,127.81
1769234400,2026-01-24 06:00:00,127.82,127.83,127.54,127.66
1769238000,2026-01-24 07:00:00,127.66,127.68,126.89,127.11
1769241600,2026-01-24 08:00:00,127.12,127.4,126.99,127.36
1769245200,2026-01-24 09:00:00,127.36,127.36,127,127.09
1769248800,2026-01-24 10:00:00,127.1,127.25,126.93,127.19
1769252400,2026-01-24 11:00:00,127.19,127.37,127.12,127.17
1769256000,2026-01-24 12:00:00,127.17,127.38,127.09,127.31
1769259600,2026-01-24 13:00:00,127.3,127.31,126.94,126.94
1769263200,2026-01-24 14:00:00,126.94,127.28,126.81,127.16
1769266800,2026-01-24 15:00:00,127.16,127.41,126.8,126.85
1769270400,2026-01-24 16:00:00,126.85,127.13,126.64,127.01
1769274000,2026-01-24 17:00:00,127.02,127.29,126.96,127.26
1769277600,2026-01-24 18:00:00,127.26,127.47,127.16,127.39
1769281200,2026-01-24 19:00:00,127.39,127.51,127.24,127.3
1769284800,2026-01-24 20:00:00,127.3,127.51,127.26,127.29
1769288400,2026-01-24 21:00:00,127.3,127.34,127.1,127.13
1769292000,2026-01-24 22:00:00,127.13,127.71,127.12,127.64
1769295600,2026-01-24 23:00:00,127.64,127.76,127.17,127.21
1769299200,2026-01-25 00:00:00,127.22,127.46,126.82,127.34
1769302800,2026-01-25 01:00:00,127.33,127.42,126.96,127.14
1769306400,2026-01-25 02:00:00,127.15,127.42,126.92,127.05
1769310000,2026-01-25 03:00:00,127.06,127.13,126.35,126.64
1769313600,2026-01-25 04:00:00,126.64,127,126.5,126.77
1769317200,2026-01-25 05:00:00,126.77,126.96,126.63,126.94
1769320800,2026-01-25 06:00:00,126.94,126.94,126.43,126.72
1769324400,2026-01-25 07:00:00,126.72,126.72,126.35,126.47
1769328000,2026-01-25 08:00:00,126.47,126.83,125.98,126.23
1769331600,2026-01-25 09:00:00,126.23,126.9,126.11,126.7
1769335200,2026-01-25 10:00:00,126.69,127.2,126.61,126.94
1769338800,2026-01-25 11:00:00,126.95,126.97,126.56,126.77
1769342400,2026-01-25 12:00:00,126.77,127.04,126.58,127.03
1769346000,2026-01-25 13:00:00,127.03,127.12,126.48,126.96
1769349600,2026-01-25 14:00:00,126.97,126.98,125.68,126.09
1769353200,2026-01-25 15:00:00,126.09,126.32,125.48,125.59
1769356800,2026-01-25 16:00:00,125.58,125.58,122.2,122.78
1769360400,2026-01-25 17:00:00,122.78,122.99,121.6,122.22
1769364000,2026-01-25 18:00:00,122.22,122.31,120.74,121.69
1769367600,2026-01-25 19:00:00,121.69,121.87,117.15,117.96
1769371200,2026-01-25 20:00:00,117.96,118.7,117.38,118.33
1769374800,2026-01-25 21:00:00,118.33,118.95,117.62,118.83
1769378400,2026-01-25 22:00:00,118.83,118.85,117.9,118.42
1769382000,2026-01-25 23:00:00,118.42,119.45,117.53,118.85
1769385600,2026-01-26 00:00:00,118.85,119.8,118.53,119.65
1769389200,2026-01-26 01:00:00,119.65,122.77,119.57,122.4
1769392800,2026-01-26 02:00:00,122.4,122.68,121.29,122.03
1769396400,2026-01-26 03:00:00,122.03,122.33,121.11,121.57
1769400000,2026-01-26 04:00:00,121.58,123.62,121.57,122.59
1769403600,2026-01-26 05:00:00,122.59,122.9,122.41,122.48
1769407200,2026-01-26 06:00:00,122.48,122.77,122.19,122.48
1769410800,2026-01-26 07:00:00,122.49,123.01,122.23,122.89
1769414400,2026-01-26 08:00:00,122.9,123.59,122.27,122.69
1769418000,2026-01-26 09:00:00,122.7,122.74,121.76,121.93
1769421600,2026-01-26 10:00:00,121.94,122.7,121.94,122.45
1769425200,2026-01-26 11:00:00,122.46,122.7,122.41,122.5
1769428800,2026-01-26 12:00:00,122.51,122.99,122.35,122.68
1769432400,2026-01-26 13:00:00,122.69,123.28,122.53,123.16
1769436000,2026-01-26 14:00:00,123.16,124.26,122.66,123.8
1769439600,2026-01-26 15:00:00,123.8,125.2,123.04,123.53
1769443200,2026-01-26 16:00:00,123.53,124.88,123.17,124.3
1769446800,2026-01-26 17:00:00,124.31,124.67,123.03,124.28
1769450400,2026-01-26 18:00:00,124.29,125.6,123.96,124.9
1769454000,2026-01-26 19:00:00,124.91,125.13,124.18,124.31
1769457600,2026-01-26 20:00:00,124.31,124.47,123.42,123.7
1769461200,2026-01-26 21:00:00,123.7,124.81,123.52,124.52
1769464800,2026-01-26 22:00:00,124.52,124.88,124.26,124.54
1769468400,2026-01-26 23:00:00,124.53,124.87,124.13,124.24
1769472000,2026-01-27 00:00:00,124.24,124.42,123.88,124.09
1769475600,2026-01-27 01:00:00,124.09,124.58,123.73,124.34
1769479200,2026-01-27 02:00:00,124.35,125.12,124.32,125.04
1769482800,2026-01-27 03:00:00,125.04,125.17,124.4,124.51
1769486400,2026-01-27 04:00:00,124.51,125.15,124.27,124.42
1769490000,2026-01-27 05:00:00,124.43,124.53,124.15,124.47
1769493600,2026-01-27 06:00:00,124.47,124.74,124,124.21
1769497200,2026-01-27 07:00:00,124.22,124.65,124.04,124.52
1769500800,2026-01-27 08:00:00,124.52,124.79,123.99,124.06
1769504400,2026-01-27 09:00:00,124.06,124.08,123.57,123.74
1769508000,2026-01-27 10:00:00,123.75,124.14,123.69,123.72
1769511600,2026-01-27 11:00:00,123.72,124.29,123.61,124.12
1769515200,2026-01-27 12:00:00,124.12,124.34,123.83,123.89
1769518800,2026-01-27 13:00:00,123.89,123.93,123.12,123.2
1769522400,2026-01-27 14:00:00,123.2,124.52,123.17,123.64
1769526000,2026-01-27 15:00:00,123.65,125.06,123.45,125.01
1769529600,2026-01-27 16:00:00,125.01,126.79,124.99,126.32
1769533200,2026-01-27 17:00:00,126.31,126.33,123.55,124.05
1769536800,2026-01-27 18:00:00,124.05,126.3,123.8,125.81
1769540400,2026-01-27 19:00:00,125.82,126.27,125.4,125.85
1769544000,2026-01-27 20:00:00,125.84,127.52,125.73,127.36
1769547600,2026-01-27 21:00:00,127.36,127.84,126.93,127.06
1769551200,2026-01-27 22:00:00,127.07,127.8,126.98,127.62
1769554800,2026-01-27 23:00:00,127.62,127.65,127.12,127.19
1769558400,2026-01-28 00:00:00,127.18,127.31,126.65,127.26
1769562000,2026-01-28 01:00:00,127.26,127.52,126.71,127.09
1769565600,2026-01-28 02:00:00,127.08,127.4,126.7,127.07
1769569200,2026-01-28 03:00:00,127.07,127.25,126.71,126.96
1769572800,2026-01-28 04:00:00,126.96,127.03,126.47,126.84
1769576400,2026-01-28 05:00:00,126.84,126.99,126.45,126.77
1769580000,2026-01-28 06:00:00,126.77,127.53,126.77,127.4
1769583600,2026-01-28 07:00:00,127.41,127.54,126.95,127.1
1769587200,2026-01-28 08:00:00,127.09,127.29,126.61,126.67
1769590800,2026-01-28 09:00:00,126.68,127.61,125.97,127.6
1769594400,2026-01-28 10:00:00,127.61,128.13,127.29,127.32
1769598000,2026-01-28 11:00:00,127.32,128.34,127.17,128.17
1769601600,2026-01-28 12:00:00,128.16,128.25,127.03,127.25
1769605200,2026-01-28 13:00:00,127.25,127.87,126.87,127.35
1769608800,2026-01-28 14:00:00,127.35,127.35,126.48,126.87
1769612400,2026-01-28 15:00:00,126.86,127.17,125.52,126.07
1769616000,2026-01-28 16:00:00,126.06,126.64,125.6,126.09
1769619600,2026-01-28 17:00:00,126.09,127.04,125.26,126.53
1769623200,2026-01-28 18:00:00,126.53,126.55,125.7,126.09
1769626800,2026-01-28 19:00:00,126.09,126.72,125.3,126.01
1769630400,2026-01-28 20:00:00,126,126.68,125.34,125.44
1769634000,2026-01-28 21:00:00,125.44,125.84,124.78,125.48
1769637600,2026-01-28 22:00:00,125.49,125.85,125.16,125.73
1769641200,2026-01-28 23:00:00,125.73,125.78,125.07,125.35
1769644800,2026-01-29 00:00:00,125.34,125.51,124.57,125.13
1769648400,2026-01-29 01:00:00,125.12,125.24,124.13,124.33
1769652000,2026-01-29 02:00:00,124.33,124.82,123.14,123.52
1769655600,2026-01-29 03:00:00,123.51,123.79,122.7,123.07
1769659200,2026-01-29 04:00:00,123.07,123.52,122.5,123.42
1769662800,2026-01-29 05:00:00,123.42,123.82,123.15,123.26
1769666400,2026-01-29 06:00:00,123.25,123.72,123.11,123.69
1769670000,2026-01-29 07:00:00,123.69,123.98,123.65,123.78
1769673600,2026-01-29 08:00:00,123.78,123.93,123.16,123.3
1769677200,2026-01-29 09:00:00,123.3,123.38,122.96,123.03
1769680800,2026-01-29 10:00:00,123.03,123.3,122.92,123.21
1769684400,2026-01-29 11:00:00,123.21,123.3,122.66,122.76
1769688000,2026-01-29 12:00:00,122.76,123.18,122.45,122.85
1769691600,2026-01-29 13:00:00,122.85,123.34,122.68,122.91
1769695200,2026-01-29 14:00:00,122.91,123.09,120.29,120.37
1769698800,2026-01-29 15:00:00,120.38,120.44,116.12,117.69
1769702400,2026-01-29 16:00:00,117.69,118.99,116.74,118.96
1769706000,2026-01-29 17:00:00,118.95,119.96,117.68,117.91
1769709600,2026-01-29 18:00:00,117.92,118.19,115.39,115.78
1769713200,2026-01-29 19:00:00,115.77,117.21,115.43,116.84
1769716800,2026-01-29 20:00:00,116.84,117.47,116.56,116.95
1769720400,2026-01-29 21:00:00,116.95,117.72,116.92,117.45
1769724000,2026-01-29 22:00:00,117.46,117.79,117.32,117.58
1769727600,2026-01-29 23:00:00,117.58,117.91,117.27,117.82
1769731200,2026-01-30 00:00:00,117.82,118.14,117.5,117.63
1769734800,2026-01-30 01:00:00,117.64,117.91,112.14,115.22
1769738400,2026-01-30 02:00:00,115.22,115.37,112.78,114.12
1769742000,2026-01-30 03:00:00,114.12,114.68,113.55,114.43
1769745600,2026-01-30 04:00:00,114.44,115.83,114.29,115.58
1769749200,2026-01-30 05:00:00,115.58,116.1,115.44,115.46
1769752800,2026-01-30 06:00:00,115.47,115.47,113.01,113.86
1769756400,2026-01-30 07:00:00,113.87,116.13,113.87,115.78
1769760000,2026-01-30 08:00:00,115.78,116.18,115.17,115.39
1769763600,2026-01-30 09:00:00,115.39,116.04,114.67,115.37
1769767200,2026-01-30 10:00:00,115.37,115.99,115.08,115.92
1769770800,2026-01-30 11:00:00,115.91,117.28,115.77,117.08
1769774400,2026-01-30 12:00:00,117.08,117.33,115.96,116.27
1769778000,2026-01-30 13:00:00,116.28,116.4,115.21,115.81
1769781600,2026-01-30 14:00:00,115.81,117.64,115.78,116.36
1769785200,2026-01-30 15:00:00,116.36,117.14,114.58,116.8
1769788800,2026-01-30 16:00:00,116.8,117.99,116.21,117.14
1769792400,2026-01-30 17:00:00,117.14,117.77,116.55,116.64
1769796000,2026-01-30 18:00:00,116.63,118.6,114.34,118.1
1769799600,2026-01-30 19:00:00,118.1,119.12,118.1,118.3
1769803200,2026-01-30 20:00:00,118.29,118.43,116.52,117.01
1769806800,2026-01-30 21:00:00,117.01,118,116.86,117.38
1769810400,2026-01-30 22:00:00,117.38,117.56,116.58,117.4
1769814000,2026-01-30 23:00:00,117.39,117.63,116.9,117.59
1769817600,2026-01-31 00:00:00,117.6,117.98,117.39,117.55
1769821200,2026-01-31 01:00:00,117.54,118.37,117.54,118.17
1769824800,2026-01-31 02:00:00,118.17,118.56,117.6,118.31
1769828400,2026-01-31 03:00:00,118.31,118.66,118.18,118.39
1769832000,2026-01-31 04:00:00,118.39,118.85,118.28,118.44
1769835600,2026-01-31 05:00:00,118.44,118.77,118.01,118.62
1769839200,2026-01-31 06:00:00,118.62,118.8,117.9,118.54
1769842800,2026-01-31 07:00:00,118.55,118.6,117.2,117.37
1769846400,2026-01-31 08:00:00,117.38,117.53,114.29,115.62
1769850000,2026-01-31 09:00:00,115.62,116.83,115.39,116.36
1769853600,2026-01-31 10:00:00,116.35,116.92,116.04,116.78
1769857200,2026-01-31 11:00:00,116.79,116.79,115.97,116.05
1769860800,2026-01-31 12:00:00,116.06,116.19,115.01,115.19
1769864400,2026-01-31 13:00:00,115.19,115.23,113.61,114.16
1769868000,2026-01-31 14:00:00,114.16,114.43,108.23,109.14
1769871600,2026-01-31 15:00:00,109.14,110.2,108.39,108.65
1769875200,2026-01-31 16:00:00,108.65,109.83,105.61,106.28
1769878800,2026-01-31 17:00:00,106.27,106.73,100.26,103.31
1769882400,2026-01-31 18:00:00,103.3,103.88,96.4,101.96
1769886000,2026-01-31 19:00:00,101.96,103.49,101.5,101.78
1769889600,2026-01-31 20:00:00,101.77,102.58,100.4,101.99
1769893200,2026-01-31 21:00:00,101.99,103.8,101.31,103.49
1769896800,2026-01-31 22:00:00,103.5,104.39,103.32,104.12
1769900400,2026-01-31 23:00:00,104.11,106.55,103.86,105.58
1769904000,2026-02-01 00:00:00,105.58,106.43,105.32,105.67
1769907600,2026-02-01 01:00:00,105.67,105.81,104.23,104.99
1769911200,2026-02-01 02:00:00,104.99,105.99,104.77,105.56
1769914800,2026-02-01 03:00:00,105.56,105.68,104.53,104.97
1769918400,2026-02-01 04:00:00,104.97,105.51,104.8,105.2
1769922000,2026-02-01 05:00:00,105.21,105.71,104.5,104.69
1769925600,2026-02-01 06:00:00,104.69,105.44,104.53,105.07
1769929200,2026-02-01 07:00:00,105.08,106.02,103.96,105.2
1769932800,2026-02-01 08:00:00,105.2,106.06,104.81,105.52
1769936400,2026-02-01 09:00:00,105.52,105.94,104.96,105.79
1769940000,2026-02-01 10:00:00,105.8,105.85,103.59,103.75
1769943600,2026-02-01 11:00:00,103.76,105.4,103.73,105.05
1769947200,2026-02-01 12:00:00,105.06,105.19,104.13,105.05
1769950800,2026-02-01 13:00:00,105.04,106.69,104.08,104.45
1769954400,2026-02-01 14:00:00,104.45,104.81,101.75,102.95
1769958000,2026-02-01 15:00:00,102.96,102.96,100.21,101.69
1769961600,2026-02-01 16:00:00,101.7,102.89,100.93,101.73
1769965200,2026-02-01 17:00:00,101.73,102.5,101.13,102.44
1769968800,2026-02-01 18:00:00,102.44,104.27,102.43,103.45
1769972400,2026-02-01 19:00:00,103.44,103.77,101.56,101.94
1769976000,2026-02-01 20:00:00,101.94,102.87,100.19,101.59
1769979600,2026-02-01 21:00:00,101.59,101.71,100.13,100.85
1769983200,2026-02-01 22:00:00,100.85,102.88,100.82,101.8
1769986800,2026-02-01 23:00:00,101.79,102.05,98.02,100.79
1769990400,2026-02-02 00:00:00,100.78,102.9,99.65,102.28
1769994000,2026-02-02 01:00:00,102.28,103.14,100.41,102.09
1769997600,2026-02-02 02:00:00,102.1,102.74,100.57,100.75
1770001200,2026-02-02 03:00:00,100.75,100.88,95.95,100.07
1770004800,2026-02-02 04:00:00,100.08,101.79,98.66,100.31
1770008400,2026-02-02 05:00:00,100.3,100.46,97.67,98.3
1770012000,2026-02-02 06:00:00,98.3,101.4,97.07,100.72
1770015600,2026-02-02 07:00:00,100.72,102.43,100.46,101.43
1770019200,2026-02-02 08:00:00,101.42,102.49,101.36,101.7
1770022800,2026-02-02 09:00:00,101.71,103.19,101.42,102.79
1770026400,2026-02-02 10:00:00,102.79,103.45,102.62,102.88
1770030000,2026-02-02 11:00:00,102.89,103.44,102.65,102.78
1770033600,2026-02-02 12:00:00,102.78,103.78,102.78,103.3
1770037200,2026-02-02 13:00:00,103.29,103.7,102.83,103.33
1770040800,2026-02-02 14:00:00,103.33,105.14,102.39,103.97
1770044400,2026-02-02 15:00:00,103.97,106.12,103.56,104.7
1770048000,2026-02-02 16:00:00,104.69,105.78,104.28,105
1770051600,2026-02-02 17:00:00,105,105.58,104.45,104.81
1770055200,2026-02-02 18:00:00,104.81,105.04,103.88,104.72
1770058800,2026-02-02 19:00:00,104.72,104.84,103.51,103.89
1770062400,2026-02-02 20:00:00,103.88,104.26,103.32,103.84
1770066000,2026-02-02 21:00:00,103.85,104.99,103.8,104.84
1770069600,2026-02-02 22:00:00,104.84,105.2,104.55,105.02
1770073200,2026-02-02 23:00:00,105.02,105.07,104.41,104.55
1770076800,2026-02-03 00:00:00,104.54,104.67,103.7,104.18
1770080400,2026-02-03 01:00:00,104.17,104.4,103.56,104.39
1770084000,2026-02-03 02:00:00,104.4,104.4,102.35,102.44
1770087600,2026-02-03 03:00:00,102.44,104.42,102.18,104.16
1770091200,2026-02-03 04:00:00,104.17,105.1,103.86,104.68
1770094800,2026-02-03 05:00:00,104.68,104.73,103.65,103.72
1770098400,2026-02-03 06:00:00,103.72,104.08,102.96,103.98
1770102000,2026-02-03 07:00:00,103.98,104.91,103.75,104.7
1770105600,2026-02-03 08:00:00,104.7,105.04,104.07,104.11
1770109200,2026-02-03 09:00:00,104.11,104.21,102.54,103.15
1770112800,2026-02-03 10:00:00,103.14,103.35,102.5,102.9
1770116400,2026-02-03 11:00:00,102.91,103.42,102.83,103.01
1770120000,2026-02-03 12:00:00,103.01,103.38,102.53,103.13
1770123600,2026-02-03 13:00:00,103.13,103.59,102.74,103.42
1770127200,2026-02-03 14:00:00,103.41,103.65,100.75,100.86
1770130800,2026-02-03 15:00:00,100.85,102.79,100.41,102.56
1770134400,2026-02-03 16:00:00,102.56,102.56,99.96,100.73
1770138000,2026-02-03 17:00:00,100.72,100.97,99.03,99.11
1770141600,2026-02-03 18:00:00,99.11,99.43,96.64,96.84
1770145200,2026-02-03 19:00:00,96.83,100.1,96.7,99.02
1770148800,2026-02-03 20:00:00,99.01,102.07,98.31,101.14
1770152400,2026-02-03 21:00:00,101.14,101.85,100,100.2
1770156000,2026-02-03 22:00:00,100.21,100.29,98.15,98.48
1770159600,2026-02-03 23:00:00,98.48,98.6,97.21,97.89
1770163200,2026-02-04 00:00:00,97.89,98.8,97.17,97.99
1770166800,2026-02-04 01:00:00,97.99,99.67,97.99,99.12
1770170400,2026-02-04 02:00:00,99.12,99.2,97.41,97.93
1770174000,2026-02-04 03:00:00,97.94,99.64,97.92,99.13
1770177600,2026-02-04 04:00:00,99.12,99.35,98.04,98.09
1770181200,2026-02-04 05:00:00,98.1,98.46,96.46,97.02
1770184800,2026-02-04 06:00:00,97.02,98.8,96.78,98.25
1770188400,2026-02-04 07:00:00,98.25,98.25,97.41,97.9
1770192000,2026-02-04 08:00:00,97.91,97.96,96.77,97.73
1770195600,2026-02-04 09:00:00,97.72,97.79,96.76,97.14
1770199200,2026-02-04 10:00:00,97.14,97.29,96.76,97.03
1770202800,2026-02-04 11:00:00,97.03,97.07,94.71,96.11
1770206400,2026-02-04 12:00:00,96.12,96.73,95.86,96.47
1770210000,2026-02-04 13:00:00,96.47,96.48,94.17,94.39
1770213600,2026-02-04 14:00:00,94.38,95.04,92.95,93.13
1770217200,2026-02-04 15:00:00,93.12,94.2,91.31,92.79
1770220800,2026-02-04 16:00:00,92.8,93.13,90.98,91.97
1770224400,2026-02-04 17:00:00,91.97,92.63,90,91.44
1770228000,2026-02-04 18:00:00,91.45,93.24,90.35,92.3
1770231600,2026-02-04 19:00:00,92.3,94.71,92.28,94.38
1770235200,2026-02-04 20:00:00,94.38,94.5,93,93.24
1770238800,2026-02-04 21:00:00,93.24,93.39,90.73,91.32
1770242400,2026-02-04 22:00:00,91.33,92.9,89.3,90.82
1770246000,2026-02-04 23:00:00,90.82,92.94,90.26,92.12
1770249600,2026-02-05 00:00:00,92.11,92.76,91.37,91.74
1770253200,2026-02-05 01:00:00,91.75,92.89,90.52,91.94
1770256800,2026-02-05 02:00:00,91.94,92.72,90.7,90.93
1770260400,2026-02-05 03:00:00,90.92,91.69,90.24,91.15
1770264000,2026-02-05 04:00:00,91.14,91.92,90.32,91.13
1770267600,2026-02-05 05:00:00,91.13,92.11,89.92,91.17
1770271200,2026-02-05 06:00:00,91.17,91.24,89.68,90.21
1770274800,2026-02-05 07:00:00,90.22,91.66,90.16,90.54
1770278400,2026-02-05 08:00:00,90.55,92.46,90.55,91.77
1770282000,2026-02-05 09:00:00,91.77,93.43,91.74,92.5
1770285600,2026-02-05 10:00:00,92.51,92.66,89.8,90.31
1770289200,2026-02-05 11:00:00,90.31,90.82,88.66,89.98
1770292800,2026-02-05 12:00:00,89.98,90.76,88.68,89.53
1770296400,2026-02-05 13:00:00,89.52,90.06,88.2,88.48
1770300000,2026-02-05 14:00:00,88.48,91.43,88.31,88.6
1770303600,2026-02-05 15:00:00,88.6,88.99,83.44,84.61
1770307200,2026-02-05 16:00:00,84.61,86.2,83.69,85.55
1770310800,2026-02-05 17:00:00,85.55,85.73,82.44,82.7
1770314400,2026-02-05 18:00:00,82.7,83.34,81.21,82.96
1770318000,2026-02-05 19:00:00,82.96,83.31,81.41,81.68
1770321600,2026-02-05 20:00:00,81.68,82.3,77.68,78.84
1770325200,2026-02-05 21:00:00,78.84,81.2,78.38,79
1770328800,2026-02-05 22:00:00,79.01,80.68,77.6,79.81
1770332400,2026-02-05 23:00:00,79.81,81.63,78.08,78.35
1770336000,2026-02-06 00:00:00,78.34,78.8,67.5,75.51
1770339600,2026-02-06 01:00:00,75.51,79.79,75.48,79.6
1770343200,2026-02-06 02:00:00,79.6,80.3,76.4,76.95
1770346800,2026-02-06 03:00:00,76.95,77.4,75.73,76.71
1770350400,2026-02-06 04:00:00,76.71,78.03,76.22,77.76
1770354000,2026-02-06 05:00:00,77.75,81.65,77.59,81.15
1770357600,2026-02-06 06:00:00,81.15,81.6,79.39,79.5
1770361200,2026-02-06 07:00:00,79.51,80.61,78.76,79.59
1770364800,2026-02-06 08:00:00,79.6,80.23,78.67,79.07
1770368400,2026-02-06 09:00:00,79.07,81.69,78.95,81.34
1770372000,2026-02-06 10:00:00,81.34,82.04,80.74,80.81
1770375600,2026-02-06 11:00:00,80.81,81.75,80.46,81.36
1770379200,2026-02-06 12:00:00,81.36,81.96,80.85,81.89
1770382800,2026-02-06 13:00:00,81.9,83.85,81.7,83.11
1770386400,2026-02-06 14:00:00,83.11,85.19,81.9,84.18
1770390000,2026-02-06 15:00:00,84.18,85.06,83.4,84.49
1770393600,2026-02-06 16:00:00,84.48,87.23,83.66,86.74
1770397200,2026-02-06 17:00:00,86.74,88.72,86.16,86.73
1770400800,2026-02-06 18:00:00,86.73,86.87,85.23,86.17
1770404400,2026-02-06 19:00:00,86.17,87.45,85.56,87.09
1770408000,2026-02-06 20:00:00,87.09,87.96,86.63,86.92
1770411600,2026-02-06 21:00:00,86.91,88.2,86.6,88.06
1770415200,2026-02-06 22:00:00,88.07,89.84,87.95,89.17
1770418800,2026-02-06 23:00:00,89.17,89.6,87.36,87.46
1770422400,2026-02-07 00:00:00,87.45,87.47,86.1,86.57
1770426000,2026-02-07 01:00:00,86.56,87.49,85.91,87.13
1770429600,2026-02-07 02:00:00,87.12,87.61,86.81,87.35
1770433200,2026-02-07 03:00:00,87.35,88.39,87.24,88.1
1770436800,2026-02-07 04:00:00,88.09,89.04,87.29,87.73
1770440400,2026-02-07 05:00:00,87.74,88.64,87.55,87.81
1770444000,2026-02-07 06:00:00,87.8,88.25,86.22,86.25
1770447600,2026-02-07 07:00:00,86.25,86.65,84.16,85.29
1770451200,2026-02-07 08:00:00,85.29,85.74,84.75,85.36
1770454800,2026-02-07 09:00:00,85.36,85.73,84.81,85.24
1770458400,2026-02-07 10:00:00,85.23,85.48,84.51,85
1770462000,2026-02-07 11:00:00,85,85.2,84.58,84.91
1770465600,2026-02-07 12:00:00,84.9,87.2,84.85,86.22
1770469200,2026-02-07 13:00:00,86.23,86.65,85.57,86.13
1770472800,2026-02-07 14:00:00,86.13,86.61,85.51,85.77
1770476400,2026-02-07 15:00:00,85.77,86.97,85.65,86.57
1770480000,2026-02-07 16:00:00,86.56,88.12,86.17,87.05
1770483600,2026-02-07 17:00:00,87.06,87.74,86.48,87.65
1770487200,2026-02-07 18:00:00,87.64,89.19,87.45,88.71
1770490800,2026-02-07 19:00:00,88.72,88.79,88.03,88.3
1770494400,2026-02-07 20:00:00,88.3,89.2,88.01,88.91
1770498000,2026-02-07 21:00:00,88.92,89.2,88.12,88.21
1770501600,2026-02-07 22:00:00,88.22,88.77,88.16,88.27
1770505200,2026-02-07 23:00:00,88.28,88.34,86.86,87.59
1770508800,2026-02-08 00:00:00,87.59,87.68,87.1,87.35
1770512400,2026-02-08 01:00:00,87.34,88,87.31,87.89
1770516000,2026-02-08 02:00:00,87.89,88.22,86.94,87.27
1770519600,2026-02-08 03:00:00,87.27,87.54,86.7,86.82
1770523200,2026-02-08 04:00:00,86.82,87.42,86.63,87.41
1770526800,2026-02-08 05:00:00,87.4,87.56,87.05,87.29
1770530400,2026-02-08 06:00:00,87.29,87.51,86.94,87.17
1770534000,2026-02-08 07:00:00,87.17,87.42,86.69,87.42
1770537600,2026-02-08 08:00:00,87.41,88.83,86.94,88.65
1770541200,2026-02-08 09:00:00,88.64,88.99,87.54,87.61
1770544800,2026-02-08 10:00:00,87.6,88.13,86.44,86.88
1770548400,2026-02-08 11:00:00,86.88,88.32,86.75,88.25
1770552000,2026-02-08 12:00:00,88.25,88.37,87.7,88.17
1770555600,2026-02-08 13:00:00,88.16,88.89,87.78,88.58
1770559200,2026-02-08 14:00:00,88.57,88.75,88.02,88.43
1770562800,2026-02-08 15:00:00,88.43,88.76,87.35,87.77
1770566400,2026-02-08 16:00:00,87.78,87.91,85.77,86.22
1770570000,2026-02-08 17:00:00,86.22,87.12,86.19,86.96
1770573600,2026-02-08 18:00:00,86.96,88.61,86.94,87.85
1770577200,2026-02-08 19:00:00,87.84,88.59,87.81,88.41
1770580800,2026-02-08 20:00:00,88.41,88.42,86.76,86.9
1770584400,2026-02-08 21:00:00,86.89,87.34,86.24,86.6
1770588000,2026-02-08 22:00:00,86.61,87.27,86.46,87.13
1770591600,2026-02-08 23:00:00,87.12,89.08,86.06,86.99
1770595200,2026-02-09 00:00:00,86.99,87.45,86.39,87.07
1770598800,2026-02-09 01:00:00,87.06,87.98,85.75,86.42
1770602400,2026-02-09 02:00:00,86.42,87.85,86.18,87.01
1770606000,2026-02-09 03:00:00,87.02,87.91,86.84,87.67
1770609600,2026-02-09 04:00:00,87.67,87.72,86.97,87.12
1770613200,2026-02-09 05:00:00,87.12,87.44,86.88,87.26
1770616800,2026-02-09 06:00:00,87.26,87.26,85.96,86.45
1770620400,2026-02-09 07:00:00,86.45,86.61,85.19,85.5
1770624000,2026-02-09 08:00:00,85.5,85.64,83.86,84.59
1770627600,2026-02-09 09:00:00,84.58,84.93,83.94,84.33
1770631200,2026-02-09 10:00:00,84.32,84.48,82.86,83.23
1770634800,2026-02-09 11:00:00,83.23,83.7,83.22,83.47
1770638400,2026-02-09 12:00:00,83.48,84.37,83.45,84.06
1770642000,2026-02-09 13:00:00,84.05,84.62,83.75,83.77
1770645600,2026-02-09 14:00:00,83.77,85.24,83.55,84.96
1770649200,2026-02-09 15:00:00,84.95,85.8,84.32,85.28
1770652800,2026-02-09 16:00:00,85.28,86.86,84.81,86.11
1770656400,2026-02-09 17:00:00,86.11,88.1,85.66,87.79
1770660000,2026-02-09 18:00:00,87.78,88.69,87.07,87.51
1770663600,2026-02-09 19:00:00,87.51,88.24,87.15,87.97
1770667200,2026-02-09 20:00:00,87.96,88.31,87.21,87.76
1770670800,2026-02-09 21:00:00,87.76,87.89,86.53,87.34
1770674400,2026-02-09 22:00:00,87.34,87.59,86.97,87.12
1770678000,2026-02-09 23:00:00,87.12,87.4,86.64,86.77
1770681600,2026-02-10 00:00:00,86.77,86.93,86.28,86.4
1770685200,2026-02-10 01:00:00,86.4,87.49,86.37,87.29
1770688800,2026-02-10 02:00:00,87.28,87.32,86.42,86.66
1770692400,2026-02-10 03:00:00,86.67,86.85,85.26,85.87
1770696000,2026-02-10 04:00:00,85.86,86.67,85.79,86.55
1770699600,2026-02-10 05:00:00,86.55,86.57,85.61,85.95
1770703200,2026-02-10 06:00:00,85.95,86.04,84.3,84.6
1770706800,2026-02-10 07:00:00,84.6,85.14,84.43,84.63
1770710400,2026-02-10 08:00:00,84.64,84.87,84.17,84.66
1770714000,2026-02-10 09:00:00,84.65,85.09,84.29,84.56
1770717600,2026-02-10 10:00:00,84.57,84.75,84.2,84.22
1770721200,2026-02-10 11:00:00,84.23,84.61,83.77,83.85
1770724800,2026-02-10 12:00:00,83.85,84.36,83.69,83.96
1770728400,2026-02-10 13:00:00,83.95,84.78,83.68,84.66
1770732000,2026-02-10 14:00:00,84.66,85.24,83.2,83.72
1770735600,2026-02-10 15:00:00,83.72,84.54,83.43,84.3
1770739200,2026-02-10 16:00:00,84.3,84.94,83.77,84.46
1770742800,2026-02-10 17:00:00,84.45,85.14,84.2,84.9
1770746400,2026-02-10 18:00:00,84.91,84.98,82.71,82.94
1770750000,2026-02-10 19:00:00,82.93,83.51,82.44,83.08
1770753600,2026-02-10 20:00:00,83.08,83.23,82.3,82.63
1770757200,2026-02-10 21:00:00,82.63,82.94,81.91,82.46
1770760800,2026-02-10 22:00:00,82.46,82.98,82.36,82.6
1770764400,2026-02-10 23:00:00,82.59,83,82.36,82.99
1770768000,2026-02-11 00:00:00,82.99,83.72,82.93,83.47
1770771600,2026-02-11 01:00:00,83.46,83.79,83.2,83.77
1770775200,2026-02-11 02:00:00,83.77,84.39,83.53,83.54
1770778800,2026-02-11 03:00:00,83.55,83.86,82.59,83.34
1770782400,2026-02-11 04:00:00,83.34,83.54,81.71,81.98
1770786000,2026-02-11 05:00:00,81.98,82.41,81.73,81.89
1770789600,2026-02-11 06:00:00,81.9,81.99,80.58,80.87
1770793200,2026-02-11 07:00:00,80.87,81.36,80.28,81
1770796800,2026-02-11 08:00:00,81,81.2,80.55,81.09
1770800400,2026-02-11 09:00:00,81.09,81.29,80.67,80.8
1770804000,2026-02-11 10:00:00,80.8,81,80.38,80.69
1770807600,2026-02-11 11:00:00,80.69,81.47,80.65,81.26
1770811200,2026-02-11 12:00:00,81.25,81.47,80.95,81.18
1770814800,2026-02-11 13:00:00,81.18,81.84,80.64,81.64
1770818400,2026-02-11 14:00:00,81.65,83.17,79.77,79.95
1770822000,2026-02-11 15:00:00,79.95,80.34,78.56,79.72
1770825600,2026-02-11 16:00:00,79.72,80.94,78.72,78.74
1770829200,2026-02-11 17:00:00,78.73,80.04,78.04,79.01
1770832800,2026-02-11 18:00:00,79.01,79.99,78.53,79.81
1770836400,2026-02-11 19:00:00,79.81,80.34,79.32,79.72
1770840000,2026-02-11 20:00:00,79.72,80.01,78.98,79.64
1770843600,2026-02-11 21:00:00,79.65,81.11,79.65,80.16
1770847200,2026-02-11 22:00:00,80.17,80.24,79.45,79.5
1770850800,2026-02-11 23:00:00,79.51,79.73,78.8,79.3
1770854400,2026-02-12 00:00:00,79.31,80.23,79.26,79.97
1770858000,2026-02-12 01:00:00,79.98,80.79,79.98,80.41
1770861600,2026-02-12 02:00:00,80.42,80.73,79.94,80.33
1770865200,2026-02-12 03:00:00,80.33,80.67,80.08,80.62
1770868800,2026-02-12 04:00:00,80.63,80.97,80.3,80.31
1770872400,2026-02-12 05:00:00,80.31,80.6,79.5,80.57
1770876000,2026-02-12 06:00:00,80.58,80.99,80.36,80.57
1770879600,2026-02-12 07:00:00,80.57,80.93,80.29,80.77
1770883200,2026-02-12 08:00:00,80.77,80.93,80.32,80.77
1770886800,2026-02-12 09:00:00,80.77,81.9,80.57,81.79
1770890400,2026-02-12 10:00:00,81.78,82.24,81.35,82.19
1770894000,2026-02-12 11:00:00,82.19,82.25,81.71,81.87
1770897600,2026-02-12 12:00:00,81.87,81.96,80.85,81.1
1770901200,2026-02-12 13:00:00,81.1,82.13,80.71,81.96
1770904800,2026-02-12 14:00:00,81.96,81.98,81,81.14
1770908400,2026-02-12 15:00:00,81.15,81.52,80.1,80.12
1770912000,2026-02-12 16:00:00,80.13,80.22,78.18,78.3
1770915600,2026-02-12 17:00:00,78.3,78.68,77.51,77.9
1770919200,2026-02-12 18:00:00,77.9,78.47,77.19,77.61
1770922800,2026-02-12 19:00:00,77.61,78.63,77.03,77.62
1770926400,2026-02-12 20:00:00,77.62,77.93,76.6,76.92
1770930000,2026-02-12 21:00:00,76.92,77.56,76.92,77.34
1770933600,2026-02-12 22:00:00,77.33,78.12,76.97,78.1
1770937200,2026-02-12 23:00:00,78.1,78.52,77.82,78.4
1770940800,2026-02-13 00:00:00,78.39,78.74,77.53,78.02
1770944400,2026-02-13 01:00:00,78.03,78.84,78.01,78.6
1770948000,2026-02-13 02:00:00,78.6,79.33,78.45,79.13
1770951600,2026-02-13 03:00:00,79.13,79.48,78.81,79.05
1770955200,2026-02-13 04:00:00,79.05,79.27,78.47,78.52
1770958800,2026-02-13 05:00:00,78.52,78.76,78.16,78.29
1770962400,2026-02-13 06:00:00,78.29,78.66,77.85,78.62
1770966000,2026-02-13 07:00:00,78.62,79.24,78.54,78.99
1770969600,2026-02-13 08:00:00,78.99,79.9,78.86,79.73
1770973200,2026-02-13 09:00:00,79.73,79.97,79.42,79.88
1770976800,2026-02-13 10:00:00,79.89,80.62,79.77,80.36
1770980400,2026-02-13 11:00:00,80.37,80.4,79.78,80.31
1770984000,2026-02-13 12:00:00,80.31,80.32,79.86,79.97
1770987600,2026-02-13 13:00:00,79.97,80.89,79.73,80.29
1770991200,2026-02-13 14:00:00,80.28,81.95,79.86,81.33
1770994800,2026-02-13 15:00:00,81.34,84.34,81.09,83.2
1770998400,2026-02-13 16:00:00,83.2,85,82.92,84.22
1771002000,2026-02-13 17:00:00,84.22,84.71,83.55,84.34
1771005600,2026-02-13 18:00:00,84.35,85.59,84.12,85.4
1771009200,2026-02-13 19:00:00,85.4,85.63,84.54,84.66
1771012800,2026-02-13 20:00:00,84.65,85.06,84.17,84.77
1771016400,2026-02-13 21:00:00,84.78,85.19,84.56,84.86
1771020000,2026-02-13 22:00:00,84.85,84.93,84.46,84.66
1771023600,2026-02-13 23:00:00,84.66,84.66,84.12,84.33
1771027200,2026-02-14 00:00:00,84.34,85.1,84.21,84.97
1771030800,2026-02-14 01:00:00,84.96,85.21,84.8,84.99
1771034400,2026-02-14 02:00:00,84.99,85.01,84.6,84.89
1771038000,2026-02-14 03:00:00,84.9,85.3,84.82,85.06
1771041600,2026-02-14 04:00:00,85.07,85.1,84.8,84.83
1771045200,2026-02-14 05:00:00,84.82,85.03,84.61,84.63
1771048800,2026-02-14 06:00:00,84.63,84.93,84.35,84.86
1771052400,2026-02-14 07:00:00,84.86,85.27,84.77,85.19
1771056000,2026-02-14 08:00:00,85.19,86.41,85.16,86.22
1771059600,2026-02-14 09:00:00,86.22,86.38,85.86,86.02
1771063200,2026-02-14 10:00:00,86.02,86.02,85.74,85.83
1771066800,2026-02-14 11:00:00,85.83,87.33,85.82,87.29
1771070400,2026-02-14 12:00:00,87.29,87.32,86.26,86.42
1771074000,2026-02-14 13:00:00,86.42,86.9,86,86.44
1771077600,2026-02-14 14:00:00,86.44,87.52,86.37,87.24
1771081200,2026-02-14 15:00:00,87.24,87.69,87.1,87.44
1771084800,2026-02-14 16:00:00,87.44,88.26,86.99,88.12
1771088400,2026-02-14 17:00:00,88.12,88.47,87.83,88.05
1771092000,2026-02-14 18:00:00,88.05,88.29,87.79,88.01
1771095600,2026-02-14 19:00:00,88.01,88.33,87.56,88.2
1771099200,2026-02-14 20:00:00,88.21,88.44,87.69,88.17
1771102800,2026-02-14 21:00:00,88.16,88.44,87.29,88.07
1771106400,2026-02-14 22:00:00,88.07,88.89,87.9,88.5
1771110000,2026-02-14 23:00:00,88.5,88.9,88.03,88.06
1771113600,2026-02-15 00:00:00,88.06,88.42,87.8,88.19
1771117200,2026-02-15 01:00:00,88.19,88.72,87.6,88.29
1771120800,2026-02-15 02:00:00,88.28,88.5,87.52,88
1771124400,2026-02-15 03:00:00,88.01,88.78,87.31,88.61
1771128000,2026-02-15 04:00:00,88.6,89.82,88.35,88.79
1771131600,2026-02-15 05:00:00,88.8,90.06,88.75,89.68
1771135200,2026-02-15 06:00:00,89.68,90.16,89.34,89.6
1771138800,2026-02-15 07:00:00,89.6,90.98,89.4,90.74
1771142400,2026-02-15 08:00:00,90.74,91.26,89.22,89.67
1771146000,2026-02-15 09:00:00,89.66,90.53,89.46,90
1771149600,2026-02-15 10:00:00,90,90.13,89.05,89.53
1771153200,2026-02-15 11:00:00,89.53,89.83,89.01,89.17
1771156800,2026-02-15 12:00:00,89.18,89.63,87.3,87.31
1771160400,2026-02-15 13:00:00,87.32,88.37,86.82,86.96
1771164000,2026-02-15 14:00:00,86.96,87.61,86.66,87.35
1771167600,2026-02-15 15:00:00,87.35,87.66,86.93,87.42
1771171200,2026-02-15 16:00:00,87.41,87.66,86.72,87.57
1771174800,2026-02-15 17:00:00,87.57,87.88,85.71,86.42
1771178400,2026-02-15 18:00:00,86.43,86.86,86.01,86.21
1771182000,2026-02-15 19:00:00,86.21,86.35,85.2,85.34
1771185600,2026-02-15 20:00:00,85.35,85.99,84.89,85.88
1771189200,2026-02-15 21:00:00,85.88,86.42,85.88,86.18
1771192800,2026-02-15 22:00:00,86.18,86.7,86.05,86.36
1771196400,2026-02-15 23:00:00,86.36,86.37,85.1,86.16
1771200000,2026-02-16 00:00:00,86.15,86.5,85.58,86.18
1771203600,2026-02-16 01:00:00,86.18,86.63,85.37,85.77
1771207200,2026-02-16 02:00:00,85.76,86.23,85.23,85.39
1771210800,2026-02-16 03:00:00,85.4,85.56,84.79,85.14
1771214400,2026-02-16 04:00:00,85.15,85.84,85.09,85.79
1771218000,2026-02-16 05:00:00,85.79,85.91,84.47,84.7
1771221600,2026-02-16 06:00:00,84.69,85.2,84.51,85.06
1771225200,2026-02-16 07:00:00,85.06,85.51,84.8,85.06
1771228800,2026-02-16 08:00:00,85.07,85.5,85.04,85.39
1771232400,2026-02-16 09:00:00,85.39,86.26,85.39,86.01
1771236000,2026-02-16 10:00:00,86,86.04,85.63,85.75
1771239600,2026-02-16 11:00:00,85.75,85.98,84.49,85.52
1771243200,2026-02-16 12:00:00,85.52,86.42,85.27,86.2
1771246800,2026-02-16 13:00:00,86.2,86.93,83.85,84.17
1771250400,2026-02-16 14:00:00,84.16,84.67,83.48,84.05
1771254000,2026-02-16 15:00:00,84.05,84.57,82.55,83.21
1771257600,2026-02-16 16:00:00,83.21,84.11,83.1,84
1771261200,2026-02-16 17:00:00,83.99,84.81,83.9,84.53
1771264800,2026-02-16 18:00:00,84.52,85.16,84.48,84.52
1771268400,2026-02-16 19:00:00,84.53,85.1,84.24,84.61
1771272000,2026-02-16 20:00:00,84.62,85.49,84.5,85.37
1771275600,2026-02-16 21:00:00,85.37,86.11,85.08,86.02
1771279200,2026-02-16 22:00:00,86.02,86.24,85.6,85.72
1771282800,2026-02-16 23:00:00,85.71,86.66,85.66,86.45
1771286400,2026-02-17 00:00:00,86.45,87.16,86.29,86.61
1771290000,2026-02-17 01:00:00,86.62,87.07,86.13,86.19
1771293600,2026-02-17 02:00:00,86.18,87.69,85.76,87.31
1771297200,2026-02-17 03:00:00,87.31,87.37,86.32,86.37
1771300800,2026-02-17 04:00:00,86.37,86.67,85.92,86.37
1771304400,2026-02-17 05:00:00,86.37,86.49,85.45,86.22
1771308000,2026-02-17 06:00:00,86.23,86.8,86.22,86.5
1771311600,2026-02-17 07:00:00,86.51,86.55,85.94,86.49
1771315200,2026-02-17 08:00:00,86.48,86.77,85.92,85.97
1771318800,2026-02-17 09:00:00,85.97,86.19,85.66,85.95
1771322400,2026-02-17 10:00:00,85.94,86.05,84.87,85.05
1771326000,2026-02-17 11:00:00,85.05,85.32,84.75,85.1
1771329600,2026-02-17 12:00:00,85.11,85.58,84.54,84.63
1771333200,2026-02-17 13:00:00,84.64,85.52,84.39,85
1771336800,2026-02-17 14:00:00,84.99,85.45,83,83.26
1771340400,2026-02-17 15:00:00,83.26,83.9,82.92,83.81
1771344000,2026-02-17 16:00:00,83.8,85.46,83.71,84.19
1771347600,2026-02-17 17:00:00,84.18,84.32,83.13,83.71
1771351200,2026-02-17 18:00:00,83.71,85.43,83.57,85.11
1771354800,2026-02-17 19:00:00,85.11,85.76,84.63,84.87
1771358400,2026-02-17 20:00:00,84.86,85.27,84.53,85
1771362000,2026-02-17 21:00:00,84.99,85.44,84.84,85.22
1771365600,2026-02-17 22:00:00,85.23,85.44,84.97,85.05
1771369200,2026-02-17 23:00:00,85.05,85.34,84.91,85.08
1771372800,2026-02-18 00:00:00,85.09,85.49,84.81,84.87
1771376400,2026-02-18 01:00:00,84.87,84.99,83.92,84.25
1771380000,2026-02-18 02:00:00,84.25,85,84.23,84.66
1771383600,2026-02-18 03:00:00,84.66,85.47,84.54,85.33
1771387200,2026-02-18 04:00:00,85.34,85.54,84.97,85.14
1771390800,2026-02-18 05:00:00,85.15,85.25,84.76,84.9
1771394400,2026-02-18 06:00:00,84.9,85.31,84.8,84.92
1771398000,2026-02-18 07:00:00,84.92,85.43,84.68,85.28
1771401600,2026-02-18 08:00:00,85.28,86.09,85.23,85.47
1771405200,2026-02-18 09:00:00,85.48,85.75,85.31,85.32
1771408800,2026-02-18 10:00:00,85.31,85.4,84.18,84.26
1771412400,2026-02-18 11:00:00,84.26,84.26,82.83,82.86
1771416000,2026-02-18 12:00:00,82.87,83.34,82.34,82.99
1771419600,2026-02-18 13:00:00,83,83.29,82.3,82.63
1771423200,2026-02-18 14:00:00,82.62,82.88,81.72,82.56
1771426800,2026-02-18 15:00:00,82.56,84.01,82.52,83.01
1771430400,2026-02-18 16:00:00,83,83.09,82.04,82.3
1771434000,2026-02-18 17:00:00,82.3,83,82.1,82.19
1771437600,2026-02-18 18:00:00,82.2,82.37,80.95,81.28
1771441200,2026-02-18 19:00:00,81.29,81.6,80.48,80.93
1771444800,2026-02-18 20:00:00,80.93,81.59,80.85,81.32
1771448400,2026-02-18 21:00:00,81.32,81.64,81.02,81.28
1771452000,2026-02-18 22:00:00,81.28,81.54,81.05,81.46
1771455600,2026-02-18 23:00:00,81.46,81.64,81.24,81.61
1771459200,2026-02-19 00:00:00,81.61,81.73,81.25,81.5
1771462800,2026-02-19 01:00:00,81.5,82.06,81.5,81.89
1771466400,2026-02-19 02:00:00,81.89,82.07,81.33,81.67
1771470000,2026-02-19 03:00:00,81.66,81.93,81.43,81.77
1771473600,2026-02-19 04:00:00,81.77,82.01,81.4,81.49
1771477200,2026-02-19 05:00:00,81.49,81.98,81.38,81.9
1771480800,2026-02-19 06:00:00,81.9,82.5,81.83,82.36
1771484400,2026-02-19 07:00:00,82.37,82.67,82.1,82.41
1771488000,2026-02-19 08:00:00,82.4,82.42,81.57,81.73
1771491600,2026-02-19 09:00:00,81.74,82.02,81.12,81.21
1771495200,2026-02-19 10:00:00,81.2,81.82,80.91,81.53
1771498800,2026-02-19 11:00:00,81.52,81.89,81.11,81.24
1771502400,2026-02-19 12:00:00,81.24,81.31,80.68,80.79
1771506000,2026-02-19 13:00:00,80.8,80.92,79.61,80
1771509600,2026-02-19 14:00:00,80,81.32,79.95,80.78
1771513200,2026-02-19 15:00:00,80.77,81.29,79.98,80.64
1771516800,2026-02-19 16:00:00,80.63,80.96,79.92,80.79
1771520400,2026-02-19 17:00:00,80.79,81.93,80.22,80.48
1771524000,2026-02-19 18:00:00,80.47,82.05,80.39,81.98
1771527600,2026-02-19 19:00:00,81.98,82.2,81.06,81.95
1771531200,2026-02-19 20:00:00,81.94,82.37,81.68,82.1
1771534800,2026-02-19 21:00:00,82.09,82.19,81.81,82.07
1771538400,2026-02-19 22:00:00,82.07,82.53,81.91,82.34
1771542000,2026-02-19 23:00:00,82.34,82.57,82.12,82.5
1771545600,2026-02-20 00:00:00,82.5,83.54,82.33,82.9
1771549200,2026-02-20 01:00:00,82.9,83.16,82.7,83.03
1771552800,2026-02-20 02:00:00,83.04,83.35,82.82,82.92
1771556400,2026-02-20 03:00:00,82.92,83.37,82.84,83.04
1771560000,2026-02-20 04:00:00,83.05,83.11,82.38,82.69
1771563600,2026-02-20 05:00:00,82.69,83.75,82.5,83.27
1771567200,2026-02-20 06:00:00,83.27,83.74,83.14,83.71
1771570800,2026-02-20 07:00:00,83.72,83.93,83.41,83.46
1771574400,2026-02-20 08:00:00,83.45,83.81,83.3,83.66
1771578000,2026-02-20 09:00:00,83.65,84.5,83.65,84.19
1771581600,2026-02-20 10:00:00,84.19,84.84,84.04,84.09
1771585200,2026-02-20 11:00:00,84.1,84.26,83.34,83.58
1771588800,2026-02-20 12:00:00,83.58,84.03,83.29,83.72
1771592400,2026-02-20 13:00:00,83.71,83.72,81.77,82.19
1771596000,2026-02-20 14:00:00,82.19,83.39,82.12,83.07
1771599600,2026-02-20 15:00:00,83.07,84.78,82.67,84.38
1771603200,2026-02-20 16:00:00,84.38,84.96,83.75,84.51
1771606800,2026-02-20 17:00:00,84.5,84.6,82.82,84.49
1771610400,2026-02-20 18:00:00,84.48,85.49,83.97,85.24
1771614000,2026-02-20 19:00:00,85.23,85.37,84.37,84.75
1771617600,2026-02-20 20:00:00,84.75,85.23,84.42,84.62
1771621200,2026-02-20 21:00:00,84.62,84.77,84.29,84.55
1771624800,2026-02-20 22:00:00,84.55,84.77,84.12,84.59
1771628400,2026-02-20 23:00:00,84.58,84.71,84.29,84.67
1771632000,2026-02-21 00:00:00,84.68,84.76,84.34,84.43
1771635600,2026-02-21 01:00:00,84.44,84.85,84.44,84.68
1771639200,2026-02-21 02:00:00,84.68,85.03,84.54,84.82
1771642800,2026-02-21 03:00:00,84.83,84.85,84.24,84.35
1771646400,2026-02-21 04:00:00,84.35,84.5,84.14,84.4
1771650000,2026-02-21 05:00:00,84.4,84.59,84.39,84.48
1771653600,2026-02-21 06:00:00,84.48,84.78,84.04,84.12
1771657200,2026-02-21 07:00:00,84.13,84.33,83.97,84.24
1771660800,2026-02-21 08:00:00,84.24,84.74,84.19,84.73
1771664400,2026-02-21 09:00:00,84.73,85.2,84.67,84.91
1771668000,2026-02-21 10:00:00,84.91,85.27,84.9,85.15
1771671600,2026-02-21 11:00:00,85.16,85.7,85.14,85.4
1771675200,2026-02-21 12:00:00,85.4,85.54,85,85.32
1771678800,2026-02-21 13:00:00,85.32,85.96,85.18,85.85
1771682400,2026-02-21 14:00:00,85.85,86.66,85.62,86.3
1771686000,2026-02-21 15:00:00,86.3,86.72,86.15,86.58
1771689600,2026-02-21 16:00:00,86.59,86.68,85.88,86.13
1771693200,2026-02-21 17:00:00,86.13,86.46,85.82,86.25
1771696800,2026-02-21 18:00:00,86.24,86.72,86.18,86.56
1771700400,2026-02-21 19:00:00,86.56,86.69,86.18,86.22
1771704000,2026-02-21 20:00:00,86.21,86.21,85.27,85.48
1771707600,2026-02-21 21:00:00,85.47,85.85,85.41,85.84
1771711200,2026-02-21 22:00:00,85.83,85.9,85.38,85.46
1771714800,2026-02-21 23:00:00,85.45,85.57,85.12,85.17
1771718400,2026-02-22 00:00:00,85.17,85.22,84.76,85.08
1771722000,2026-02-22 01:00:00,85.08,85.43,85.05,85.32
1771725600,2026-02-22 02:00:00,85.32,85.6,84.86,84.96
1771729200,2026-02-22 03:00:00,84.96,85.19,84.73,85.08
1771732800,2026-02-22 04:00:00,85.08,85.35,84.97,85.17
1771736400,2026-02-22 05:00:00,85.16,85.22,84.81,84.98
1771740000,2026-02-22 06:00:00,84.99,85.34,84.95,85.31
1771743600,2026-02-22 07:00:00,85.31,85.58,85.14,85.24
1771747200,2026-02-22 08:00:00,85.25,85.26,84.87,84.97
1771750800,2026-02-22 09:00:00,84.98,85.19,84.95,85.04
1771754400,2026-02-22 10:00:00,85.04,85.32,85,85.21
1771758000,2026-02-22 11:00:00,85.21,85.47,85.18,85.27
1771761600,2026-02-22 12:00:00,85.28,85.33,84.34,84.47
1771765200,2026-02-22 13:00:00,84.47,84.63,83.71,83.98
1771768800,2026-02-22 14:00:00,83.99,84.07,83.39,83.66
1771772400,2026-02-22 15:00:00,83.66,83.72,82.98,83.5
1771776000,2026-02-22 16:00:00,83.49,83.63,83.2,83.58
1771779600,2026-02-22 17:00:00,83.58,83.6,82.82,83.06
1771783200,2026-02-22 18:00:00,83.06,83.29,82.96,83.22
1771786800,2026-02-22 19:00:00,83.22,83.42,83.03,83.3
1771790400,2026-02-22 20:00:00,83.3,83.38,82.94,83.03
1771794000,2026-02-22 21:00:00,83.03,83.58,83.03,83.5
1771797600,2026-02-22 22:00:00,83.5,83.71,83.09,83.57
1771801200,2026-02-22 23:00:00,83.58,83.66,82.48,82.79
1771804800,2026-02-23 00:00:00,82.8,82.85,81.32,81.37
1771808400,2026-02-23 01:00:00,81.37,81.38,77.49,77.98
1771812000,2026-02-23 02:00:00,77.97,78.44,77.55,77.87
1771815600,2026-02-23 03:00:00,77.87,78.32,77.28,77.66
1771819200,2026-02-23 04:00:00,77.66,77.74,77.15,77.39
1771822800,2026-02-23 05:00:00,77.39,78.08,77.34,77.85
1771826400,2026-02-23 06:00:00,77.84,79.18,77.7,79.09
1771830000,2026-02-23 07:00:00,79.09,79.69,78.92,79.4
1771833600,2026-02-23 08:00:00,79.4,79.4,78.53,78.78
1771837200,2026-02-23 09:00:00,78.79,80.54,78.79,80.46
1771840800,2026-02-23 10:00:00,80.47,80.69,80.09,80.27
1771844400,2026-02-23 11:00:00,80.26,80.55,79.97,80.05
1771848000,2026-02-23 12:00:00,80.06,80.96,79.86,80.71
1771851600,2026-02-23 13:00:00,80.72,81.13,80.43,80.54
1771855200,2026-02-23 14:00:00,80.55,80.81,79.43,80.14
1771858800,2026-02-23 15:00:00,80.14,80.34,79.2,79.4
1771862400,2026-02-23 16:00:00,79.39,79.8,78.6,78.97
1771866000,2026-02-23 17:00:00,78.97,79.15,77.27,78.31
1771869600,2026-02-23 18:00:00,78.32,79.3,78.04,78.62
1771873200,2026-02-23 19:00:00,78.63,78.92,77.98,78.29
1771876800,2026-02-23 20:00:00,78.28,78.54,77.85,78.31
1771880400,2026-02-23 21:00:00,78.3,78.73,78.18,78.38
1771884000,2026-02-23 22:00:00,78.38,78.92,78.25,78.26
1771887600,2026-02-23 23:00:00,78.26,78.54,77.63,77.9
1771891200,2026-02-24 00:00:00,77.91,78.53,77.9,78.46
1771894800,2026-02-24 01:00:00,78.45,78.46,75.74,77.67
1771898400,2026-02-24 02:00:00,77.67,78.43,77.52,77.64
1771902000,2026-02-24 03:00:00,77.63,77.63,76.47,76.87
1771905600,2026-02-24 04:00:00,76.88,77.07,76.11,76.86
1771909200,2026-02-24 05:00:00,76.86,77.36,76.22,76.64
1771912800,2026-02-24 06:00:00,76.63,76.94,76.38,76.58
1771916400,2026-02-24 07:00:00,76.59,77.22,76.5,76.84
1771920000,2026-02-24 08:00:00,76.85,77.2,76.5,77.03
1771923600,2026-02-24 09:00:00,77.04,77.14,76,76.65
1771927200,2026-02-24 10:00:00,76.65,76.83,76.41,76.74
1771930800,2026-02-24 11:00:00,76.75,76.92,76.49,76.77
1771934400,2026-02-24 12:00:00,76.78,77.05,76.51,76.59
1771938000,2026-02-24 13:00:00,76.6,76.8,76.02,76.55
1771941600,2026-02-24 14:00:00,76.56,77.42,75.63,76.86
1771945200,2026-02-24 15:00:00,76.87,77.49,76.59,77.3
1771948800,2026-02-24 16:00:00,77.3,78.25,77.23,78.13
1771952400,2026-02-24 17:00:00,78.13,78.5,77.8,77.98
1771956000,2026-02-24 18:00:00,77.97,78.34,77.56,78.2
1771959600,2026-02-24 19:00:00,78.2,78.51,77.89,78.38
1771963200,2026-02-24 20:00:00,78.38,78.9,78.32,78.67
1771966800,2026-02-24 21:00:00,78.66,78.73,78.12,78.55
1771970400,2026-02-24 22:00:00,78.54,79.37,78.44,79.08
1771974000,2026-02-24 23:00:00,79.08,79.62,78.66,78.99
1771977600,2026-02-25 00:00:00,78.99,79.44,78.73,79.21
1771981200,2026-02-25 01:00:00,79.2,82.57,79.11,82
1771984800,2026-02-25 02:00:00,81.99,82.99,81.98,82.45
1771988400,2026-02-25 03:00:00,82.46,82.58,81.61,81.75
1771992000,2026-02-25 04:00:00,81.75,82.43,81.28,81.96
1771995600,2026-02-25 05:00:00,81.96,82.17,80.98,81.3
1771999200,2026-02-25 06:00:00,81.31,81.9,81.16,81.57
1772002800,2026-02-25 07:00:00,81.58,82.41,81.49,82.19
1772006400,2026-02-25 08:00:00,82.19,82.57,81.93,82.48
1772010000,2026-02-25 09:00:00,82.48,82.7,82.22,82.54
1772013600,2026-02-25 10:00:00,82.55,82.95,82.45,82.55
1772017200,2026-02-25 11:00:00,82.55,83.42,82.32,83.39
1772020800,2026-02-25 12:00:00,83.38,84.09,82.89,83.68
1772024400,2026-02-25 13:00:00,83.68,84.44,83.4,83.82
1772028000,2026-02-25 14:00:00,83.83,85.8,83.8,85.64
1772031600,2026-02-25 15:00:00,85.63,86.46,85.02,85.98
1772035200,2026-02-25 16:00:00,85.98,87.69,85.97,87.55
1772038800,2026-02-25 17:00:00,87.54,88.94,87.39,88.56
1772042400,2026-02-25 18:00:00,88.55,89.18,88,88.94
1772046000,2026-02-25 19:00:00,88.94,89.65,88.35,89.43
1772049600,2026-02-25 20:00:00,89.43,90.13,88.97,89.39
1772053200,2026-02-25 21:00:00,89.38,92.1,89.37,89.85
1772056800,2026-02-25 22:00:00,89.85,90.53,88.38,89.1
1772060400,2026-02-25 23:00:00,89.09,89.34,87.07,88.06
1772064000,2026-02-26 00:00:00,88.05,89.27,87.84,88.58
1772067600,2026-02-26 01:00:00,88.59,89.15,88.21,88.42
1772071200,2026-02-26 02:00:00,88.42,88.49,87.53,88.2
1772074800,2026-02-26 03:00:00,88.2,88.37,87.78,87.95
1772078400,2026-02-26 04:00:00,87.95,89.05,87.84,88.74
1772082000,2026-02-26 05:00:00,88.74,88.74,87.22,87.76
1772085600,2026-02-26 06:00:00,87.76,88.01,87.32,87.65
1772089200,2026-02-26 07:00:00,87.65,87.89,87.23,87.24
1772092800,2026-02-26 08:00:00,87.24,87.9,87.24,87.31
1772096400,2026-02-26 09:00:00,87.3,88.71,87.22,88.32
1772100000,2026-02-26 10:00:00,88.32,88.58,87.29,87.48
1772103600,2026-02-26 11:00:00,87.48,87.63,86.6,86.82
1772107200,2026-02-26 12:00:00,86.82,87.78,86.72,87.7
1772110800,2026-02-26 13:00:00,87.7,88.08,87.49,87.62
1772114400,2026-02-26 14:00:00,87.63,88.26,86.27,87.02
1772118000,2026-02-26 15:00:00,87.01,87.1,85.27,86.56
1772121600,2026-02-26 16:00:00,86.57,86.75,84.34,84.58
1772125200,2026-02-26 17:00:00,84.58,85.35,84.51,84.9
1772128800,2026-02-26 18:00:00,84.91,85.7,84.47,85.38
1772132400,2026-02-26 19:00:00,85.38,86.68,85.34,86.47
1772136000,2026-02-26 20:00:00,86.47,86.87,85.85,86.03
1772139600,2026-02-26 21:00:00,86.02,86.29,85.73,85.94
1772143200,2026-02-26 22:00:00,85.94,86.39,85.8,86.15
1772146800,2026-02-26 23:00:00,86.14,86.15,85.77,85.91
1772150400,2026-02-27 00:00:00,85.91,86.04,85.19,85.83
1772154000,2026-02-27 01:00:00,85.83,86.15,85.3,86.15
1772157600,2026-02-27 02:00:00,86.14,86.79,85.94,86.58
1772161200,2026-02-27 03:00:00,86.58,87.82,86.35,87.63
1772164800,2026-02-27 04:00:00,87.63,88.29,87.48,87.56
1772168400,2026-02-27 05:00:00,87.55,87.86,87.4,87.54
1772172000,2026-02-27 06:00:00,87.54,87.62,86.85,87.34
1772175600,2026-02-27 07:00:00,87.34,87.43,86.81,87.31
1772179200,2026-02-27 08:00:00,87.31,87.93,87.22,87.57
1772182800,2026-02-27 09:00:00,87.58,87.82,86.23,86.33
1772186400,2026-02-27 10:00:00,86.33,86.49,84.57,84.71
1772190000,2026-02-27 11:00:00,84.71,84.96,83.35,83.59
1772193600,2026-02-27 12:00:00,83.59,83.76,82.66,83.12
1772197200,2026-02-27 13:00:00,83.12,83.57,81.95,83.08
1772200800,2026-02-27 14:00:00,83.07,83.36,82.09,82.39
1772204400,2026-02-27 15:00:00,82.38,83.07,82.31,82.7
1772208000,2026-02-27 16:00:00,82.7,82.7,81.32,81.37
1772211600,2026-02-27 17:00:00,81.37,81.9,81.11,81.84
1772215200,2026-02-27 18:00:00,81.84,82.03,81.39,81.48
1772218800,2026-02-27 19:00:00,81.48,81.72,81.13,81.57
1772222400,2026-02-27 20:00:00,81.57,81.87,81.22,81.45
1772226000,2026-02-27 21:00:00,81.45,81.82,80.84,81.2
1772229600,2026-02-27 22:00:00,81.2,81.6,80.32,81.43
1772233200,2026-02-27 23:00:00,81.43,82.11,81.35,81.85
1772236800,2026-02-28 00:00:00,81.84,82.16,81.59,82.12
1772240400,2026-02-28 01:00:00,82.12,82.27,81.73,81.78
1772244000,2026-02-28 02:00:00,81.78,82.2,81.71,82.15
1772247600,2026-02-28 03:00:00,82.15,82.15,81.55,81.74
1772251200,2026-02-28 04:00:00,81.75,81.9,81.21,81.65
1772254800,2026-02-28 05:00:00,81.65,81.82,81.29,81.56
1772258400,2026-02-28 06:00:00,81.56,81.56,77.12,77.56
1772262000,2026-02-28 07:00:00,77.56,79.62,77.14,78.71
1772265600,2026-02-28 08:00:00,78.7,78.72,77.85,78.02
1772269200,2026-02-28 09:00:00,78.01,78.73,77.74,78.42
1772272800,2026-02-28 10:00:00,78.41,79.18,77.96,79.12
1772276400,2026-02-28 11:00:00,79.11,79.6,78.67,78.78
1772280000,2026-02-28 12:00:00,78.78,79.22,78.59,78.94
1772283600,2026-02-28 13:00:00,78.94,80.98,78.69,80.81
1772287200,2026-02-28 14:00:00,80.82,81.51,80.05,80.25
1772290800,2026-02-28 15:00:00,80.25,81.11,79.62,80.92
1772294400,2026-02-28 16:00:00,80.91,81.33,80.5,81.07
1772298000,2026-02-28 17:00:00,81.08,81.53,80.58,81.38
1772301600,2026-02-28 18:00:00,81.38,82.91,81.1,82.36
1772305200,2026-02-28 19:00:00,82.35,82.8,81.45,82.21
1772308800,2026-02-28 20:00:00,82.22,85.05,81.97,84.88
1772312400,2026-02-28 21:00:00,84.89,85.05,83.58,84.49
1772316000,2026-02-28 22:00:00,84.49,85.65,84.25,84.29
1772319600,2026-02-28 23:00:00,84.29,84.74,83.92,84.35
1772323200,2026-03-01 00:00:00,84.35,85.01,84.32,84.87
1772326800,2026-03-01 01:00:00,84.88,87.5,84.25,86.75
1772330400,2026-03-01 02:00:00,86.75,88.9,86.75,87.97
1772334000,2026-03-01 03:00:00,87.96,88.33,87.63,88.02
1772337600,2026-03-01 04:00:00,88.02,88.26,86.87,87.55
1772341200,2026-03-01 05:00:00,87.55,88.03,87.21,87.26
1772344800,2026-03-01 06:00:00,87.26,87.38,86.16,86.66
1772348400,2026-03-01 07:00:00,86.67,86.89,86.3,86.63
1772352000,2026-03-01 08:00:00,86.63,86.83,85.07,85.22
1772355600,2026-03-01 09:00:00,85.22,85.86,84.81,85
1772359200,2026-03-01 10:00:00,85,85.66,84.71,85.23
1772362800,2026-03-01 11:00:00,85.23,85.53,84.97,85.18
1772366400,2026-03-01 12:00:00,85.18,85.4,84.76,84.88
1772370000,2026-03-01 13:00:00,84.87,86.98,84.51,86.08
1772373600,2026-03-01 14:00:00,86.09,86.89,85.44,85.8
1772377200,2026-03-01 15:00:00,85.8,86.68,85.62,85.67
1772380800,2026-03-01 16:00:00,85.67,86.1,83.71,84
1772384400,2026-03-01 17:00:00,83.99,84.29,83.18,83.9
1772388000,2026-03-01 18:00:00,83.89,85,83.86,83.92
1772391600,2026-03-01 19:00:00,83.93,84.03,83.03,83.23
1772395200,2026-03-01 20:00:00,83.23,83.27,81.69,81.98
1772398800,2026-03-01 21:00:00,81.98,83.03,81.92,82.94
1772402400,2026-03-01 22:00:00,82.93,84.12,82.38,82.73
1772406000,2026-03-01 23:00:00,82.72,84.08,82.5,83.6
1772409600,2026-03-02 00:00:00,83.61,85.24,83.48,85
1772413200,2026-03-02 01:00:00,85,86.18,84.41,84.61
1772416800,2026-03-02 02:00:00,84.62,84.77,83.46,84.15
1772420400,2026-03-02 03:00:00,84.15,85.12,83.85,84.78
1772424000,2026-03-02 04:00:00,84.78,84.84,84.1,84.3
1772427600,2026-03-02 05:00:00,84.31,84.7,83.81,84.23
1772431200,2026-03-02 06:00:00,84.23,84.26,82.88,83.26
1772434800,2026-03-02 07:00:00,83.26,83.3,82.38,82.95
1772438400,2026-03-02 08:00:00,82.96,83.63,82.37,83.46
1772442000,2026-03-02 09:00:00,83.45,84.12,83.33,83.64
1772445600,2026-03-02 10:00:00,83.63,84.1,83.36,83.89
1772449200,2026-03-02 11:00:00,83.89,84.29,83.46,83.89
1772452800,2026-03-02 12:00:00,83.88,84.15,83.57,83.7
1772456400,2026-03-02 13:00:00,83.7,83.85,82.92,83.08
1772460000,2026-03-02 14:00:00,83.07,85.97,82.78,85.68
1772463600,2026-03-02 15:00:00,85.67,88.98,85.48,88.77
1772467200,2026-03-02 16:00:00,88.77,90.29,88.47,88.85
1772470800,2026-03-02 17:00:00,88.84,88.99,86.39,87.61
1772474400,2026-03-02 18:00:00,87.61,87.84,86.69,87.31
1772478000,2026-03-02 19:00:00,87.31,87.82,86.82,87.65
1772481600,2026-03-02 20:00:00,87.65,88.08,86.85,87.57
1772485200,2026-03-02 21:00:00,87.58,87.73,87.15,87.54
1772488800,2026-03-02 22:00:00,87.55,88.25,87.26,88.04
1772492400,2026-03-02 23:00:00,88.03,88.09,86.35,86.64
1772496000,2026-03-03 00:00:00,86.65,87.32,86.11,86.92
1772499600,2026-03-03 01:00:00,86.91,87.18,86.16,86.17
1772503200,2026-03-03 02:00:00,86.16,86.35,85.23,86.21
1772506800,2026-03-03 03:00:00,86.21,86.63,85.92,86.31
1772510400,2026-03-03 04:00:00,86.31,86.46,85.65,85.85
1772514000,2026-03-03 05:00:00,85.84,86.82,85.38,85.8
1772517600,2026-03-03 06:00:00,85.79,85.98,85.4,85.85
1772521200,2026-03-03 07:00:00,85.85,86.3,85.4,85.58
1772524800,2026-03-03 08:00:00,85.58,85.77,83.94,84.26
1772528400,2026-03-03 09:00:00,84.26,84.99,84.02,84.31
1772532000,2026-03-03 10:00:00,84.3,84.57,83.7,83.92
1772535600,2026-03-03 11:00:00,83.92,84.37,83.78,84.21
1772539200,2026-03-03 12:00:00,84.22,85.37,84.14,84.42
1772542800,2026-03-03 13:00:00,84.43,84.48,83.19,83.63
1772546400,2026-03-03 14:00:00,83.63,84.43,82.5,83.24
1772550000,2026-03-03 15:00:00,83.24,85.17,83.04,85.04
1772553600,2026-03-03 16:00:00,85.03,87.34,84.33,85.4
1772557200,2026-03-03 17:00:00,85.4,85.47,84.15,85.18
1772560800,2026-03-03 18:00:00,85.18,86.02,84.52,85.38
1772564400,2026-03-03 19:00:00,85.38,85.76,84.66,85.08
1772568000,2026-03-03 20:00:00,85.08,85.46,84.66,84.85
1772571600,2026-03-03 21:00:00,84.85,85.18,84.17,85.12
1772575200,2026-03-03 22:00:00,85.13,86.65,85.11,86.29
1772578800,2026-03-03 23:00:00,86.28,87.46,86.18,86.97
1772582400,2026-03-04 00:00:00,86.98,87.4,86.28,86.62
1772586000,2026-03-04 01:00:00,86.62,88.08,86.49,87.26
1772589600,2026-03-04 02:00:00,87.26,87.48,86.55,87.08
1772593200,2026-03-04 03:00:00,87.07,87.08,85.18,85.77
1772596800,2026-03-04 04:00:00,85.77,85.91,84.82,85.41
1772600400,2026-03-04 05:00:00,85.4,85.97,84.78,85.68
1772604000,2026-03-04 06:00:00,85.67,86.04,84.97,85.6
1772607600,2026-03-04 07:00:00,85.61,87.52,85.49,87.43
1772611200,2026-03-04 08:00:00,87.43,89.91,86.98,89.71
1772614800,2026-03-04 09:00:00,89.71,91.48,89.22,90.53
1772618400,2026-03-04 10:00:00,90.53,91.05,89.88,90.15
1772622000,2026-03-04 11:00:00,90.16,90.64,89.41,89.76
1772625600,2026-03-04 12:00:00,89.76,89.87,88.69,89.42
1772629200,2026-03-04 13:00:00,89.43,90.17,89.31,89.99
1772632800,2026-03-04 14:00:00,90,91.76,89.46,90.19
1772636400,2026-03-04 15:00:00,90.18,93.12,90.15,92.94
1772640000,2026-03-04 16:00:00,92.94,93.15,90.96,91.55
1772643600,2026-03-04 17:00:00,91.56,92.24,90.66,91.54
1772647200,2026-03-04 18:00:00,91.55,92.49,91.12,92.38
1772650800,2026-03-04 19:00:00,92.38,94.05,92.3,93.19
1772654400,2026-03-04 20:00:00,93.19,93.76,92.77,92.87
1772658000,2026-03-04 21:00:00,92.87,92.97,92.15,92.34
1772661600,2026-03-04 22:00:00,92.35,92.86,91.17,91.33
1772665200,2026-03-04 23:00:00,91.33,91.44,90.29,90.85
1772668800,2026-03-05 00:00:00,90.86,91.4,90.73,90.79
1772672400,2026-03-05 01:00:00,90.79,91.42,89.74,89.98
1772676000,2026-03-05 02:00:00,89.98,90.68,89.97,90.2
1772679600,2026-03-05 03:00:00,90.2,90.54,89.61,90.03
1772683200,2026-03-05 04:00:00,90.03,90.74,89.9,90.4
1772686800,2026-03-05 05:00:00,90.4,90.64,90.03,90.18
1772690400,2026-03-05 06:00:00,90.18,91.01,89.7,90.87
1772694000,2026-03-05 07:00:00,90.88,91.32,89.71,90.16
1772697600,2026-03-05 08:00:00,90.16,90.71,89.66,90.64
1772701200,2026-03-05 09:00:00,90.64,91.94,90.6,91.18
1772704800,2026-03-05 10:00:00,91.19,92.96,91,92.65
1772708400,2026-03-05 11:00:00,92.64,92.77,91.65,91.84
1772712000,2026-03-05 12:00:00,91.84,92.22,91.31,91.98
1772715600,2026-03-05 13:00:00,91.99,92.07,90.41,90.84
1772719200,2026-03-05 14:00:00,90.84,91.49,89.82,91.02
1772722800,2026-03-05 15:00:00,91.01,91.16,88.8,89.62
1772726400,2026-03-05 16:00:00,89.61,89.63,87.92,88.97
1772730000,2026-03-05 17:00:00,88.96,89.41,87.91,88.12
1772733600,2026-03-05 18:00:00,88.11,88.89,88,88.8
1772737200,2026-03-05 19:00:00,88.8,89.39,88.66,88.73
1772740800,2026-03-05 20:00:00,88.72,89.57,88.54,89.21
1772744400,2026-03-05 21:00:00,89.2,89.85,88.87,89.11
1772748000,2026-03-05 22:00:00,89.12,89.41,88.86,89.09
1772751600,2026-03-05 23:00:00,89.1,89.2,88.62,88.77
1772755200,2026-03-06 00:00:00,88.78,89.04,88.58,88.86
1772758800,2026-03-06 01:00:00,88.86,89.27,88.02,89.13
1772762400,2026-03-06 02:00:00,89.13,89.31,88.21,88.38
1772766000,2026-03-06 03:00:00,88.38,88.71,88.14,88.41
1772769600,2026-03-06 04:00:00,88.4,88.59,87.67,88.15
1772773200,2026-03-06 05:00:00,88.16,88.26,87.51,87.9
1772776800,2026-03-06 06:00:00,87.89,88.44,87.67,88.09
1772780400,2026-03-06 07:00:00,88.09,88.92,87.8,88.7
1772784000,2026-03-06 08:00:00,88.7,88.7,88.2,88.35
1772787600,2026-03-06 09:00:00,88.36,88.49,87.17,87.5
1772791200,2026-03-06 10:00:00,87.5,87.96,87.41,87.71
1772794800,2026-03-06 11:00:00,87.7,88,87.1,87.26
1772798400,2026-03-06 12:00:00,87.25,87.27,85.9,86.47
1772802000,2026-03-06 13:00:00,86.47,87.1,85.5,85.59
1772805600,2026-03-06 14:00:00,85.59,85.75,83.96,84.34
1772809200,2026-03-06 15:00:00,84.34,85.33,84.2,84.65
1772812800,2026-03-06 16:00:00,84.65,85.02,84.1,84.36
1772816400,2026-03-06 17:00:00,84.36,84.69,83.64,84.21
1772820000,2026-03-06 18:00:00,84.21,85.63,84.18,85.28
1772823600,2026-03-06 19:00:00,85.27,85.9,85.15,85.21
1772827200,2026-03-06 20:00:00,85.21,85.47,84.56,85.01
1772830800,2026-03-06 21:00:00,85,85.11,84.44,84.72
1772834400,2026-03-06 22:00:00,84.73,85.06,84.54,84.96
1772838000,2026-03-06 23:00:00,84.97,85.04,84.63,84.7
1772841600,2026-03-07 00:00:00,84.69,85.07,84.52,84.75
1772845200,2026-03-07 01:00:00,84.75,84.89,84.59,84.71
1772848800,2026-03-07 02:00:00,84.71,84.74,84.32,84.65
1772852400,2026-03-07 03:00:00,84.66,85.07,84.35,84.52
1772856000,2026-03-07 04:00:00,84.53,84.56,84,84.27
1772859600,2026-03-07 05:00:00,84.27,84.5,84.09,84.34
1772863200,2026-03-07 06:00:00,84.34,84.34,83.9,84.03
1772866800,2026-03-07 07:00:00,84.04,84.49,83.9,84.32
1772870400,2026-03-07 08:00:00,84.33,84.66,84.12,84.37
1772874000,2026-03-07 09:00:00,84.36,84.69,84.21,84.58
1772877600,2026-03-07 10:00:00,84.57,84.76,84.41,84.5
1772881200,2026-03-07 11:00:00,84.5,84.91,84.26,84.66
1772884800,2026-03-07 12:00:00,84.66,84.78,84.28,84.3
1772888400,2026-03-07 13:00:00,84.3,84.55,84.13,84.31
1772892000,2026-03-07 14:00:00,84.3,84.42,83.67,84.23
1772895600,2026-03-07 15:00:00,84.23,84.23,83.42,83.75
1772899200,2026-03-07 16:00:00,83.75,83.8,83.5,83.59
1772902800,2026-03-07 17:00:00,83.59,84.08,83.56,83.61
1772906400,2026-03-07 18:00:00,83.62,83.63,83.01,83.38
1772910000,2026-03-07 19:00:00,83.39,83.39,82.28,82.53
1772913600,2026-03-07 20:00:00,82.52,83.13,82.51,83.02
1772917200,2026-03-07 21:00:00,83.03,83.3,82.89,83.28
1772920800,2026-03-07 22:00:00,83.28,83.32,82.66,82.98
1772924400,2026-03-07 23:00:00,82.99,83.26,82.93,83.22
1772928000,2026-03-08 00:00:00,83.22,83.49,82.93,83.06
1772931600,2026-03-08 01:00:00,83.07,83.22,82.7,82.98
1772935200,2026-03-08 02:00:00,82.97,83.1,82.11,82.39
1772938800,2026-03-08 03:00:00,82.4,82.75,82.27,82.34
1772942400,2026-03-08 04:00:00,82.34,82.56,81.74,81.97
1772946000,2026-03-08 05:00:00,81.97,82.79,81.94,82.5
1772949600,2026-03-08 06:00:00,82.5,82.61,82.27,82.45
1772953200,2026-03-08 07:00:00,82.46,83.1,82.4,82.95
1772956800,2026-03-08 08:00:00,82.95,83.12,82.51,83.1
1772960400,2026-03-08 09:00:00,83.1,83.39,82.78,83.17
1772964000,2026-03-08 10:00:00,83.16,84.13,83.16,83.67
1772967600,2026-03-08 11:00:00,83.66,83.66,82.64,82.81
1772971200,2026-03-08 12:00:00,82.81,83.01,81.61,82.31
1772974800,2026-03-08 13:00:00,82.32,82.47,81.18,82.08
1772978400,2026-03-08 14:00:00,82.09,82.37,81.95,82.32
1772982000,2026-03-08 15:00:00,82.31,82.41,81.83,82.06
1772985600,2026-03-08 16:00:00,82.06,82.17,81.36,81.52
1772989200,2026-03-08 17:00:00,81.53,82,81.38,81.69
1772992800,2026-03-08 18:00:00,81.69,81.8,81.31,81.6
1772996400,2026-03-08 19:00:00,81.6,82.65,81.5,82.49
1773000000,2026-03-08 20:00:00,82.48,82.96,82.11,82.33
1773003600,2026-03-08 21:00:00,82.34,82.44,81.71,82.25
1773007200,2026-03-08 22:00:00,82.26,82.51,80.26,81.99
1773010800,2026-03-08 23:00:00,81.99,82.44,81.48,81.59
1773014400,2026-03-09 00:00:00,81.6,83.29,81.54,82.35
1773018000,2026-03-09 01:00:00,82.35,82.9,81.86,82.1
1773021600,2026-03-09 02:00:00,82.11,82.93,81.65,82.67
1773025200,2026-03-09 03:00:00,82.67,84.5,82.62,83.16
1773028800,2026-03-09 04:00:00,83.16,83.89,83.09,83.19
1773032400,2026-03-09 05:00:00,83.2,84.61,83.13,84.27
1773036000,2026-03-09 06:00:00,84.28,84.31,83.1,83.13
1773039600,2026-03-09 07:00:00,83.13,83.3,82.33,83.18
1773043200,2026-03-09 08:00:00,83.18,83.86,82.94,83.73
1773046800,2026-03-09 09:00:00,83.73,84.6,83.32,84.05
1773050400,2026-03-09 10:00:00,84.05,84.26,83.49,83.75
1773054000,2026-03-09 11:00:00,83.75,83.93,83.12,83.59
1773057600,2026-03-09 12:00:00,83.58,84.22,83.41,84
1773061200,2026-03-09 13:00:00,84.01,85.75,83.98,85.16
1773064800,2026-03-09 14:00:00,85.15,85.71,84.56,85.3
1773068400,2026-03-09 15:00:00,85.3,85.45,84.62,85.05
1773072000,2026-03-09 16:00:00,85.05,85.63,84.7,85.14
1773075600,2026-03-09 17:00:00,85.14,85.42,84.26,85.09
1773079200,2026-03-09 18:00:00,85.09,85.58,84.48,85.19
1773082800,2026-03-09 19:00:00,85.18,87.06,85.07,85.97
1773086400,2026-03-09 20:00:00,85.97,86.18,85.28,85.81
1773090000,2026-03-09 21:00:00,85.8,86.36,85.69,86
1773093600,2026-03-09 22:00:00,86.01,86.3,85.59,85.74
1773097200,2026-03-09 23:00:00,85.73,86.02,84.84,84.96
1773100800,2026-03-10 00:00:00,84.95,85.96,84.83,85.57
1773104400,2026-03-10 01:00:00,85.56,85.97,85.11,85.74
1773108000,2026-03-10 02:00:00,85.73,86.91,85.46,86.62
1773111600,2026-03-10 03:00:00,86.62,86.75,85.5,85.55
1773115200,2026-03-10 04:00:00,85.56,86.65,85.41,86.54
1773118800,2026-03-10 05:00:00,86.54,86.99,86.34,86.4
1773122400,2026-03-10 06:00:00,86.41,86.69,85.99,86.35
1773126000,2026-03-10 07:00:00,86.36,86.9,86.2,86.7
1773129600,2026-03-10 08:00:00,86.71,87.43,86.58,86.71
1773133200,2026-03-10 09:00:00,86.71,87.48,86.64,87.24
1773136800,2026-03-10 10:00:00,87.23,87.67,86.8,87.09
1773140400,2026-03-10 11:00:00,87.1,87.2,86.62,86.79
1773144000,2026-03-10 12:00:00,86.8,86.86,86.29,86.7
1773147600,2026-03-10 13:00:00,86.7,87.3,85.75,86.08
1773151200,2026-03-10 14:00:00,86.09,88.23,84.91,88.1
1773154800,2026-03-10 15:00:00,88.1,88.61,87.26,88.33
1773158400,2026-03-10 16:00:00,88.34,88.7,87.65,88.39
1773162000,2026-03-10 17:00:00,88.39,88.8,87.63,87.94
1773165600,2026-03-10 18:00:00,87.94,88,86.1,86.25
1773169200,2026-03-10 19:00:00,86.25,86.46,85.66,86.02
1773172800,2026-03-10 20:00:00,86.01,86.4,85.94,86.24
1773176400,2026-03-10 21:00:00,86.24,86.44,85.25,85.71
1773180000,2026-03-10 22:00:00,85.7,85.84,85.01,85.53
1773183600,2026-03-10 23:00:00,85.52,85.89,85.35,85.88
1773187200,2026-03-11 00:00:00,85.88,86.24,85.59,86.01
1773190800,2026-03-11 01:00:00,86.02,86.28,85.66,86.09
1773194400,2026-03-11 02:00:00,86.09,86.21,85.48,85.92
1773198000,2026-03-11 03:00:00,85.92,86.18,85.53,85.63
1773201600,2026-03-11 04:00:00,85.63,86.84,85.49,86.72
1773205200,2026-03-11 05:00:00,86.71,86.88,85.6,85.72
1773208800,2026-03-11 06:00:00,85.72,86.17,85.66,86.02
1773212400,2026-03-11 07:00:00,86.03,86.15,85.14,85.45
1773216000,2026-03-11 08:00:00,85.44,85.61,85.09,85.5
1773219600,2026-03-11 09:00:00,85.49,85.6,84.72,84.88
1773223200,2026-03-11 10:00:00,84.88,85.53,84.84,85.25
1773226800,2026-03-11 11:00:00,85.25,85.32,84.39,84.55
1773230400,2026-03-11 12:00:00,84.54,85.72,84.36,85.2
1773234000,2026-03-11 13:00:00,85.2,87.4,85.12,85.98
1773237600,2026-03-11 14:00:00,85.97,87.2,85.75,86.53
1773241200,2026-03-11 15:00:00,86.54,86.65,84.57,85.4
1773244800,2026-03-11 16:00:00,85.41,86.59,85.3,86.44
1773248400,2026-03-11 17:00:00,86.45,87.84,86.44,87.27
1773252000,2026-03-11 18:00:00,87.26,88.09,87.15,87.81
1773255600,2026-03-11 19:00:00,87.82,87.86,87.02,87.29
1773259200,2026-03-11 20:00:00,87.28,87.43,87.01,87.29
1773262800,2026-03-11 21:00:00,87.28,87.61,87.14,87.52
1773266400,2026-03-11 22:00:00,87.53,87.94,86.84,87.05
1773270000,2026-03-11 23:00:00,87.04,87.22,86.46,86.58
1773273600,2026-03-12 00:00:00,86.58,86.78,86.37,86.68
1773277200,2026-03-12 01:00:00,86.68,86.71,85.95,86.05
1773280800,2026-03-12 02:00:00,86.05,86.16,85.17,85.21
1773284400,2026-03-12 03:00:00,85.21,85.43,84.72,85.01
1773288000,2026-03-12 04:00:00,85.02,85.42,84.9,85.11
1773291600,2026-03-12 05:00:00,85.11,85.33,84.89,85.13
1773295200,2026-03-12 06:00:00,85.13,85.42,84.97,85.39
1773298800,2026-03-12 07:00:00,85.39,85.9,85,85.82
1773302400,2026-03-12 08:00:00,85.82,86.16,85.39,85.96
1773306000,2026-03-12 09:00:00,85.95,86.7,85.45,86.18
1773309600,2026-03-12 10:00:00,86.19,87.04,86.04,86.76
1773313200,2026-03-12 11:00:00,86.76,87.13,86.63,86.79
1773316800,2026-03-12 12:00:00,86.8,87.51,86.55,87.25
1773320400,2026-03-12 13:00:00,87.25,87.69,86.34,86.74
1773324000,2026-03-12 14:00:00,86.75,87.66,85.2,85.54
1773327600,2026-03-12 15:00:00,85.54,87.03,85.12,86.58
1773331200,2026-03-12 16:00:00,86.57,87.09,85.8,86.79
1773334800,2026-03-12 17:00:00,86.8,86.99,86.33,86.59
1773338400,2026-03-12 18:00:00,86.6,86.82,85.81,85.86
1773342000,2026-03-12 19:00:00,85.86,86.94,85.68,86.8
1773345600,2026-03-12 20:00:00,86.79,86.96,86.42,86.45
1773349200,2026-03-12 21:00:00,86.45,86.68,86.18,86.54
1773352800,2026-03-12 22:00:00,86.54,86.6,85.96,86.3
1773356400,2026-03-12 23:00:00,86.3,87.23,86.28,86.84
1773360000,2026-03-13 00:00:00,86.83,91.14,86.71,89.78
1773363600,2026-03-13 01:00:00,89.77,90.74,89.77,90.45
1773367200,2026-03-13 02:00:00,90.46,90.59,88.93,89.09
1773370800,2026-03-13 03:00:00,89.08,89.98,88.89,89.69
1773374400,2026-03-13 04:00:00,89.7,89.74,89.19,89.35
1773378000,2026-03-13 05:00:00,89.34,89.47,88.87,89.09
1773381600,2026-03-13 06:00:00,89.09,89.22,88.27,88.4
1773385200,2026-03-13 07:00:00,88.41,88.97,88.15,88.68
1773388800,2026-03-13 08:00:00,88.68,89.67,88.32,89.16
1773392400,2026-03-13 09:00:00,89.15,89.65,88.79,89.5
1773396000,2026-03-13 10:00:00,89.5,90.31,89.46,90.19
1773399600,2026-03-13 11:00:00,90.2,90.45,89.97,90.33
1773403200,2026-03-13 12:00:00,90.32,91.38,90.14,91
1773406800,2026-03-13 13:00:00,91,92.31,90.92,91.87
1773410400,2026-03-13 14:00:00,91.88,92.98,90.46,90.69
1773414000,2026-03-13 15:00:00,90.7,91.24,89.3,89.49
1773417600,2026-03-13 16:00:00,89.49,89.96,88.84,89.61
1773421200,2026-03-13 17:00:00,89.6,90.15,88.58,88.87
1773424800,2026-03-13 18:00:00,88.88,89.14,88.37,88.82
1773428400,2026-03-13 19:00:00,88.82,89.05,88.39,88.92
1773432000,2026-03-13 20:00:00,88.91,89.11,88.54,88.91
1773435600,2026-03-13 21:00:00,88.91,89.16,88.34,88.56
1773439200,2026-03-13 22:00:00,88.56,88.66,87.73,88.01
1773442800,2026-03-13 23:00:00,88.01,88.26,87.8,88.18
1773446400,2026-03-14 00:00:00,88.17,88.39,87.84,87.94
1773450000,2026-03-14 01:00:00,87.94,88.38,87.79,88.23
1773453600,2026-03-14 02:00:00,88.24,88.32,88,88.23
1773457200,2026-03-14 03:00:00,88.23,88.62,88.23,88.4
1773460800,2026-03-14 04:00:00,88.4,88.71,88.21,88.25
1773464400,2026-03-14 05:00:00,88.26,88.41,87.89,88.08
1773468000,2026-03-14 06:00:00,88.08,88.1,86.92,87.25
1773471600,2026-03-14 07:00:00,87.26,87.45,87.18,87.33
1773475200,2026-03-14 08:00:00,87.32,87.55,87.08,87.15
1773478800,2026-03-14 09:00:00,87.16,87.31,86.65,86.85
1773482400,2026-03-14 10:00:00,86.84,86.93,86.51,86.65
1773486000,2026-03-14 11:00:00,86.65,87.01,86.64,86.96
1773489600,2026-03-14 12:00:00,86.95,87.13,86.81,87.11
1773493200,2026-03-14 13:00:00,87.1,87.36,87.03,87.11
1773496800,2026-03-14 14:00:00,87.11,87.24,86.63,86.72
1773500400,2026-03-14 15:00:00,86.72,86.92,86.63,86.72
1773504000,2026-03-14 16:00:00,86.72,87.13,86.62,87.07
1773507600,2026-03-14 17:00:00,87.07,87.09,86.84,86.9
1773511200,2026-03-14 18:00:00,86.89,87.11,86.79,87.04
1773514800,2026-03-14 19:00:00,87.03,87.1,86.9,87
1773518400,2026-03-14 20:00:00,87.01,87.18,86.87,87.08
1773522000,2026-03-14 21:00:00,87.09,87.35,86.87,87.28
1773525600,2026-03-14 22:00:00,87.29,87.46,87.22,87.31
1773529200,2026-03-14 23:00:00,87.32,88.16,87.32,88.03
1773532800,2026-03-15 00:00:00,88.04,88.21,87.67,87.76
1773536400,2026-03-15 01:00:00,87.75,87.92,87.58,87.69
1773540000,2026-03-15 02:00:00,87.69,88.65,87.68,88.3
1773543600,2026-03-15 03:00:00,88.3,88.43,87.7,87.86
1773547200,2026-03-15 04:00:00,87.86,88.33,87.85,88.32
1773550800,2026-03-15 05:00:00,88.32,88.66,88.11,88.31
1773554400,2026-03-15 06:00:00,88.32,88.59,88.09,88.35
1773558000,2026-03-15 07:00:00,88.35,88.53,88.11,88.22
1773561600,2026-03-15 08:00:00,88.22,88.52,88.14,88.5
1773565200,2026-03-15 09:00:00,88.49,88.88,88.42,88.54
1773568800,2026-03-15 10:00:00,88.55,88.71,88.38,88.47
1773572400,2026-03-15 11:00:00,88.48,88.68,88.24,88.55
1773576000,2026-03-15 12:00:00,88.56,88.56,88.19,88.26
1773579600,2026-03-15 13:00:00,88.27,88.4,87.36,87.85
1773583200,2026-03-15 14:00:00,87.84,88,87.57,87.97
1773586800,2026-03-15 15:00:00,87.98,88.12,87.77,87.9
1773590400,2026-03-15 16:00:00,87.9,88.05,87.45,87.55
1773594000,2026-03-15 17:00:00,87.55,88.8,87.5,88.43
1773597600,2026-03-15 18:00:00,88.44,88.69,87.85,87.92
1773601200,2026-03-15 19:00:00,87.92,88.29,87.82,88.19
1773604800,2026-03-15 20:00:00,88.19,89,87.98,88.76
1773608400,2026-03-15 21:00:00,88.76,90.3,88.56,90
1773612000,2026-03-15 22:00:00,90,92.93,89.84,92.64
1773615600,2026-03-15 23:00:00,92.65,93.23,91.61,92.3
1773619200,2026-03-16 00:00:00,92.31,93.06,91.88,92.01
1773622800,2026-03-16 01:00:00,92.02,92.25,91.49,92.11
1773626400,2026-03-16 02:00:00,92.11,92.28,91.18,91.48
1773630000,2026-03-16 03:00:00,91.48,94,91.27,93.16
1773633600,2026-03-16 04:00:00,93.17,94.24,92.94,93.62
1773637200,2026-03-16 05:00:00,93.63,94.32,93.21,94.04
1773640800,2026-03-16 06:00:00,94.05,94.05,93.15,93.4
1773644400,2026-03-16 07:00:00,93.41,93.86,93.32,93.56
1773648000,2026-03-16 08:00:00,93.56,94.02,92.57,92.86
1773651600,2026-03-16 09:00:00,92.86,93.47,92.73,93.29
1773655200,2026-03-16 10:00:00,93.3,93.96,93.26,93.9
1773658800,2026-03-16 11:00:00,93.9,93.99,93.53,93.75
1773662400,2026-03-16 12:00:00,93.75,94.2,93.4,93.77
1773666000,2026-03-16 13:00:00,93.78,95.13,93.43,93.68
1773669600,2026-03-16 14:00:00,93.68,94.54,92.37,93.6
1773673200,2026-03-16 15:00:00,93.61,94.35,93.09,93.2
1773676800,2026-03-16 16:00:00,93.2,94.06,93.13,93.81
1773680400,2026-03-16 17:00:00,93.82,94.4,93.7,94.08
1773684000,2026-03-16 18:00:00,94.08,95.09,94.05,94.38
1773687600,2026-03-16 19:00:00,94.39,95.48,94.16,95.21
1773691200,2026-03-16 20:00:00,95.21,95.97,95.06,95.78
1773694800,2026-03-16 21:00:00,95.77,96.88,95.5,96.17
1773698400,2026-03-16 22:00:00,96.17,97.68,96.17,96.37
1773702000,2026-03-16 23:00:00,96.36,96.47,95.41,96.2
1773705600,2026-03-17 00:00:00,96.19,96.95,95.13,95.49
1773709200,2026-03-17 01:00:00,95.49,96.09,94.95,95.72
1773712800,2026-03-17 02:00:00,95.72,95.77,94.88,95.15
1773716400,2026-03-17 03:00:00,95.14,95.29,93.71,94.07
1773720000,2026-03-17 04:00:00,94.07,94.28,93.2,93.8
1773723600,2026-03-17 05:00:00,93.8,94.1,93.36,93.8
1773727200,2026-03-17 06:00:00,93.8,94.3,93.47,93.89
1773730800,2026-03-17 07:00:00,93.9,94.66,93.87,94.44
1773734400,2026-03-17 08:00:00,94.43,94.95,94.29,94.41
1773738000,2026-03-17 09:00:00,94.41,95.09,93.69,93.9
1773741600,2026-03-17 10:00:00,93.9,94.06,93.25,93.57
1773745200,2026-03-17 11:00:00,93.58,93.91,93.4,93.66
1773748800,2026-03-17 12:00:00,93.67,94.08,93.15,93.42
1773752400,2026-03-17 13:00:00,93.41,94.56,93.35,93.8
1773756000,2026-03-17 14:00:00,93.8,94.68,93.5,94.5
1773759600,2026-03-17 15:00:00,94.5,95.13,93.25,93.82
1773763200,2026-03-17 16:00:00,93.82,94.79,93.72,94.39
1773766800,2026-03-17 17:00:00,94.39,94.72,94.15,94.57
1773770400,2026-03-17 18:00:00,94.57,95.59,94.45,95.32
1773774000,2026-03-17 19:00:00,95.33,95.57,94.61,94.67
1773777600,2026-03-17 20:00:00,94.66,95.03,94.41,94.9
1773781200,2026-03-17 21:00:00,94.89,95.46,94.84,95.26
1773784800,2026-03-17 22:00:00,95.27,95.62,94.59,95.33
1773788400,2026-03-17 23:00:00,95.32,95.44,94.58,94.62
1773792000,2026-03-18 00:00:00,94.61,94.93,94.1,94.53
1773795600,2026-03-18 01:00:00,94.54,94.93,94.32,94.43
1773799200,2026-03-18 02:00:00,94.43,95.23,94.41,94.94
1773802800,2026-03-18 03:00:00,94.94,95.65,94.82,95.05
1773806400,2026-03-18 04:00:00,95.06,95.12,94,94.13
1773810000,2026-03-18 05:00:00,94.13,94.39,93.72,93.92
1773813600,2026-03-18 06:00:00,93.92,94.64,93.92,94.21
1773817200,2026-03-18 07:00:00,94.22,94.3,93.83,93.95
1773820800,2026-03-18 08:00:00,93.95,94.26,93.94,94.04
1773824400,2026-03-18 09:00:00,94.04,94.44,93.95,94.28
1773828000,2026-03-18 10:00:00,94.28,94.43,93.51,93.86
1773831600,2026-03-18 11:00:00,93.85,94.08,91.82,92
1773835200,2026-03-18 12:00:00,92,92.03,90.31,90.43
1773838800,2026-03-18 13:00:00,90.43,90.75,89.9,90.32
1773842400,2026-03-18 14:00:00,90.32,90.4,88.85,88.96
1773846000,2026-03-18 15:00:00,88.95,89.49,88.55,89.37
1773849600,2026-03-18 16:00:00,89.36,89.36,88.61,88.97
1773853200,2026-03-18 17:00:00,88.97,90.36,88.83,89.94
1773856800,2026-03-18 18:00:00,89.94,90.86,89.38,89.58
1773860400,2026-03-18 19:00:00,89.58,90.07,89.44,89.71
1773864000,2026-03-18 20:00:00,89.7,90.13,88.99,89.99
1773867600,2026-03-18 21:00:00,89.99,90.62,89.94,90.47
1773871200,2026-03-18 22:00:00,90.46,90.48,89.92,90.02
1773874800,2026-03-18 23:00:00,90.02,90.16,89.69,90.08
1773878400,2026-03-19 00:00:00,90.07,90.3,89.82,90.11
1773882000,2026-03-19 01:00:00,90.11,90.38,89.92,90.19
1773885600,2026-03-19 02:00:00,90.18,90.39,89.79,89.99
1773889200,2026-03-19 03:00:00,89.99,91.41,89.92,90.74
1773892800,2026-03-19 04:00:00,90.74,90.74,89.75,89.91
1773896400,2026-03-19 05:00:00,89.91,90.11,89.66,89.76
1773900000,2026-03-19 06:00:00,89.77,90.12,89.52,89.86
1773903600,2026-03-19 07:00:00,89.87,90.05,88.63,89.42
1773907200,2026-03-19 08:00:00,89.41,89.64,89.09,89.34
1773910800,2026-03-19 09:00:00,89.35,90.39,89.17,90.2
1773914400,2026-03-19 10:00:00,90.19,90.48,89.78,89.81
1773918000,2026-03-19 11:00:00,89.81,90.03,89.47,89.62
1773921600,2026-03-19 12:00:00,89.62,89.62,88.03,88.11
1773925200,2026-03-19 13:00:00,88.11,88.74,87.55,88.52
1773928800,2026-03-19 14:00:00,88.52,88.9,87.45,88.23
1773932400,2026-03-19 15:00:00,88.23,88.76,87.15,87.63
1773936000,2026-03-19 16:00:00,87.63,87.8,87,87.69
1773939600,2026-03-19 17:00:00,87.68,88.35,87.07,88.14
1773943200,2026-03-19 18:00:00,88.13,88.32,87.66,88.13
1773946800,2026-03-19 19:00:00,88.13,89.26,88.12,88.72
1773950400,2026-03-19 20:00:00,88.71,89.21,88.66,88.99
1773954000,2026-03-19 21:00:00,88.98,89.32,88.88,89.11
1773957600,2026-03-19 22:00:00,89.12,89.17,88.37,88.76
1773961200,2026-03-19 23:00:00,88.77,89.19,88.59,88.89
1773964800,2026-03-20 00:00:00,88.9,89.43,88.87,89.41
1773968400,2026-03-20 01:00:00,89.41,89.8,89.33,89.47
1773972000,2026-03-20 02:00:00,89.47,89.6,88.88,89.31
1773975600,2026-03-20 03:00:00,89.31,89.71,89.24,89.57
1773979200,2026-03-20 04:00:00,89.57,89.75,88.73,89.28
1773982800,2026-03-20 05:00:00,89.28,89.55,88.87,89.36
1773986400,2026-03-20 06:00:00,89.36,89.36,88.94,89.09
1773990000,2026-03-20 07:00:00,89.1,89.5,88.5,89.37
1773993600,2026-03-20 08:00:00,89.38,90.45,89.32,89.78
1773997200,2026-03-20 09:00:00,89.78,89.78,88.65,88.97
1774000800,2026-03-20 10:00:00,88.97,89.49,88.61,89.33
1774004400,2026-03-20 11:00:00,89.33,89.6,88.88,89.15
1774008000,2026-03-20 12:00:00,89.15,89.53,89.02,89.15
1774011600,2026-03-20 13:00:00,89.15,89.64,88.61,88.82
1774015200,2026-03-20 14:00:00,88.81,89.73,88.51,88.92
1774018800,2026-03-20 15:00:00,88.92,89.32,88.61,88.94
1774022400,2026-03-20 16:00:00,88.94,89.23,88.62,88.9
1774026000,2026-03-20 17:00:00,88.91,89.04,88.13,88.89
1774029600,2026-03-20 18:00:00,88.89,89,88.16,88.56
1774033200,2026-03-20 19:00:00,88.56,89.06,88.22,88.99
1774036800,2026-03-20 20:00:00,88.99,89.36,88.65,89.01
1774040400,2026-03-20 21:00:00,89.01,90.04,88.92,89.6
1774044000,2026-03-20 22:00:00,89.59,90.26,89.59,90.1
1774047600,2026-03-20 23:00:00,90.09,90.13,89.72,89.84
1774051200,2026-03-21 00:00:00,89.85,90.24,89.84,90.02
1774054800,2026-03-21 01:00:00,90.01,90.34,89.73,89.87
1774058400,2026-03-21 02:00:00,89.86,90.65,89.76,90.47
1774062000,2026-03-21 03:00:00,90.47,90.6,90.33,90.45
1774065600,2026-03-21 04:00:00,90.45,90.81,90.16,90.28
1774069200,2026-03-21 05:00:00,90.29,90.52,89.96,89.97
1774072800,2026-03-21 06:00:00,89.97,90.32,89.91,90.16
1774076400,2026-03-21 07:00:00,90.17,90.4,89.93,90.12
1774080000,2026-03-21 08:00:00,90.12,90.13,89.81,90
1774083600,2026-03-21 09:00:00,89.99,90.4,89.97,90.19
1774087200,2026-03-21 10:00:00,90.2,90.24,89.89,89.97
1774090800,2026-03-21 11:00:00,89.97,90.02,89.82,89.94
1774094400,2026-03-21 12:00:00,89.95,90.2,89.88,90.2
1774098000,2026-03-21 13:00:00,90.19,90.29,89.98,90.04
1774101600,2026-03-21 14:00:00,90.04,90.42,89.66,89.67
1774105200,2026-03-21 15:00:00,89.68,89.94,89.39,89.82
1774108800,2026-03-21 16:00:00,89.83,90,89.57,89.69
1774112400,2026-03-21 17:00:00,89.69,89.71,89.41,89.56
1774116000,2026-03-21 18:00:00,89.55,89.95,89.55,89.78
1774119600,2026-03-21 19:00:00,89.77,89.91,89.7,89.79
1774123200,2026-03-21 20:00:00,89.8,90.29,89.78,90.16
1774126800,2026-03-21 21:00:00,90.16,90.22,89.92,90.01
1774130400,2026-03-21 22:00:00,90,90.07,89.82,89.9
1774134000,2026-03-21 23:00:00,89.9,89.9,87.14,87.56
1774137600,2026-03-22 00:00:00,87.55,87.78,86.26,87.33
1774141200,2026-03-22 01:00:00,87.32,87.72,86.96,87.45
1774144800,2026-03-22 02:00:00,87.46,88.48,87.36,88.16
1774148400,2026-03-22 03:00:00,88.15,89.17,87.77,88.68
1774152000,2026-03-22 04:00:00,88.67,89.2,88.6,89.03
1774155600,2026-03-22 05:00:00,89.02,89.02,88.44,88.48
1774159200,2026-03-22 06:00:00,88.48,88.48,88.14,88.2
1774162800,2026-03-22 07:00:00,88.2,88.33,87.67,87.7
1774166400,2026-03-22 08:00:00,87.7,87.74,86.85,87.38
1774170000,2026-03-22 09:00:00,87.37,87.66,87.19,87.32
1774173600,2026-03-22 10:00:00,87.32,87.51,87.23,87.34
1774177200,2026-03-22 11:00:00,87.34,87.51,86.84,86.85
1774180800,2026-03-22 12:00:00,86.84,87.47,86.82,87.27
1774184400,2026-03-22 13:00:00,87.27,87.74,87.01,87.33
1774188000,2026-03-22 14:00:00,87.32,87.6,87.04,87.21
1774191600,2026-03-22 15:00:00,87.2,87.59,87.17,87.57
1774195200,2026-03-22 16:00:00,87.58,87.71,87.26,87.48
1774198800,2026-03-22 17:00:00,87.48,87.56,87.2,87.26
1774202400,2026-03-22 18:00:00,87.26,87.32,86.51,87.01
1774206000,2026-03-22 19:00:00,87.01,87.02,86.57,86.86
1774209600,2026-03-22 20:00:00,86.87,87.19,86.55,86.58
1774213200,2026-03-22 21:00:00,86.58,86.64,85.14,85.99
1774216800,2026-03-22 22:00:00,86,86.77,85.51,86.75
1774220400,2026-03-22 23:00:00,86.75,87.02,86.01,86.2
1774224000,2026-03-23 00:00:00,86.21,86.61,85.47,85.9
1774227600,2026-03-23 01:00:00,85.9,86.61,85.74,86.09
1774231200,2026-03-23 02:00:00,86.1,86.98,86.05,86.7
1774234800,2026-03-23 03:00:00,86.71,87.22,86.38,86.4
1774238400,2026-03-23 04:00:00,86.39,86.92,86.32,86.91
1774242000,2026-03-23 05:00:00,86.9,87.33,86.85,87.19
1774245600,2026-03-23 06:00:00,87.18,87.18,85.44,85.75
1774249200,2026-03-23 07:00:00,85.75,86.23,85.11,85.99
1774252800,2026-03-23 08:00:00,86,86.46,85.85,85.95
1774256400,2026-03-23 09:00:00,85.96,86.02,85.19,85.76
1774260000,2026-03-23 10:00:00,85.76,86.32,85.66,86.06
1774263600,2026-03-23 11:00:00,86.06,91.93,86.05,88.78
1774267200,2026-03-23 12:00:00,88.78,90.5,88.33,90.23
1774270800,2026-03-23 13:00:00,90.24,91.49,89.9,91.34
1774274400,2026-03-23 14:00:00,91.34,91.73,91.04,91.51
1774278000,2026-03-23 15:00:00,91.52,92.26,89.8,89.95
1774281600,2026-03-23 16:00:00,89.96,90.47,89.4,90.35
1774285200,2026-03-23 17:00:00,90.35,91.44,89.7,91.28
1774288800,2026-03-23 18:00:00,91.28,91.8,90.93,91.62
1774292400,2026-03-23 19:00:00,91.61,91.9,91.24,91.39
1774296000,2026-03-23 20:00:00,91.38,92.02,91.24,91.79
1774299600,2026-03-23 21:00:00,91.79,91.97,91.51,91.62
1774303200,2026-03-23 22:00:00,91.62,91.9,91.17,91.52
1774306800,2026-03-23 23:00:00,91.52,91.57,90.98,91.43
1774310400,2026-03-24 00:00:00,91.44,91.68,90.6,91
1774314000,2026-03-24 01:00:00,90.99,91.05,90.14,90.41
1774317600,2026-03-24 02:00:00,90.41,90.76,90.12,90.16
1774321200,2026-03-24 03:00:00,90.15,90.35,89.96,90.35
1774324800,2026-03-24 04:00:00,90.34,90.82,90.14,90.34
1774328400,2026-03-24 05:00:00,90.35,90.41,89.99,90.13
1774332000,2026-03-24 06:00:00,90.13,90.53,90.06,90.47
1774335600,2026-03-24 07:00:00,90.47,91.89,90.4,91.72
1774339200,2026-03-24 08:00:00,91.71,91.95,91.26,91.58
1774342800,2026-03-24 09:00:00,91.57,92.15,91.12,92.11
1774346400,2026-03-24 10:00:00,92.12,92.22,91.74,91.86
1774350000,2026-03-24 11:00:00,91.86,92.17,91.36,91.77
1774353600,2026-03-24 12:00:00,91.78,91.86,91.36,91.59
1774357200,2026-03-24 13:00:00,91.58,91.75,89.54,89.86
1774360800,2026-03-24 14:00:00,89.86,90.23,88.7,89.57
1774364400,2026-03-24 15:00:00,89.57,90.3,89.51,89.74
1774368000,2026-03-24 16:00:00,89.74,89.98,89.09,89.28
1774371600,2026-03-24 17:00:00,89.29,89.4,88.72,89.18
1774375200,2026-03-24 18:00:00,89.18,89.69,88.89,88.9
1774378800,2026-03-24 19:00:00,88.91,89.31,88.42,88.52
1774382400,2026-03-24 20:00:00,88.53,90.24,88.51,90.04
1774386000,2026-03-24 21:00:00,90.04,90.6,89.69,90.39
1774389600,2026-03-24 22:00:00,90.39,90.77,90.07,90.32
1774393200,2026-03-24 23:00:00,90.32,91.13,90.23,90.8
1774396800,2026-03-25 00:00:00,90.8,91.62,90.71,91.32
1774400400,2026-03-25 01:00:00,91.32,91.47,90.94,90.94
1774404000,2026-03-25 02:00:00,90.95,91.5,90.82,91.13
1774407600,2026-03-25 03:00:00,91.13,91.95,90.79,91.69
1774411200,2026-03-25 04:00:00,91.69,92.11,91.59,92.05
1774414800,2026-03-25 05:00:00,92.06,92.96,91.97,92.42
1774418400,2026-03-25 06:00:00,92.42,92.93,92.27,92.39
1774422000,2026-03-25 07:00:00,92.4,92.5,91.76,91.81
1774425600,2026-03-25 08:00:00,91.82,92.74,91.82,92.36
1774429200,2026-03-25 09:00:00,92.36,92.67,92.13,92.55
1774432800,2026-03-25 10:00:00,92.54,92.7,92.39,92.65
1774436400,2026-03-25 11:00:00,92.64,93.47,92.45,92.99
1774440000,2026-03-25 12:00:00,92.99,93.43,92.34,93.04
1774443600,2026-03-25 13:00:00,93.04,93.41,92.69,92.74
1774447200,2026-03-25 14:00:00,92.74,92.91,91.92,91.95
1774450800,2026-03-25 15:00:00,91.95,92.07,91,91.77
1774454400,2026-03-25 16:00:00,91.77,92.73,91.59,92.21
1774458000,2026-03-25 17:00:00,92.21,92.34,91.6,91.71
1774461600,2026-03-25 18:00:00,91.71,92.19,91.46,91.69
1774465200,2026-03-25 19:00:00,91.69,91.99,91.4,91.75
1774468800,2026-03-25 20:00:00,91.76,91.78,91.1,91.48
1774472400,2026-03-25 21:00:00,91.48,91.62,91.16,91.27
1774476000,2026-03-25 22:00:00,91.27,91.96,91.03,91.75
1774479600,2026-03-25 23:00:00,91.74,91.84,91.47,91.7
1774483200,2026-03-26 00:00:00,91.7,91.98,91.49,91.7
1774486800,2026-03-26 01:00:00,91.7,91.96,91.6,91.84
1774490400,2026-03-26 02:00:00,91.83,91.85,90.67,90.96
1774494000,2026-03-26 03:00:00,90.95,91.16,90.61,91.07
1774497600,2026-03-26 04:00:00,91.07,91.08,90.68,90.82
1774501200,2026-03-26 05:00:00,90.82,90.85,89.12,89.26
1774504800,2026-03-26 06:00:00,89.25,89.31,88.81,89.05
1774508400,2026-03-26 07:00:00,89.06,89.36,88.81,89.1
1774512000,2026-03-26 08:00:00,89.1,89.11,88.65,88.88
1774515600,2026-03-26 09:00:00,88.88,89.02,87.73,88.12
1774519200,2026-03-26 10:00:00,88.12,88.34,87.79,87.94
1774522800,2026-03-26 11:00:00,87.95,88.13,87.45,87.58
1774526400,2026-03-26 12:00:00,87.58,87.81,87.41,87.56
1774530000,2026-03-26 13:00:00,87.56,88.24,87.33,87.92
1774533600,2026-03-26 14:00:00,87.93,88.19,87.17,87.54
1774537200,2026-03-26 15:00:00,87.54,87.81,86.73,87.54
1774540800,2026-03-26 16:00:00,87.53,87.73,87.14,87.2
1774544400,2026-03-26 17:00:00,87.2,87.49,86.51,86.63
1774548000,2026-03-26 18:00:00,86.62,86.82,85.73,86.06
1774551600,2026-03-26 19:00:00,86.06,86.08,85.45,85.48
1774555200,2026-03-26 20:00:00,85.48,87.12,85.45,86.34
1774558800,2026-03-26 21:00:00,86.35,87.14,86.22,86.84
1774562400,2026-03-26 22:00:00,86.83,86.89,86.22,86.81
1774566000,2026-03-26 23:00:00,86.82,86.96,86.19,86.53
1774569600,2026-03-27 00:00:00,86.52,86.8,86.19,86.55
1774573200,2026-03-27 01:00:00,86.54,86.9,86.44,86.88
1774576800,2026-03-27 02:00:00,86.89,87.04,86.53,86.7
1774580400,2026-03-27 03:00:00,86.69,86.79,86.35,86.42
1774584000,2026-03-27 04:00:00,86.42,86.44,85.74,86.17
1774587600,2026-03-27 05:00:00,86.16,86.75,85.93,86.1
1774591200,2026-03-27 06:00:00,86.1,86.39,85.89,86.07
1774594800,2026-03-27 07:00:00,86.07,86.34,85.69,85.92
1774598400,2026-03-27 08:00:00,85.92,86.14,84.38,85.12
1774602000,2026-03-27 09:00:00,85.12,85.26,84.42,85.08
1774605600,2026-03-27 10:00:00,85.08,85.15,82.66,83.02
1774609200,2026-03-27 11:00:00,83.02,83.64,82.63,83.39
1774612800,2026-03-27 12:00:00,83.39,83.44,83.06,83.1
1774616400,2026-03-27 13:00:00,83.11,83.56,82.5,82.95
1774620000,2026-03-27 14:00:00,82.94,83.36,82.6,83.18
1774623600,2026-03-27 15:00:00,83.17,84.03,82.98,83.35
1774627200,2026-03-27 16:00:00,83.36,83.38,82.66,83.03
1774630800,2026-03-27 17:00:00,83.02,83.44,82.09,82.23
1774634400,2026-03-27 18:00:00,82.24,82.5,81.86,82.39
1774638000,2026-03-27 19:00:00,82.39,82.91,82.08,82.81
1774641600,2026-03-27 20:00:00,82.81,82.98,82.38,82.77
1774645200,2026-03-27 21:00:00,82.77,83.07,82.69,82.76
1774648800,2026-03-27 22:00:00,82.75,82.84,82.54,82.73
1774652400,2026-03-27 23:00:00,82.74,83.14,82.48,83.11
1774656000,2026-03-28 00:00:00,83.11,83.11,82.72,82.86
1774659600,2026-03-28 01:00:00,82.85,82.87,82.25,82.66
1774663200,2026-03-28 02:00:00,82.66,82.91,82.38,82.56
1774666800,2026-03-28 03:00:00,82.57,82.73,82.52,82.6
1774670400,2026-03-28 04:00:00,82.6,82.79,82.4,82.58
1774674000,2026-03-28 05:00:00,82.58,82.79,82.38,82.75
1774677600,2026-03-28 06:00:00,82.75,83.27,82.66,83.18
1774681200,2026-03-28 07:00:00,83.18,83.67,83.17,83.62
1774684800,2026-03-28 08:00:00,83.62,83.73,83.38,83.4
1774688400,2026-03-28 09:00:00,83.4,83.4,82.94,83.06
1774692000,2026-03-28 10:00:00,83.05,83.33,82.69,83.01
1774695600,2026-03-28 11:00:00,83.01,83.06,82.9,82.94
1774699200,2026-03-28 12:00:00,82.94,83.2,82.6,82.68
1774702800,2026-03-28 13:00:00,82.68,84.12,82.67,83.38
1774706400,2026-03-28 14:00:00,83.37,83.55,83,83.24
1774710000,2026-03-28 15:00:00,83.23,84.29,83.19,83.83
1774713600,2026-03-28 16:00:00,83.84,83.95,83.49,83.57
1774717200,2026-03-28 17:00:00,83.57,83.74,83.14,83.32
1774720800,2026-03-28 18:00:00,83.32,83.54,83.3,83.39
1774724400,2026-03-28 19:00:00,83.38,83.43,83.04,83.28
1774728000,2026-03-28 20:00:00,83.28,83.52,83.28,83.42
1774731600,2026-03-28 21:00:00,83.41,83.45,82.36,82.72
1774735200,2026-03-28 22:00:00,82.71,82.91,82.47,82.8
1774738800,2026-03-28 23:00:00,82.8,82.8,81.69,82.09
1774742400,2026-03-29 00:00:00,82.09,82.28,81.87,82.21
1774746000,2026-03-29 01:00:00,82.21,82.53,82.1,82.48
1774749600,2026-03-29 02:00:00,82.48,82.84,82.42,82.78
1774753200,2026-03-29 03:00:00,82.77,83.24,82.7,83
1774756800,2026-03-29 04:00:00,83.01,83.04,82.73,82.79
1774760400,2026-03-29 05:00:00,82.78,82.88,82.41,82.73
1774764000,2026-03-29 06:00:00,82.72,82.84,82.3,82.5
1774767600,2026-03-29 07:00:00,82.5,82.62,82.23,82.45
1774771200,2026-03-29 08:00:00,82.45,82.61,82.34,82.47
1774774800,2026-03-29 09:00:00,82.47,82.54,82.17,82.36
1774778400,2026-03-29 10:00:00,82.35,82.35,81.98,82.12
1774782000,2026-03-29 11:00:00,82.13,82.84,82.12,82.58
1774785600,2026-03-29 12:00:00,82.59,82.65,82.23,82.44
1774789200,2026-03-29 13:00:00,82.45,82.47,81.7,81.92
1774792800,2026-03-29 14:00:00,81.92,82.44,81.72,81.93
1774796400,2026-03-29 15:00:00,81.94,82.15,81.36,81.81
1774800000,2026-03-29 16:00:00,81.82,82.12,81.63,81.71
1774803600,2026-03-29 17:00:00,81.71,81.86,81.12,81.56
1774807200,2026-03-29 18:00:00,81.56,81.92,81.4,81.81
1774810800,2026-03-29 19:00:00,81.81,81.88,81.56,81.62
1774814400,2026-03-29 20:00:00,81.62,82.23,81.6,81.94
1774818000,2026-03-29 21:00:00,81.93,82.21,81.84,82.16
1774821600,2026-03-29 22:00:00,82.15,82.15,78.96,80.94
1774825200,2026-03-29 23:00:00,80.94,81.71,80.9,81.44
1774828800,2026-03-30 00:00:00,81.45,83.02,81.15,81.89
1774832400,2026-03-30 01:00:00,81.89,82.89,81.89,82.71
1774836000,2026-03-30 02:00:00,82.72,83.94,82.46,83.35
1774839600,2026-03-30 03:00:00,83.34,83.56,82.92,83.27
1774843200,2026-03-30 04:00:00,83.27,83.86,83.26,83.77
1774846800,2026-03-30 05:00:00,83.76,84.18,83.47,83.64
1774850400,2026-03-30 06:00:00,83.63,83.87,83.41,83.47
1774854000,2026-03-30 07:00:00,83.47,84.26,83.34,84.02
1774857600,2026-03-30 08:00:00,84.01,84.88,84,84.52
1774861200,2026-03-30 09:00:00,84.52,84.52,84.11,84.14
1774864800,2026-03-30 10:00:00,84.14,84.21,83.55,83.92
1774868400,2026-03-30 11:00:00,83.92,84.68,83.85,84.24
1774872000,2026-03-30 12:00:00,84.25,84.61,84.12,84.49
1774875600,2026-03-30 13:00:00,84.5,84.99,83.93,84.01
1774879200,2026-03-30 14:00:00,84.01,84.64,83.65,84.39
1774882800,2026-03-30 15:00:00,84.4,84.76,83.88,84.51
1774886400,2026-03-30 16:00:00,84.5,84.55,83.93,84.22
1774890000,2026-03-30 17:00:00,84.22,84.42,83.08,83.26
1774893600,2026-03-30 18:00:00,83.25,83.43,82.45,82.69
1774897200,2026-03-30 19:00:00,82.68,82.7,81.96,82.39
1774900800,2026-03-30 20:00:00,82.38,82.9,82.36,82.79
1774904400,2026-03-30 21:00:00,82.79,83.68,82.69,83.15
1774908000,2026-03-30 22:00:00,83.16,83.5,82.65,82.81
1774911600,2026-03-30 23:00:00,82.81,82.82,82.14,82.54
1774915200,2026-03-31 00:00:00,82.55,82.96,82.15,82.72
1774918800,2026-03-31 01:00:00,82.73,84.62,82.6,83.85
1774922400,2026-03-31 02:00:00,83.85,84.07,83.59,83.83
1774926000,2026-03-31 03:00:00,83.82,83.92,83.28,83.6
1774929600,2026-03-31 04:00:00,83.6,83.91,83.28,83.34
1774933200,2026-03-31 05:00:00,83.33,83.77,82.9,83.77
1774936800,2026-03-31 06:00:00,83.76,83.83,83.05,83.41
1774940400,2026-03-31 07:00:00,83.41,83.44,82.68,83.1
1774944000,2026-03-31 08:00:00,83.1,83.35,82.24,82.25
1774947600,2026-03-31 09:00:00,82.25,82.47,80.08,80.55
1774951200,2026-03-31 10:00:00,80.55,80.94,80.33,80.47
1774954800,2026-03-31 11:00:00,80.47,80.98,80.28,80.85
1774958400,2026-03-31 12:00:00,80.85,81.09,80.4,80.78
1774962000,2026-03-31 13:00:00,80.78,82.04,80.74,81.86
1774965600,2026-03-31 14:00:00,81.85,82.59,80.4,80.63
1774969200,2026-03-31 15:00:00,80.63,81.68,80.63,80.86
1774972800,2026-03-31 16:00:00,80.87,82.9,80.87,82.39
1774976400,2026-03-31 17:00:00,82.39,83.47,82.18,82.37
1774980000,2026-03-31 18:00:00,82.38,83.09,82.38,82.9
1774983600,2026-03-31 19:00:00,82.89,82.97,82.47,82.7
1774987200,2026-03-31 20:00:00,82.7,83.4,82.61,83.16
1774990800,2026-03-31 21:00:00,83.17,83.19,82.63,82.86
1774994400,2026-03-31 22:00:00,82.86,82.91,82.33,82.76
1774998000,2026-03-31 23:00:00,82.77,83.26,82.67,83.2
1775001600,2026-04-01 00:00:00,83.19,83.58,82.85,83.4
1775005200,2026-04-01 01:00:00,83.41,83.47,82.72,82.73
1775008800,2026-04-01 02:00:00,82.74,82.91,82.48,82.65
1775012400,2026-04-01 03:00:00,82.65,83.49,82.65,83.43
1775016000,2026-04-01 04:00:00,83.44,83.86,83.26,83.74
1775019600,2026-04-01 05:00:00,83.75,84.32,83.36,84.14
1775023200,2026-04-01 06:00:00,84.14,84.74,84.02,84.45
1775026800,2026-04-01 07:00:00,84.46,84.74,83.81,83.84
1775030400,2026-04-01 08:00:00,83.84,84.06,83.43,83.62
1775034000,2026-04-01 09:00:00,83.63,83.77,83.14,83.38
1775037600,2026-04-01 10:00:00,83.38,83.5,83.07,83.38
1775041200,2026-04-01 11:00:00,83.37,83.58,83.17,83.37
1775044800,2026-04-01 12:00:00,83.37,83.73,82.8,83.03
1775048400,2026-04-01 13:00:00,83.04,83.44,82.4,82.67
1775052000,2026-04-01 14:00:00,82.66,83.56,82.51,83.39
1775055600,2026-04-01 15:00:00,83.39,83.88,83.09,83.63
1775059200,2026-04-01 16:00:00,83.62,85.33,83.08,85.26
1775062800,2026-04-01 17:00:00,85.25,86.65,84.25,84.44
1775066400,2026-04-01 18:00:00,84.43,84.49,83.55,83.66
1775070000,2026-04-01 19:00:00,83.65,84.43,83.64,83.82
1775073600,2026-04-01 20:00:00,83.83,83.88,82.3,82.57
1775077200,2026-04-01 21:00:00,82.57,83.18,81.42,81.86
1775080800,2026-04-01 22:00:00,81.85,81.94,80.77,81.17
1775084400,2026-04-01 23:00:00,81.17,81.45,81.02,81.18
1775088000,2026-04-02 00:00:00,81.19,81.77,80.92,81.63
1775091600,2026-04-02 01:00:00,81.63,81.63,78.97,79.34
1775095200,2026-04-02 02:00:00,79.34,79.34,78.3,78.87
1775098800,2026-04-02 03:00:00,78.87,79.41,78.69,79.01
1775102400,2026-04-02 04:00:00,79.01,79.19,78.75,78.82
1775106000,2026-04-02 05:00:00,78.83,79.43,78.62,79.26
1775109600,2026-04-02 06:00:00,79.26,79.43,78.95,79.12
1775113200,2026-04-02 07:00:00,79.13,79.67,79,79.65
1775116800,2026-04-02 08:00:00,79.64,79.64,79.04,79.12
1775120400,2026-04-02 09:00:00,79.12,79.36,78.93,79.26
1775124000,2026-04-02 10:00:00,79.27,79.32,78.8,78.9
1775127600,2026-04-02 11:00:00,78.9,78.99,78.2,78.31
1775131200,2026-04-02 12:00:00,78.32,78.59,77.9,77.97
1775134800,2026-04-02 13:00:00,77.96,78.25,76.7,77.74
1775138400,2026-04-02 14:00:00,77.74,79.73,77.51,79.07
1775142000,2026-04-02 15:00:00,79.07,79.25,78.35,79.03
1775145600,2026-04-02 16:00:00,79.03,79.88,78.71,79.43
1775149200,2026-04-02 17:00:00,79.42,79.67,78.55,78.59
1775152800,2026-04-02 18:00:00,78.59,79.28,78.43,79.13
1775156400,2026-04-02 19:00:00,79.13,79.25,78.7,78.98
1775160000,2026-04-02 20:00:00,78.99,79.37,78.77,79.16
1775163600,2026-04-02 21:00:00,79.17,79.24,78.63,78.97
1775167200,2026-04-02 22:00:00,78.96,79.14,78.73,78.99
1775170800,2026-04-02 23:00:00,78.99,79.15,78.8,78.94
1775174400,2026-04-03 00:00:00,78.95,79.38,78.87,79.23
1775178000,2026-04-03 01:00:00,79.23,79.79,79,79.17
1775181600,2026-04-03 02:00:00,79.18,79.6,78.85,79.34
1775185200,2026-04-03 03:00:00,79.34,79.45,78.99,79
1775188800,2026-04-03 04:00:00,79,79.53,78.99,79.32
1775192400,2026-04-03 05:00:00,79.32,79.65,79.06,79.33
1775196000,2026-04-03 06:00:00,79.33,79.71,79.2,79.65
1775199600,2026-04-03 07:00:00,79.65,80.16,79.45,79.96
1775203200,2026-04-03 08:00:00,79.96,80.17,79.64,79.77
1775206800,2026-04-03 09:00:00,79.77,80.21,79.65,79.96
1775210400,2026-04-03 10:00:00,79.96,80.2,79.69,80.15
1775214000,2026-04-03 11:00:00,80.16,80.47,79.89,80.18
1775217600,2026-04-03 12:00:00,80.18,80.91,79.23,79.34
1775221200,2026-04-03 13:00:00,79.34,79.62,79.17,79.6
1775224800,2026-04-03 14:00:00,79.6,80.33,79.43,80.25
1775228400,2026-04-03 15:00:00,80.24,80.65,80.14,80.33
1775232000,2026-04-03 16:00:00,80.33,80.67,80.23,80.56
1775235600,2026-04-03 17:00:00,80.55,80.56,79.89,80.2
1775239200,2026-04-03 18:00:00,80.19,80.45,80.08,80.13
1775242800,2026-04-03 19:00:00,80.13,80.3,79.87,80.21
1775246400,2026-04-03 20:00:00,80.21,80.33,80.16,80.2
1775250000,2026-04-03 21:00:00,80.2,80.73,80.12,80.4
1775253600,2026-04-03 22:00:00,80.41,80.5,79.92,80.15
1775257200,2026-04-03 23:00:00,80.16,80.54,80.13,80.4
1775260800,2026-04-04 00:00:00,80.39,80.42,80.15,80.24
1775264400,2026-04-04 01:00:00,80.23,80.34,80.06,80.14
1775268000,2026-04-04 02:00:00,80.14,80.34,80.07,80.19
1775271600,2026-04-04 03:00:00,80.18,80.29,80.16,80.18
1775275200,2026-04-04 04:00:00,80.18,80.32,80.15,80.26
1775278800,2026-04-04 05:00:00,80.26,80.3,80.11,80.2
1775282400,2026-04-04 06:00:00,80.19,80.54,80.14,80.46
1775286000,2026-04-04 07:00:00,80.47,80.49,80.21,80.32
1775289600,2026-04-04 08:00:00,80.32,80.4,79.93,79.99
1775293200,2026-04-04 09:00:00,79.98,80.1,79.92,80.04
1775296800,2026-04-04 10:00:00,80.04,80.29,80.02,80.24
1775300400,2026-04-04 11:00:00,80.23,80.29,80.04,80.21
1775304000,2026-04-04 12:00:00,80.2,80.25,80.01,80.1
1775307600,2026-04-04 13:00:00,80.11,80.26,79.93,80.03
1775311200,2026-04-04 14:00:00,80.03,80.37,79.57,80.36
1775314800,2026-04-04 15:00:00,80.35,81.61,80.27,81.1
1775318400,2026-04-04 16:00:00,81.1,81.35,80.7,80.74
1775322000,2026-04-04 17:00:00,80.75,81.03,80.61,80.93
1775325600,2026-04-04 18:00:00,80.93,81.13,80.7,80.84
1775329200,2026-04-04 19:00:00,80.84,81.32,80.75,80.85
1775332800,2026-04-04 20:00:00,80.86,80.87,80.62,80.81
1775336400,2026-04-04 21:00:00,80.8,81.04,80.76,80.92
1775340000,2026-04-04 22:00:00,80.93,81.06,80.88,81
1775343600,2026-04-04 23:00:00,81,81,80.7,80.83
1775347200,2026-04-05 00:00:00,80.84,80.85,80.54,80.7
1775350800,2026-04-05 01:00:00,80.7,80.79,80.49,80.51
1775354400,2026-04-05 02:00:00,80.5,80.64,80.37,80.59
1775358000,2026-04-05 03:00:00,80.59,80.62,80.41,80.55
1775361600,2026-04-05 04:00:00,80.55,80.58,80.29,80.33
1775365200,2026-04-05 05:00:00,80.33,80.43,80.14,80.31
1775368800,2026-04-05 06:00:00,80.3,80.38,79.41,79.59
1775372400,2026-04-05 07:00:00,79.59,79.88,79.51,79.6
1775376000,2026-04-05 08:00:00,79.59,79.71,79.54,79.62
1775379600,2026-04-05 09:00:00,79.62,79.88,79.62,79.84
1775383200,2026-04-05 10:00:00,79.83,80.24,79.78,79.84
1775386800,2026-04-05 11:00:00,79.84,79.92,79.75,79.9
1775390400,2026-04-05 12:00:00,79.91,79.95,78.8,79
1775394000,2026-04-05 13:00:00,79.01,79.25,78.52,79.21
1775397600,2026-04-05 14:00:00,79.21,79.48,79.13,79.29
1775401200,2026-04-05 15:00:00,79.29,80.33,79,79.6
1775404800,2026-04-05 16:00:00,79.59,79.82,79.39,79.46
1775408400,2026-04-05 17:00:00,79.47,79.93,79.37,79.9
1775412000,2026-04-05 18:00:00,79.89,80.14,79.71,79.95
1775415600,2026-04-05 19:00:00,79.96,80.23,79.54,79.83
1775419200,2026-04-05 20:00:00,79.83,80.22,79.81,80.16
1775422800,2026-04-05 21:00:00,80.16,80.19,79.51,79.75
1775426400,2026-04-05 22:00:00,79.74,80.69,79.1,80.58
1775430000,2026-04-05 23:00:00,80.58,82.13,80.46,81.89
1775433600,2026-04-06 00:00:00,81.89,82.97,81.89,82.32
1775437200,2026-04-06 01:00:00,82.33,82.42,81.68,81.69
1775440800,2026-04-06 02:00:00,81.7,82.8,81.66,82.41
1775444400,2026-04-06 03:00:00,82.41,82.48,81.94,82.11
1775448000,2026-04-06 04:00:00,82.11,82.34,81.79,82
1775451600,2026-04-06 05:00:00,81.99,82.08,81.84,81.91
1775455200,2026-04-06 06:00:00,81.9,82.14,80.97,81.5
1775458800,2026-04-06 07:00:00,81.5,81.97,81.35,81.82
1775462400,2026-04-06 08:00:00,81.83,82.26,81.71,82
1775466000,2026-04-06 09:00:00,81.99,83.2,81.88,82.47
1775469600,2026-04-06 10:00:00,82.47,82.9,82.47,82.68
1775473200,2026-04-06 11:00:00,82.68,82.68,82.31,82.45
1775476800,2026-04-06 12:00:00,82.44,82.53,82.21,82.3
1775480400,2026-04-06 13:00:00,82.3,82.67,82.18,82.46
1775484000,2026-04-06 14:00:00,82.46,82.81,81.73,82.23
1775487600,2026-04-06 15:00:00,82.22,82.46,82,82.27
1775491200,2026-04-06 16:00:00,82.28,82.48,81.58,81.59
1775494800,2026-04-06 17:00:00,81.6,81.79,81.19,81.64
1775498400,2026-04-06 18:00:00,81.64,82.22,81.55,81.88
1775502000,2026-04-06 19:00:00,81.87,81.98,81.56,81.9
1775505600,2026-04-06 20:00:00,81.91,82.15,81.81,82
1775509200,2026-04-06 21:00:00,82,82,81.38,81.49
1775512800,2026-04-06 22:00:00,81.48,81.51,80.16,80.17
1775516400,2026-04-06 23:00:00,80.17,80.29,79.6,80.03
1775520000,2026-04-07 00:00:00,80.03,80.23,79.6,79.91
1775523600,2026-04-07 01:00:00,79.91,80.14,79.38,79.53
1775527200,2026-04-07 02:00:00,79.53,79.9,79.47,79.72
1775530800,2026-04-07 03:00:00,79.73,79.91,79.7,79.8
1775534400,2026-04-07 04:00:00,79.8,80.17,79.67,79.92
1775538000,2026-04-07 05:00:00,79.93,79.97,79.46,79.61
1775541600,2026-04-07 06:00:00,79.6,79.65,79.31,79.53
1775545200,2026-04-07 07:00:00,79.54,79.94,79.45,79.87
1775548800,2026-04-07 08:00:00,79.87,80.36,79.82,80.14
1775552400,2026-04-07 09:00:00,80.15,80.59,80.15,80.39
1775556000,2026-04-07 10:00:00,80.38,80.46,79.22,79.37
1775559600,2026-04-07 11:00:00,79.37,79.55,78.95,79.21
1775563200,2026-04-07 12:00:00,79.22,79.39,78.69,79.14
1775566800,2026-04-07 13:00:00,79.14,79.24,78.83,78.87
1775570400,2026-04-07 14:00:00,78.88,79.06,78.4,78.59
1775574000,2026-04-07 15:00:00,78.59,78.99,78.38,78.86
1775577600,2026-04-07 16:00:00,78.86,79.19,78.65,78.89
1775581200,2026-04-07 17:00:00,78.89,81,78.83,80.07
1775584800,2026-04-07 18:00:00,80.07,80.23,79.51,79.94
1775588400,2026-04-07 19:00:00,79.93,81.83,79.89,81.63
1775592000,2026-04-07 20:00:00,81.63,82.41,81.63,81.93
1775595600,2026-04-07 21:00:00,81.94,83.24,81.87,82.91
1775599200,2026-04-07 22:00:00,82.92,85.24,82.91,85.24
1775602800,2026-04-07 23:00:00,85.24,87.02,85.1,85.56
1775606400,2026-04-08 00:00:00,85.56,85.9,84.26,84.76
1775610000,2026-04-08 01:00:00,84.77,84.98,84.45,84.69
1775613600,2026-04-08 02:00:00,84.68,84.97,84.4,84.61
1775617200,2026-04-08 03:00:00,84.6,84.68,84.37,84.56
1775620800,2026-04-08 04:00:00,84.56,85.03,84.49,84.49
1775624400,2026-04-08 05:00:00,84.5,84.76,84.16,84.22
1775628000,2026-04-08 06:00:00,84.22,84.71,83.89,84.55
1775631600,2026-04-08 07:00:00,84.55,84.71,84.21,84.5
1775635200,2026-04-08 08:00:00,84.51,84.88,84.43,84.86
1775638800,2026-04-08 09:00:00,84.86,84.98,84.53,84.66
1775642400,2026-04-08 10:00:00,84.66,84.8,84.49,84.5
1775646000,2026-04-08 11:00:00,84.5,84.83,84.11,84.45
1775649600,2026-04-08 12:00:00,84.46,84.69,84.09,84.54
1775653200,2026-04-08 13:00:00,84.54,84.98,83.92,84.05
1775656800,2026-04-08 14:00:00,84.05,84.16,82.51,82.9
1775660400,2026-04-08 15:00:00,82.9,83.46,82.8,83.34
1775664000,2026-04-08 16:00:00,83.33,83.6,83.05,83.48
1775667600,2026-04-08 17:00:00,83.49,84.18,83.3,83.97
1775671200,2026-04-08 18:00:00,83.98,84.03,82.82,82.93
1775674800,2026-04-08 19:00:00,82.93,83.24,82.77,83.19
1775678400,2026-04-08 20:00:00,83.19,83.38,83.02,83.28
1775682000,2026-04-08 21:00:00,83.27,83.61,83.18,83.4
1775685600,2026-04-08 22:00:00,83.4,83.44,82.6,82.63
1775689200,2026-04-08 23:00:00,82.63,83.02,82.24,82.57
1775692800,2026-04-09 00:00:00,82.56,82.67,82.08,82.21
1775696400,2026-04-09 01:00:00,82.21,82.35,81.7,82.22
1775700000,2026-04-09 02:00:00,82.23,82.44,82.06,82.12
1775703600,2026-04-09 03:00:00,82.12,82.18,81.87,82.03
1775707200,2026-04-09 04:00:00,82.02,82.03,81.82,81.84
1775710800,2026-04-09 05:00:00,81.83,82.33,81.74,82.17
1775714400,2026-04-09 06:00:00,82.17,82.37,81.85,82.18
1775718000,2026-04-09 07:00:00,82.18,82.48,82.18,82.29
1775721600,2026-04-09 08:00:00,82.29,82.65,82.16,82.48
1775725200,2026-04-09 09:00:00,82.47,82.69,82.11,82.61
1775728800,2026-04-09 10:00:00,82.6,82.66,82.37,82.58
1775732400,2026-04-09 11:00:00,82.58,82.71,82.03,82.18
1775736000,2026-04-09 12:00:00,82.18,82.39,81.94,82.28
1775739600,2026-04-09 13:00:00,82.28,82.42,81.57,81.87
1775743200,2026-04-09 14:00:00,81.87,82.32,81.4,82.19
1775746800,2026-04-09 15:00:00,82.19,83.94,81.91,83.75
1775750400,2026-04-09 16:00:00,83.75,84.24,82.92,83.68
1775754000,2026-04-09 17:00:00,83.68,84.69,83.66,84.65
1775757600,2026-04-09 18:00:00,84.65,84.7,83.45,83.83
1775761200,2026-04-09 19:00:00,83.83,84.31,83.41,84.17
1775764800,2026-04-09 20:00:00,84.16,84.53,84.09,84.27
1775768400,2026-04-09 21:00:00,84.26,84.72,84.13,84.27
1775772000,2026-04-09 22:00:00,84.27,85.95,83.95,83.99
1775775600,2026-04-09 23:00:00,83.99,84.06,83.15,83.33
1775779200,2026-04-10 00:00:00,83.33,83.39,82.89,83.13
1775782800,2026-04-10 01:00:00,83.12,83.79,82.82,83.16
1775786400,2026-04-10 02:00:00,83.16,83.46,83.03,83.25
1775790000,2026-04-10 03:00:00,83.25,83.27,82.62,82.9
1775793600,2026-04-10 04:00:00,82.89,83.53,82.87,83.36
1775797200,2026-04-10 05:00:00,83.35,83.59,83.12,83.39
1775800800,2026-04-10 06:00:00,83.39,83.47,83.1,83.2
1775804400,2026-04-10 07:00:00,83.2,83.27,82.86,82.95
1775808000,2026-04-10 08:00:00,82.95,83.11,82.7,82.92
1775811600,2026-04-10 09:00:00,82.92,83.59,82.9,83.53
1775815200,2026-04-10 10:00:00,83.52,83.54,83.11,83.31
1775818800,2026-04-10 11:00:00,83.31,83.74,83.3,83.52
1775822400,2026-04-10 12:00:00,83.52,84.42,83.36,84.11
1775826000,2026-04-10 13:00:00,84.11,84.4,83.59,84.27
1775829600,2026-04-10 14:00:00,84.27,85.24,84.19,85.08
1775833200,2026-04-10 15:00:00,85.08,85.58,84.07,84.24
1775836800,2026-04-10 16:00:00,84.25,84.91,84.14,84.84
1775840400,2026-04-10 17:00:00,84.84,84.9,84.45,84.87
1775844000,2026-04-10 18:00:00,84.88,85.27,84.62,85.21
1775847600,2026-04-10 19:00:00,85.21,85.47,85.11,85.44
1775851200,2026-04-10 20:00:00,85.45,85.67,85.05,85.45
1775854800,2026-04-10 21:00:00,85.44,85.45,84.97,85.23
1775858400,2026-04-10 22:00:00,85.24,85.28,84.65,84.87
1775862000,2026-04-10 23:00:00,84.87,84.95,84.75,84.83
1775865600,2026-04-11 00:00:00,84.83,84.85,84.52,84.68
1775869200,2026-04-11 01:00:00,84.68,84.73,84.38,84.67
1775872800,2026-04-11 02:00:00,84.68,84.93,84.59,84.8
1775876400,2026-04-11 03:00:00,84.81,84.9,84.31,84.4
1775880000,2026-04-11 04:00:00,84.4,84.62,84.21,84.38
1775883600,2026-04-11 05:00:00,84.38,84.4,84.05,84.09
1775887200,2026-04-11 06:00:00,84.09,84.19,83.87,84.13
1775890800,2026-04-11 07:00:00,84.13,84.35,84.07,84.28
1775894400,2026-04-11 08:00:00,84.27,84.43,84.17,84.17
1775898000,2026-04-11 09:00:00,84.16,84.8,84.14,84.5
1775901600,2026-04-11 10:00:00,84.49,84.53,83.95,84.05
1775905200,2026-04-11 11:00:00,84.06,84.28,83.8,84.24
1775908800,2026-04-11 12:00:00,84.24,84.57,84.06,84.24
1775912400,2026-04-11 13:00:00,84.23,84.32,83.84,84.11
1775916000,2026-04-11 14:00:00,84.11,84.42,84.02,84.38
1775919600,2026-04-11 15:00:00,84.38,84.88,84.21,84.66
1775923200,2026-04-11 16:00:00,84.67,85.4,84.6,84.98
1775926800,2026-04-11 17:00:00,84.98,85.01,84.68,84.8
1775930400,2026-04-11 18:00:00,84.8,85.8,84.64,85.48
1775934000,2026-04-11 19:00:00,85.48,86.26,85.42,86.01
1775937600,2026-04-11 20:00:00,86.01,86.08,85.12,85.4
1775941200,2026-04-11 21:00:00,85.41,85.54,85.2,85.34
1775944800,2026-04-11 22:00:00,85.33,86.19,85.05,85.28
1775948400,2026-04-11 23:00:00,85.28,85.28,84.52,84.93
1775952000,2026-04-12 00:00:00,84.94,85,84.7,84.9
1775955600,2026-04-12 01:00:00,84.89,84.98,82.04,82.31
1775959200,2026-04-12 02:00:00,82.3,83.03,81.84,82.67
1775962800,2026-04-12 03:00:00,82.67,82.79,82.32,82.33
1775966400,2026-04-12 04:00:00,82.32,82.46,82.15,82.21
1775970000,2026-04-12 05:00:00,82.22,82.49,82.06,82.4
1775973600,2026-04-12 06:00:00,82.4,82.5,82.2,82.27
1775977200,2026-04-12 07:00:00,82.27,82.45,82.23,82.27
1775980800,2026-04-12 08:00:00,82.28,82.31,82.15,82.29
1775984400,2026-04-12 09:00:00,82.29,82.41,82.13,82.21
1775988000,2026-04-12 10:00:00,82.21,82.34,81.93,82.04
1775991600,2026-04-12 11:00:00,82.04,82.36,81.92,82.22
1775995200,2026-04-12 12:00:00,82.21,82.56,81.88,82.02
1775998800,2026-04-12 13:00:00,82.01,82.23,81.77,81.89
1776002400,2026-04-12 14:00:00,81.89,82.1,81.29,81.56
1776006000,2026-04-12 15:00:00,81.57,81.82,81.27,81.59
1776009600,2026-04-12 16:00:00,81.59,81.88,81.53,81.88
1776013200,2026-04-12 17:00:00,81.88,82.3,81.75,82.18
1776016800,2026-04-12 18:00:00,82.19,82.32,82.04,82.13
1776020400,2026-04-12 19:00:00,82.14,82.32,81.92,81.99
1776024000,2026-04-12 20:00:00,81.98,82.88,81.94,82.67
1776027600,2026-04-12 21:00:00,82.68,82.88,82.44,82.8
1776031200,2026-04-12 22:00:00,82.79,82.82,81.37,81.98
1776034800,2026-04-12 23:00:00,81.98,81.98,81.27,81.53
1776038400,2026-04-13 00:00:00,81.54,82.22,81.4,82.15
1776042000,2026-04-13 01:00:00,82.15,82.35,81.97,82.33
1776045600,2026-04-13 02:00:00,82.33,82.44,81.89,81.94
1776049200,2026-04-13 03:00:00,81.95,82.07,81.73,81.91
1776052800,2026-04-13 04:00:00,81.9,82.25,81.85,81.9
1776056400,2026-04-13 05:00:00,81.91,81.99,81.54,81.85
1776060000,2026-04-13 06:00:00,81.85,82.6,81.81,82.36
1776063600,2026-04-13 07:00:00,82.36,82.41,81.86,82.17
1776067200,2026-04-13 08:00:00,82.17,82.32,81.74,81.86
1776070800,2026-04-13 09:00:00,81.87,82.22,81.76,81.86
1776074400,2026-04-13 10:00:00,81.86,81.97,81.64,81.73
1776078000,2026-04-13 11:00:00,81.73,82.05,81.69,81.86
1776081600,2026-04-13 12:00:00,81.86,82.79,81.82,82.54
1776085200,2026-04-13 13:00:00,82.54,83.67,82.29,83.6
1776088800,2026-04-13 14:00:00,83.6,83.81,82.76,83.77
1776092400,2026-04-13 15:00:00,83.76,83.82,82.35,82.65
1776096000,2026-04-13 16:00:00,82.66,83.62,82.34,83.35
1776099600,2026-04-13 17:00:00,83.35,83.84,83.01,83.05
1776103200,2026-04-13 18:00:00,83.05,83.27,82.58,83.22
1776106800,2026-04-13 19:00:00,83.21,84.25,83.1,84.09
1776110400,2026-04-13 20:00:00,84.09,84.36,83.81,83.93
1776114000,2026-04-13 21:00:00,83.93,84.14,83.83,83.95
1776117600,2026-04-13 22:00:00,83.95,86.47,83.94,86.22
1776121200,2026-04-13 23:00:00,86.22,86.81,85.91,86.51
1776124800,2026-04-14 00:00:00,86.51,86.75,85.37,85.91
1776128400,2026-04-14 01:00:00,85.9,86.12,85.67,85.95
1776132000,2026-04-14 02:00:00,85.96,86.39,85.8,86.22
1776135600,2026-04-14 03:00:00,86.21,86.27,85.98,86.05
1776139200,2026-04-14 04:00:00,86.05,86.06,85.56,85.89
1776142800,2026-04-14 05:00:00,85.89,85.92,85.43,85.5
1776146400,2026-04-14 06:00:00,85.5,86.09,85.5,85.94
1776150000,2026-04-14 07:00:00,85.95,86.2,85.79,85.88
1776153600,2026-04-14 08:00:00,85.88,86.38,85.72,86.12
1776157200,2026-04-14 09:00:00,86.13,86.26,85.97,86.08
1776160800,2026-04-14 10:00:00,86.08,86.56,86,86.01
1776164400,2026-04-14 11:00:00,86.01,86.11,85.6,85.78
1776168000,2026-04-14 12:00:00,85.78,86,85.6,85.96
1776171600,2026-04-14 13:00:00,85.96,87.41,85.92,87.29
1776175200,2026-04-14 14:00:00,87.3,87.67,86.01,86.02
1776178800,2026-04-14 15:00:00,86.02,86.32,85.25,85.95
1776182400,2026-04-14 16:00:00,85.95,86.17,84.77,85.04
1776186000,2026-04-14 17:00:00,85.04,85.45,84.7,85.24
1776189600,2026-04-14 18:00:00,85.25,85.42,83.89,84.08
1776193200,2026-04-14 19:00:00,84.08,84.32,83.71,83.95
1776196800,2026-04-14 20:00:00,83.94,84.14,83.41,83.61
1776200400,2026-04-14 21:00:00,83.61,83.95,83.54,83.82
1776204000,2026-04-14 22:00:00,83.81,83.94,83.3,83.51
1776207600,2026-04-14 23:00:00,83.51,84.06,83.46,83.72
1776211200,2026-04-15 00:00:00,83.72,84.06,83.53,83.78
1776214800,2026-04-15 01:00:00,83.78,84.03,83.55,83.91
1776218400,2026-04-15 02:00:00,83.92,84.02,83.13,83.4
1776222000,2026-04-15 03:00:00,83.4,83.52,83.29,83.45
1776225600,2026-04-15 04:00:00,83.45,83.66,83.32,83.61
1776229200,2026-04-15 05:00:00,83.6,83.79,82.95,83.14
1776232800,2026-04-15 06:00:00,83.13,83.14,82.86,83.01
1776236400,2026-04-15 07:00:00,83.01,83.22,82.65,82.92
1776240000,2026-04-15 08:00:00,82.92,83.29,82.71,83.14
1776243600,2026-04-15 09:00:00,83.14,83.24,82.87,83.16
1776247200,2026-04-15 10:00:00,83.16,83.66,82.9,83.15
1776250800,2026-04-15 11:00:00,83.16,83.68,83.06,83.61
1776254400,2026-04-15 12:00:00,83.6,83.89,83.38,83.72
1776258000,2026-04-15 13:00:00,83.71,83.81,83.21,83.63
1776261600,2026-04-15 14:00:00,83.63,84.49,83.41,84.3
1776265200,2026-04-15 15:00:00,84.31,84.47,83.5,84
1776268800,2026-04-15 16:00:00,84,84.7,83.9,84.54
1776272400,2026-04-15 17:00:00,84.54,85.14,84.44,84.69
1776276000,2026-04-15 18:00:00,84.7,85.06,84.59,85.03
1776279600,2026-04-15 19:00:00,85.03,85.83,84.93,85.51
1776283200,2026-04-15 20:00:00,85.51,85.56,84.63,84.79
1776286800,2026-04-15 21:00:00,84.79,84.89,84.18,84.78
1776290400,2026-04-15 22:00:00,84.78,85.59,84.73,85.02
1776294000,2026-04-15 23:00:00,85.02,85.03,84.62,84.9
1776297600,2026-04-16 00:00:00,84.9,85.06,84.48,84.92
1776301200,2026-04-16 01:00:00,84.93,84.93,84.45,84.85
1776304800,2026-04-16 02:00:00,84.84,85.58,84.71,85.1
1776308400,2026-04-16 03:00:00,85.1,85.5,85.08,85.28
1776312000,2026-04-16 04:00:00,85.29,85.56,84.99,85.24
1776315600,2026-04-16 05:00:00,85.23,85.52,85.06,85.4
1776319200,2026-04-16 06:00:00,85.41,85.54,85.18,85.47
1776322800,2026-04-16 07:00:00,85.48,85.71,85.11,85.21
1776326400,2026-04-16 08:00:00,85.21,85.31,84.9,85.03
1776330000,2026-04-16 09:00:00,85.04,85.51,84.96,85.2
1776333600,2026-04-16 10:00:00,85.2,85.25,84.64,85.04
1776337200,2026-04-16 11:00:00,85.04,85.17,84.94,85.07
1776340800,2026-04-16 12:00:00,85.07,85.5,85.06,85.38
1776344400,2026-04-16 13:00:00,85.38,86.28,83.8,84.79
1776348000,2026-04-16 14:00:00,84.79,85.7,84.06,85.39
1776351600,2026-04-16 15:00:00,85.39,87.13,85.29,86.62
1776355200,2026-04-16 16:00:00,86.62,87.09,85.63,85.94
1776358800,2026-04-16 17:00:00,85.93,86.78,85.69,86.64
1776362400,2026-04-16 18:00:00,86.65,89.09,86.5,89.01
1776366000,2026-04-16 19:00:00,89.01,90.16,88.66,90.1
1776369600,2026-04-16 20:00:00,90.1,90.53,89.24,89.59
1776373200,2026-04-16 21:00:00,89.59,89.77,88.72,88.93
1776376800,2026-04-16 22:00:00,88.94,89.46,88.87,89
1776380400,2026-04-16 23:00:00,88.99,89.22,88.81,89.05
1776384000,2026-04-17 00:00:00,89.06,89.19,88.58,88.82
1776387600,2026-04-17 01:00:00,88.81,89.01,87.91,88.24
1776391200,2026-04-17 02:00:00,88.24,88.36,87.55,87.86
1776394800,2026-04-17 03:00:00,87.87,87.97,87.48,87.72
1776398400,2026-04-17 04:00:00,87.73,88.28,87.69,88
1776402000,2026-04-17 05:00:00,88.01,88.01,87.41,87.41
1776405600,2026-04-17 06:00:00,87.41,88.1,87.36,88
1776409200,2026-04-17 07:00:00,88.01,88.47,87.96,88.12
1776412800,2026-04-17 08:00:00,88.13,89.08,88.11,88.93
1776416400,2026-04-17 09:00:00,88.94,89.53,88.3,88.72
1776420000,2026-04-17 10:00:00,88.71,88.74,87.34,87.67
1776423600,2026-04-17 11:00:00,87.67,88.33,87.62,88.21
1776427200,2026-04-17 12:00:00,88.22,88.92,87.91,88.89
1776430800,2026-04-17 13:00:00,88.89,90.51,88.57,90.12
1776434400,2026-04-17 14:00:00,90.13,90.73,89.63,90.03
1776438000,2026-04-17 15:00:00,90.03,90.19,89.49,89.95
1776441600,2026-04-17 16:00:00,89.95,90.59,89.89,90.42
1776445200,2026-04-17 17:00:00,90.43,90.43,89.08,89.74
1776448800,2026-04-17 18:00:00,89.74,89.83,88.88,89.17
1776452400,2026-04-17 19:00:00,89.17,89.51,88.92,89.23
1776456000,2026-04-17 20:00:00,89.24,89.37,88.51,89
1776459600,2026-04-17 21:00:00,89,89.27,88.8,89.13
1776463200,2026-04-17 22:00:00,89.12,89.47,88.94,89.22
1776466800,2026-04-17 23:00:00,89.22,89.22,88.5,88.76
1776470400,2026-04-18 00:00:00,88.77,89.14,88.66,88.96
1776474000,2026-04-18 01:00:00,88.97,89.16,88.69,88.86
1776477600,2026-04-18 02:00:00,88.86,89.1,88.67,88.94
1776481200,2026-04-18 03:00:00,88.93,88.93,88.23,88.33
1776484800,2026-04-18 04:00:00,88.34,88.55,88.24,88.36
1776488400,2026-04-18 05:00:00,88.35,88.64,88.16,88.4
1776492000,2026-04-18 06:00:00,88.4,88.62,88.3,88.5
1776495600,2026-04-18 07:00:00,88.51,88.55,88.3,88.45
1776499200,2026-04-18 08:00:00,88.45,88.5,87.1,87.56
1776502800,2026-04-18 09:00:00,87.55,87.68,87.14,87.62
1776506400,2026-04-18 10:00:00,87.62,87.63,86.77,86.97
1776510000,2026-04-18 11:00:00,86.96,86.97,86.28,86.53
1776513600,2026-04-18 12:00:00,86.54,86.96,86.51,86.91
1776517200,2026-04-18 13:00:00,86.9,86.98,86.41,86.74
1776520800,2026-04-18 14:00:00,86.73,86.86,86.43,86.82
1776524400,2026-04-18 15:00:00,86.83,86.96,86.57,86.75
1776528000,2026-04-18 16:00:00,86.75,86.98,86.43,86.7
1776531600,2026-04-18 17:00:00,86.69,86.84,86.5,86.74
1776535200,2026-04-18 18:00:00,86.74,86.75,85.78,85.95
1776538800,2026-04-18 19:00:00,85.95,86.29,85.93,86.13
1776542400,2026-04-18 20:00:00,86.12,86.3,86,86.18
1776546000,2026-04-18 21:00:00,86.18,86.27,86.03,86.23
1776549600,2026-04-18 22:00:00,86.23,86.36,85.92,86.3
1776553200,2026-04-18 23:00:00,86.29,86.46,86.13,86.16
1776556800,2026-04-19 00:00:00,86.15,86.38,85.86,86.01
1776560400,2026-04-19 01:00:00,86.02,86.23,85.6,85.76
1776564000,2026-04-19 02:00:00,85.76,85.86,85.24,85.53
1776567600,2026-04-19 03:00:00,85.53,85.79,85.3,85.6
1776571200,2026-04-19 04:00:00,85.6,85.96,85.14,85.58
1776574800,2026-04-19 05:00:00,85.57,85.8,85.4,85.48
1776578400,2026-04-19 06:00:00,85.49,85.66,85.14,85.45
1776582000,2026-04-19 07:00:00,85.45,85.45,84.43,84.88
1776585600,2026-04-19 08:00:00,84.88,85.14,84.62,84.8
1776589200,2026-04-19 09:00:00,84.8,85.08,84.57,84.59
1776592800,2026-04-19 10:00:00,84.59,84.9,84.44,84.79
1776596400,2026-04-19 11:00:00,84.79,85.71,84.76,85.6
1776600000,2026-04-19 12:00:00,85.61,85.96,85.55,85.79
1776603600,2026-04-19 13:00:00,85.79,86.96,85.76,86.33
1776607200,2026-04-19 14:00:00,86.34,87.12,85.98,86.53
1776610800,2026-04-19 15:00:00,86.53,86.67,85.59,86.36
1776614400,2026-04-19 16:00:00,86.35,86.5,85.72,85.86
1776618000,2026-04-19 17:00:00,85.85,85.99,85,85.13
1776621600,2026-04-19 18:00:00,85.14,85.3,84.88,85.11
1776625200,2026-04-19 19:00:00,85.1,85.55,85.1,85.33
1776628800,2026-04-19 20:00:00,85.33,85.35,84.72,84.94
1776632400,2026-04-19 21:00:00,84.95,85.24,84.61,84.7
1776636000,2026-04-19 22:00:00,84.69,84.69,82.94,83.77
1776639600,2026-04-19 23:00:00,83.76,83.77,83.32,83.47
1776643200,2026-04-20 00:00:00,83.47,84.19,83.34,84
1776646800,2026-04-20 01:00:00,84,84.56,83.96,84.35
1776650400,2026-04-20 02:00:00,84.36,84.39,83.72,84.21
1776654000,2026-04-20 03:00:00,84.21,84.62,84.13,84.59
1776657600,2026-04-20 04:00:00,84.59,84.62,84.26,84.58
1776661200,2026-04-20 05:00:00,84.58,84.59,83.75,83.87
1776664800,2026-04-20 06:00:00,83.88,84.75,83.78,84.46
1776668400,2026-04-20 07:00:00,84.47,85.76,84.44,84.73
1776672000,2026-04-20 08:00:00,84.74,85.14,84.57,84.69
1776675600,2026-04-20 09:00:00,84.68,85.26,84.64,85.08
1776679200,2026-04-20 10:00:00,85.08,85.4,84.82,84.86
1776682800,2026-04-20 11:00:00,84.85,85.37,84.78,85.07
1776686400,2026-04-20 12:00:00,85.06,85.54,84.85,85.32
1776690000,2026-04-20 13:00:00,85.32,85.54,84.87,85.31
1776693600,2026-04-20 14:00:00,85.31,85.81,84.54,84.8
1776697200,2026-04-20 15:00:00,84.8,85.88,84.42,85.86
1776700800,2026-04-20 16:00:00,85.86,85.88,85.26,85.31
1776704400,2026-04-20 17:00:00,85.31,86.12,85.25,85.69
1776708000,2026-04-20 18:00:00,85.7,86.22,85.7,86.07
1776711600,2026-04-20 19:00:00,86.07,86.11,85.77,85.8
1776715200,2026-04-20 20:00:00,85.8,86.17,85.66,85.95
1776718800,2026-04-20 21:00:00,85.95,86.21,85.58,85.79
1776722400,2026-04-20 22:00:00,85.8,86.07,85.6,85.7
1776726000,2026-04-20 23:00:00,85.71,85.71,85.21,85.28
1776729600,2026-04-21 00:00:00,85.29,85.77,85.22,85.66
1776733200,2026-04-21 01:00:00,85.66,85.83,85.35,85.43
1776736800,2026-04-21 02:00:00,85.44,85.46,85.17,85.27
1776740400,2026-04-21 03:00:00,85.26,85.55,85,85.17
1776744000,2026-04-21 04:00:00,85.17,85.47,85.02,85.44
1776747600,2026-04-21 05:00:00,85.43,85.83,85.41,85.67
1776751200,2026-04-21 06:00:00,85.68,85.95,85.19,85.67
1776754800,2026-04-21 07:00:00,85.68,85.98,85.41,85.71
1776758400,2026-04-21 08:00:00,85.71,86.38,85.63,85.81
1776762000,2026-04-21 09:00:00,85.8,85.91,85.52,85.89
1776765600,2026-04-21 10:00:00,85.89,86.32,85.84,86.16
1776769200,2026-04-21 11:00:00,86.16,86.17,85.72,85.85
1776772800,2026-04-21 12:00:00,85.85,86.04,85.17,85.52
1776776400,2026-04-21 13:00:00,85.51,85.85,85.3,85.81
1776780000,2026-04-21 14:00:00,85.82,86.89,85.61,85.76
1776783600,2026-04-21 15:00:00,85.77,86.28,85.4,86.05
1776787200,2026-04-21 16:00:00,86.05,86.3,85.66,85.69
1776790800,2026-04-21 17:00:00,85.7,85.8,84.73,85.31
1776794400,2026-04-21 18:00:00,85.32,85.39,84.73,85.25
1776798000,2026-04-21 19:00:00,85.24,85.72,84.31,84.57
1776801600,2026-04-21 20:00:00,84.57,85.75,84.43,85.42
1776805200,2026-04-21 21:00:00,85.42,85.59,85.01,85.16
1776808800,2026-04-21 22:00:00,85.15,85.45,84.99,85.36
1776812400,2026-04-21 23:00:00,85.35,86.13,85.34,86.03
1776816000,2026-04-22 00:00:00,86.04,86.51,86.01,86.48
1776819600,2026-04-22 01:00:00,86.49,86.53,86.09,86.27
1776823200,2026-04-22 02:00:00,86.27,87.57,86.2,87.42
1776826800,2026-04-22 03:00:00,87.42,87.87,87.12,87.24
1776830400,2026-04-22 04:00:00,87.25,87.33,86.97,87.08
1776834000,2026-04-22 05:00:00,87.08,88.33,87.01,88.02
1776837600,2026-04-22 06:00:00,88.02,88.19,87.79,87.96
1776841200,2026-04-22 07:00:00,87.96,88.27,87.7,88.05
1776844800,2026-04-22 08:00:00,88.06,88.29,87.6,88.01
1776848400,2026-04-22 09:00:00,88,88.88,87.83,88.3
1776852000,2026-04-22 10:00:00,88.3,88.43,88.13,88.33
1776855600,2026-04-22 11:00:00,88.34,88.5,88.16,88.31
1776859200,2026-04-22 12:00:00,88.31,88.67,88.22,88.58
1776862800,2026-04-22 13:00:00,88.58,89.18,88.44,89.1
1776866400,2026-04-22 14:00:00,89.1,89.32,88.47,88.75
1776870000,2026-04-22 15:00:00,88.74,88.81,87.99,88.18
1776873600,2026-04-22 16:00:00,88.19,88.46,87.53,87.65
1776877200,2026-04-22 17:00:00,87.65,88.02,87.63,87.83
1776880800,2026-04-22 18:00:00,87.83,88.37,87.8,87.81
1776884400,2026-04-22 19:00:00,87.82,87.83,87.09,87.37
1776888000,2026-04-22 20:00:00,87.38,87.49,87.09,87.14
1776891600,2026-04-22 21:00:00,87.14,87.67,87.12,87.6
1776895200,2026-04-22 22:00:00,87.59,87.72,87.3,87.43
1776898800,2026-04-22 23:00:00,87.43,87.47,86.81,86.87
1776902400,2026-04-23 00:00:00,86.86,87.18,85.97,86.86
1776906000,2026-04-23 01:00:00,86.87,86.87,86.12,86.44
1776909600,2026-04-23 02:00:00,86.43,86.44,85.73,85.95
1776913200,2026-04-23 03:00:00,85.94,86.09,85.48,85.79
1776916800,2026-04-23 04:00:00,85.78,86,85.65,85.96
1776920400,2026-04-23 05:00:00,85.96,86.13,85.51,85.87
1776924000,2026-04-23 06:00:00,85.87,86.23,85.84,86.18
1776927600,2026-04-23 07:00:00,86.19,86.24,85.86,85.9
1776931200,2026-04-23 08:00:00,85.91,85.94,85.54,85.69
1776934800,2026-04-23 09:00:00,85.68,85.69,85.25,85.51
1776938400,2026-04-23 10:00:00,85.51,85.6,85.2,85.41
1776942000,2026-04-23 11:00:00,85.42,85.9,85.36,85.81
1776945600,2026-04-23 12:00:00,85.82,86.1,85.69,85.97
1776949200,2026-04-23 13:00:00,85.97,86.04,85.57,85.77
1776952800,2026-04-23 14:00:00,85.76,86.19,85.55,86.06
1776956400,2026-04-23 15:00:00,86.05,86.66,85.81,86.35
1776960000,2026-04-23 16:00:00,86.36,86.42,85.78,85.81
1776963600,2026-04-23 17:00:00,85.82,85.88,84.48,85.34
1776967200,2026-04-23 18:00:00,85.35,85.68,85.23,85.26
1776970800,2026-04-23 19:00:00,85.26,85.58,85.15,85.3
1776974400,2026-04-23 20:00:00,85.3,85.85,85.29,85.61
1776978000,2026-04-23 21:00:00,85.61,86.01,85.52,85.79
1776981600,2026-04-23 22:00:00,85.8,86.25,85.8,85.97
1776985200,2026-04-23 23:00:00,85.96,86.2,85.58,86.12
1776988800,2026-04-24 00:00:00,86.12,86.36,86.04,86.19
1776992400,2026-04-24 01:00:00,86.19,86.32,85.82,86.28
1776996000,2026-04-24 02:00:00,86.28,86.36,85.78,85.89
1776999600,2026-04-24 03:00:00,85.89,85.94,85.4,85.69
1777003200,2026-04-24 04:00:00,85.69,85.71,85.14,85.32
1777006800,2026-04-24 05:00:00,85.31,85.82,85.15,85.7
1777010400,2026-04-24 06:00:00,85.7,85.73,85.33,85.44
1777014000,2026-04-24 07:00:00,85.44,85.62,85.34,85.51
1777017600,2026-04-24 08:00:00,85.5,85.73,85.29,85.34
1777021200,2026-04-24 09:00:00,85.35,85.48,84.92,85.48
1777024800,2026-04-24 10:00:00,85.47,85.76,85.18,85.71
1777028400,2026-04-24 11:00:00,85.72,86.28,85.71,86.19
1777032000,2026-04-24 12:00:00,86.2,86.79,86.06,86.33
1777035600,2026-04-24 13:00:00,86.34,86.6,85.86,86.09
1777039200,2026-04-24 14:00:00,86.08,86.23,85.67,86.05
1777042800,2026-04-24 15:00:00,86.05,86.56,85.53,86.52
1777046400,2026-04-24 16:00:00,86.52,86.58,86.09,86.35
1777050000,2026-04-24 17:00:00,86.34,86.56,86.12,86.49
1777053600,2026-04-24 18:00:00,86.49,86.54,85.95,86.36
1777057200,2026-04-24 19:00:00,86.37,86.53,86.25,86.33
1777060800,2026-04-24 20:00:00,86.32,86.9,86.22,86.85
1777064400,2026-04-24 21:00:00,86.85,86.94,86.36,86.46
1777068000,2026-04-24 22:00:00,86.45,86.46,86.1,86.17
1777071600,2026-04-24 23:00:00,86.18,86.3,86.15,86.18
1777075200,2026-04-25 00:00:00,86.18,86.26,86.03,86.23
1777078800,2026-04-25 01:00:00,86.23,86.36,86.13,86.27
1777082400,2026-04-25 02:00:00,86.28,86.4,86.16,86.29
1777086000,2026-04-25 03:00:00,86.28,86.5,86.27,86.46
1777089600,2026-04-25 04:00:00,86.46,86.51,86.29,86.34
1777093200,2026-04-25 05:00:00,86.34,86.34,86.11,86.2
1777096800,2026-04-25 06:00:00,86.2,86.66,86.19,86.45
1777100400,2026-04-25 07:00:00,86.45,86.51,86.25,86.36
1777104000,2026-04-25 08:00:00,86.36,86.8,86.3,86.63
1777107600,2026-04-25 09:00:00,86.62,86.8,86.57,86.58
1777111200,2026-04-25 10:00:00,86.58,86.73,86.57,86.63
1777114800,2026-04-25 11:00:00,86.63,86.64,86.25,86.36
1777118400,2026-04-25 12:00:00,86.36,86.43,86.23,86.39
1777122000,2026-04-25 13:00:00,86.39,86.67,86.38,86.61
1777125600,2026-04-25 14:00:00,86.61,86.66,86.46,86.47
1777129200,2026-04-25 15:00:00,86.46,86.64,86.1,86.22
1777132800,2026-04-25 16:00:00,86.22,86.33,85.61,85.88
1777136400,2026-04-25 17:00:00,85.88,85.88,85.55,85.57
1777140000,2026-04-25 18:00:00,85.56,85.82,85.53,85.7
1777143600,2026-04-25 19:00:00,85.69,85.72,85.55,85.68
1777147200,2026-04-25 20:00:00,85.68,85.92,85.61,85.9
1777150800,2026-04-25 21:00:00,85.9,86.11,85.74,85.91
1777154400,2026-04-25 22:00:00,85.91,86.18,85.86,86.11
1777158000,2026-04-25 23:00:00,86.11,86.2,86.04,86.18
1777161600,2026-04-26 00:00:00,86.19,86.22,85.93,86.03
1777165200,2026-04-26 01:00:00,86.03,86.13,85.97,85.97
1777168800,2026-04-26 02:00:00,85.97,86.4,85.97,86.4
1777172400,2026-04-26 03:00:00,86.4,86.46,85.84,85.99
1777176000,2026-04-26 04:00:00,85.99,86.73,85.92,86.45
1777179600,2026-04-26 05:00:00,86.44,86.7,86.15,86.45
1777183200,2026-04-26 06:00:00,86.44,86.59,86.38,86.5
1777186800,2026-04-26 07:00:00,86.5,86.63,86.44,86.62
1777190400,2026-04-26 08:00:00,86.63,86.76,86.51,86.57
1777194000,2026-04-26 09:00:00,86.57,86.59,86.46,86.55
1777197600,2026-04-26 10:00:00,86.54,86.61,86.42,86.48
1777201200,2026-04-26 11:00:00,86.47,86.64,86.46,86.48
1777204800,2026-04-26 12:00:00,86.49,86.49,85.9,86.09
1777208400,2026-04-26 13:00:00,86.09,86.27,85.97,86.12
1777212000,2026-04-26 14:00:00,86.12,86.5,86.06,86.42
1777215600,2026-04-26 15:00:00,86.42,86.59,86.36,86.56
1777219200,2026-04-26 16:00:00,86.55,86.6,86.38,86.41
1777222800,2026-04-26 17:00:00,86.42,86.59,86.27,86.53
1777226400,2026-04-26 18:00:00,86.53,86.99,86.43,86.82
1777230000,2026-04-26 19:00:00,86.82,87.2,86.68,86.88
1777233600,2026-04-26 20:00:00,86.89,86.94,86.6,86.68
1777237200,2026-04-26 21:00:00,86.69,87.14,86.19,86.83
1777240800,2026-04-26 22:00:00,86.82,87.32,86.33,86.73
1777244400,2026-04-26 23:00:00,86.73,87.17,86.53,86.93
1777248000,2026-04-27 00:00:00,86.93,87.4,86.53,87.35
1777251600,2026-04-27 01:00:00,87.34,87.87,87.25,87.82
1777255200,2026-04-27 02:00:00,87.82,88.08,87.36,87.81
1777258800,2026-04-27 03:00:00,87.81,88.07,87.69,87.72
1777262400,2026-04-27 04:00:00,87.72,87.84,87.41,87.51
1777266000,2026-04-27 05:00:00,87.52,87.54,85.8,85.95
1777269600,2026-04-27 06:00:00,85.95,86.06,85.42,85.72
1777273200,2026-04-27 07:00:00,85.72,85.79,85.26,85.27
1777276800,2026-04-27 08:00:00,85.27,85.53,85.05,85.51
1777280400,2026-04-27 09:00:00,85.51,85.63,85.15,85.49
1777284000,2026-04-27 10:00:00,85.48,85.58,85.15,85.18
1777287600,2026-04-27 11:00:00,85.19,85.28,85.07,85.26
1777291200,2026-04-27 12:00:00,85.26,85.26,84.91,85.09
1777294800,2026-04-27 13:00:00,85.09,85.38,84.72,85.13
1777298400,2026-04-27 14:00:00,85.13,85.83,85,85.23
1777302000,2026-04-27 15:00:00,85.23,85.24,83.63,84.17
1777305600,2026-04-27 16:00:00,84.17,84.4,84.04,84.29
1777309200,2026-04-27 17:00:00,84.28,84.69,84.27,84.47
1777312800,2026-04-27 18:00:00,84.47,84.7,84.42,84.57
1777316400,2026-04-27 19:00:00,84.57,84.66,83.83,84.19
1777320000,2026-04-27 20:00:00,84.18,84.35,84.14,84.29
1777323600,2026-04-27 21:00:00,84.28,84.51,84.11,84.27
1777327200,2026-04-27 22:00:00,84.27,84.61,84.19,84.54
1777330800,2026-04-27 23:00:00,84.53,84.9,84.46,84.82
1777334400,2026-04-28 00:00:00,84.82,84.93,84.59,84.83
1777338000,2026-04-28 01:00:00,84.82,84.87,84.39,84.4
1777341600,2026-04-28 02:00:00,84.4,84.64,83.9,84.18
1777345200,2026-04-28 03:00:00,84.17,84.2,84.02,84.17
1777348800,2026-04-28 04:00:00,84.18,84.43,83.79,84.06
1777352400,2026-04-28 05:00:00,84.06,84.43,84.02,84.2
1777356000,2026-04-28 06:00:00,84.21,84.31,83.68,83.95
1777359600,2026-04-28 07:00:00,83.95,84.06,83.65,84.02
1777363200,2026-04-28 08:00:00,84.01,84.19,83.76,83.95
1777366800,2026-04-28 09:00:00,83.95,83.97,83.42,83.64
1777370400,2026-04-28 10:00:00,83.64,83.82,83.63,83.82
1777374000,2026-04-28 11:00:00,83.82,83.85,83.3,83.42
1777377600,2026-04-28 12:00:00,83.42,83.74,83.25,83.69
1777381200,2026-04-28 13:00:00,83.68,84,83.2,83.55
1777384800,2026-04-28 14:00:00,83.54,83.54,82.98,83.4
1777388400,2026-04-28 15:00:00,83.41,83.51,83.22,83.46
1777392000,2026-04-28 16:00:00,83.46,83.69,83.32,83.59
1777395600,2026-04-28 17:00:00,83.58,83.81,83.37,83.61
1777399200,2026-04-28 18:00:00,83.61,83.83,83.59,83.81
1777402800,2026-04-28 19:00:00,83.81,84.02,83.7,83.89
1777406400,2026-04-28 20:00:00,83.89,83.99,83.78,83.79
1777410000,2026-04-28 21:00:00,83.78,83.95,83.62,83.73
1777413600,2026-04-28 22:00:00,83.73,83.99,83.58,83.72
1777417200,2026-04-28 23:00:00,83.72,84.15,83.65,84.06
1777420800,2026-04-29 00:00:00,84.06,84.19,83.82,84.07
1777424400,2026-04-29 01:00:00,84.06,84.22,83.81,84.1
1777428000,2026-04-29 02:00:00,84.1,84.22,83.93,84.06
1777431600,2026-04-29 03:00:00,84.05,84.74,84.05,84.59
1777435200,2026-04-29 04:00:00,84.6,85.06,84.45,84.95
1777438800,2026-04-29 05:00:00,84.96,85,84.71,84.85
1777442400,2026-04-29 06:00:00,84.84,85,84.54,84.63
1777446000,2026-04-29 07:00:00,84.63,84.86,84.6,84.71
1777449600,2026-04-29 08:00:00,84.71,84.75,84.36,84.52
1777453200,2026-04-29 09:00:00,84.51,85.56,83.2,85.29
1777456800,2026-04-29 10:00:00,85.3,85.55,85.13,85.14
1777460400,2026-04-29 11:00:00,85.14,85.16,84.8,84.91
1777464000,2026-04-29 12:00:00,84.91,84.92,83.93,84.24
1777467600,2026-04-29 13:00:00,84.24,84.28,83.65,84
1777471200,2026-04-29 14:00:00,84.01,84.05,83.65,83.85
1777474800,2026-04-29 15:00:00,83.85,83.93,83,83.26
1777478400,2026-04-29 16:00:00,83.25,83.65,82.97,83.13
1777482000,2026-04-29 17:00:00,83.14,83.37,82.74,83.36
1777485600,2026-04-29 18:00:00,83.36,83.44,81.4,82.3
1777489200,2026-04-29 19:00:00,82.3,82.36,82,82.19
1777492800,2026-04-29 20:00:00,82.2,82.81,82.17,82.62
1777496400,2026-04-29 21:00:00,82.62,83.22,82.52,82.91
1777500000,2026-04-29 22:00:00,82.91,83.13,82.81,83.07
1777503600,2026-04-29 23:00:00,83.07,83.11,82.82,83.04
1777507200,2026-04-30 00:00:00,83.05,84.01,83.05,83.81
1777510800,2026-04-30 01:00:00,83.8,84,83.66,83.75
1777514400,2026-04-30 02:00:00,83.75,83.96,82.7,82.98
1777518000,2026-04-30 03:00:00,82.98,83.24,82.86,83.06
1777521600,2026-04-30 04:00:00,83.06,83.09,82.37,82.39
1777525200,2026-04-30 05:00:00,82.4,82.79,82.16,82.57
1777528800,2026-04-30 06:00:00,82.57,83.05,82.53,82.94
1777532400,2026-04-30 07:00:00,82.95,83.39,82.9,83.35
1777536000,2026-04-30 08:00:00,83.35,83.43,83.12,83.13
1777539600,2026-04-30 09:00:00,83.12,83.55,83.06,83.15
1777543200,2026-04-30 10:00:00,83.14,83.22,82.92,83
1777546800,2026-04-30 11:00:00,83.01,83.39,82.79,83.01
1777550400,2026-04-30 12:00:00,83.01,83.48,82.99,83.22
1777554000,2026-04-30 13:00:00,83.22,83.56,82.88,83.21
1777557600,2026-04-30 14:00:00,83.22,83.42,82.69,83.23
1777561200,2026-04-30 15:00:00,83.23,83.83,83.03,83.36
1777564800,2026-04-30 16:00:00,83.36,83.43,82.94,83.02
1777568400,2026-04-30 17:00:00,83.02,83.14,82.87,83.04
1777572000,2026-04-30 18:00:00,83.03,83.31,82.98,83.07
1777575600,2026-04-30 19:00:00,83.06,83.29,83,83.04
1777579200,2026-04-30 20:00:00,83.04,83.19,82.97,83.09
1777582800,2026-04-30 21:00:00,83.1,83.14,82.83,82.85
1777586400,2026-04-30 22:00:00,82.86,83.04,82.78,82.85
1777590000,2026-04-30 23:00:00,82.85,83.09,82.85,83.09
1777593600,2026-05-01 00:00:00,83.09,83.41,83.08,83.2
1777597200,2026-05-01 01:00:00,83.2,83.69,83.19,83.61
1777600800,2026-05-01 02:00:00,83.62,83.84,83.45,83.63
1777604400,2026-05-01 03:00:00,83.62,84.38,83.56,83.89
1777608000,2026-05-01 04:00:00,83.9,84.06,83.69,83.82
1777611600,2026-05-01 05:00:00,83.81,84.23,83.74,84.05
1777615200,2026-05-01 06:00:00,84.06,84.18,83.69,83.85
1777618800,2026-05-01 07:00:00,83.86,83.97,83.67,83.96
1777622400,2026-05-01 08:00:00,83.96,84.3,83.9,84.18
1777626000,2026-05-01 09:00:00,84.18,84.19,83.89,83.97
1777629600,2026-05-01 10:00:00,83.96,84.08,83.69,83.95
1777633200,2026-05-01 11:00:00,83.96,84.22,83.87,84.01
1777636800,2026-05-01 12:00:00,84.01,84.59,83.92,84.27
1777640400,2026-05-01 13:00:00,84.27,84.86,84.24,84.6
1777644000,2026-05-01 14:00:00,84.61,84.73,83.89,84.22
1777647600,2026-05-01 15:00:00,84.21,84.62,84.01,84.47
1777651200,2026-05-01 16:00:00,84.46,84.63,83.98,83.99
1777654800,2026-05-01 17:00:00,83.99,84.28,83.92,84.23
1777658400,2026-05-01 18:00:00,84.23,84.31,83.98,83.99
1777662000,2026-05-01 19:00:00,83.99,84.07,83.79,83.9
1777665600,2026-05-01 20:00:00,83.9,83.93,83.33,83.49
1777669200,2026-05-01 21:00:00,83.48,83.8,83.41,83.72
1777672800,2026-05-01 22:00:00,83.72,83.89,83.57,83.75
1777676400,2026-05-01 23:00:00,83.74,83.9,83.56,83.76
1777680000,2026-05-02 00:00:00,83.76,83.87,83.44,83.82
1777683600,2026-05-02 01:00:00,83.83,84.05,83.77,84.03
1777687200,2026-05-02 02:00:00,84.04,84.18,83.86,83.95
1777690800,2026-05-02 03:00:00,83.94,83.98,83.7,83.82
1777694400,2026-05-02 04:00:00,83.82,83.83,83.56,83.64
1777698000,2026-05-02 05:00:00,83.64,83.75,83.54,83.7
1777701600,2026-05-02 06:00:00,83.71,83.85,83.58,83.82
1777705200,2026-05-02 07:00:00,83.83,83.86,83.72,83.74
1777708800,2026-05-02 08:00:00,83.73,83.89,83.64,83.85
1777712400,2026-05-02 09:00:00,83.85,84.17,83.83,84
1777716000,2026-05-02 10:00:00,84.01,84.01,83.87,83.95
1777719600,2026-05-02 11:00:00,83.94,83.94,83.52,83.7
1777723200,2026-05-02 12:00:00,83.7,84.11,83.67,83.86
1777726800,2026-05-02 13:00:00,83.87,84.08,83.86,83.94
1777730400,2026-05-02 14:00:00,83.95,84.1,83.91,83.98
1777734000,2026-05-02 15:00:00,83.98,84.07,83.93,84.04
1777737600,2026-05-02 16:00:00,84.04,84.28,84.02,84.2
1777741200,2026-05-02 17:00:00,84.2,84.21,84,84.05
1777744800,2026-05-02 18:00:00,84.04,84.22,83.95,84.19
1777748400,2026-05-02 19:00:00,84.2,84.31,84.17,84.22
1777752000,2026-05-02 20:00:00,84.23,84.23,84.09,84.18
1777755600,2026-05-02 21:00:00,84.19,84.97,84.15,84.55
1777759200,2026-05-02 22:00:00,84.55,84.64,84.07,84.46
1777762800,2026-05-02 23:00:00,84.45,84.51,84.22,84.26
1777766400,2026-05-03 00:00:00,84.26,84.31,83.83,84.08
1777770000,2026-05-03 01:00:00,84.08,84.08,83.72,83.75
1777773600,2026-05-03 02:00:00,83.74,83.81,83.6,83.66
1777777200,2026-05-03 03:00:00,83.66,83.74,83.58,83.67
1777780800,2026-05-03 04:00:00,83.66,83.76,83.58,83.7
1777784400,2026-05-03 05:00:00,83.7,83.86,83.67,83.76
1777788000,2026-05-03 06:00:00,83.75,83.88,83.6,83.76
1777791600,2026-05-03 07:00:00,83.76,84.02,83.75,83.88
1777795200,2026-05-03 08:00:00,83.88,84.03,83.83,83.9
1777798800,2026-05-03 09:00:00,83.89,84.11,83.88,84.06
1777802400,2026-05-03 10:00:00,84.06,84.06,83.82,83.83
1777806000,2026-05-03 11:00:00,83.82,84.2,83.75,83.96
1777809600,2026-05-03 12:00:00,83.96,84.24,83.95,84.11
1777813200,2026-05-03 13:00:00,84.11,84.22,83.99,84.1
1777816800,2026-05-03 14:00:00,84.1,84.45,84.1,84.37
1777820400,2026-05-03 15:00:00,84.37,84.44,84.11,84.16
1777824000,2026-05-03 16:00:00,84.16,84.29,84.01,84.14
1777827600,2026-05-03 17:00:00,84.15,84.33,84,84.2
1777831200,2026-05-03 18:00:00,84.2,84.32,84.11,84.26
1777834800,2026-05-03 19:00:00,84.26,84.5,84.24,84.38
1777838400,2026-05-03 20:00:00,84.37,84.73,84.25,84.34
1777842000,2026-05-03 21:00:00,84.34,84.46,83.88,84.14
1777845600,2026-05-03 22:00:00,84.14,84.97,84.14,84.68
1777849200,2026-05-03 23:00:00,84.67,84.79,83.87,83.91
1777852800,2026-05-04 00:00:00,83.91,83.91,83.35,83.78
1777856400,2026-05-04 01:00:00,83.78,84.93,83.43,84.77
1777860000,2026-05-04 02:00:00,84.77,85.67,84.74,85.26
1777863600,2026-05-04 03:00:00,85.26,85.58,85.11,85.41
1777867200,2026-05-04 04:00:00,85.4,85.9,85.38,85.76
1777870800,2026-05-04 05:00:00,85.77,85.8,85.28,85.38
1777874400,2026-05-04 06:00:00,85.39,85.41,84.51,84.88
1777878000,2026-05-04 07:00:00,84.88,85.01,84.68,84.87
1777881600,2026-05-04 08:00:00,84.87,84.91,84.62,84.77
1777885200,2026-05-04 09:00:00,84.77,85.2,84.68,85.03
1777888800,2026-05-04 10:00:00,85.04,85.07,83.23,84.04
1777892400,2026-05-04 11:00:00,84.04,84.15,83.83,83.95
1777896000,2026-05-04 12:00:00,83.96,84.16,83.85,83.9
1777899600,2026-05-04 13:00:00,83.89,84.34,83.59,84
1777903200,2026-05-04 14:00:00,84,85.32,83.78,84.99
1777906800,2026-05-04 15:00:00,84.99,85.18,83.99,84.47
1777910400,2026-05-04 16:00:00,84.47,84.8,83.98,84.49
1777914000,2026-05-04 17:00:00,84.48,85.19,84.48,84.93
1777917600,2026-05-04 18:00:00,84.94,85.04,84.58,84.74
1777921200,2026-05-04 19:00:00,84.74,84.76,84.36,84.44
1777924800,2026-05-04 20:00:00,84.45,84.47,84.06,84.09
1777928400,2026-05-04 21:00:00,84.09,84.51,84.08,84.43
1777932000,2026-05-04 22:00:00,84.42,84.56,84.18,84.22
1777935600,2026-05-04 23:00:00,84.22,84.23,84.02,84.1
1777939200,2026-05-05 00:00:00,84.11,84.38,84.04,84.33
1777942800,2026-05-05 01:00:00,84.33,84.47,84.14,84.41
1777946400,2026-05-05 02:00:00,84.41,84.8,84.34,84.51
1777950000,2026-05-05 03:00:00,84.51,84.97,84.41,84.78
1777953600,2026-05-05 04:00:00,84.77,84.9,84.59,84.78
1777957200,2026-05-05 05:00:00,84.78,85.12,84.72,84.92
1777960800,2026-05-05 06:00:00,84.93,85,84.54,84.98
1777964400,2026-05-05 07:00:00,84.99,85.06,84.78,84.87
1777968000,2026-05-05 08:00:00,84.88,84.91,84.69,84.78
1777971600,2026-05-05 09:00:00,84.79,84.8,84.45,84.53
1777975200,2026-05-05 10:00:00,84.54,84.93,84.43,84.9
1777978800,2026-05-05 11:00:00,84.9,85.01,84.7,84.97
1777982400,2026-05-05 12:00:00,84.97,85.35,84.9,85.31
1777986000,2026-05-05 13:00:00,85.31,86.1,85.31,85.63
1777989600,2026-05-05 14:00:00,85.63,85.75,85.19,85.48
1777993200,2026-05-05 15:00:00,85.47,85.88,85.35,85.5
1777996800,2026-05-05 16:00:00,85.5,85.7,85,85.31
1778000400,2026-05-05 17:00:00,85.32,85.53,85.12,85.45
1778004000,2026-05-05 18:00:00,85.46,85.88,85.43,85.87
1778007600,2026-05-05 19:00:00,85.87,86.56,85.8,86.49
1778011200,2026-05-05 20:00:00,86.49,86.9,86.42,86.64
1778014800,2026-05-05 21:00:00,86.65,86.93,86.26,86.72
1778018400,2026-05-05 22:00:00,86.71,86.98,86.2,86.58
1778022000,2026-05-05 23:00:00,86.57,86.67,86.17,86.29
1778025600,2026-05-06 00:00:00,86.29,86.55,86.1,86.38
1778029200,2026-05-06 01:00:00,86.38,87,86.31,86.86
1778032800,2026-05-06 02:00:00,86.86,86.93,86.39,86.88
1778036400,2026-05-06 03:00:00,86.89,87.51,86.88,87.33
1778040000,2026-05-06 04:00:00,87.34,87.43,86.67,86.81
1778043600,2026-05-06 05:00:00,86.8,87.46,86.75,87.41
1778047200,2026-05-06 06:00:00,87.4,87.54,87.17,87.49
1778050800,2026-05-06 07:00:00,87.49,87.89,87.46,87.7
1778054400,2026-05-06 08:00:00,87.71,89.22,87.64,89.02
1778058000,2026-05-06 09:00:00,89.02,89.54,88.59,89.48
1778061600,2026-05-06 10:00:00,89.48,89.69,89.21,89.38
1778065200,2026-05-06 11:00:00,89.38,90.03,89.31,89.87
1778068800,2026-05-06 12:00:00,89.87,89.97,89.5,89.66
1778072400,2026-05-06 13:00:00,89.66,89.66,88.07,88.33
1778076000,2026-05-06 14:00:00,88.33,88.85,87.47,88.4
1778079600,2026-05-06 15:00:00,88.4,89.06,88.3,88.97
1778083200,2026-05-06 16:00:00,88.97,89.51,88.59,89.18
1778086800,2026-05-06 17:00:00,89.18,89.44,88.53,88.83
1778090400,2026-05-06 18:00:00,88.83,89.15,88.5,88.99
1778094000,2026-05-06 19:00:00,88.98,89.32,88.9,89.27
1778097600,2026-05-06 20:00:00,89.27,89.62,88.92,89.19
1778101200,2026-05-06 21:00:00,89.19,89.6,89.07,89.47
1778104800,2026-05-06 22:00:00,89.48,89.57,89.01,89.07
1778108400,2026-05-06 23:00:00,89.07,89.18,88.65,89.16
1778112000,2026-05-07 00:00:00,89.16,89.27,88.21,88.32
1778115600,2026-05-07 01:00:00,88.32,88.53,87.9,88.31
1778119200,2026-05-07 02:00:00,88.31,88.37,87.8,88.15
1778122800,2026-05-07 03:00:00,88.14,88.15,87.63,87.75
1778126400,2026-05-07 04:00:00,87.75,88.38,87.69,88.36
1778130000,2026-05-07 05:00:00,88.37,88.91,88.32,88.65
1778133600,2026-05-07 06:00:00,88.66,89.28,88.22,89.27
1778137200,2026-05-07 07:00:00,89.28,90.44,89.14,90.16
1778140800,2026-05-07 08:00:00,90.17,90.27,89.48,89.58
1778144400,2026-05-07 09:00:00,89.59,89.6,89.2,89.46
1778148000,2026-05-07 10:00:00,89.46,89.53,88.76,89.17
1778151600,2026-05-07 11:00:00,89.17,89.69,89.17,89.57
1778155200,2026-05-07 12:00:00,89.56,90.1,89.52,89.77
1778158800,2026-05-07 13:00:00,89.76,89.76,88.38,88.68
1778162400,2026-05-07 14:00:00,88.67,88.91,87.83,88.15
1778166000,2026-05-07 15:00:00,88.15,88.58,87.79,88.32
1778169600,2026-05-07 16:00:00,88.32,88.79,88.08,88.43
1778173200,2026-05-07 17:00:00,88.44,88.86,87.96,88.8
1778176800,2026-05-07 18:00:00,88.8,89.05,88.24,88.58
1778180400,2026-05-07 19:00:00,88.58,88.74,88.22,88.45
1778184000,2026-05-07 20:00:00,88.45,88.88,88.04,88.07
1778187600,2026-05-07 21:00:00,88.07,88.23,87.67,87.97
1778191200,2026-05-07 22:00:00,87.97,88.22,87.68,88.1
1778194800,2026-05-07 23:00:00,88.09,88.48,88.06,88.42
1778198400,2026-05-08 00:00:00,88.43,88.65,88.1,88.27
1778202000,2026-05-08 01:00:00,88.27,88.37,87.92,88.13
1778205600,2026-05-08 02:00:00,88.14,88.35,87.6,88.06
1778209200,2026-05-08 03:00:00,88.06,88.37,87.63,88.22
1778212800,2026-05-08 04:00:00,88.23,88.37,88.01,88.18
1778216400,2026-05-08 05:00:00,88.17,88.42,88.05,88.05
1778220000,2026-05-08 06:00:00,88.05,88.29,87.83,88.05
1778223600,2026-05-08 07:00:00,88.05,88.23,87.65,88.22
1778227200,2026-05-08 08:00:00,88.23,88.63,88.01,88.38
1778230800,2026-05-08 09:00:00,88.38,88.72,88.23,88.44
1778234400,2026-05-08 10:00:00,88.44,89.1,88.28,88.63
1778238000,2026-05-08 11:00:00,88.64,88.74,88.47,88.64
1778241600,2026-05-08 12:00:00,88.64,88.87,88.37,88.46
1778245200,2026-05-08 13:00:00,88.47,88.56,88.01,88.34
1778248800,2026-05-08 14:00:00,88.34,89.38,88.34,89.15
1778252400,2026-05-08 15:00:00,89.16,89.6,88.43,89.59
1778256000,2026-05-08 16:00:00,89.6,89.79,89.34,89.59
1778259600,2026-05-08 17:00:00,89.6,91.95,89.56,91.65
1778263200,2026-05-08 18:00:00,91.66,92.56,91.65,92.32
1778266800,2026-05-08 19:00:00,92.32,92.8,92.04,92.6
1778270400,2026-05-08 20:00:00,92.61,92.67,92.01,92.11
1778274000,2026-05-08 21:00:00,92.12,92.39,91.75,92.3
1778277600,2026-05-08 22:00:00,92.31,92.71,92.25,92.3
1778281200,2026-05-08 23:00:00,92.3,92.3,91.73,92.01
1778284800,2026-05-09 00:00:00,92.02,92.62,91.85,92.48
1778288400,2026-05-09 01:00:00,92.48,93.91,92.42,93.51
1778292000,2026-05-09 02:00:00,93.52,93.8,93.3,93.51
1778295600,2026-05-09 03:00:00,93.51,93.77,93.41,93.64
1778299200,2026-05-09 04:00:00,93.65,94.17,93.12,93.24
1778302800,2026-05-09 05:00:00,93.24,93.78,92.84,93.75
1778306400,2026-05-09 06:00:00,93.75,94.13,93.21,93.54
1778310000,2026-05-09 07:00:00,93.54,94,93.34,93.76
1778313600,2026-05-09 08:00:00,93.76,93.95,93.66,93.72
1778317200,2026-05-09 09:00:00,93.71,93.71,93.05,93.29
1778320800,2026-05-09 10:00:00,93.29,93.6,93.09,93.38
1778324400,2026-05-09 11:00:00,93.38,93.69,93.33,93.62
1778328000,2026-05-09 12:00:00,93.61,93.74,93.27,93.45
1778331600,2026-05-09 13:00:00,93.45,93.47,93.01,93.47
1778335200,2026-05-09 14:00:00,93.46,93.47,92.77,92.88
1778338800,2026-05-09 15:00:00,92.88,93.01,92.39,93.01
1778342400,2026-05-09 16:00:00,93.01,93.31,92.69,92.76
1778346000,2026-05-09 17:00:00,92.77,93.48,92.76,93.21
1778349600,2026-05-09 18:00:00,93.21,93.65,93.15,93.37
1778353200,2026-05-09 19:00:00,93.37,93.58,93.22,93.51
1778356800,2026-05-09 20:00:00,93.51,93.51,93.15,93.26
1778360400,2026-05-09 21:00:00,93.25,93.56,93.25,93.49
1778364000,2026-05-09 22:00:00,93.5,93.53,93.22,93.33
1778367600,2026-05-09 23:00:00,93.33,93.49,93.05,93.13
1778371200,2026-05-10 00:00:00,93.12,93.34,92.92,93.03
1778374800,2026-05-10 01:00:00,93.03,93.03,92.6,92.97
1778378400,2026-05-10 02:00:00,92.96,93.11,92.81,93.04
1778382000,2026-05-10 03:00:00,93.05,93.51,92.98,93.42
1778385600,2026-05-10 04:00:00,93.41,93.5,93.24,93.35
1778389200,2026-05-10 05:00:00,93.36,93.5,93.24,93.34
1778392800,2026-05-10 06:00:00,93.34,93.46,93.25,93.41
1778396400,2026-05-10 07:00:00,93.41,93.63,93.37,93.46
1778400000,2026-05-10 08:00:00,93.46,94.09,93.42,94.06
1778403600,2026-05-10 09:00:00,94.06,94.8,94.06,94.3
1778407200,2026-05-10 10:00:00,94.31,94.37,93.59,93.87
1778410800,2026-05-10 11:00:00,93.86,94.02,92.91,93.55
1778414400,2026-05-10 12:00:00,93.56,93.62,93.2,93.32
1778418000,2026-05-10 13:00:00,93.31,93.94,93.24,93.77
1778421600,2026-05-10 14:00:00,93.76,94.13,93.68,93.89
1778425200,2026-05-10 15:00:00,93.89,94.73,93.89,94.53
1778428800,2026-05-10 16:00:00,94.53,94.98,94.18,94.84
1778432400,2026-05-10 17:00:00,94.84,96.5,94.84,96.49
1778436000,2026-05-10 18:00:00,96.49,97,96.12,96.44
1778439600,2026-05-10 19:00:00,96.43,96.88,95.75,96.47
1778443200,2026-05-10 20:00:00,96.47,96.6,93.43,94.52
1778446800,2026-05-10 21:00:00,94.51,95.6,94.47,95.08
1778450400,2026-05-10 22:00:00,95.07,96.36,94.89,96.23
1778454000,2026-05-10 23:00:00,96.24,96.86,95.99,96.47
1778457600,2026-05-11 00:00:00,96.46,96.67,95.33,95.79
1778461200,2026-05-11 01:00:00,95.79,96.4,95.32,96.05
1778464800,2026-05-11 02:00:00,96.05,96.14,95.19,95.3
1778468400,2026-05-11 03:00:00,95.3,95.34,94.46,94.76
1778472000,2026-05-11 04:00:00,94.76,95.21,94.43,94.97
1778475600,2026-05-11 05:00:00,94.97,95.88,94.94,95.71
1778479200,2026-05-11 06:00:00,95.71,96.16,95.42,95.49
1778482800,2026-05-11 07:00:00,95.5,95.58,95.17,95.33
1778486400,2026-05-11 08:00:00,95.34,95.37,94.58,94.79
1778490000,2026-05-11 09:00:00,94.78,95.35,94.76,95.3
1778493600,2026-05-11 10:00:00,95.3,95.57,95.05,95.07
1778497200,2026-05-11 11:00:00,95.06,95.49,94.89,95.25
1778500800,2026-05-11 12:00:00,95.26,95.39,94.67,94.81
1778504400,2026-05-11 13:00:00,94.8,95.48,94.56,95.23
1778508000,2026-05-11 14:00:00,95.22,95.87,94.3,95.17
1778511600,2026-05-11 15:00:00,95.18,96.8,94.9,96.8
1778515200,2026-05-11 16:00:00,96.79,98,96.5,97.35
1778518800,2026-05-11 17:00:00,97.34,97.97,96.9,97.77
1778522400,2026-05-11 18:00:00,97.77,98.1,97.26,97.29
1778526000,2026-05-11 19:00:00,97.29,98.39,97.01,98.19
1778529600,2026-05-11 20:00:00,98.19,98.41,97.61,97.63
1778533200,2026-05-11 21:00:00,97.64,97.81,97.33,97.41
1778536800,2026-05-11 22:00:00,97.41,97.84,97.36,97.65
1778540400,2026-05-11 23:00:00,97.65,97.65,97.1,97.37
1778544000,2026-05-12 00:00:00,97.37,97.68,97.18,97.54
1778547600,2026-05-12 01:00:00,97.54,97.67,95.54,96.28
1778551200,2026-05-12 02:00:00,96.29,96.72,96.14,96.55
1778554800,2026-05-12 03:00:00,96.55,96.64,96.05,96.14
1778558400,2026-05-12 04:00:00,96.14,96.5,96.07,96.36
1778562000,2026-05-12 05:00:00,96.37,96.77,96.23,96.58
1778565600,2026-05-12 06:00:00,96.58,97,96.16,96.21
1778569200,2026-05-12 07:00:00,96.2,96.31,95.82,96.05
1778572800,2026-05-12 08:00:00,96.05,96.15,95.4,95.65
1778576400,2026-05-12 09:00:00,95.65,96.06,95.29,95.78
1778580000,2026-05-12 10:00:00,95.78,95.97,94.94,95
1778583600,2026-05-12 11:00:00,95,95.05,94.6,94.98
1778587200,2026-05-12 12:00:00,94.97,95.56,94.39,95.22
1778590800,2026-05-12 13:00:00,95.22,95.4,94.55,94.7
1778594400,2026-05-12 14:00:00,94.71,95.24,94.38,94.54
1778598000,2026-05-12 15:00:00,94.55,94.78,93.55,93.85
1778601600,2026-05-12 16:00:00,93.85,94.32,93.6,93.83
1778605200,2026-05-12 17:00:00,93.84,94.68,93.82,94.52
1778608800,2026-05-12 18:00:00,94.51,95.01,94.35,94.56
1778612400,2026-05-12 19:00:00,94.56,95,94.56,94.92
1778616000,2026-05-12 20:00:00,94.92,94.98,94.62,94.74
1778619600,2026-05-12 21:00:00,94.75,94.86,94.54,94.67
1778623200,2026-05-12 22:00:00,94.68,95.05,94.64,94.67
1778626800,2026-05-12 23:00:00,94.67,94.75,94.23,94.28
1778630400,2026-05-13 00:00:00,94.28,94.64,94.05,94.48
1778634000,2026-05-13 01:00:00,94.48,95.44,94.48,95.2
1778637600,2026-05-13 02:00:00,95.2,95.57,95.02,95.25
1778641200,2026-05-13 03:00:00,95.24,95.59,95.08,95.56
1778644800,2026-05-13 04:00:00,95.56,95.99,95.43,95.5
1778648400,2026-05-13 05:00:00,95.49,95.51,95.1,95.26
1778652000,2026-05-13 06:00:00,95.26,95.7,95.12,95.14
1778655600,2026-05-13 07:00:00,95.14,95.31,94.88,95.14
1778659200,2026-05-13 08:00:00,95.14,95.77,95.02,95.57
1778662800,2026-05-13 09:00:00,95.57,95.89,95.57,95.73
1778666400,2026-05-13 10:00:00,95.73,95.78,94.74,94.79
1778670000,2026-05-13 11:00:00,94.8,94.83,94.25,94.33
1778673600,2026-05-13 12:00:00,94.33,94.64,92.24,93.16
1778677200,2026-05-13 13:00:00,93.17,93.44,91.95,92.28
1778680800,2026-05-13 14:00:00,92.29,92.33,91.38,91.78
1778684400,2026-05-13 15:00:00,91.77,91.94,90.27,90.43
1778688000,2026-05-13 16:00:00,90.43,91.26,90.41,90.87
1778691600,2026-05-13 17:00:00,90.87,91.16,90.71,90.89
1778695200,2026-05-13 18:00:00,90.9,91.41,90.77,90.93
1778698800,2026-05-13 19:00:00,90.93,91.02,90.49,90.96
1778702400,2026-05-13 20:00:00,90.95,91.35,90.93,91.24
1778706000,2026-05-13 21:00:00,91.25,91.27,90.73,90.89
1778709600,2026-05-13 22:00:00,90.9,91.25,90.64,91.18
1778713200,2026-05-13 23:00:00,91.17,91.33,91.06,91.17
1778716800,2026-05-14 00:00:00,91.17,91.42,91.07,91.21
1778720400,2026-05-14 01:00:00,91.21,91.37,91,91.16
1778724000,2026-05-14 02:00:00,91.16,91.26,90.46,90.58
1778727600,2026-05-14 03:00:00,90.58,90.78,89.82,89.93
1778731200,2026-05-14 04:00:00,89.93,90.62,89.86,90.48
1778734800,2026-05-14 05:00:00,90.48,91.47,90.4,91.29
1778738400,2026-05-14 06:00:00,91.29,91.47,91.16,91.41
1778742000,2026-05-14 07:00:00,91.42,92.02,90.69,90.88
1778745600,2026-05-14 08:00:00,90.88,91.3,90.67,91.06
1778749200,2026-05-14 09:00:00,91.07,91.15,90.59,90.86
1778752800,2026-05-14 10:00:00,90.86,91.14,90.66,91.05
1778756400,2026-05-14 11:00:00,91.05,91.1,90.62,90.64
1778760000,2026-05-14 12:00:00,90.64,91.29,90.54,91.22
1778763600,2026-05-14 13:00:00,91.22,91.5,90.74,90.78
1778767200,2026-05-14 14:00:00,90.78,92.35,90.63,92.28
1778770800,2026-05-14 15:00:00,92.29,93.25,91.96,93.16
1778774400,2026-05-14 16:00:00,93.16,93.68,92.34,93.33
1778778000,2026-05-14 17:00:00,93.32,93.59,92.29,93.02
1778781600,2026-05-14 18:00:00,93.01,93.64,92.7,93.43
1778785200,2026-05-14 19:00:00,93.44,93.64,92.8,92.9
1778788800,2026-05-14 20:00:00,92.91,93,92.37,92.73
1778792400,2026-05-14 21:00:00,92.73,92.95,92.54,92.7
1778796000,2026-05-14 22:00:00,92.71,92.92,92.57,92.66
1778799600,2026-05-14 23:00:00,92.65,92.67,92.11,92.15
1778803200,2026-05-15 00:00:00,92.16,92.66,92.1,92.43
1778806800,2026-05-15 01:00:00,92.43,92.55,91.69,91.74
1778810400,2026-05-15 02:00:00,91.75,92.44,91.47,92.36
1778814000,2026-05-15 03:00:00,92.36,92.47,91.88,92.06
1778817600,2026-05-15 04:00:00,92.05,92.05,91.27,91.28
1778821200,2026-05-15 05:00:00,91.29,91.54,90.26,90.6
1778824800,2026-05-15 06:00:00,90.6,91.08,90.47,91.02
1778828400,2026-05-15 07:00:00,91.02,91.72,90.94,91.6
1778832000,2026-05-15 08:00:00,91.61,91.65,90.94,91.27
1778835600,2026-05-15 09:00:00,91.27,91.33,90.92,91.17
1778839200,2026-05-15 10:00:00,91.17,91.57,91.01,91.47
1778842800,2026-05-15 11:00:00,91.47,91.54,91.18,91.27
1778846400,2026-05-15 12:00:00,91.26,91.27,90.57,90.66
1778850000,2026-05-15 13:00:00,90.66,90.66,88.69,88.9
1778853600,2026-05-15 14:00:00,88.91,89.55,88.55,89.06
1778857200,2026-05-15 15:00:00,89.05,89.28,88.7,89.04
1778860800,2026-05-15 16:00:00,89.04,89.7,88.81,89.5
1778864400,2026-05-15 17:00:00,89.51,89.9,89.49,89.82
1778868000,2026-05-15 18:00:00,89.81,90.09,89.47,89.8
1778871600,2026-05-15 19:00:00,89.79,89.8,89.35,89.42
1778875200,2026-05-15 20:00:00,89.41,89.5,89.08,89.28
1778878800,2026-05-15 21:00:00,89.28,89.43,89,89.05
1778882400,2026-05-15 22:00:00,89.06,89.36,89.05,89.33
1778886000,2026-05-15 23:00:00,89.33,89.39,89.21,89.24
1778889600,2026-05-16 00:00:00,89.23,89.44,89.14,89.22
1778893200,2026-05-16 01:00:00,89.22,89.35,88.95,89.3
1778896800,2026-05-16 02:00:00,89.3,89.39,88.97,89.2
1778900400,2026-05-16 03:00:00,89.2,89.27,89,89.05
1778904000,2026-05-16 04:00:00,89.05,89.09,88.19,88.86
1778907600,2026-05-16 05:00:00,88.86,88.93,88.28,88.57
1778911200,2026-05-16 06:00:00,88.58,88.66,87.81,88.01
1778914800,2026-05-16 07:00:00,88.01,88.01,86.72,87.47
1778918400,2026-05-16 08:00:00,87.46,87.62,87.33,87.48
1778922000,2026-05-16 09:00:00,87.48,87.51,85.78,86.05
1778925600,2026-05-16 10:00:00,86.04,86.15,85.52,86.01
1778929200,2026-05-16 11:00:00,86.02,86.33,86.02,86.11
1778932800,2026-05-16 12:00:00,86.12,86.44,86.01,86.26
1778936400,2026-05-16 13:00:00,86.26,86.35,86.11,86.26
1778940000,2026-05-16 14:00:00,86.26,86.71,86.07,86.4
1778943600,2026-05-16 15:00:00,86.39,86.67,86.27,86.5
1778947200,2026-05-16 16:00:00,86.49,86.78,86.37,86.63
1778950800,2026-05-16 17:00:00,86.64,86.96,86.63,86.81
1778954400,2026-05-16 18:00:00,86.81,86.97,86.6,86.81
1778958000,2026-05-16 19:00:00,86.81,86.85,86.65,86.69
1778961600,2026-05-16 20:00:00,86.69,86.88,86.66,86.68
1778965200,2026-05-16 21:00:00,86.67,86.77,86.49,86.59
1778968800,2026-05-16 22:00:00,86.59,86.69,86.45,86.54
1778972400,2026-05-16 23:00:00,86.53,86.7,86.49,86.54
1778976000,2026-05-17 00:00:00,86.53,86.72,85.97,86.13
1778979600,2026-05-17 01:00:00,86.12,86.34,85.59,85.75
1778983200,2026-05-17 02:00:00,85.76,86.27,85.76,86
1778986800,2026-05-17 03:00:00,86.01,86.63,85.99,86.53
1778990400,2026-05-17 04:00:00,86.52,86.98,86.47,86.86
1778994000,2026-05-17 05:00:00,86.87,87.29,86.85,86.91
1778997600,2026-05-17 06:00:00,86.9,87.01,86.71,86.85
1779001200,2026-05-17 07:00:00,86.85,87.1,86.78,86.97
1779004800,2026-05-17 08:00:00,86.98,87.03,86.6,86.83
1779008400,2026-05-17 09:00:00,86.82,87.02,86.72,86.89
1779012000,2026-05-17 10:00:00,86.9,87.26,86.81,87
1779015600,2026-05-17 11:00:00,86.99,87.02,86.78,86.89
1779019200,2026-05-17 12:00:00,86.89,87.02,86.72,86.76
1779022800,2026-05-17 13:00:00,86.76,86.78,86.3,86.41
1779026400,2026-05-17 14:00:00,86.41,86.46,85.95,86.31
1779030000,2026-05-17 15:00:00,86.31,86.49,86.17,86.46
1779033600,2026-05-17 16:00:00,86.46,86.69,86.11,86.3
1779037200,2026-05-17 17:00:00,86.31,86.36,86,86.24
1779040800,2026-05-17 18:00:00,86.24,86.44,86.02,86.43
1779044400,2026-05-17 19:00:00,86.43,86.94,86.43,86.79
1779048000,2026-05-17 20:00:00,86.8,86.85,86.57,86.68
1779051600,2026-05-17 21:00:00,86.68,86.97,86.6,86.94
1779055200,2026-05-17 22:00:00,86.93,86.93,86,86.23
1779058800,2026-05-17 23:00:00,86.24,86.25,83.5,85.24
1779062400,2026-05-18 00:00:00,85.23,85.36,84.4,85.36
1779066000,2026-05-18 01:00:00,85.35,85.47,84.54,84.98
1779069600,2026-05-18 02:00:00,84.98,85.35,84.72,84.89
1779073200,2026-05-18 03:00:00,84.88,85.25,84.69,84.85
1779076800,2026-05-18 04:00:00,84.85,85.3,84.58,85.26
1779080400,2026-05-18 05:00:00,85.26,85.36,84.64,84.86
1779084000,2026-05-18 06:00:00,84.86,84.98,84.27,84.74
1779087600,2026-05-18 07:00:00,84.74,85.01,84.41,84.76
1779091200,2026-05-18 08:00:00,84.76,85.01,84.6,84.91
1779094800,2026-05-18 09:00:00,84.9,84.93,84.46,84.49
1779098400,2026-05-18 10:00:00,84.49,84.51,84.21,84.26
1779102000,2026-05-18 11:00:00,84.27,85.32,84.08,84.96
1779105600,2026-05-18 12:00:00,84.97,85.8,84.97,85.57
1779109200,2026-05-18 13:00:00,85.57,85.57,84.33,84.69
1779112800,2026-05-18 14:00:00,84.69,84.69,83.72,83.98
1779116400,2026-05-18 15:00:00,83.98,84.4,83.62,84.2
1779120000,2026-05-18 16:00:00,84.21,84.55,83.99,84.33
1779123600,2026-05-18 17:00:00,84.33,84.7,84.25,84.41
1779127200,2026-05-18 18:00:00,84.41,84.43,83.5,83.53
1779130800,2026-05-18 19:00:00,83.53,85.23,83.51,84.99
1779134400,2026-05-18 20:00:00,85,85.41,84.85,84.93
1779138000,2026-05-18 21:00:00,84.93,85.67,84.79,85.57
1779141600,2026-05-18 22:00:00,85.58,85.77,85.27,85.46
1779145200,2026-05-18 23:00:00,85.45,85.64,85.26,85.38
1779148800,2026-05-19 00:00:00,85.38,85.97,85.32,85.58
1779152400,2026-05-19 01:00:00,85.58,85.6,84.9,84.9
1779156000,2026-05-19 02:00:00,84.9,85.3,84.62,84.86
1779159600,2026-05-19 03:00:00,84.85,85.23,84.73,85.07
1779163200,2026-05-19 04:00:00,85.08,85.31,84.79,85.15
1779166800,2026-05-19 05:00:00,85.15,85.28,84.47,85.19
1779170400,2026-05-19 06:00:00,85.18,85.62,85.12,85.26
1779174000,2026-05-19 07:00:00,85.27,85.64,85.13,85.51
1779177600,2026-05-19 08:00:00,85.51,85.59,85.04,85.25
1779181200,2026-05-19 09:00:00,85.24,85.31,84.5,84.77
1779184800,2026-05-19 10:00:00,84.76,84.88,84.31,84.7
1779188400,2026-05-19 11:00:00,84.71,84.83,84.27,84.39
1779192000,2026-05-19 12:00:00,84.39,84.79,84.3,84.78
1779195600,2026-05-19 13:00:00,84.78,85.1,84.39,84.8
1779199200,2026-05-19 14:00:00,84.8,84.94,83.7,84.11
1779202800,2026-05-19 15:00:00,84.12,84.58,84.03,84.37
1779206400,2026-05-19 16:00:00,84.38,84.91,84.15,84.85
1779210000,2026-05-19 17:00:00,84.85,85.04,84.47,84.68
1779213600,2026-05-19 18:00:00,84.68,84.8,84.25,84.37
1779217200,2026-05-19 19:00:00,84.37,84.74,84.22,84.35
1779220800,2026-05-19 20:00:00,84.36,84.58,84.3,84.51
1779224400,2026-05-19 21:00:00,84.52,84.66,84.39,84.44
1779228000,2026-05-19 22:00:00,84.43,84.43,84,84.1
1779231600,2026-05-19 23:00:00,84.1,84.59,84.03,84.29
1779235200,2026-05-20 00:00:00,84.3,84.41,83.92,84.23
1779238800,2026-05-20 01:00:00,84.23,84.54,83.85,84.36
1779242400,2026-05-20 02:00:00,84.36,84.49,83.93,83.99
1779246000,2026-05-20 03:00:00,83.99,84.28,83.86,84.1
1779249600,2026-05-20 04:00:00,84.1,84.23,83.88,84.23
1779253200,2026-05-20 05:00:00,84.23,84.95,84.22,84.78
1779256800,2026-05-20 06:00:00,84.77,85.02,84.72,84.99
1779260400,2026-05-20 07:00:00,84.99,85.13,84.7,84.77
1779264000,2026-05-20 08:00:00,84.76,85.19,84.72,84.98
1779267600,2026-05-20 09:00:00,84.99,85.1,84.85,84.9
1779271200,2026-05-20 10:00:00,84.89,85.21,84.88,84.98
1779274800,2026-05-20 11:00:00,84.98,85.06,84.58,84.7
1779278400,2026-05-20 12:00:00,84.7,85.33,84.62,85.1
1779282000,2026-05-20 13:00:00,85.1,85.15,84.19,84.69
1779285600,2026-05-20 14:00:00,84.69,86.16,84.33,85.86
1779289200,2026-05-20 15:00:00,85.85,86.27,85.43,85.92
1779292800,2026-05-20 16:00:00,85.92,86.85,85.54,86.49
1779296400,2026-05-20 17:00:00,86.49,87.09,86.32,86.52
1779300000,2026-05-20 18:00:00,86.52,86.58,85.53,85.83
1779303600,2026-05-20 19:00:00,85.83,86.29,85.61,86.16
1779307200,2026-05-20 20:00:00,86.16,86.24,85.55,86.18
1779310800,2026-05-20 21:00:00,86.17,86.33,85.95,85.99
1779314400,2026-05-20 22:00:00,85.98,86.24,85.64,86.04
1779318000,2026-05-20 23:00:00,86.03,86.18,85.88,86.17
1779321600,2026-05-21 00:00:00,86.17,86.83,86.11,86.64
1779325200,2026-05-21 01:00:00,86.64,87.06,86.39,86.54
1779328800,2026-05-21 02:00:00,86.54,86.88,86.44,86.61
1779332400,2026-05-21 03:00:00,86.61,86.91,86.54,86.85
1779336000,2026-05-21 04:00:00,86.85,87.22,86.76,86.98
1779339600,2026-05-21 05:00:00,86.98,87.11,86.36,86.51
1779343200,2026-05-21 06:00:00,86.51,86.62,86.2,86.31
1779346800,2026-05-21 07:00:00,86.31,86.73,86.26,86.64
1779350400,2026-05-21 08:00:00,86.64,87.27,86.63,86.86
1779354000,2026-05-21 09:00:00,86.86,87.06,86.46,86.5
1779357600,2026-05-21 10:00:00,86.49,86.68,85.71,85.74
1779361200,2026-05-21 11:00:00,85.75,85.94,85.57,85.58
1779364800,2026-05-21 12:00:00,85.58,85.85,85.42,85.75
1779368400,2026-05-21 13:00:00,85.75,86.13,85.32,86.07
1779372000,2026-05-21 14:00:00,86.07,86.47,85.62,86.01
1779375600,2026-05-21 15:00:00,86.01,86.9,85.9,86.46
1779379200,2026-05-21 16:00:00,86.46,86.59,86.04,86.26
1779382800,2026-05-21 17:00:00,86.27,88,86.18,87.59
1779386400,2026-05-21 18:00:00,87.59,87.79,86.78,87.07
1779390000,2026-05-21 19:00:00,87.07,87.88,87.07,87.83
1779393600,2026-05-21 20:00:00,87.83,87.92,87.49,87.55
1779397200,2026-05-21 21:00:00,87.56,87.71,87.31,87.35
1779400800,2026-05-21 22:00:00,87.35,87.5,87.13,87.19
1779404400,2026-05-21 23:00:00,87.19,87.38,87.02,87.36
1779408000,2026-05-22 00:00:00,87.35,87.36,86.81,86.85
1779411600,2026-05-22 01:00:00,86.84,87.1,86.59,87.08
1779415200,2026-05-22 02:00:00,87.08,87.26,86.99,87.17
1779418800,2026-05-22 03:00:00,87.17,87.31,86.92,87.03
1779422400,2026-05-22 04:00:00,87.04,87.38,86.93,86.98
1779426000,2026-05-22 05:00:00,86.98,87.15,86.73,86.81
1779429600,2026-05-22 06:00:00,86.81,86.85,86.52,86.71
1779433200,2026-05-22 07:00:00,86.72,87.15,86.53,86.97
1779436800,2026-05-22 08:00:00,86.98,87.53,86.87,87.14
1779440400,2026-05-22 09:00:00,87.15,87.4,87.05,87.27
1779444000,2026-05-22 10:00:00,87.26,87.28,86.89,86.99
1779447600,2026-05-22 11:00:00,87,87.33,86.72,87.32
1779451200,2026-05-22 12:00:00,87.33,87.77,87.25,87.76
1779454800,2026-05-22 13:00:00,87.76,87.85,87.1,87.4
1779458400,2026-05-22 14:00:00,87.39,87.39,86.37,86.62
1779462000,2026-05-22 15:00:00,86.61,86.98,86.27,86.77
1779465600,2026-05-22 16:00:00,86.76,87,86.66,86.92
1779469200,2026-05-22 17:00:00,86.92,87.19,86.5,86.63
1779472800,2026-05-22 18:00:00,86.63,86.69,84.62,85.46
1779476400,2026-05-22 19:00:00,85.46,85.63,84,84.55
1779480000,2026-05-22 20:00:00,84.55,85.07,84.55,85
1779483600,2026-05-22 21:00:00,84.99,85.28,84.93,85.17
1779487200,2026-05-22 22:00:00,85.17,85.22,84.78,84.96
1779490800,2026-05-22 23:00:00,84.95,85.15,84,84.4
1779494400,2026-05-23 00:00:00,84.4,84.55,84.07,84.44
1779498000,2026-05-23 01:00:00,84.44,84.65,84.32,84.53
1779501600,2026-05-23 02:00:00,84.53,84.86,84.21,84.54
1779505200,2026-05-23 03:00:00,84.53,84.75,84.49,84.68
1779508800,2026-05-23 04:00:00,84.69,84.72,84.35,84.42
1779512400,2026-05-23 05:00:00,84.41,84.47,84.18,84.46
1779516000,2026-05-23 06:00:00,84.45,84.49,84.18,84.27
1779519600,2026-05-23 07:00:00,84.27,84.33,81.5,82.25
1779523200,2026-05-23 08:00:00,82.25,82.36,81.63,82.13
1779526800,2026-05-23 09:00:00,82.13,82.25,81.99,82.01
1779530400,2026-05-23 10:00:00,82.01,82.39,82.01,82.26
1779534000,2026-05-23 11:00:00,82.27,82.49,82.23,82.31
1779537600,2026-05-23 12:00:00,82.3,82.56,82.15,82.49
1779541200,2026-05-23 13:00:00,82.5,83.49,82.49,83.22
1779544800,2026-05-23 14:00:00,83.23,84.47,83.1,84.13
1779548400,2026-05-23 15:00:00,84.14,84.54,83.63,84.1
1779552000,2026-05-23 16:00:00,84.09,84.31,83.93,84.11
1779555600,2026-05-23 17:00:00,84.11,84.35,83.99,84.21
1779559200,2026-05-23 18:00:00,84.22,85.14,84.17,84.71
1779562800,2026-05-23 19:00:00,84.72,85.11,84.62,84.96
1779566400,2026-05-23 20:00:00,84.97,87.09,84.8,87.08
1779570000,2026-05-23 21:00:00,87.08,87.5,86,86.28
1779573600,2026-05-23 22:00:00,86.28,86.61,85.52,85.81
1779577200,2026-05-23 23:00:00,85.81,85.94,85.67,85.75
1779580800,2026-05-24 00:00:00,85.76,86.03,85.62,85.89
1779584400,2026-05-24 01:00:00,85.89,86.23,85.87,86.01
1779588000,2026-05-24 02:00:00,86.02,86.11,85.7,85.98
1779591600,2026-05-24 03:00:00,85.99,86.13,85.63,85.81
1779595200,2026-05-24 04:00:00,85.81,86.12,85.78,85.93
1779598800,2026-05-24 05:00:00,85.94,86.18,85.58,86.16
1779602400,2026-05-24 06:00:00,86.16,86.49,85.93,86.45
1779606000,2026-05-24 07:00:00,86.46,86.7,86,86.07
1779609600,2026-05-24 08:00:00,86.07,86.54,86.01,86.51
1779613200,2026-05-24 09:00:00,86.51,87,86.37,86.55
1779616800,2026-05-24 10:00:00,86.55,86.73,86.24,86.5
1779620400,2026-05-24 11:00:00,86.5,86.92,86.41,86.66
1779624000,2026-05-24 12:00:00,86.67,86.69,86.18,86.35
1779627600,2026-05-24 13:00:00,86.36,86.46,85.73,85.9
1779631200,2026-05-24 14:00:00,85.9,86.01,84.48,85.25
1779634800,2026-05-24 15:00:00,85.25,85.46,85.14,85.31
1779638400,2026-05-24 16:00:00,85.3,85.88,85.11,85.64
1779642000,2026-05-24 17:00:00,85.65,85.79,85.49,85.65
1779645600,2026-05-24 18:00:00,85.64,85.68,85.27,85.4
1779649200,2026-05-24 19:00:00,85.41,85.51,85.23,85.37
1779652800,2026-05-24 20:00:00,85.38,85.43,84.49,84.76
1779656400,2026-05-24 21:00:00,84.76,84.96,83.7,83.97
1779660000,2026-05-24 22:00:00,83.96,85.33,83.94,84.99
1779663600,2026-05-24 23:00:00,85,85.52,85,85.27
1779667200,2026-05-25 00:00:00,85.27,85.67,85.26,85.5
1779670800,2026-05-25 01:00:00,85.5,85.59,84.83,84.87
1779674400,2026-05-25 02:00:00,84.87,85.85,84.87,85.08
1779678000,2026-05-25 03:00:00,85.08,85.18,84.8,84.95
1779681600,2026-05-25 04:00:00,84.95,85.93,84.93,85.84
1779685200,2026-05-25 05:00:00,85.85,86.18,85.76,85.98
1779688800,2026-05-25 06:00:00,85.99,86.19,85.65,85.99
1779692400,2026-05-25 07:00:00,85.99,86.16,85.48,85.96
1779696000,2026-05-25 08:00:00,85.95,86.08,85.75,86.02
1779699600,2026-05-25 09:00:00,86.03,86.22,85.93,85.94
1779703200,2026-05-25 10:00:00,85.94,86.11,85.9,86.08
1779706800,2026-05-25 11:00:00,86.07,86.14,85.7,85.76
1779710400,2026-05-25 12:00:00,85.77,86.07,85.66,85.87
1779714000,2026-05-25 13:00:00,85.87,86.03,85.77,86.01
1779717600,2026-05-25 14:00:00,86.01,86.45,85.9,86.34
1779721200,2026-05-25 15:00:00,86.34,86.52,86.06,86.26
1779724800,2026-05-25 16:00:00,86.26,86.44,85.98,86.27
1779728400,2026-05-25 17:00:00,86.26,86.38,86.06,86.13
1779732000,2026-05-25 18:00:00,86.12,86.3,85.88,85.91
1779735600,2026-05-25 19:00:00,85.91,85.92,85.52,85.64
1779739200,2026-05-25 20:00:00,85.64,85.87,85.3,85.41
1779742800,2026-05-25 21:00:00,85.4,85.56,85.27,85.38
1779746400,2026-05-25 22:00:00,85.38,85.54,84.71,84.81
1779750000,2026-05-25 23:00:00,84.8,85.21,84.73,85.06
1779753600,2026-05-26 00:00:00,85.06,85.09,83.9,84.4
1779757200,2026-05-26 01:00:00,84.4,84.57,83.85,84.11
1779760800,2026-05-26 02:00:00,84.12,84.23,83.9,84.03
1779764400,2026-05-26 03:00:00,84.03,84.27,83.85,84.22
1779768000,2026-05-26 04:00:00,84.23,84.52,84.01,84.37
1779771600,2026-05-26 05:00:00,84.37,84.97,84.28,84.67
1779775200,2026-05-26 06:00:00,84.66,84.83,84.4,84.6
1779778800,2026-05-26 07:00:00,84.61,84.63,84.1,84.35
1779782400,2026-05-26 08:00:00,84.36,84.57,84.34,84.44
1779786000,2026-05-26 09:00:00,84.44,84.72,84.29,84.48
1779789600,2026-05-26 10:00:00,84.47,85.8,84.36,85.56
1779793200,2026-05-26 11:00:00,85.57,85.66,85.21,85.21
1779796800,2026-05-26 12:00:00,85.22,85.4,84.81,85.32
1779800400,2026-05-26 13:00:00,85.32,85.77,84.69,85.5
1779804000,2026-05-26 14:00:00,85.51,86.13,84.77,85.24
1779807600,2026-05-26 15:00:00,85.23,85.36,84.03,84.49
1779811200,2026-05-26 16:00:00,84.49,84.57,83.95,84.23
1779814800,2026-05-26 17:00:00,84.23,84.39,83.15,83.59
1779818400,2026-05-26 18:00:00,83.59,84.09,83.49,83.63
1779822000,2026-05-26 19:00:00,83.63,84.02,83.36,83.8
1779825600,2026-05-26 20:00:00,83.8,83.98,83.74,83.94
1779829200,2026-05-26 21:00:00,83.94,83.97,83.57,83.7
1779832800,2026-05-26 22:00:00,83.7,83.88,83.54,83.65
1779836400,2026-05-26 23:00:00,83.66,83.85,83.63,83.72
1779840000,2026-05-27 00:00:00,83.73,84.18,83.72,84.14
1779843600,2026-05-27 01:00:00,84.13,84.19,83.8,83.86
1779847200,2026-05-27 02:00:00,83.85,83.96,83.55,83.96
1779850800,2026-05-27 03:00:00,83.96,84.07,83.48,83.63
1779854400,2026-05-27 04:00:00,83.62,83.68,82.86,83.64
1779858000,2026-05-27 05:00:00,83.64,83.93,83.57,83.89
1779861600,2026-05-27 06:00:00,83.89,84.07,83.74,84.06
1779865200,2026-05-27 07:00:00,84.06,84.21,83.89,84.21
1779868800,2026-05-27 08:00:00,84.2,84.42,83.89,83.93
1779872400,2026-05-27 09:00:00,83.93,83.96,83.6,83.78
1779876000,2026-05-27 10:00:00,83.78,84.09,83.67,83.95
1779879600,2026-05-27 11:00:00,83.95,84.23,83.91,83.94
1779883200,2026-05-27 12:00:00,83.95,84.68,83.55,83.95
1779886800,2026-05-27 13:00:00,83.94,84.06,82.98,83.63
1779890400,2026-05-27 14:00:00,83.64,84.12,83.22,83.91
1779894000,2026-05-27 15:00:00,83.91,84.84,83.88,84.44
1779897600,2026-05-27 16:00:00,84.44,84.75,83.87,84.18
1779901200,2026-05-27 17:00:00,84.18,84.2,83.16,83.41
1779904800,2026-05-27 18:00:00,83.4,83.99,83.2,83.94
1779908400,2026-05-27 19:00:00,83.94,84.14,83.87,83.91
1779912000,2026-05-27 20:00:00,83.92,84.14,83.76,83.82
1779915600,2026-05-27 21:00:00,83.82,83.82,82.1,82.49
1779919200,2026-05-27 22:00:00,82.49,83.03,82.22,82.47
1779922800,2026-05-27 23:00:00,82.46,82.7,82.2,82.44
1779926400,2026-05-28 00:00:00,82.43,82.74,82.36,82.71
1779930000,2026-05-28 01:00:00,82.72,82.76,81.93,82.27
1779933600,2026-05-28 02:00:00,82.28,82.44,82,82.1
1779937200,2026-05-28 03:00:00,82.11,82.25,80.5,80.7
1779940800,2026-05-28 04:00:00,80.7,80.98,80,80.9
1779944400,2026-05-28 05:00:00,80.9,81,80.42,80.7
1779948000,2026-05-28 06:00:00,80.7,81.12,80.53,80.97
1779951600,2026-05-28 07:00:00,80.97,81.3,80.86,81.26
1779955200,2026-05-28 08:00:00,81.26,81.3,80.83,80.99
1779958800,2026-05-28 09:00:00,80.99,81.32,80.83,81.22
1779962400,2026-05-28 10:00:00,81.23,81.32,80.72,80.75
1779966000,2026-05-28 11:00:00,80.75,80.93,80.6,80.88
1779969600,2026-05-28 12:00:00,80.88,81.25,80.59,81.13
1779973200,2026-05-28 13:00:00,81.14,81.36,80.53,80.79
1779976800,2026-05-28 14:00:00,80.79,81.66,80.02,81.19
1779980400,2026-05-28 15:00:00,81.2,81.38,80.56,81.14
1779984000,2026-05-28 16:00:00,81.15,82.18,80.91,82.07
1779987600,2026-05-28 17:00:00,82.08,82.64,81.84,82.3
1779991200,2026-05-28 18:00:00,82.3,83.01,82.25,82.9
1779994800,2026-05-28 19:00:00,82.89,82.89,82.17,82.19
1779998400,2026-05-28 20:00:00,82.18,82.6,81.78,82.3
1780002000,2026-05-28 21:00:00,82.3,82.7,82.22,82.44
1780005600,2026-05-28 22:00:00,82.44,82.63,81.91,82.04
1780009200,2026-05-28 23:00:00,82.03,82.28,82,82.11
1780012800,2026-05-29 00:00:00,82.12,82.48,82.12,82.33
1780016400,2026-05-29 01:00:00,82.33,82.48,82.06,82.21
1780020000,2026-05-29 02:00:00,82.21,82.32,81.47,81.57
1780023600,2026-05-29 03:00:00,81.57,81.96,81.52,81.61
1780027200,2026-05-29 04:00:00,81.62,81.94,81.36,81.93
1780030800,2026-05-29 05:00:00,81.93,82.2,81.82,82.07
1780034400,2026-05-29 06:00:00,82.06,82.49,82.02,82.31
1780038000,2026-05-29 07:00:00,82.31,82.46,81.92,82.24
1780041600,2026-05-29 08:00:00,82.25,82.49,82.18,82.22
1780045200,2026-05-29 09:00:00,82.23,82.65,82.21,82.44
1780048800,2026-05-29 10:00:00,82.44,82.45,82.09,82.15
1780052400,2026-05-29 11:00:00,82.15,82.21,81.52,81.77
1780056000,2026-05-29 12:00:00,81.76,81.79,81.31,81.48
1780059600,2026-05-29 13:00:00,81.48,81.78,81.1,81.44
1780063200,2026-05-29 14:00:00,81.44,81.58,80.35,81.33
1780066800,2026-05-29 15:00:00,81.33,83.24,81.2,82.59
1780070400,2026-05-29 16:00:00,82.58,83.13,82.2,82.93
1780074000,2026-05-29 17:00:00,82.93,83.22,82.67,82.79
1780077600,2026-05-29 18:00:00,82.8,83,81.82,82.07
1780081200,2026-05-29 19:00:00,82.06,82.41,81.6,82.06
1780084800,2026-05-29 20:00:00,82.06,82.39,82.01,82.22
1780088400,2026-05-29 21:00:00,82.23,82.4,81.7,81.71
1780092000,2026-05-29 22:00:00,81.71,82.02,81.62,81.99
1780095600,2026-05-29 23:00:00,81.98,82.11,81.76,82.04
1780099200,2026-05-30 00:00:00,82.04,82.35,81.94,82.29
1780102800,2026-05-30 01:00:00,82.3,83,82.22,82.82
1780106400,2026-05-30 02:00:00,82.82,83.03,82.77,82.98
1780110000,2026-05-30 03:00:00,82.97,83.1,82.62,82.67
1780113600,2026-05-30 04:00:00,82.67,82.8,81.86,82.33
1780117200,2026-05-30 05:00:00,82.32,82.77,82.2,82.6
1780120800,2026-05-30 06:00:00,82.59,82.74,82.39,82.47
1780124400,2026-05-30 07:00:00,82.48,82.52,82.26,82.37
1780128000,2026-05-30 08:00:00,82.37,82.41,82.19,82.23
1780131600,2026-05-30 09:00:00,82.23,82.39,82.2,82.34
1780135200,2026-05-30 10:00:00,82.34,82.51,82.3,82.38
1780138800,2026-05-30 11:00:00,82.39,82.55,82.22,82.33
1780142400,2026-05-30 12:00:00,82.33,82.44,82.25,82.43
1780146000,2026-05-30 13:00:00,82.43,82.57,82.25,82.48
1780149600,2026-05-30 14:00:00,82.48,82.79,82.43,82.63
1780153200,2026-05-30 15:00:00,82.63,82.92,82.48,82.69
1780156800,2026-05-30 16:00:00,82.68,82.92,82.63,82.89
1780160400,2026-05-30 17:00:00,82.88,83.06,82.63,83.05
1780164000,2026-05-30 18:00:00,83.05,83.14,82.87,83.03
1780167600,2026-05-30 19:00:00,83.02,83.05,82.78,82.99
1780171200,2026-05-30 20:00:00,82.99,83.08,82.86,82.96
1780174800,2026-05-30 21:00:00,82.96,83.17,82.91,83.02
1780178400,2026-05-30 22:00:00,83.02,83.02,82.45,82.65
1780182000,2026-05-30 23:00:00,82.64,82.89,82.52,82.73
1780185600,2026-05-31 00:00:00,82.74,82.96,82.62,82.93
1780189200,2026-05-31 01:00:00,82.93,83.25,82.92,83.02
1780192800,2026-05-31 02:00:00,83.03,83.42,82.88,83.15
1780196400,2026-05-31 03:00:00,83.16,83.35,83.1,83.25
1780200000,2026-05-31 04:00:00,83.24,83.3,83.09,83.22
1780203600,2026-05-31 05:00:00,83.21,83.22,83,83.03
1780207200,2026-05-31 06:00:00,83.03,83.03,82.84,82.95
1780210800,2026-05-31 07:00:00,82.96,82.96,82.52,82.66
1780214400,2026-05-31 08:00:00,82.67,82.86,82.59,82.81
1780218000,2026-05-31 09:00:00,82.8,83.05,82.64,82.75
1780221600,2026-05-31 10:00:00,82.75,82.75,82.49,82.71
1780225200,2026-05-31 11:00:00,82.71,82.85,82.67,82.76
1780228800,2026-05-31 12:00:00,82.76,82.94,82.57,82.82
1780232400,2026-05-31 13:00:00,82.82,83.12,82.66,82.77
1780236000,2026-05-31 14:00:00,82.76,82.77,81.79,81.96
1780239600,2026-05-31 15:00:00,81.96,82.27,81.81,81.88
1780243200,2026-05-31 16:00:00,81.88,82.04,81.42,81.59
1780246800,2026-05-31 17:00:00,81.58,81.9,81.46,81.87
1780250400,2026-05-31 18:00:00,81.87,81.87,81.61,81.76
1780254000,2026-05-31 19:00:00,81.75,81.8,81.33,81.58
1780257600,2026-05-31 20:00:00,81.59,82.01,81.59,81.97
1780261200,2026-05-31 21:00:00,81.97,82.37,81.88,82.3
1780264800,2026-05-31 22:00:00,82.31,82.69,82.04,82.53
1780268400,2026-05-31 23:00:00,82.52,82.92,81.95,82.44
1780272000,2026-06-01 00:00:00,82.45,83.1,82.37,82.83
1780275600,2026-06-01 01:00:00,82.83,82.87,81.75,81.76
1780279200,2026-06-01 02:00:00,81.76,82.9,81.63,82.68
1780282800,2026-06-01 03:00:00,82.68,82.99,82.56,82.63
1780286400,2026-06-01 04:00:00,82.63,82.78,81.77,82.04
1780290000,2026-06-01 05:00:00,82.03,82.11,81.63,81.82
1780293600,2026-06-01 06:00:00,81.82,81.87,81.13,81.45
1780297200,2026-06-01 07:00:00,81.45,81.58,80.63,80.74
1780300800,2026-06-01 08:00:00,80.74,81.05,80.46,80.99
1780304400,2026-06-01 09:00:00,80.99,81.29,80.99,81.08
1780308000,2026-06-01 10:00:00,81.08,81.19,80.83,81.1
1780311600,2026-06-01 11:00:00,81.1,81.26,80.6,80.81
1780315200,2026-06-01 12:00:00,80.82,81.07,80.23,80.82
1780318800,2026-06-01 13:00:00,80.82,80.86,79.28,79.84
1780322400,2026-06-01 14:00:00,79.84,80.11,79.43,79.71
1780326000,2026-06-01 15:00:00,79.71,80.05,79.2,79.6
1780329600,2026-06-01 16:00:00,79.61,80.46,79.11,80.41
1780333200,2026-06-01 17:00:00,80.4,81.21,80.29,80.93
1780336800,2026-06-01 18:00:00,80.92,81.22,80.58,80.86
1780340400,2026-06-01 19:00:00,80.86,81.31,80.6,81.2
1780344000,2026-06-01 20:00:00,81.19,81.24,80.96,81.13
1780347600,2026-06-01 21:00:00,81.14,81.14,80.5,80.68
1780351200,2026-06-01 22:00:00,80.67,81.48,80.32,81.4
1780354800,2026-06-01 23:00:00,81.41,81.65,81.07,81.28
1780358400,2026-06-02 00:00:00,81.28,81.3,80.87,80.89
1780362000,2026-06-02 01:00:00,80.89,81.01,80.04,80.11
1780365600,2026-06-02 02:00:00,80.11,80.78,79.41,80.78
1780369200,2026-06-02 03:00:00,80.78,81.05,80.64,80.92
1780372800,2026-06-02 04:00:00,80.92,81.02,80.38,80.44
1780376400,2026-06-02 05:00:00,80.44,80.59,79.57,79.63
1780380000,2026-06-02 06:00:00,79.63,79.82,79.33,79.59
1780383600,2026-06-02 07:00:00,79.6,79.94,79.16,79.67
1780387200,2026-06-02 08:00:00,79.67,79.8,79.45,79.61
1780390800,2026-06-02 09:00:00,79.62,79.64,78.78,79.1
1780394400,2026-06-02 10:00:00,79.11,79.48,78.97,79.44
1780398000,2026-06-02 11:00:00,79.43,79.45,78.85,78.94
1780401600,2026-06-02 12:00:00,78.93,79.16,78.66,78.98
1780405200,2026-06-02 13:00:00,78.97,79.22,78.8,78.95
1780408800,2026-06-02 14:00:00,78.95,78.99,76.75,77.44
1780412400,2026-06-02 15:00:00,77.44,77.49,75.58,76.38
1780416000,2026-06-02 16:00:00,76.38,77.67,76.15,76.71
1780419600,2026-06-02 17:00:00,76.72,77.19,76.48,76.84
1780423200,2026-06-02 18:00:00,76.84,77.08,75.81,76.15
1780426800,2026-06-02 19:00:00,76.16,76.27,74.5,75.53
1780430400,2026-06-02 20:00:00,75.53,75.95,74.77,75.44
1780434000,2026-06-02 21:00:00,75.44,76.08,75.33,75.67
1780437600,2026-06-02 22:00:00,75.66,75.67,73.37,73.67
1780441200,2026-06-02 23:00:00,73.68,74.32,72.73,74.23
1780444800,2026-06-03 00:00:00,74.23,75.13,74,74.85
1780448400,2026-06-03 01:00:00,74.85,75.05,74.15,74.75
1780452000,2026-06-03 02:00:00,74.75,74.81,74.21,74.4
1780455600,2026-06-03 03:00:00,74.41,74.54,72.28,72.71
1780459200,2026-06-03 04:00:00,72.71,74.11,72.69,74.06
1780462800,2026-06-03 05:00:00,74.06,74.92,74.05,74.75
1780466400,2026-06-03 06:00:00,74.75,75.33,74.67,74.86
1780470000,2026-06-03 07:00:00,74.86,75.4,74.76,75.27
1780473600,2026-06-03 08:00:00,75.26,75.33,74.86,75.01
1780477200,2026-06-03 09:00:00,75,75.41,74.73,75.01
1780480800,2026-06-03 10:00:00,75.01,75.6,74.97,75.55
1780484400,2026-06-03 11:00:00,75.55,75.71,75,75.12
1780488000,2026-06-03 12:00:00,75.12,75.27,74.68,75.18
1780491600,2026-06-03 13:00:00,75.19,75.37,74.39,74.57
1780495200,2026-06-03 14:00:00,74.56,74.61,73.84,74.46
1780498800,2026-06-03 15:00:00,74.46,74.48,73.24,73.31
1780502400,2026-06-03 16:00:00,73.31,73.48,72.02,73.01
1780506000,2026-06-03 17:00:00,73.01,74.1,72.4,73.17
1780509600,2026-06-03 18:00:00,73.17,73.49,72.46,73.09
1780513200,2026-06-03 19:00:00,73.1,73.17,71.71,71.99
1780516800,2026-06-03 20:00:00,71.99,72.43,70.93,71.23
1780520400,2026-06-03 21:00:00,71.22,72.86,71.03,72.82
1780524000,2026-06-03 22:00:00,72.81,73.18,71.94,72.22
1780527600,2026-06-03 23:00:00,72.22,72.28,71.57,71.61
1780531200,2026-06-04 00:00:00,71.61,72.09,70.33,70.75
1780534800,2026-06-04 01:00:00,70.76,70.96,68.42,68.63
1780538400,2026-06-04 02:00:00,68.63,70.47,66.8,70.07
1780542000,2026-06-04 03:00:00,70.07,71.65,70.04,71.48
1780545600,2026-06-04 04:00:00,71.49,71.8,70.8,70.9
1780549200,2026-06-04 05:00:00,70.89,70.89,69.91,70.35
1780552800,2026-06-04 06:00:00,70.34,71.21,70.26,70.35
1780556400,2026-06-04 07:00:00,70.36,70.4,69.14,69.15
1780560000,2026-06-04 08:00:00,69.16,69.44,68.33,69.25
1780563600,2026-06-04 09:00:00,69.24,69.27,67.74,68.86
1780567200,2026-06-04 10:00:00,68.87,68.94,67.51,67.89
1780570800,2026-06-04 11:00:00,67.89,68.71,67.37,68.7
1780574400,2026-06-04 12:00:00,68.69,70.38,68.32,70.12
1780578000,2026-06-04 13:00:00,70.12,70.58,69.02,70.38
1780581600,2026-06-04 14:00:00,70.38,70.64,69.56,69.77
1780585200,2026-06-04 15:00:00,69.76,70.5,69.38,69.64
1780588800,2026-06-04 16:00:00,69.64,69.67,68.98,69.41
1780592400,2026-06-04 17:00:00,69.41,69.74,68.48,69.25
1780596000,2026-06-04 18:00:00,69.25,69.89,68.65,69.5
1780599600,2026-06-04 19:00:00,69.49,69.71,69.03,69.1
1780603200,2026-06-04 20:00:00,69.09,69.15,68.44,68.82
1780606800,2026-06-04 21:00:00,68.81,69.06,67.61,67.8
1780610400,2026-06-04 22:00:00,67.79,68.58,67.57,68.49
1780614000,2026-06-04 23:00:00,68.48,68.93,68,68.88
1780617600,2026-06-05 00:00:00,68.87,69.1,68.27,68.31
1780621200,2026-06-05 01:00:00,68.3,68.82,67.58,68.52
1780624800,2026-06-05 02:00:00,68.52,68.62,67.21,67.33
1780628400,2026-06-05 03:00:00,67.33,67.87,66.94,67.09
1780632000,2026-06-05 04:00:00,67.1,68.01,66.52,67.94
1780635600,2026-06-05 05:00:00,67.95,68.1,66.07,66.24
1780639200,2026-06-05 06:00:00,66.24,66.56,63.87,65.05
1780642800,2026-06-05 07:00:00,65.05,66.31,63.93,66.18
1780646400,2026-06-05 08:00:00,66.18,66.2,65.1,65.31
1780650000,2026-06-05 09:00:00,65.32,66.62,65.31,66.55
1780653600,2026-06-05 10:00:00,66.56,66.74,66.16,66.42
1780657200,2026-06-05 11:00:00,66.41,66.8,65.84,66.08
1780660800,2026-06-05 12:00:00,66.08,66.37,65.2,65.83
1780664400,2026-06-05 13:00:00,65.82,66.83,64.3,64.32
1780668000,2026-06-05 14:00:00,64.33,65.85,63.94,65.27
1780671600,2026-06-05 15:00:00,65.27,65.34,63.78,64.24
1780675200,2026-06-05 16:00:00,64.25,65.98,63.18,65.86
1780678800,2026-06-05 17:00:00,65.86,66.06,64.8,65.09
1780682400,2026-06-05 18:00:00,65.1,65.39,62.63,62.91
1780686000,2026-06-05 19:00:00,62.9,63.84,61.48,63.44
1780689600,2026-06-05 20:00:00,63.44,64.82,62.68,64.64
1780693200,2026-06-05 21:00:00,64.63,65.42,64.53,64.89
1780696800,2026-06-05 22:00:00,64.88,64.91,63.78,64.41
1780700400,2026-06-05 23:00:00,64.41,64.79,62.64,63.64
1780704000,2026-06-06 00:00:00,63.64,64.83,63.63,64.68
1780707600,2026-06-06 01:00:00,64.68,64.86,63.78,63.85
1780711200,2026-06-06 02:00:00,63.86,63.96,63.27,63.53
1780714800,2026-06-06 03:00:00,63.52,63.54,62.58,62.84
1780718400,2026-06-06 04:00:00,62.84,63.12,60.35,60.88
1780722000,2026-06-06 05:00:00,60.89,62.72,60.13,62.62
1780725600,2026-06-06 06:00:00,62.62,63.35,62.08,62.22
1780729200,2026-06-06 07:00:00,62.22,63.16,62.06,62.78
1780732800,2026-06-06 08:00:00,62.79,63.6,62.54,63.18
1780736400,2026-06-06 09:00:00,63.17,63.56,62.49,62.71
1780740000,2026-06-06 10:00:00,62.7,62.71,61.2,61.84
1780743600,2026-06-06 11:00:00,61.84,62.69,61.77,62.46
1780747200,2026-06-06 12:00:00,62.46,63.11,62.04,62.92
1780750800,2026-06-06 13:00:00,62.93,63.06,62.17,62.45
1780754400,2026-06-06 14:00:00,62.45,62.93,62.3,62.33
1780758000,2026-06-06 15:00:00,62.33,62.48,61.32,62.03
1780761600,2026-06-06 16:00:00,62.04,62.4,61.38,62.13
1780765200,2026-06-06 17:00:00,62.13,62.28,61.46,61.63
1780768800,2026-06-06 18:00:00,61.62,62.14,61.41,61.73
1780772400,2026-06-06 19:00:00,61.74,62.2,61.62,61.64
1780776000,2026-06-06 20:00:00,61.64,61.94,61.38,61.84
1780779600,2026-06-06 21:00:00,61.85,62.38,61.83,61.91
1780783200,2026-06-06 22:00:00,61.9,61.98,61.47,61.73
1780786800,2026-06-06 23:00:00,61.72,62.3,61.68,62.2
1780790400,2026-06-07 00:00:00,62.21,62.64,61.96,62.11
1780794000,2026-06-07 01:00:00,62.11,63.86,62.04,63.67
1780797600,2026-06-07 02:00:00,63.67,63.79,63.07,63.55
1780801200,2026-06-07 03:00:00,63.55,64.15,63.41,63.84
1780804800,2026-06-07 04:00:00,63.84,64.13,63.31,64.1
1780808400,2026-06-07 05:00:00,64.09,64.5,63.9,64.26
1780812000,2026-06-07 06:00:00,64.27,65,64.03,64.85
1780815600,2026-06-07 07:00:00,64.85,65.02,64.61,64.93
1780819200,2026-06-07 08:00:00,64.92,65.97,64.5,65.97
1780822800,2026-06-07 09:00:00,65.96,66.11,64.85,65.02
1780826400,2026-06-07 10:00:00,65.03,65.09,64.46,64.67
1780830000,2026-06-07 11:00:00,64.67,65.25,64.55,65.04
1780833600,2026-06-07 12:00:00,65.05,65.11,63.67,64.33
1780837200,2026-06-07 13:00:00,64.33,64.44,64.09,64.34
1780840800,2026-06-07 14:00:00,64.34,65.35,64.33,64.92
1780844400,2026-06-07 15:00:00,64.92,65.24,64.63,64.99
1780848000,2026-06-07 16:00:00,64.99,65.33,64.75,65.15
1780851600,2026-06-07 17:00:00,65.15,65.62,65.09,65.32
1780855200,2026-06-07 18:00:00,65.33,65.58,64.91,64.95
1780858800,2026-06-07 19:00:00,64.96,64.98,63.64,63.95
1780862400,2026-06-07 20:00:00,63.94,64.8,63.75,64.7
1780866000,2026-06-07 21:00:00,64.69,64.93,64.31,64.63
1780869600,2026-06-07 22:00:00,64.64,67.92,64.53,65.83
1780873200,2026-06-07 23:00:00,65.82,66.67,65.77,66.5
1780876800,2026-06-08 00:00:00,66.5,67.11,66.02,66.71
1780880400,2026-06-08 01:00:00,66.72,66.81,65.4,66.19
1780884000,2026-06-08 02:00:00,66.19,66.65,66.06,66.46
1780887600,2026-06-08 03:00:00,66.46,66.75,66.18,66.37
1780891200,2026-06-08 04:00:00,66.37,66.42,65.37,65.44
1780894800,2026-06-08 05:00:00,65.44,65.65,64.98,65.34
1780898400,2026-06-08 06:00:00,65.33,65.89,65.27,65.68
1780902000,2026-06-08 07:00:00,65.68,66.23,65.38,66.11
1780905600,2026-06-08 08:00:00,66.1,66.11,65.45,65.63
1780909200,2026-06-08 09:00:00,65.63,66.39,65.6,66.38
1780912800,2026-06-08 10:00:00,66.37,66.47,65.81,66.21
1780916400,2026-06-08 11:00:00,66.21,67.06,66.04,66.68
1780920000,2026-06-08 12:00:00,66.69,67.32,65.99,67.26
1780923600,2026-06-08 13:00:00,67.26,67.29,66.42,66.78
1780927200,2026-06-08 14:00:00,66.78,67.31,66.45,67.28
1780930800,2026-06-08 15:00:00,67.28,67.82,67.06,67.18
1780934400,2026-06-08 16:00:00,67.19,67.75,66.9,66.96
1780938000,2026-06-08 17:00:00,66.95,67.39,66.56,67.38
1780941600,2026-06-08 18:00:00,67.38,67.62,67.16,67.43
1780945200,2026-06-08 19:00:00,67.43,67.82,67.28,67.46
1780948800,2026-06-08 20:00:00,67.46,67.53,66.94,67.48
1780952400,2026-06-08 21:00:00,67.48,68.17,67.42,67.48
1780956000,2026-06-08 22:00:00,67.48,67.48,66.84,67.2
1780959600,2026-06-08 23:00:00,67.2,67.42,66.65,66.82
1780963200,2026-06-09 00:00:00,66.82,66.89,65.29,65.42
1780966800,2026-06-09 01:00:00,65.41,66.08,65.39,65.99
1780970400,2026-06-09 02:00:00,65.99,66.08,65.53,65.91
1780974000,2026-06-09 03:00:00,65.92,66.1,65.68,66.01
1780977600,2026-06-09 04:00:00,66.01,67.41,65.83,67.02
1780981200,2026-06-09 05:00:00,67.02,67.39,66.7,67.18
1780984800,2026-06-09 06:00:00,67.19,67.47,66.98,67.05
1780988400,2026-06-09 07:00:00,67.06,67.34,66.62,66.89
1780992000,2026-06-09 08:00:00,66.9,66.94,66.39,66.6
1780995600,2026-06-09 09:00:00,66.6,66.83,66.08,66.18
1780999200,2026-06-09 10:00:00,66.18,66.49,66,66.42
1781002800,2026-06-09 11:00:00,66.41,66.47,65.9,66.11
1781006400,2026-06-09 12:00:00,66.11,66.52,65.95,66.21
1781010000,2026-06-09 13:00:00,66.22,66.38,65.6,65.86
1781013600,2026-06-09 14:00:00,65.86,65.99,64.39,65.08
1781017200,2026-06-09 15:00:00,65.08,65.31,64.26,64.33
1781020800,2026-06-09 16:00:00,64.33,64.5,63.54,64.14
1781024400,2026-06-09 17:00:00,64.15,65.17,64.09,64.79
1781028000,2026-06-09 18:00:00,64.8,65.55,64.66,65.3
1781031600,2026-06-09 19:00:00,65.29,65.65,65.05,65.41
1781035200,2026-06-09 20:00:00,65.42,65.7,65.29,65.62
1781038800,2026-06-09 21:00:00,65.63,65.65,64.88,65.02
1781042400,2026-06-09 22:00:00,65.02,65.35,64.82,64.89
1781046000,2026-06-09 23:00:00,64.89,65.18,64.69,64.96
1781049600,2026-06-10 00:00:00,64.97,65.22,64.49,65.19
1781053200,2026-06-10 01:00:00,65.18,65.32,64.81,65.09
1781056800,2026-06-10 02:00:00,65.1,65.25,64.25,64.31
1781060400,2026-06-10 03:00:00,64.31,64.86,64.27,64.51
1781064000,2026-06-10 04:00:00,64.52,64.66,64.12,64.29
1781067600,2026-06-10 05:00:00,64.29,64.38,63.92,64.13
1781071200,2026-06-10 06:00:00,64.13,64.37,63.83,64.2
1781074800,2026-06-10 07:00:00,64.21,64.8,64.14,64.5
1781078400,2026-06-10 08:00:00,64.5,64.52,63.43,63.61
1781082000,2026-06-10 09:00:00,63.62,63.76,63.07,63.64
1781085600,2026-06-10 10:00:00,63.64,63.79,63.27,63.68
1781089200,2026-06-10 11:00:00,63.68,63.77,62.95,63.49
1781092800,2026-06-10 12:00:00,63.5,64.68,63.3,64.13
1781096400,2026-06-10 13:00:00,64.12,65.54,64.01,65.08
1781100000,2026-06-10 14:00:00,65.08,65.28,64.59,65.06
1781103600,2026-06-10 15:00:00,65.07,65.77,64.56,65.44
1781107200,2026-06-10 16:00:00,65.44,65.49,64.24,64.62
1781110800,2026-06-10 17:00:00,64.62,64.97,63.63,64.04
1781114400,2026-06-10 18:00:00,64.05,64.22,63.36,63.84
1781118000,2026-06-10 19:00:00,63.84,63.95,63.39,63.56
1781121600,2026-06-10 20:00:00,63.56,63.66,63.18,63.33
1781125200,2026-06-10 21:00:00,63.32,63.32,62.34,62.59
1781128800,2026-06-10 22:00:00,62.6,63.07,62.37,62.77
1781132400,2026-06-10 23:00:00,62.78,63.31,62.46,63.19
1781136000,2026-06-11 00:00:00,63.19,63.77,63.19,63.67
1781139600,2026-06-11 01:00:00,63.67,65.16,63.67,64.9
1781143200,2026-06-11 02:00:00,64.91,65,64.37,64.52
1781146800,2026-06-11 03:00:00,64.53,65.48,64.33,65.27
1781150400,2026-06-11 04:00:00,65.27,65.35,64.95,65.21
1781154000,2026-06-11 05:00:00,65.21,65.26,64.95,64.97
1781157600,2026-06-11 06:00:00,64.97,65.43,64.81,65.12
1781161200,2026-06-11 07:00:00,65.12,65.18,64.77,65.04
1781164800,2026-06-11 08:00:00,65.04,65.53,65.03,65.31
1781168400,2026-06-11 09:00:00,65.31,65.56,65.01,65.38
1781172000,2026-06-11 10:00:00,65.39,65.66,65.28,65.5
1781175600,2026-06-11 11:00:00,65.5,66.15,65.33,65.88
1781179200,2026-06-11 12:00:00,65.89,65.93,64.89,65.26
1781182800,2026-06-11 13:00:00,65.26,65.74,65.06,65.53
1781186400,2026-06-11 14:00:00,65.52,65.78,64.99,65.35
1781190000,2026-06-11 15:00:00,65.35,65.87,65,65.55
1781193600,2026-06-11 16:00:00,65.56,65.8,65.31,65.38
1781197200,2026-06-11 17:00:00,65.39,67.19,65.05,67.15
1781200800,2026-06-11 18:00:00,67.15,67.31,66.64,66.8
1781204400,2026-06-11 19:00:00,66.8,67.42,66.6,66.93
1781208000,2026-06-11 20:00:00,66.93,67.04,66.36,66.6
1781211600,2026-06-11 21:00:00,66.6,67.1,66.58,66.91
1781215200,2026-06-11 22:00:00,66.91,67.14,66.87,66.9
1781218800,2026-06-11 23:00:00,66.89,67.13,66.69,66.93
1781222400,2026-06-12 00:00:00,66.93,67.11,66.75,66.87
1781226000,2026-06-12 01:00:00,66.87,66.87,66.42,66.7
1781229600,2026-06-12 02:00:00,66.69,67.3,66.68,67.14
1781233200,2026-06-12 03:00:00,67.15,67.18,66.68,67.04
1781236800,2026-06-12 04:00:00,67.04,67.24,66.85,67.07
1781240400,2026-06-12 05:00:00,67.07,67.08,66.63,66.74
1781244000,2026-06-12 06:00:00,66.75,66.82,65.95,66.11
1781247600,2026-06-12 07:00:00,66.12,66.49,66.12,66.32
1781251200,2026-06-12 08:00:00,66.32,67.05,66.31,66.92
1781254800,2026-06-12 09:00:00,66.92,67.49,66.85,67.17
1781258400,2026-06-12 10:00:00,67.18,67.35,66.59,66.79
1781262000,2026-06-12 11:00:00,66.79,67.1,66.78,66.93
1781265600,2026-06-12 12:00:00,66.92,67,66.63,66.77
1781269200,2026-06-12 13:00:00,66.77,67.01,66.37,66.72
1781272800,2026-06-12 14:00:00,66.73,67.99,66.65,67.94
1781276400,2026-06-12 15:00:00,67.93,68.82,67.18,67.25
1781280000,2026-06-12 16:00:00,67.26,68.01,67.09,68.01
1781283600,2026-06-12 17:00:00,68.02,68.22,67.27,67.4
1781287200,2026-06-12 18:00:00,67.4,67.48,67.01,67.07
1781290800,2026-06-12 19:00:00,67.07,67.42,66.68,66.78
1781294400,2026-06-12 20:00:00,66.79,66.83,66.42,66.68
1781298000,2026-06-12 21:00:00,66.69,66.95,66.47,66.57
1781301600,2026-06-12 22:00:00,66.57,66.76,66.43,66.63
1781305200,2026-06-12 23:00:00,66.64,66.83,66.48,66.82
1781308800,2026-06-13 00:00:00,66.83,67.08,66.78,66.99
1781312400,2026-06-13 01:00:00,67,67.51,66.98,67.45
1781316000,2026-06-13 02:00:00,67.44,67.51,66.87,66.97
1781319600,2026-06-13 03:00:00,66.97,67.05,66.7,66.88
1781323200,2026-06-13 04:00:00,66.87,66.96,66.64,66.67
1781326800,2026-06-13 05:00:00,66.67,66.88,66.59,66.79
1781330400,2026-06-13 06:00:00,66.79,67.22,66.67,67.16
1781334000,2026-06-13 07:00:00,67.16,67.47,66.96,67.37
1781337600,2026-06-13 08:00:00,67.38,67.57,67.26,67.33
1781341200,2026-06-13 09:00:00,67.32,67.54,67.29,67.37
1781344800,2026-06-13 10:00:00,67.37,67.61,67.34,67.44
1781348400,2026-06-13 11:00:00,67.44,67.96,67.38,67.9
1781352000,2026-06-13 12:00:00,67.91,68.06,67.77,67.99
1781355600,2026-06-13 13:00:00,67.98,68.45,67.83,68.02
1781359200,2026-06-13 14:00:00,68.02,68.43,67.99,68.29
1781362800,2026-06-13 15:00:00,68.29,68.71,68.18,68.6
1781366400,2026-06-13 16:00:00,68.6,68.63,67.83,68.1
1781370000,2026-06-13 17:00:00,68.09,68.28,67.84,68
1781373600,2026-06-13 18:00:00,68,68.38,67.97,68.13
1781377200,2026-06-13 19:00:00,68.13,68.4,68.03,68.23
1781380800,2026-06-13 20:00:00,68.24,68.29,68.05,68.28
1781384400,2026-06-13 21:00:00,68.28,69.59,68.23,69.27
1781388000,2026-06-13 22:00:00,69.27,69.28,68.88,68.91
1781391600,2026-06-13 23:00:00,68.9,69.18,68.79,68.94
1781395200,2026-06-14 00:00:00,68.94,68.94,68.65,68.75
1781398800,2026-06-14 01:00:00,68.75,69.1,68.64,68.82
1781402400,2026-06-14 02:00:00,68.82,69.11,68.72,68.83
1781406000,2026-06-14 03:00:00,68.83,69.04,68.76,68.94
1781409600,2026-06-14 04:00:00,68.95,69.01,68.44,68.52
1781413200,2026-06-14 05:00:00,68.53,68.6,67.88,68.24
1781416800,2026-06-14 06:00:00,68.25,68.5,68.1,68.19
1781420400,2026-06-14 07:00:00,68.2,68.25,68.04,68.23
1781424000,2026-06-14 08:00:00,68.23,68.37,68.11,68.25
1781427600,2026-06-14 09:00:00,68.25,68.5,67.92,68.47
1781431200,2026-06-14 10:00:00,68.48,68.52,68.15,68.16
1781434800,2026-06-14 11:00:00,68.16,68.35,68.02,68.11
1781438400,2026-06-14 12:00:00,68.11,68.17,67.7,67.78
1781442000,2026-06-14 13:00:00,67.78,67.87,67.51,67.77
1781445600,2026-06-14 14:00:00,67.77,67.83,66.94,67.27
1781449200,2026-06-14 15:00:00,67.27,67.55,67.26,67.43
1781452800,2026-06-14 16:00:00,67.43,67.76,67.41,67.49
1781456400,2026-06-14 17:00:00,67.48,67.74,67.3,67.34
1781460000,2026-06-14 18:00:00,67.34,67.5,67.19,67.43
1781463600,2026-06-14 19:00:00,67.43,67.75,67.35,67.57
1781467200,2026-06-14 20:00:00,67.57,68.07,67.44,67.81
1781470800,2026-06-14 21:00:00,67.8,70.55,67.8,70.16
1781474400,2026-06-14 22:00:00,70.16,70.73,69.68,70.45
1781478000,2026-06-14 23:00:00,70.45,71.29,70.15,71.28
1781481600,2026-06-15 00:00:00,71.29,71.73,70.94,71.12
1781485200,2026-06-15 01:00:00,71.13,71.35,70.66,71.01
1781488800,2026-06-15 02:00:00,71,71.59,70.9,70.99
1781492400,2026-06-15 03:00:00,70.98,71.37,70.91,71.24
1781496000,2026-06-15 04:00:00,71.24,71.27,70.88,70.93
1781499600,2026-06-15 05:00:00,70.92,71.31,70.81,71.22
1781503200,2026-06-15 06:00:00,71.22,71.5,71.11,71.36
1781506800,2026-06-15 07:00:00,71.36,71.5,71.12,71.28
1781510400,2026-06-15 08:00:00,71.28,71.62,71.17,71.3
1781514000,2026-06-15 09:00:00,71.3,71.48,70.8,71.23
1781517600,2026-06-15 10:00:00,71.23,72.12,71.19,71.88
1781521200,2026-06-15 11:00:00,71.88,72.82,71.65,72.61
1781524800,2026-06-15 12:00:00,72.61,73,72.31,72.86
1781528400,2026-06-15 13:00:00,72.85,74.23,72.72,73.64
1781532000,2026-06-15 14:00:00,73.63,73.98,73.2,73.82
1781535600,2026-06-15 15:00:00,73.81,75.26,73.79,75.25
1781539200,2026-06-15 16:00:00,75.25,76.09,74.97,75.48
1781542800,2026-06-15 17:00:00,75.47,75.48,74.65,75.28
1781546400,2026-06-15 18:00:00,75.28,75.69,75.1,75.3
1781550000,2026-06-15 19:00:00,75.3,75.81,74.58,75.28
1781553600,2026-06-15 20:00:00,75.27,75.46,74.77,74.95
1781557200,2026-06-15 21:00:00,74.95,75.03,74.4,74.45
1781560800,2026-06-15 22:00:00,74.46,74.61,73.62,73.78
1781564400,2026-06-15 23:00:00,73.77,74.07,73.62,73.98
1781568000,2026-06-16 00:00:00,73.99,74.42,73.85,74.04
1781571600,2026-06-16 01:00:00,74.05,74.35,73.85,73.88
1781575200,2026-06-16 02:00:00,73.89,73.89,72.77,73.01
1781578800,2026-06-16 03:00:00,73.02,73.81,72.87,73.74
1781582400,2026-06-16 04:00:00,73.75,73.94,73.19,73.36
1781586000,2026-06-16 05:00:00,73.37,73.84,73.36,73.67
1781589600,2026-06-16 06:00:00,73.67,74.32,73.67,74.19
1781593200,2026-06-16 07:00:00,74.19,74.54,74.13,74.46
1781596800,2026-06-16 08:00:00,74.45,75.65,74.35,75.4
1781600400,2026-06-16 09:00:00,75.39,75.46,74.81,74.85
1781604000,2026-06-16 10:00:00,74.85,75.12,74.69,74.7
1781607600,2026-06-16 11:00:00,74.7,74.9,74.38,74.66
1781611200,2026-06-16 12:00:00,74.67,75.53,74.49,74.94
1781614800,2026-06-16 13:00:00,74.94,74.97,73.87,73.99
1781618400,2026-06-16 14:00:00,73.99,74.3,72.29,72.98
1781622000,2026-06-16 15:00:00,72.97,73.65,72.87,73.29
1781625600,2026-06-16 16:00:00,73.29,73.48,73.01,73.1
1781629200,2026-06-16 17:00:00,73.11,73.84,73.06,73.67
1781632800,2026-06-16 18:00:00,73.68,74.34,73.58,74
1781636400,2026-06-16 19:00:00,74,74.23,73.48,73.84
1781640000,2026-06-16 20:00:00,73.85,74.26,73.67,74.14
1781643600,2026-06-16 21:00:00,74.14,74.22,73.73,73.94
1781647200,2026-06-16 22:00:00,73.94,74.1,73.62,73.84
1781650800,2026-06-16 23:00:00,73.85,73.97,73.42,73.52
1781654400,2026-06-17 00:00:00,73.53,73.78,73.32,73.37
1781658000,2026-06-17 01:00:00,73.37,74,73.17,73.93
1781661600,2026-06-17 02:00:00,73.94,74.47,73.69,74.05
1781665200,2026-06-17 03:00:00,74.05,74.06,73.52,73.68
1781668800,2026-06-17 04:00:00,73.68,74.11,73.6,73.83
1781672400,2026-06-17 05:00:00,73.84,74.01,73.44,73.65
1781676000,2026-06-17 06:00:00,73.65,73.83,73.19,73.41
1781679600,2026-06-17 07:00:00,73.41,73.61,72.99,73.26
1781683200,2026-06-17 08:00:00,73.27,73.3,72.16,72.34
1781686800,2026-06-17 09:00:00,72.34,72.67,72.31,72.54
1781690400,2026-06-17 10:00:00,72.54,72.69,72.12,72.15
1781694000,2026-06-17 11:00:00,72.15,72.24,71.71,72.04
1781697600,2026-06-17 12:00:00,72.04,72.36,71.59,72.33
1781701200,2026-06-17 13:00:00,72.33,72.77,72.16,72.43
1781704800,2026-06-17 14:00:00,72.42,72.67,71.82,72.39
1781708400,2026-06-17 15:00:00,72.39,73.87,72.36,73.81
1781712000,2026-06-17 16:00:00,73.8,74.69,73.71,73.76
1781715600,2026-06-17 17:00:00,73.77,74.35,73.47,74.22
1781719200,2026-06-17 18:00:00,74.21,74.38,72.19,73.5
1781722800,2026-06-17 19:00:00,73.49,73.71,71.43,71.66
1781726400,2026-06-17 20:00:00,71.66,72.25,71.55,72.2
1781730000,2026-06-17 21:00:00,72.19,72.23,71.38,71.62
1781733600,2026-06-17 22:00:00,71.61,71.95,70.83,71.7
1781737200,2026-06-17 23:00:00,71.71,72.13,71.69,72.05
1781740800,2026-06-18 00:00:00,72.05,72.5,72.03,72.22
1781744400,2026-06-18 01:00:00,72.22,72.64,72.09,72.21
1781748000,2026-06-18 02:00:00,72.22,72.68,72.13,72.54
1781751600,2026-06-18 03:00:00,72.53,72.55,71.54,71.65
1781755200,2026-06-18 04:00:00,71.66,71.73,70.91,71.06
1781758800,2026-06-18 05:00:00,71.05,71.14,70.64,71.14
1781762400,2026-06-18 06:00:00,71.13,71.41,70.99,71.34
1781766000,2026-06-18 07:00:00,71.35,71.85,71.16,71.78
1781769600,2026-06-18 08:00:00,71.77,72.08,71.64,71.85
1781773200,2026-06-18 09:00:00,71.86,72.16,71.75,71.85
1781776800,2026-06-18 10:00:00,71.85,71.85,71.08,71.39
1781780400,2026-06-18 11:00:00,71.39,71.56,70.72,70.94
1781784000,2026-06-18 12:00:00,70.94,71.62,70.87,71.57
1781787600,2026-06-18 13:00:00,71.57,71.8,70.73,71.05
1781791200,2026-06-18 14:00:00,71.06,71.72,70.7,71.08
1781794800,2026-06-18 15:00:00,71.08,71.1,68.35,68.44
1781798400,2026-06-18 16:00:00,68.43,69.13,68.38,69.06
1781802000,2026-06-18 17:00:00,69.07,69.15,68.5,68.64
1781805600,2026-06-18 18:00:00,68.64,68.99,68.23,68.66
1781809200,2026-06-18 19:00:00,68.66,69.53,68.57,69.37
1781812800,2026-06-18 20:00:00,69.38,69.96,69.38,69.82
1781816400,2026-06-18 21:00:00,69.81,69.9,69.41,69.57
1781820000,2026-06-18 22:00:00,69.56,69.69,69.26,69.52
1781823600,2026-06-18 23:00:00,69.51,69.79,69.27,69.71
1781827200,2026-06-19 00:00:00,69.72,69.9,69.53,69.81
1781830800,2026-06-19 01:00:00,69.8,70.03,69.54,69.94
1781834400,2026-06-19 02:00:00,69.94,70.09,69.41,69.66
1781838000,2026-06-19 03:00:00,69.65,69.74,68.64,69.05
1781841600,2026-06-19 04:00:00,69.06,69.27,68.1,68.33
1781845200,2026-06-19 05:00:00,68.33,68.75,68.32,68.7
1781848800,2026-06-19 06:00:00,68.69,68.84,68.46,68.75
1781852400,2026-06-19 07:00:00,68.75,68.77,67.98,68.38
1781856000,2026-06-19 08:00:00,68.37,68.75,68.23,68.68
1781859600,2026-06-19 09:00:00,68.69,68.76,68.22,68.33
1781863200,2026-06-19 10:00:00,68.32,68.46,68.05,68.3
1781866800,2026-06-19 11:00:00,68.31,68.47,68.09,68.25
1781870400,2026-06-19 12:00:00,68.25,68.71,67.92,68.62
1781874000,2026-06-19 13:00:00,68.62,69.58,68.4,69.28
1781877600,2026-06-19 14:00:00,69.28,69.48,68.83,69.15
1781881200,2026-06-19 15:00:00,69.14,69.54,68.93,69.33
1781884800,2026-06-19 16:00:00,69.34,69.57,68.69,68.71
1781888400,2026-06-19 17:00:00,68.72,69.52,68.63,69.31
1781892000,2026-06-19 18:00:00,69.32,69.37,68.8,69.06
1781895600,2026-06-19 19:00:00,69.05,69.16,68.78,68.97
1781899200,2026-06-19 20:00:00,68.97,69.31,68.72,69.25
1781902800,2026-06-19 21:00:00,69.25,69.31,68.91,69.02
1781906400,2026-06-19 22:00:00,69.01,69.44,69,69.42
1781910000,2026-06-19 23:00:00,69.43,69.87,69.24,69.74
1781913600,2026-06-20 00:00:00,69.73,70.12,69.61,69.63
1781917200,2026-06-20 01:00:00,69.62,69.95,69.54,69.8
1781920800,2026-06-20 02:00:00,69.8,69.86,69.48,69.65
1781924400,2026-06-20 03:00:00,69.66,70.11,69.62,70
1781928000,2026-06-20 04:00:00,70,71.09,69.89,70.86
1781931600,2026-06-20 05:00:00,70.87,72.46,70.72,71.8
1781935200,2026-06-20 06:00:00,71.8,72.39,71.71,72.12
1781938800,2026-06-20 07:00:00,72.12,72.15,71.45,71.6
1781942400,2026-06-20 08:00:00,71.6,71.65,71.27,71.34
1781946000,2026-06-20 09:00:00,71.34,71.63,71.21,71.57
1781949600,2026-06-20 10:00:00,71.57,71.72,71.41,71.69
1781953200,2026-06-20 11:00:00,71.69,72.1,71.45,71.78
1781956800,2026-06-20 12:00:00,71.78,71.94,71.38,71.56
1781960400,2026-06-20 13:00:00,71.55,71.58,70.75,71.19
1781964000,2026-06-20 14:00:00,71.19,72.18,70.47,71.93
1781967600,2026-06-20 15:00:00,71.94,72.62,71.49,72.02
1781971200,2026-06-20 16:00:00,72.03,72.05,71.32,71.67
1781974800,2026-06-20 17:00:00,71.67,71.68,71.09,71.55
1781978400,2026-06-20 18:00:00,71.56,71.99,71.53,71.75
1781982000,2026-06-20 19:00:00,71.75,71.92,71.6,71.86
1781985600,2026-06-20 20:00:00,71.86,72.07,71.7,72.01
1781989200,2026-06-20 21:00:00,72.02,72.45,71.96,72.41
1781992800,2026-06-20 22:00:00,72.41,74.3,72.36,73.56
1781996400,2026-06-20 23:00:00,73.56,73.65,73.21,73.22
1782000000,2026-06-21 00:00:00,73.22,73.28,73.02,73.2
1782003600,2026-06-21 01:00:00,73.2,73.32,72.88,73.19
1782007200,2026-06-21 02:00:00,73.19,73.39,73.08,73.34
1782010800,2026-06-21 03:00:00,73.34,73.86,73.13,73.63
1782014400,2026-06-21 04:00:00,73.63,73.84,73.39,73.44
1782018000,2026-06-21 05:00:00,73.44,73.52,73.01,73.09
1782021600,2026-06-21 06:00:00,73.09,73.36,73.04,73.24
1782025200,2026-06-21 07:00:00,73.25,73.45,73.07,73.21
1782028800,2026-06-21 08:00:00,73.21,73.25,72.75,73.15
1782032400,2026-06-21 09:00:00,73.16,74.1,73.08,74.05
1782036000,2026-06-21 10:00:00,74.04,74.4,73.87,73.9
1782039600,2026-06-21 11:00:00,73.91,74.04,73.07,73.21
1782043200,2026-06-21 12:00:00,73.21,73.69,72.93,73.65
1782046800,2026-06-21 13:00:00,73.65,73.93,73.47,73.91
1782050400,2026-06-21 14:00:00,73.92,74.15,73.63,74.11
1782054000,2026-06-21 15:00:00,74.11,74.29,73.91,74.14
1782057600,2026-06-21 16:00:00,74.14,74.68,73.8,74.34
1782061200,2026-06-21 17:00:00,74.34,74.64,74.04,74.24
1782064800,2026-06-21 18:00:00,74.25,74.44,73.86,74.22
1782068400,2026-06-21 19:00:00,74.21,74.47,74.11,74.42
1782072000,2026-06-21 20:00:00,74.42,74.55,73.34,73.42
1782075600,2026-06-21 21:00:00,73.43,73.47,72.42,73.15
1782079200,2026-06-21 22:00:00,73.14,73.26,72.63,73.06
1782082800,2026-06-21 23:00:00,73.05,73.1,72.31,72.46
1782086400,2026-06-22 00:00:00,72.47,73.59,72.46,73.36
1782090000,2026-06-22 01:00:00,73.37,74.99,73.27,74.37
1782093600,2026-06-22 02:00:00,74.37,74.46,73.77,73.83
1782097200,2026-06-22 03:00:00,73.84,74.06,73.29,73.52
1782100800,2026-06-22 04:00:00,73.53,73.91,73.36,73.86
1782104400,2026-06-22 05:00:00,73.87,74.15,73.8,73.95
1782108000,2026-06-22 06:00:00,73.96,74.21,73.56,73.71
1782111600,2026-06-22 07:00:00,73.72,74.48,73.67,74.1
1782115200,2026-06-22 08:00:00,74.1,74.33,73.71,73.9
1782118800,2026-06-22 09:00:00,73.89,74.03,73.57,73.8
1782122400,2026-06-22 10:00:00,73.79,74.01,73.6,73.78
1782126000,2026-06-22 11:00:00,73.77,74.44,73.64,74.17
1782129600,2026-06-22 12:00:00,74.18,74.56,74,74.41
1782133200,2026-06-22 13:00:00,74.42,74.98,74.24,74.98
1782136800,2026-06-22 14:00:00,74.97,75,73.19,73.44
1782140400,2026-06-22 15:00:00,73.45,73.8,72.98,73.14
1782144000,2026-06-22 16:00:00,73.15,73.21,72.55,72.95
1782147600,2026-06-22 17:00:00,72.95,73.34,72.63,73.28
1782151200,2026-06-22 18:00:00,73.28,73.57,72.58,72.64
1782154800,2026-06-22 19:00:00,72.64,72.81,72.45,72.71
1782158400,2026-06-22 20:00:00,72.71,72.97,72.49,72.83
1782162000,2026-06-22 21:00:00,72.82,72.89,72.28,72.73
1782165600,2026-06-22 22:00:00,72.74,72.96,71.37,72.11
1782169200,2026-06-22 23:00:00,72.11,72.17,71.82,71.95
1782172800,2026-06-23 00:00:00,71.95,72.01,71.46,71.88
1782176400,2026-06-23 01:00:00,71.89,72.04,71.31,71.72
1782180000,2026-06-23 02:00:00,71.71,72.06,71.54,72
1782183600,2026-06-23 03:00:00,71.99,72.01,71.73,72
1782187200,2026-06-23 04:00:00,71.99,72.03,71.37,71.45
1782190800,2026-06-23 05:00:00,71.46,71.6,70.9,71.02
1782194400,2026-06-23 06:00:00,71.03,71.07,69.68,70.33
1782198000,2026-06-23 07:00:00,70.33,70.56,69.97,70.01
1782201600,2026-06-23 08:00:00,70.01,70.11,68.16,68.7
1782205200,2026-06-23 09:00:00,68.71,69.06,68.68,68.93
1782208800,2026-06-23 10:00:00,68.93,69.22,68.61,68.82
1782212400,2026-06-23 11:00:00,68.82,69.38,68.82,69.33
1782216000,2026-06-23 12:00:00,69.33,69.38,68.87,68.98
1782219600,2026-06-23 13:00:00,68.98,69.37,68.64,69.2
1782223200,2026-06-23 14:00:00,69.2,69.68,69.06,69.2
1782226800,2026-06-23 15:00:00,69.2,69.2,68.4,68.92
1782230400,2026-06-23 16:00:00,68.93,69.41,68.81,68.9
1782234000,2026-06-23 17:00:00,68.89,69.19,68.64,68.78
1782237600,2026-06-23 18:00:00,68.78,69.05,68.69,68.91
1782241200,2026-06-23 19:00:00,68.9,69.11,68.73,68.84
1782244800,2026-06-23 20:00:00,68.84,69.06,68.83,69.01
1782248400,2026-06-23 21:00:00,69.02,69.31,68.97,69.27
1782252000,2026-06-23 22:00:00,69.27,69.84,69.26,69.56
1782255600,2026-06-23 23:00:00,69.56,69.82,69.31,69.71
1782259200,2026-06-24 00:00:00,69.7,70.14,69.59,69.99
1782262800,2026-06-24 01:00:00,70,70.41,69.67,70.09
1782266400,2026-06-24 02:00:00,70.09,70.15,69.43,69.46
1782270000,2026-06-24 03:00:00,69.46,69.77,69.1,69.56
1782273600,2026-06-24 04:00:00,69.57,69.7,69,69.58
1782277200,2026-06-24 05:00:00,69.59,70.22,69.52,69.95
1782280800,2026-06-24 06:00:00,69.95,70.04,69.7,69.75
1782284400,2026-06-24 07:00:00,69.75,69.79,69.28,69.38
1782288000,2026-06-24 08:00:00,69.38,69.63,69.25,69.48
1782291600,2026-06-24 09:00:00,69.48,69.55,69.2,69.31
1782295200,2026-06-24 10:00:00,69.31,69.35,68.96,69.05
1782298800,2026-06-24 11:00:00,69.05,70.44,68.77,69.82
1782302400,2026-06-24 12:00:00,69.82,69.93,69.41,69.46
1782306000,2026-06-24 13:00:00,69.46,69.5,68.37,68.88
1782309600,2026-06-24 14:00:00,68.87,69.43,68.59,68.85
1782313200,2026-06-24 15:00:00,68.86,68.9,67.24,67.33
1782316800,2026-06-24 16:00:00,67.32,68.03,66.28,66.52
1782320400,2026-06-24 17:00:00,66.52,66.92,64.71,64.98
1782324000,2026-06-24 18:00:00,64.98,66.5,64.83,66.03
1782327600,2026-06-24 19:00:00,66.04,66.39,65.54,66.13
1782331200,2026-06-24 20:00:00,66.13,68.01,65.98,67.68
1782334800,2026-06-24 21:00:00,67.69,68.12,67.22,68.09
1782338400,2026-06-24 22:00:00,68.08,68.55,67.69,67.83
1782342000,2026-06-24 23:00:00,67.84,68.2,67.76,68.11
1782345600,2026-06-25 00:00:00,68.12,68.32,67.57,67.72
1782349200,2026-06-25 01:00:00,67.72,68.01,67.4,67.89
1782352800,2026-06-25 02:00:00,67.89,67.94,67.61,67.74
1782356400,2026-06-25 03:00:00,67.75,67.87,67.47,67.7
1782360000,2026-06-25 04:00:00,67.7,68.51,67.5,68.46
1782363600,2026-06-25 05:00:00,68.47,69.31,68.35,69.04
1782367200,2026-06-25 06:00:00,69.03,69.66,69.01,69.47
1782370800,2026-06-25 07:00:00,69.48,69.58,69.24,69.45
1782374400,2026-06-25 08:00:00,69.44,69.45,68.99,69.05
1782378000,2026-06-25 09:00:00,69.06,69.19,68.8,68.83
1782381600,2026-06-25 10:00:00,68.83,68.88,68.13,68.29
1782385200,2026-06-25 11:00:00,68.3,68.44,68,68.18
1782388800,2026-06-25 12:00:00,68.18,68.92,67.79,68.29
1782392400,2026-06-25 13:00:00,68.29,68.45,64.04,64.23
1782396000,2026-06-25 14:00:00,64.23,67.24,64.23,66.36
1782399600,2026-06-25 15:00:00,66.37,66.39,65.24,66.32
1782403200,2026-06-25 16:00:00,66.32,67.05,65.65,65.98
1782406800,2026-06-25 17:00:00,65.98,67.35,65.82,67.13
1782410400,2026-06-25 18:00:00,67.12,67.16,65.91,66.18
1782414000,2026-06-25 19:00:00,66.19,66.22,65.65,66.2
1782417600,2026-06-25 20:00:00,66.19,66.8,66.08,66.27
1782421200,2026-06-25 21:00:00,66.28,67.31,66.27,67.28
1782424800,2026-06-25 22:00:00,67.28,67.35,66.94,67.15
1782428400,2026-06-25 23:00:00,67.16,68.81,67,67.72
1782432000,2026-06-26 00:00:00,67.72,68.1,67.62,67.74
1782435600,2026-06-26 01:00:00,67.74,67.91,67.14,67.32
1782439200,2026-06-26 02:00:00,67.32,67.36,65.93,66.2
1782442800,2026-06-26 03:00:00,66.21,68.5,65.91,68.21
1782446400,2026-06-26 04:00:00,68.22,68.38,67.96,68.06
1782450000,2026-06-26 05:00:00,68.07,68.47,67.97,68.38
1782453600,2026-06-26 06:00:00,68.37,70.01,68.01,69.99
1782457200,2026-06-26 07:00:00,70,70.99,69.93,70.77
1782460800,2026-06-26 08:00:00,70.78,70.88,69.72,69.94
1782464400,2026-06-26 09:00:00,69.95,69.95,68.85,69.01
1782468000,2026-06-26 10:00:00,69.01,69.25,68.64,68.78
1782471600,2026-06-26 11:00:00,68.78,69.1,68.39,68.61
1782475200,2026-06-26 12:00:00,68.61,69.74,68.37,68.87
1782478800,2026-06-26 13:00:00,68.87,70.94,68.19,70.71
1782482400,2026-06-26 14:00:00,70.71,71.99,70.24,70.46
1782486000,2026-06-26 15:00:00,70.47,72.24,70.31,72.07
1782489600,2026-06-26 16:00:00,72.06,73.53,72.01,72.48
1782493200,2026-06-26 17:00:00,72.49,72.88,72.18,72.56
1782496800,2026-06-26 18:00:00,72.57,73.1,72.37,72.6
1782500400,2026-06-26 19:00:00,72.6,73.93,72.48,73.01
1782504000,2026-06-26 20:00:00,73.01,73.68,72.05,72.17
1782507600,2026-06-26 21:00:00,72.18,72.4,71.8,71.99
1782511200,2026-06-26 22:00:00,71.98,72.09,71.41,71.83
1782514800,2026-06-26 23:00:00,71.82,72.02,71.68,71.9
1782518400,2026-06-27 00:00:00,71.9,72.5,71.58,71.82
1782522000,2026-06-27 01:00:00,71.83,71.83,71.36,71.44
1782525600,2026-06-27 02:00:00,71.44,72.26,71.39,72.12
1782529200,2026-06-27 03:00:00,72.11,72.43,71.84,72.27
1782532800,2026-06-27 04:00:00,72.26,72.59,71.9,71.94
1782536400,2026-06-27 05:00:00,71.93,72.03,71.51,71.81
1782540000,2026-06-27 06:00:00,71.81,72.33,71.62,72.13
1782543600,2026-06-27 07:00:00,72.13,72.35,72.01,72.31
1782547200,2026-06-27 08:00:00,72.31,72.33,71.88,72.03
1782550800,2026-06-27 09:00:00,72.03,72.11,71.72,71.86
1782554400,2026-06-27 10:00:00,71.85,72.05,71.83,72.04
1782558000,2026-06-27 11:00:00,72.04,72.09,71.53,71.81
1782561600,2026-06-27 12:00:00,71.81,72.18,71.64,72.17
1782565200,2026-06-27 13:00:00,72.17,72.61,72.13,72.36
1782568800,2026-06-27 14:00:00,72.36,72.9,72.21,72.7
1782572400,2026-06-27 15:00:00,72.71,73.19,72.62,72.84
1782576000,2026-06-27 16:00:00,72.83,73.01,72.63,72.64
1782579600,2026-06-27 17:00:00,72.64,72.65,71.9,72.06
1782583200,2026-06-27 18:00:00,72.05,72.18,71.76,71.92
1782586800,2026-06-27 19:00:00,71.92,72.01,70.94,71.11
1782590400,2026-06-27 20:00:00,71.11,71.35,71.09,71.3
1782594000,2026-06-27 21:00:00,71.31,71.63,70.81,70.98
1782597600,2026-06-27 22:00:00,70.98,71.1,70.25,71.09
1782601200,2026-06-27 23:00:00,71.09,71.16,70.42,70.5
1782604800,2026-06-28 00:00:00,70.49,70.82,70.45,70.72
1782608400,2026-06-28 01:00:00,70.72,70.93,70.44,70.83
1782612000,2026-06-28 02:00:00,70.84,71.01,70.49,70.73
1782615600,2026-06-28 03:00:00,70.72,70.98,70.72,70.87
1782619200,2026-06-28 04:00:00,70.86,70.99,70.55,70.77
1782622800,2026-06-28 05:00:00,70.77,70.77,70.14,70.52
1782626400,2026-06-28 06:00:00,70.52,70.56,70.17,70.45
1782630000,2026-06-28 07:00:00,70.45,71.09,70.44,71.08
1782633600,2026-06-28 08:00:00,71.08,72.2,71.06,71.91
1782637200,2026-06-28 09:00:00,71.91,72.05,71.45,71.54
1782640800,2026-06-28 10:00:00,71.53,71.6,71.11,71.48
1782644400,2026-06-28 11:00:00,71.48,72.03,71.41,71.92
1782648000,2026-06-28 12:00:00,71.92,72.41,71.65,71.88
1782651600,2026-06-28 13:00:00,71.87,72.1,71.33,71.74
1782655200,2026-06-28 14:00:00,71.74,72.2,71.65,71.65
1782658800,2026-06-28 15:00:00,71.66,72.12,71.45,72.09
1782662400,2026-06-28 16:00:00,72.09,72.13,71.16,71.56
1782666000,2026-06-28 17:00:00,71.56,71.98,70.97,71.55
1782669600,2026-06-28 18:00:00,71.55,71.73,71,71.18
1782673200,2026-06-28 19:00:00,71.18,71.32,70.25,70.74
1782676800,2026-06-28 20:00:00,70.73,71.29,70.66,70.92
1782680400,2026-06-28 21:00:00,70.92,71.07,70.26,70.46
1782684000,2026-06-28 22:00:00,70.47,71.53,69.74,70.24
1782687600,2026-06-28 23:00:00,70.23,71.82,70.14,71.38
1782691200,2026-06-29 00:00:00,71.39,71.7,70.35,71.66
1782694800,2026-06-29 01:00:00,71.66,71.7,70.95,71.49
1782698400,2026-06-29 02:00:00,71.49,72.21,70.51,72.18
1782702000,2026-06-29 03:00:00,72.19,73.33,72.18,72.68
1782705600,2026-06-29 04:00:00,72.68,72.69,71.64,71.68
1782709200,2026-06-29 05:00:00,71.69,72.35,71.03,72.32
1782712800,2026-06-29 06:00:00,72.33,73.12,72.21,72.39
1782716400,2026-06-29 07:00:00,72.39,72.93,72.08,72.72
1782720000,2026-06-29 08:00:00,72.72,73.02,72.39,72.73
1782723600,2026-06-29 09:00:00,72.72,73.17,72.61,72.94
1782727200,2026-06-29 10:00:00,72.94,73.68,72.94,73.25
1782730800,2026-06-29 11:00:00,73.25,73.28,72.25,72.52
1782734400,2026-06-29 12:00:00,72.53,74.55,72.12,73.52
1782738000,2026-06-29 13:00:00,73.52,74.35,72.72,73.74
1782741600,2026-06-29 14:00:00,73.74,74.01,72.32,73.73
1782745200,2026-06-29 15:00:00,73.74,74.43,72.79,73.92
1782748800,2026-06-29 16:00:00,73.92,74.16,72.89,74.03
1782752400,2026-06-29 17:00:00,74.02,76.49,74,75.31
1782756000,2026-06-29 18:00:00,75.31,75.84,75.14,75.59
1782759600,2026-06-29 19:00:00,75.6,76.22,75.41,75.98
1782763200,2026-06-29 20:00:00,75.98,76,75.27,75.37
1782766800,2026-06-29 21:00:00,75.38,75.8,75.23,75.53
1782770400,2026-06-29 22:00:00,75.52,75.66,75.05,75.27
1782774000,2026-06-29 23:00:00,75.28,75.44,74.89,75.16
1782777600,2026-06-30 00:00:00,75.17,75.24,74.19,74.42
1782781200,2026-06-30 01:00:00,74.43,74.67,74.05,74.41
1782784800,2026-06-30 02:00:00,74.41,74.84,74.04,74.59
1782788400,2026-06-30 03:00:00,74.6,74.89,74.14,74.19
1782792000,2026-06-30 04:00:00,74.19,74.25,73.69,74.02
1782795600,2026-06-30 05:00:00,74.03,74.23,73.85,74.23
1782799200,2026-06-30 06:00:00,74.23,74.26,73.91,74.17
1782802800,2026-06-30 07:00:00,74.17,74.25,73.86,74.16
1782806400,2026-06-30 08:00:00,74.16,75.8,73.3,73.64
1782810000,2026-06-30 09:00:00,73.63,73.88,73.55,73.8
1782813600,2026-06-30 10:00:00,73.8,73.9,73.48,73.69
1782817200,2026-06-30 11:00:00,73.69,73.78,73.34,73.4
1782820800,2026-06-30 12:00:00,73.41,73.42,72.06,72.08
1782824400,2026-06-30 13:00:00,72.08,72.94,71.9,72.88
1782828000,2026-06-30 14:00:00,72.87,73.91,72.74,72.95
1782831600,2026-06-30 15:00:00,72.96,74.1,72.6,73.13
1782835200,2026-06-30 16:00:00,73.14,73.72,72.73,73.52
1782838800,2026-06-30 17:00:00,73.52,73.93,73.16,73.18
1782842400,2026-06-30 18:00:00,73.17,73.8,72.95,73.6
1782846000,2026-06-30 19:00:00,73.6,73.97,73.35,73.75
1782849600,2026-06-30 20:00:00,73.74,73.94,73.53,73.69
1782853200,2026-06-30 21:00:00,73.69,73.8,73.19,73.49
1782856800,2026-06-30 22:00:00,73.5,73.75,73.27,73.43
1782860400,2026-06-30 23:00:00,73.44,73.71,73.32,73.67
