unix_timestamp,datetime_utc,open,high,low,close
1767225600,2026-01-01 00:00:00,0.201,0.2027,0.201,0.2024
1767229200,2026-01-01 01:00:00,0.2024,0.205,0.2023,0.2038
1767232800,2026-01-01 02:00:00,0.2038,0.2041,0.2029,0.2032
1767236400,2026-01-01 03:00:00,0.2032,0.2038,0.2024,0.2027
1767240000,2026-01-01 04:00:00,0.2027,0.2029,0.2023,0.2025
1767243600,2026-01-01 05:00:00,0.2025,0.2031,0.2024,0.2029
1767247200,2026-01-01 06:00:00,0.2028,0.203,0.2024,0.2025
1767250800,2026-01-01 07:00:00,0.2026,0.2032,0.2024,0.2028
1767254400,2026-01-01 08:00:00,0.2028,0.2036,0.2025,0.2036
1767258000,2026-01-01 09:00:00,0.2036,0.205,0.2036,0.2045
1767261600,2026-01-01 10:00:00,0.2045,0.2053,0.2043,0.2049
1767265200,2026-01-01 11:00:00,0.2049,0.2053,0.2044,0.205
1767268800,2026-01-01 12:00:00,0.205,0.2053,0.2045,0.2045
1767272400,2026-01-01 13:00:00,0.2044,0.2059,0.2043,0.2057
1767276000,2026-01-01 14:00:00,0.2057,0.2064,0.2049,0.2055
1767279600,2026-01-01 15:00:00,0.2055,0.2075,0.205,0.2067
1767283200,2026-01-01 16:00:00,0.2066,0.2073,0.206,0.207
1767286800,2026-01-01 17:00:00,0.2071,0.2102,0.2071,0.2092
1767290400,2026-01-01 18:00:00,0.2092,0.2096,0.2052,0.2057
1767294000,2026-01-01 19:00:00,0.2057,0.2065,0.2052,0.2065
1767297600,2026-01-01 20:00:00,0.2065,0.2076,0.2063,0.207
1767301200,2026-01-01 21:00:00,0.207,0.2076,0.2066,0.2072
1767304800,2026-01-01 22:00:00,0.2071,0.2092,0.2071,0.2091
1767308400,2026-01-01 23:00:00,0.2091,0.2094,0.2085,0.2087
1767312000,2026-01-02 00:00:00,0.2087,0.2088,0.2075,0.2084
1767315600,2026-01-02 01:00:00,0.2084,0.2087,0.2072,0.2077
1767319200,2026-01-02 02:00:00,0.2076,0.2076,0.2056,0.206
1767322800,2026-01-02 03:00:00,0.206,0.2098,0.2056,0.209
1767326400,2026-01-02 04:00:00,0.2091,0.2093,0.2072,0.2075
1767330000,2026-01-02 05:00:00,0.2075,0.208,0.207,0.2079
1767333600,2026-01-02 06:00:00,0.2078,0.2081,0.2071,0.2072
1767337200,2026-01-02 07:00:00,0.2073,0.2075,0.2058,0.2059
1767340800,2026-01-02 08:00:00,0.206,0.2076,0.2058,0.2075
1767344400,2026-01-02 09:00:00,0.2076,0.2116,0.2072,0.2107
1767348000,2026-01-02 10:00:00,0.2107,0.2125,0.2107,0.2121
1767351600,2026-01-02 11:00:00,0.2122,0.2122,0.2093,0.2098
1767355200,2026-01-02 12:00:00,0.2097,0.2122,0.2093,0.212
1767358800,2026-01-02 13:00:00,0.212,0.213,0.2115,0.2117
1767362400,2026-01-02 14:00:00,0.2117,0.2137,0.209,0.2127
1767366000,2026-01-02 15:00:00,0.2126,0.214,0.21,0.2113
1767369600,2026-01-02 16:00:00,0.2112,0.2173,0.2111,0.2171
1767373200,2026-01-02 17:00:00,0.2171,0.219,0.2165,0.2176
1767376800,2026-01-02 18:00:00,0.2175,0.2182,0.215,0.2159
1767380400,2026-01-02 19:00:00,0.216,0.216,0.215,0.2154
1767384000,2026-01-02 20:00:00,0.2154,0.2158,0.2148,0.2154
1767387600,2026-01-02 21:00:00,0.2153,0.2193,0.215,0.219
1767391200,2026-01-02 22:00:00,0.2191,0.2208,0.2171,0.2199
1767394800,2026-01-02 23:00:00,0.2198,0.2205,0.2184,0.2191
1767398400,2026-01-03 00:00:00,0.2191,0.2258,0.2191,0.2232
1767402000,2026-01-03 01:00:00,0.2232,0.2249,0.2226,0.2235
1767405600,2026-01-03 02:00:00,0.2234,0.2242,0.222,0.2239
1767409200,2026-01-03 03:00:00,0.2239,0.2264,0.2229,0.2262
1767412800,2026-01-03 04:00:00,0.2262,0.2276,0.2255,0.2274
1767416400,2026-01-03 05:00:00,0.2273,0.2278,0.2237,0.224
1767420000,2026-01-03 06:00:00,0.2239,0.2248,0.2198,0.2205
1767423600,2026-01-03 07:00:00,0.2205,0.221,0.2168,0.2183
1767427200,2026-01-03 08:00:00,0.2183,0.2197,0.2172,0.2193
1767430800,2026-01-03 09:00:00,0.2193,0.2209,0.219,0.2198
1767434400,2026-01-03 10:00:00,0.2198,0.2199,0.2181,0.2189
1767438000,2026-01-03 11:00:00,0.2189,0.2191,0.218,0.2185
1767441600,2026-01-03 12:00:00,0.2185,0.2195,0.2181,0.2191
1767445200,2026-01-03 13:00:00,0.219,0.2205,0.2189,0.2201
1767448800,2026-01-03 14:00:00,0.2202,0.2211,0.2198,0.2202
1767452400,2026-01-03 15:00:00,0.2202,0.2202,0.2188,0.2189
1767456000,2026-01-03 16:00:00,0.2189,0.2212,0.2186,0.2206
1767459600,2026-01-03 17:00:00,0.2207,0.2212,0.2199,0.2205
1767463200,2026-01-03 18:00:00,0.2204,0.2207,0.2195,0.2206
1767466800,2026-01-03 19:00:00,0.2206,0.2206,0.2199,0.2202
1767470400,2026-01-03 20:00:00,0.2203,0.2206,0.2189,0.2201
1767474000,2026-01-03 21:00:00,0.2201,0.2209,0.2195,0.2201
1767477600,2026-01-03 22:00:00,0.2201,0.2216,0.2197,0.2214
1767481200,2026-01-03 23:00:00,0.2215,0.2222,0.2212,0.2222
1767484800,2026-01-04 00:00:00,0.2222,0.226,0.2218,0.2254
1767488400,2026-01-04 01:00:00,0.2254,0.226,0.2237,0.2253
1767492000,2026-01-04 02:00:00,0.2253,0.2266,0.2247,0.2258
1767495600,2026-01-04 03:00:00,0.2258,0.2281,0.2257,0.2277
1767499200,2026-01-04 04:00:00,0.2276,0.2295,0.2271,0.2283
1767502800,2026-01-04 05:00:00,0.2283,0.2303,0.2279,0.2302
1767506400,2026-01-04 06:00:00,0.2302,0.231,0.2277,0.2284
1767510000,2026-01-04 07:00:00,0.2285,0.231,0.2284,0.23
1767513600,2026-01-04 08:00:00,0.2301,0.2316,0.2281,0.23
1767517200,2026-01-04 09:00:00,0.2301,0.2342,0.2294,0.2331
1767520800,2026-01-04 10:00:00,0.233,0.2355,0.2321,0.2351
1767524400,2026-01-04 11:00:00,0.2351,0.2352,0.2333,0.2344
1767528000,2026-01-04 12:00:00,0.2344,0.2352,0.2329,0.2344
1767531600,2026-01-04 13:00:00,0.2345,0.2351,0.2325,0.2348
1767535200,2026-01-04 14:00:00,0.2348,0.235,0.2323,0.2333
1767538800,2026-01-04 15:00:00,0.2333,0.235,0.2332,0.2348
1767542400,2026-01-04 16:00:00,0.2347,0.2356,0.234,0.2354
1767546000,2026-01-04 17:00:00,0.2354,0.2358,0.2342,0.2354
1767549600,2026-01-04 18:00:00,0.2354,0.2354,0.232,0.2327
1767553200,2026-01-04 19:00:00,0.2327,0.2327,0.2299,0.2327
1767556800,2026-01-04 20:00:00,0.2326,0.2336,0.2323,0.2327
1767560400,2026-01-04 21:00:00,0.2327,0.2342,0.2313,0.2325
1767564000,2026-01-04 22:00:00,0.2325,0.2336,0.2317,0.2322
1767567600,2026-01-04 23:00:00,0.2323,0.2342,0.2322,0.233
1767571200,2026-01-05 00:00:00,0.233,0.2345,0.232,0.2339
1767574800,2026-01-05 01:00:00,0.234,0.2366,0.2334,0.2362
1767578400,2026-01-05 02:00:00,0.2363,0.2366,0.234,0.235
1767582000,2026-01-05 03:00:00,0.235,0.2356,0.2336,0.2343
1767585600,2026-01-05 04:00:00,0.2343,0.2345,0.2302,0.232
1767589200,2026-01-05 05:00:00,0.2321,0.2331,0.2313,0.2313
1767592800,2026-01-05 06:00:00,0.2313,0.2325,0.2297,0.2315
1767596400,2026-01-05 07:00:00,0.2315,0.2332,0.2313,0.2328
1767600000,2026-01-05 08:00:00,0.2328,0.234,0.2319,0.2322
1767603600,2026-01-05 09:00:00,0.2321,0.2331,0.2307,0.2314
1767607200,2026-01-05 10:00:00,0.2314,0.2336,0.2314,0.2316
1767610800,2026-01-05 11:00:00,0.2317,0.2325,0.2304,0.2321
1767614400,2026-01-05 12:00:00,0.2321,0.2325,0.2306,0.2317
1767618000,2026-01-05 13:00:00,0.2317,0.2323,0.2302,0.2313
1767621600,2026-01-05 14:00:00,0.2313,0.2349,0.2307,0.2341
1767625200,2026-01-05 15:00:00,0.2342,0.2374,0.2327,0.2368
1767628800,2026-01-05 16:00:00,0.2367,0.2376,0.2356,0.2367
1767632400,2026-01-05 17:00:00,0.2368,0.2379,0.2341,0.2374
1767636000,2026-01-05 18:00:00,0.2374,0.2436,0.2367,0.2433
1767639600,2026-01-05 19:00:00,0.2433,0.2462,0.2417,0.2431
1767643200,2026-01-05 20:00:00,0.2431,0.2523,0.2431,0.2453
1767646800,2026-01-05 21:00:00,0.2454,0.2506,0.2449,0.249
1767650400,2026-01-05 22:00:00,0.2491,0.2514,0.2475,0.2485
1767654000,2026-01-05 23:00:00,0.2486,0.2541,0.2483,0.2526
1767657600,2026-01-06 00:00:00,0.2527,0.2543,0.2487,0.2537
1767661200,2026-01-06 01:00:00,0.2537,0.2557,0.2494,0.2499
1767664800,2026-01-06 02:00:00,0.25,0.2538,0.2491,0.2509
1767668400,2026-01-06 03:00:00,0.251,0.2525,0.2501,0.2516
1767672000,2026-01-06 04:00:00,0.2516,0.2532,0.2501,0.2515
1767675600,2026-01-06 05:00:00,0.2514,0.2528,0.2508,0.2515
1767679200,2026-01-06 06:00:00,0.2514,0.252,0.249,0.2499
1767682800,2026-01-06 07:00:00,0.2498,0.25,0.2448,0.2457
1767686400,2026-01-06 08:00:00,0.2457,0.2471,0.2447,0.2451
1767690000,2026-01-06 09:00:00,0.2451,0.2479,0.2449,0.2475
1767693600,2026-01-06 10:00:00,0.2474,0.2484,0.2468,0.2477
1767697200,2026-01-06 11:00:00,0.2477,0.2495,0.2473,0.2495
1767700800,2026-01-06 12:00:00,0.2495,0.2521,0.2492,0.2507
1767704400,2026-01-06 13:00:00,0.2506,0.2515,0.2495,0.2501
1767708000,2026-01-06 14:00:00,0.2501,0.2528,0.2482,0.2495
1767711600,2026-01-06 15:00:00,0.2496,0.2508,0.2448,0.2461
1767715200,2026-01-06 16:00:00,0.2461,0.2468,0.2382,0.24
1767718800,2026-01-06 17:00:00,0.2399,0.2409,0.2341,0.2346
1767722400,2026-01-06 18:00:00,0.2346,0.2387,0.2338,0.2379
1767726000,2026-01-06 19:00:00,0.238,0.2393,0.2377,0.2382
1767729600,2026-01-06 20:00:00,0.2382,0.241,0.2382,0.2394
1767733200,2026-01-06 21:00:00,0.2394,0.2443,0.2391,0.2428
1767736800,2026-01-06 22:00:00,0.2428,0.2436,0.2415,0.2423
1767740400,2026-01-06 23:00:00,0.2423,0.2445,0.2422,0.2438
1767744000,2026-01-07 00:00:00,0.2438,0.2439,0.2395,0.2396
1767747600,2026-01-07 01:00:00,0.2396,0.2407,0.2377,0.2385
1767751200,2026-01-07 02:00:00,0.2384,0.2405,0.238,0.2402
1767754800,2026-01-07 03:00:00,0.2402,0.2414,0.2397,0.2404
1767758400,2026-01-07 04:00:00,0.2405,0.2412,0.2395,0.24
1767762000,2026-01-07 05:00:00,0.2401,0.2407,0.2388,0.2393
1767765600,2026-01-07 06:00:00,0.2393,0.2405,0.2392,0.2397
1767769200,2026-01-07 07:00:00,0.2398,0.2431,0.2398,0.2426
1767772800,2026-01-07 08:00:00,0.2427,0.2439,0.2418,0.2432
1767776400,2026-01-07 09:00:00,0.2432,0.2432,0.2373,0.2383
1767780000,2026-01-07 10:00:00,0.2383,0.2388,0.2372,0.2378
1767783600,2026-01-07 11:00:00,0.2378,0.2389,0.2376,0.2385
1767787200,2026-01-07 12:00:00,0.2385,0.2386,0.2373,0.2377
1767790800,2026-01-07 13:00:00,0.2378,0.2385,0.2364,0.2374
1767794400,2026-01-07 14:00:00,0.2375,0.2382,0.2341,0.2375
1767798000,2026-01-07 15:00:00,0.2376,0.2377,0.2331,0.2338
1767801600,2026-01-07 16:00:00,0.2339,0.2374,0.2337,0.236
1767805200,2026-01-07 17:00:00,0.236,0.237,0.2347,0.2352
1767808800,2026-01-07 18:00:00,0.2353,0.2365,0.2338,0.2343
1767812400,2026-01-07 19:00:00,0.2344,0.2358,0.2329,0.2352
1767816000,2026-01-07 20:00:00,0.2353,0.2357,0.2328,0.2333
1767819600,2026-01-07 21:00:00,0.2333,0.234,0.2327,0.2329
1767823200,2026-01-07 22:00:00,0.2328,0.2352,0.2321,0.2334
1767826800,2026-01-07 23:00:00,0.2333,0.2354,0.232,0.2342
1767830400,2026-01-08 00:00:00,0.2341,0.2349,0.233,0.2347
1767834000,2026-01-08 01:00:00,0.2348,0.2361,0.2344,0.2354
1767837600,2026-01-08 02:00:00,0.2353,0.2362,0.2331,0.2337
1767841200,2026-01-08 03:00:00,0.2337,0.2349,0.2315,0.2318
1767844800,2026-01-08 04:00:00,0.2318,0.2345,0.2316,0.2338
1767848400,2026-01-08 05:00:00,0.2339,0.2346,0.2323,0.2325
1767852000,2026-01-08 06:00:00,0.2326,0.2329,0.2286,0.2288
1767855600,2026-01-08 07:00:00,0.2288,0.2305,0.2275,0.2302
1767859200,2026-01-08 08:00:00,0.2302,0.2316,0.2286,0.2289
1767862800,2026-01-08 09:00:00,0.229,0.2299,0.2275,0.2278
1767866400,2026-01-08 10:00:00,0.2278,0.2304,0.2263,0.23
1767870000,2026-01-08 11:00:00,0.23,0.2304,0.2277,0.2288
1767873600,2026-01-08 12:00:00,0.2288,0.2288,0.2262,0.227
1767877200,2026-01-08 13:00:00,0.227,0.2285,0.2268,0.2275
1767880800,2026-01-08 14:00:00,0.2274,0.229,0.2256,0.228
1767884400,2026-01-08 15:00:00,0.228,0.2324,0.2269,0.2323
1767888000,2026-01-08 16:00:00,0.2324,0.2331,0.2296,0.2329
1767891600,2026-01-08 17:00:00,0.2329,0.2336,0.2309,0.233
1767895200,2026-01-08 18:00:00,0.233,0.2336,0.2311,0.2315
1767898800,2026-01-08 19:00:00,0.2315,0.2323,0.2295,0.2301
1767902400,2026-01-08 20:00:00,0.2301,0.2304,0.2283,0.2298
1767906000,2026-01-08 21:00:00,0.2298,0.2318,0.2298,0.2316
1767909600,2026-01-08 22:00:00,0.2316,0.2327,0.2299,0.231
1767913200,2026-01-08 23:00:00,0.2311,0.2315,0.2302,0.2302
1767916800,2026-01-09 00:00:00,0.2303,0.2313,0.23,0.231
1767920400,2026-01-09 01:00:00,0.231,0.2325,0.2287,0.2294
1767924000,2026-01-09 02:00:00,0.2294,0.2316,0.2293,0.2296
1767927600,2026-01-09 03:00:00,0.2296,0.2319,0.2293,0.2318
1767931200,2026-01-09 04:00:00,0.2318,0.232,0.2305,0.2309
1767934800,2026-01-09 05:00:00,0.2308,0.233,0.2308,0.2318
1767938400,2026-01-09 06:00:00,0.2318,0.2331,0.2312,0.2328
1767942000,2026-01-09 07:00:00,0.2329,0.2329,0.2309,0.2309
1767945600,2026-01-09 08:00:00,0.2309,0.2311,0.2263,0.2277
1767949200,2026-01-09 09:00:00,0.2277,0.2292,0.2277,0.228
1767952800,2026-01-09 10:00:00,0.228,0.2288,0.2275,0.2284
1767956400,2026-01-09 11:00:00,0.2285,0.2293,0.228,0.2282
1767960000,2026-01-09 12:00:00,0.2281,0.2285,0.2262,0.2266
1767963600,2026-01-09 13:00:00,0.2267,0.2304,0.2266,0.2295
1767967200,2026-01-09 14:00:00,0.2296,0.2296,0.226,0.2264
1767970800,2026-01-09 15:00:00,0.2264,0.2335,0.2255,0.2297
1767974400,2026-01-09 16:00:00,0.2298,0.2328,0.2294,0.2317
1767978000,2026-01-09 17:00:00,0.2317,0.2323,0.2283,0.2308
1767981600,2026-01-09 18:00:00,0.2307,0.2311,0.2273,0.2288
1767985200,2026-01-09 19:00:00,0.2289,0.2289,0.2261,0.2265
1767988800,2026-01-09 20:00:00,0.2265,0.2272,0.2258,0.226
1767992400,2026-01-09 21:00:00,0.2261,0.2275,0.2255,0.2271
1767996000,2026-01-09 22:00:00,0.227,0.2286,0.2264,0.2286
1767999600,2026-01-09 23:00:00,0.2285,0.2288,0.228,0.2284
1768003200,2026-01-10 00:00:00,0.2283,0.2287,0.2271,0.2276
1768006800,2026-01-10 01:00:00,0.2276,0.2288,0.2273,0.2285
1768010400,2026-01-10 02:00:00,0.2284,0.2286,0.227,0.2274
1768014000,2026-01-10 03:00:00,0.2274,0.2274,0.2262,0.2268
1768017600,2026-01-10 04:00:00,0.2268,0.2269,0.2257,0.226
1768021200,2026-01-10 05:00:00,0.2261,0.2267,0.2258,0.2262
1768024800,2026-01-10 06:00:00,0.2263,0.2264,0.2252,0.2258
1768028400,2026-01-10 07:00:00,0.2258,0.2279,0.2256,0.2277
1768032000,2026-01-10 08:00:00,0.2277,0.2279,0.2265,0.2273
1768035600,2026-01-10 09:00:00,0.2272,0.228,0.2267,0.2277
1768039200,2026-01-10 10:00:00,0.2276,0.2282,0.2268,0.228
1768042800,2026-01-10 11:00:00,0.228,0.2283,0.2273,0.2283
1768046400,2026-01-10 12:00:00,0.2282,0.2291,0.2279,0.2291
1768050000,2026-01-10 13:00:00,0.2289,0.2292,0.2284,0.2287
1768053600,2026-01-10 14:00:00,0.2287,0.2288,0.227,0.2272
1768057200,2026-01-10 15:00:00,0.2273,0.2277,0.2268,0.2272
1768060800,2026-01-10 16:00:00,0.2271,0.2271,0.2263,0.2268
1768064400,2026-01-10 17:00:00,0.2268,0.2274,0.2257,0.2259
1768068000,2026-01-10 18:00:00,0.2259,0.227,0.2255,0.2267
1768071600,2026-01-10 19:00:00,0.2267,0.2279,0.2266,0.2278
1768075200,2026-01-10 20:00:00,0.2279,0.228,0.2274,0.2275
1768078800,2026-01-10 21:00:00,0.2275,0.2277,0.2264,0.2265
1768082400,2026-01-10 22:00:00,0.2266,0.2271,0.2255,0.2256
1768086000,2026-01-10 23:00:00,0.2255,0.2269,0.2254,0.2264
1768089600,2026-01-11 00:00:00,0.2264,0.2264,0.2256,0.2258
1768093200,2026-01-11 01:00:00,0.2259,0.2264,0.2254,0.2264
1768096800,2026-01-11 02:00:00,0.2265,0.228,0.2262,0.2274
1768100400,2026-01-11 03:00:00,0.2274,0.2278,0.2271,0.2276
1768104000,2026-01-11 04:00:00,0.2276,0.2278,0.2267,0.2277
1768107600,2026-01-11 05:00:00,0.2276,0.2279,0.2266,0.2276
1768111200,2026-01-11 06:00:00,0.2276,0.2277,0.2263,0.2277
1768114800,2026-01-11 07:00:00,0.2277,0.2286,0.2277,0.2282
1768118400,2026-01-11 08:00:00,0.2283,0.2288,0.2277,0.2283
1768122000,2026-01-11 09:00:00,0.2282,0.2288,0.2278,0.2281
1768125600,2026-01-11 10:00:00,0.228,0.2287,0.2276,0.228
1768129200,2026-01-11 11:00:00,0.228,0.2281,0.227,0.2272
1768132800,2026-01-11 12:00:00,0.2272,0.2286,0.2271,0.2284
1768136400,2026-01-11 13:00:00,0.2284,0.2288,0.2274,0.2276
1768140000,2026-01-11 14:00:00,0.2276,0.2293,0.2274,0.2289
1768143600,2026-01-11 15:00:00,0.2289,0.2292,0.2244,0.2254
1768147200,2026-01-11 16:00:00,0.2254,0.2282,0.2248,0.2267
1768150800,2026-01-11 17:00:00,0.2267,0.2278,0.2254,0.2268
1768154400,2026-01-11 18:00:00,0.2268,0.227,0.225,0.2261
1768158000,2026-01-11 19:00:00,0.2262,0.227,0.2252,0.2254
1768161600,2026-01-11 20:00:00,0.2254,0.2254,0.2217,0.2232
1768165200,2026-01-11 21:00:00,0.2232,0.2242,0.222,0.2239
1768168800,2026-01-11 22:00:00,0.2238,0.2238,0.2218,0.2224
1768172400,2026-01-11 23:00:00,0.2223,0.2249,0.2215,0.2244
1768176000,2026-01-12 00:00:00,0.2243,0.2251,0.2217,0.2245
1768179600,2026-01-12 01:00:00,0.2245,0.2273,0.2242,0.226
1768183200,2026-01-12 02:00:00,0.226,0.2286,0.2258,0.2282
1768186800,2026-01-12 03:00:00,0.2283,0.2289,0.2258,0.2258
1768190400,2026-01-12 04:00:00,0.2259,0.2275,0.2255,0.2274
1768194000,2026-01-12 05:00:00,0.2274,0.2279,0.2265,0.2267
1768197600,2026-01-12 06:00:00,0.2267,0.2272,0.2256,0.2258
1768201200,2026-01-12 07:00:00,0.2259,0.2268,0.2227,0.223
1768204800,2026-01-12 08:00:00,0.223,0.2241,0.2192,0.2208
1768208400,2026-01-12 09:00:00,0.2207,0.2211,0.2189,0.2198
1768212000,2026-01-12 10:00:00,0.2199,0.2209,0.2185,0.2187
1768215600,2026-01-12 11:00:00,0.2188,0.2206,0.2187,0.2198
1768219200,2026-01-12 12:00:00,0.2199,0.2203,0.2183,0.2186
1768222800,2026-01-12 13:00:00,0.2186,0.2193,0.2175,0.2181
1768226400,2026-01-12 14:00:00,0.2181,0.221,0.2164,0.22
1768230000,2026-01-12 15:00:00,0.2201,0.2238,0.2195,0.2236
1768233600,2026-01-12 16:00:00,0.2236,0.2245,0.2221,0.2232
1768237200,2026-01-12 17:00:00,0.2233,0.224,0.2199,0.2212
1768240800,2026-01-12 18:00:00,0.2212,0.2227,0.2204,0.2209
1768244400,2026-01-12 19:00:00,0.221,0.2218,0.2201,0.2216
1768248000,2026-01-12 20:00:00,0.2217,0.2226,0.2203,0.2205
1768251600,2026-01-12 21:00:00,0.2204,0.221,0.2186,0.2193
1768255200,2026-01-12 22:00:00,0.2194,0.2204,0.2193,0.2194
1768258800,2026-01-12 23:00:00,0.2195,0.2203,0.2186,0.2193
1768262400,2026-01-13 00:00:00,0.2192,0.2202,0.2189,0.2199
1768266000,2026-01-13 01:00:00,0.2198,0.2205,0.219,0.2198
1768269600,2026-01-13 02:00:00,0.2198,0.2214,0.2197,0.22
1768273200,2026-01-13 03:00:00,0.2199,0.2214,0.2195,0.2205
1768276800,2026-01-13 04:00:00,0.2206,0.2221,0.2203,0.222
1768280400,2026-01-13 05:00:00,0.2221,0.2247,0.222,0.2232
1768284000,2026-01-13 06:00:00,0.2231,0.2242,0.2229,0.2238
1768287600,2026-01-13 07:00:00,0.2238,0.2238,0.2223,0.2223
1768291200,2026-01-13 08:00:00,0.2223,0.224,0.2222,0.2237
1768294800,2026-01-13 09:00:00,0.2236,0.2247,0.2229,0.2234
1768298400,2026-01-13 10:00:00,0.2235,0.2243,0.2223,0.2231
1768302000,2026-01-13 11:00:00,0.2231,0.2245,0.2226,0.2237
1768305600,2026-01-13 12:00:00,0.2238,0.2243,0.2232,0.2242
1768309200,2026-01-13 13:00:00,0.2242,0.2263,0.2236,0.2249
1768312800,2026-01-13 14:00:00,0.2249,0.2288,0.2242,0.2271
1768316400,2026-01-13 15:00:00,0.227,0.23,0.2253,0.2299
1768320000,2026-01-13 16:00:00,0.2299,0.2319,0.2299,0.231
1768323600,2026-01-13 17:00:00,0.231,0.2317,0.2294,0.2304
1768327200,2026-01-13 18:00:00,0.2304,0.232,0.2302,0.231
1768330800,2026-01-13 19:00:00,0.231,0.2331,0.2303,0.2328
1768334400,2026-01-13 20:00:00,0.2328,0.2345,0.2314,0.2327
1768338000,2026-01-13 21:00:00,0.2327,0.2333,0.2318,0.2322
1768341600,2026-01-13 22:00:00,0.2323,0.2402,0.2322,0.2398
1768345200,2026-01-13 23:00:00,0.2398,0.2416,0.2365,0.2386
1768348800,2026-01-14 00:00:00,0.2386,0.2415,0.2385,0.2398
1768352400,2026-01-14 01:00:00,0.2398,0.242,0.2386,0.2404
1768356000,2026-01-14 02:00:00,0.2403,0.2429,0.2396,0.2418
1768359600,2026-01-14 03:00:00,0.2417,0.2442,0.2412,0.2441
1768363200,2026-01-14 04:00:00,0.244,0.2472,0.2434,0.2442
1768366800,2026-01-14 05:00:00,0.2442,0.2457,0.2428,0.2437
1768370400,2026-01-14 06:00:00,0.2437,0.2456,0.241,0.2447
1768374000,2026-01-14 07:00:00,0.2447,0.2462,0.2431,0.2438
1768377600,2026-01-14 08:00:00,0.2439,0.2458,0.2436,0.244
1768381200,2026-01-14 09:00:00,0.2441,0.2451,0.2433,0.2441
1768384800,2026-01-14 10:00:00,0.2442,0.2443,0.2415,0.2416
1768388400,2026-01-14 11:00:00,0.2416,0.2416,0.2383,0.239
1768392000,2026-01-14 12:00:00,0.2389,0.2401,0.2386,0.2394
1768395600,2026-01-14 13:00:00,0.2393,0.2399,0.2379,0.2385
1768399200,2026-01-14 14:00:00,0.2385,0.2436,0.2383,0.2417
1768402800,2026-01-14 15:00:00,0.2417,0.2431,0.2391,0.2408
1768406400,2026-01-14 16:00:00,0.2407,0.243,0.2398,0.2401
1768410000,2026-01-14 17:00:00,0.24,0.2411,0.2372,0.2378
1768413600,2026-01-14 18:00:00,0.2377,0.2386,0.2349,0.2364
1768417200,2026-01-14 19:00:00,0.2365,0.2403,0.2355,0.2373
1768420800,2026-01-14 20:00:00,0.2372,0.2391,0.2362,0.237
1768424400,2026-01-14 21:00:00,0.2371,0.2388,0.2367,0.2381
1768428000,2026-01-14 22:00:00,0.238,0.238,0.2353,0.2359
1768431600,2026-01-14 23:00:00,0.2359,0.2375,0.2357,0.2361
1768435200,2026-01-15 00:00:00,0.2361,0.2366,0.2337,0.2342
1768438800,2026-01-15 01:00:00,0.2342,0.2353,0.2331,0.2337
1768442400,2026-01-15 02:00:00,0.2337,0.2343,0.232,0.2322
1768446000,2026-01-15 03:00:00,0.2322,0.2326,0.2293,0.23
1768449600,2026-01-15 04:00:00,0.23,0.2318,0.2299,0.231
1768453200,2026-01-15 05:00:00,0.231,0.2318,0.2306,0.2312
1768456800,2026-01-15 06:00:00,0.2313,0.2317,0.2295,0.2301
1768460400,2026-01-15 07:00:00,0.2301,0.232,0.23,0.2318
1768464000,2026-01-15 08:00:00,0.2319,0.2321,0.2302,0.231
1768467600,2026-01-15 09:00:00,0.2311,0.2332,0.2299,0.2322
1768471200,2026-01-15 10:00:00,0.2323,0.2325,0.2311,0.2318
1768474800,2026-01-15 11:00:00,0.2318,0.2323,0.231,0.2313
1768478400,2026-01-15 12:00:00,0.2313,0.2322,0.2309,0.2322
1768482000,2026-01-15 13:00:00,0.2322,0.2346,0.2311,0.2329
1768485600,2026-01-15 14:00:00,0.2329,0.2346,0.2295,0.2306
1768489200,2026-01-15 15:00:00,0.2305,0.2322,0.2266,0.2307
1768492800,2026-01-15 16:00:00,0.2307,0.2317,0.229,0.2315
1768496400,2026-01-15 17:00:00,0.2314,0.2321,0.229,0.2293
1768500000,2026-01-15 18:00:00,0.2294,0.2294,0.226,0.2263
1768503600,2026-01-15 19:00:00,0.2262,0.2272,0.2253,0.2267
1768507200,2026-01-15 20:00:00,0.2268,0.2276,0.2246,0.2253
1768510800,2026-01-15 21:00:00,0.2253,0.2269,0.2251,0.2268
1768514400,2026-01-15 22:00:00,0.2268,0.2282,0.2265,0.2277
1768518000,2026-01-15 23:00:00,0.2277,0.2289,0.227,0.2285
1768521600,2026-01-16 00:00:00,0.2284,0.229,0.2282,0.2287
1768525200,2026-01-16 01:00:00,0.2287,0.2291,0.2277,0.2285
1768528800,2026-01-16 02:00:00,0.2285,0.2285,0.2266,0.2284
1768532400,2026-01-16 03:00:00,0.2284,0.2288,0.2271,0.2274
1768536000,2026-01-16 04:00:00,0.2275,0.2283,0.2254,0.2262
1768539600,2026-01-16 05:00:00,0.2262,0.2281,0.226,0.2277
1768543200,2026-01-16 06:00:00,0.2276,0.2283,0.2271,0.2281
1768546800,2026-01-16 07:00:00,0.2281,0.2284,0.2276,0.2282
1768550400,2026-01-16 08:00:00,0.2282,0.2294,0.2277,0.228
1768554000,2026-01-16 09:00:00,0.2279,0.2282,0.2261,0.2263
1768557600,2026-01-16 10:00:00,0.2262,0.2264,0.224,0.2257
1768561200,2026-01-16 11:00:00,0.2257,0.2259,0.2247,0.2258
1768564800,2026-01-16 12:00:00,0.2257,0.2258,0.2248,0.2254
1768568400,2026-01-16 13:00:00,0.2254,0.2254,0.224,0.2246
1768572000,2026-01-16 14:00:00,0.2245,0.2253,0.2238,0.2239
1768575600,2026-01-16 15:00:00,0.2239,0.2251,0.22,0.2216
1768579200,2026-01-16 16:00:00,0.2215,0.2227,0.221,0.2213
1768582800,2026-01-16 17:00:00,0.2213,0.223,0.221,0.2228
1768586400,2026-01-16 18:00:00,0.2229,0.2233,0.2222,0.2226
1768590000,2026-01-16 19:00:00,0.2226,0.2233,0.2216,0.2232
1768593600,2026-01-16 20:00:00,0.2231,0.2267,0.2222,0.2266
1768597200,2026-01-16 21:00:00,0.2266,0.2283,0.2266,0.2269
1768600800,2026-01-16 22:00:00,0.227,0.2276,0.2265,0.2271
1768604400,2026-01-16 23:00:00,0.227,0.227,0.226,0.226
1768608000,2026-01-17 00:00:00,0.2261,0.2268,0.2258,0.2262
1768611600,2026-01-17 01:00:00,0.2261,0.2271,0.226,0.2266
1768615200,2026-01-17 02:00:00,0.2266,0.2268,0.2252,0.2256
1768618800,2026-01-17 03:00:00,0.2256,0.2259,0.2249,0.2253
1768622400,2026-01-17 04:00:00,0.2253,0.2255,0.2249,0.2253
1768626000,2026-01-17 05:00:00,0.2254,0.2258,0.2251,0.2253
1768629600,2026-01-17 06:00:00,0.2254,0.2258,0.225,0.2251
1768633200,2026-01-17 07:00:00,0.2251,0.2258,0.2246,0.2255
1768636800,2026-01-17 08:00:00,0.2255,0.2267,0.2255,0.2266
1768640400,2026-01-17 09:00:00,0.2265,0.2272,0.2263,0.227
1768644000,2026-01-17 10:00:00,0.227,0.2284,0.2269,0.2275
1768647600,2026-01-17 11:00:00,0.2275,0.2279,0.2266,0.2269
1768651200,2026-01-17 12:00:00,0.2269,0.2282,0.2267,0.2273
1768654800,2026-01-17 13:00:00,0.2273,0.2284,0.2269,0.2282
1768658400,2026-01-17 14:00:00,0.2283,0.2307,0.2278,0.2303
1768662000,2026-01-17 15:00:00,0.2303,0.2323,0.2302,0.2322
1768665600,2026-01-17 16:00:00,0.2322,0.2329,0.2311,0.232
1768669200,2026-01-17 17:00:00,0.232,0.2329,0.2312,0.2329
1768672800,2026-01-17 18:00:00,0.233,0.2335,0.2315,0.232
1768676400,2026-01-17 19:00:00,0.2321,0.2353,0.2321,0.2353
1768680000,2026-01-17 20:00:00,0.2353,0.2391,0.2334,0.2338
1768683600,2026-01-17 21:00:00,0.2339,0.2339,0.232,0.2323
1768687200,2026-01-17 22:00:00,0.2324,0.2337,0.2302,0.2309
1768690800,2026-01-17 23:00:00,0.2309,0.231,0.2296,0.2309
1768694400,2026-01-18 00:00:00,0.2309,0.2328,0.2298,0.2305
1768698000,2026-01-18 01:00:00,0.2305,0.2306,0.2284,0.2288
1768701600,2026-01-18 02:00:00,0.2288,0.2298,0.2277,0.2281
1768705200,2026-01-18 03:00:00,0.2282,0.2298,0.2282,0.2294
1768708800,2026-01-18 04:00:00,0.2294,0.2294,0.2279,0.2284
1768712400,2026-01-18 05:00:00,0.2285,0.2288,0.2276,0.2282
1768716000,2026-01-18 06:00:00,0.2282,0.2288,0.2278,0.2284
1768719600,2026-01-18 07:00:00,0.2284,0.2284,0.2271,0.2274
1768723200,2026-01-18 08:00:00,0.2273,0.2276,0.2269,0.2271
1768726800,2026-01-18 09:00:00,0.2272,0.2281,0.2268,0.2278
1768730400,2026-01-18 10:00:00,0.2278,0.2279,0.2264,0.2266
1768734000,2026-01-18 11:00:00,0.2265,0.227,0.2261,0.2264
1768737600,2026-01-18 12:00:00,0.2264,0.2265,0.2258,0.2261
1768741200,2026-01-18 13:00:00,0.226,0.2265,0.2255,0.2258
1768744800,2026-01-18 14:00:00,0.2258,0.2266,0.2239,0.224
1768748400,2026-01-18 15:00:00,0.2239,0.2248,0.2233,0.2247
1768752000,2026-01-18 16:00:00,0.2247,0.2259,0.2242,0.2248
1768755600,2026-01-18 17:00:00,0.2247,0.2256,0.2242,0.2254
1768759200,2026-01-18 18:00:00,0.2254,0.2283,0.2249,0.2274
1768762800,2026-01-18 19:00:00,0.2275,0.2277,0.2257,0.2259
1768766400,2026-01-18 20:00:00,0.226,0.2268,0.2253,0.2259
1768770000,2026-01-18 21:00:00,0.226,0.2271,0.2259,0.2266
1768773600,2026-01-18 22:00:00,0.2265,0.2273,0.2264,0.227
1768777200,2026-01-18 23:00:00,0.227,0.227,0.2178,0.2182
1768780800,2026-01-19 00:00:00,0.2181,0.2181,0.2028,0.2118
1768784400,2026-01-19 01:00:00,0.2117,0.2138,0.2105,0.2126
1768788000,2026-01-19 02:00:00,0.2126,0.2138,0.2119,0.2135
1768791600,2026-01-19 03:00:00,0.2134,0.2148,0.2126,0.2147
1768795200,2026-01-19 04:00:00,0.2148,0.2163,0.2139,0.2154
1768798800,2026-01-19 05:00:00,0.2154,0.2181,0.2143,0.2144
1768802400,2026-01-19 06:00:00,0.2145,0.2145,0.2132,0.2138
1768806000,2026-01-19 07:00:00,0.2138,0.214,0.213,0.2136
1768809600,2026-01-19 08:00:00,0.2136,0.2174,0.213,0.2149
1768813200,2026-01-19 09:00:00,0.2148,0.215,0.2138,0.2145
1768816800,2026-01-19 10:00:00,0.2145,0.2145,0.2135,0.2142
1768820400,2026-01-19 11:00:00,0.2142,0.2154,0.2141,0.2149
1768824000,2026-01-19 12:00:00,0.2149,0.2149,0.2138,0.214
1768827600,2026-01-19 13:00:00,0.2139,0.2149,0.2134,0.2138
1768831200,2026-01-19 14:00:00,0.2139,0.2161,0.2137,0.2156
1768834800,2026-01-19 15:00:00,0.2155,0.217,0.2155,0.2163
1768838400,2026-01-19 16:00:00,0.2162,0.2187,0.2158,0.2171
1768842000,2026-01-19 17:00:00,0.217,0.2181,0.2166,0.2176
1768845600,2026-01-19 18:00:00,0.2176,0.2191,0.2174,0.2186
1768849200,2026-01-19 19:00:00,0.2186,0.2201,0.2185,0.2188
1768852800,2026-01-19 20:00:00,0.2189,0.22,0.2184,0.2191
1768856400,2026-01-19 21:00:00,0.2191,0.2195,0.2174,0.2175
1768860000,2026-01-19 22:00:00,0.2174,0.2175,0.2143,0.2143
1768863600,2026-01-19 23:00:00,0.2142,0.217,0.2142,0.2157
1768867200,2026-01-20 00:00:00,0.2157,0.2162,0.2151,0.2154
1768870800,2026-01-20 01:00:00,0.2154,0.2169,0.2149,0.2155
1768874400,2026-01-20 02:00:00,0.2155,0.2159,0.2138,0.2154
1768878000,2026-01-20 03:00:00,0.2155,0.2157,0.2141,0.2147
1768881600,2026-01-20 04:00:00,0.2147,0.2162,0.2144,0.2152
1768885200,2026-01-20 05:00:00,0.2153,0.2164,0.2142,0.2157
1768888800,2026-01-20 06:00:00,0.2158,0.2158,0.2128,0.2139
1768892400,2026-01-20 07:00:00,0.2139,0.215,0.2131,0.2132
1768896000,2026-01-20 08:00:00,0.2132,0.2137,0.2104,0.2123
1768899600,2026-01-20 09:00:00,0.2122,0.2123,0.2111,0.2121
1768903200,2026-01-20 10:00:00,0.2121,0.2127,0.2116,0.2124
1768906800,2026-01-20 11:00:00,0.2124,0.2129,0.2113,0.2113
1768910400,2026-01-20 12:00:00,0.2114,0.2126,0.2112,0.2123
1768914000,2026-01-20 13:00:00,0.2122,0.2124,0.2105,0.2107
1768917600,2026-01-20 14:00:00,0.2107,0.2139,0.2106,0.2129
1768921200,2026-01-20 15:00:00,0.2129,0.2133,0.2106,0.2119
1768924800,2026-01-20 16:00:00,0.2118,0.2128,0.2089,0.2103
1768928400,2026-01-20 17:00:00,0.2102,0.2117,0.2086,0.2099
1768932000,2026-01-20 18:00:00,0.2099,0.2103,0.2078,0.2081
1768935600,2026-01-20 19:00:00,0.2082,0.2092,0.2077,0.2089
1768939200,2026-01-20 20:00:00,0.209,0.2102,0.2079,0.2097
1768942800,2026-01-20 21:00:00,0.2098,0.2099,0.2076,0.2081
1768946400,2026-01-20 22:00:00,0.208,0.2087,0.2052,0.2073
1768950000,2026-01-20 23:00:00,0.2073,0.2078,0.2067,0.207
1768953600,2026-01-21 00:00:00,0.207,0.212,0.2068,0.2116
1768957200,2026-01-21 01:00:00,0.2116,0.2127,0.2115,0.212
1768960800,2026-01-21 02:00:00,0.2121,0.2135,0.2121,0.2124
1768964400,2026-01-21 03:00:00,0.2124,0.2132,0.2116,0.2117
1768968000,2026-01-21 04:00:00,0.2118,0.2132,0.2113,0.2132
1768971600,2026-01-21 05:00:00,0.2131,0.2153,0.213,0.2144
1768975200,2026-01-21 06:00:00,0.2144,0.2149,0.2128,0.2129
1768978800,2026-01-21 07:00:00,0.2129,0.214,0.2126,0.2131
1768982400,2026-01-21 08:00:00,0.2131,0.2133,0.2117,0.2122
1768986000,2026-01-21 09:00:00,0.2123,0.2132,0.2118,0.2126
1768989600,2026-01-21 10:00:00,0.2127,0.2138,0.2123,0.2127
1768993200,2026-01-21 11:00:00,0.2126,0.2128,0.2101,0.2104
1768996800,2026-01-21 12:00:00,0.2104,0.2106,0.2081,0.2101
1769000400,2026-01-21 13:00:00,0.2101,0.2108,0.2084,0.209
1769004000,2026-01-21 14:00:00,0.2089,0.2151,0.2088,0.2148
1769007600,2026-01-21 15:00:00,0.2148,0.2155,0.2129,0.2151
1769011200,2026-01-21 16:00:00,0.2152,0.2152,0.2057,0.2058
1769014800,2026-01-21 17:00:00,0.2059,0.2085,0.2054,0.2068
1769018400,2026-01-21 18:00:00,0.2068,0.2095,0.206,0.2085
1769022000,2026-01-21 19:00:00,0.2085,0.2156,0.2078,0.2155
1769025600,2026-01-21 20:00:00,0.2156,0.2161,0.2125,0.2159
1769029200,2026-01-21 21:00:00,0.2159,0.2175,0.215,0.216
1769032800,2026-01-21 22:00:00,0.216,0.2171,0.2138,0.2138
1769036400,2026-01-21 23:00:00,0.2137,0.2148,0.2121,0.2124
1769040000,2026-01-22 00:00:00,0.2125,0.2149,0.2125,0.214
1769043600,2026-01-22 01:00:00,0.214,0.2155,0.2139,0.2152
1769047200,2026-01-22 02:00:00,0.2151,0.2156,0.2139,0.2139
1769050800,2026-01-22 03:00:00,0.214,0.2148,0.2131,0.2135
1769054400,2026-01-22 04:00:00,0.2135,0.2153,0.2134,0.2151
1769058000,2026-01-22 05:00:00,0.2151,0.2152,0.2143,0.2146
1769061600,2026-01-22 06:00:00,0.2146,0.215,0.2136,0.2146
1769065200,2026-01-22 07:00:00,0.2146,0.2157,0.2138,0.2154
1769068800,2026-01-22 08:00:00,0.2154,0.2172,0.2141,0.2158
1769072400,2026-01-22 09:00:00,0.2157,0.2165,0.2152,0.216
1769076000,2026-01-22 10:00:00,0.2161,0.2164,0.2147,0.215
1769079600,2026-01-22 11:00:00,0.215,0.2152,0.2136,0.2137
1769083200,2026-01-22 12:00:00,0.2137,0.2143,0.2135,0.2137
1769086800,2026-01-22 13:00:00,0.2137,0.2148,0.2126,0.2129
1769090400,2026-01-22 14:00:00,0.2129,0.2131,0.2106,0.2107
1769094000,2026-01-22 15:00:00,0.2107,0.2125,0.2095,0.212
1769097600,2026-01-22 16:00:00,0.212,0.2136,0.2112,0.2134
1769101200,2026-01-22 17:00:00,0.2135,0.2143,0.2125,0.2142
1769104800,2026-01-22 18:00:00,0.2142,0.2142,0.2121,0.2122
1769108400,2026-01-22 19:00:00,0.2122,0.2136,0.2117,0.2129
1769112000,2026-01-22 20:00:00,0.2129,0.2133,0.2116,0.212
1769115600,2026-01-22 21:00:00,0.212,0.2129,0.2113,0.2116
1769119200,2026-01-22 22:00:00,0.2117,0.2124,0.211,0.2115
1769122800,2026-01-22 23:00:00,0.2115,0.212,0.2104,0.2115
1769126400,2026-01-23 00:00:00,0.2116,0.2126,0.2116,0.2122
1769130000,2026-01-23 01:00:00,0.2123,0.2135,0.212,0.2134
1769133600,2026-01-23 02:00:00,0.2134,0.2137,0.2119,0.2121
1769137200,2026-01-23 03:00:00,0.212,0.2135,0.212,0.2129
1769140800,2026-01-23 04:00:00,0.2129,0.2136,0.2127,0.2129
1769144400,2026-01-23 05:00:00,0.2129,0.213,0.2113,0.2119
1769148000,2026-01-23 06:00:00,0.2118,0.2125,0.2107,0.2112
1769151600,2026-01-23 07:00:00,0.2112,0.2117,0.2109,0.2112
1769155200,2026-01-23 08:00:00,0.2111,0.2113,0.2095,0.2096
1769158800,2026-01-23 09:00:00,0.2096,0.2104,0.2088,0.2094
1769162400,2026-01-23 10:00:00,0.2094,0.2101,0.2087,0.2097
1769166000,2026-01-23 11:00:00,0.2097,0.2114,0.2096,0.2112
1769169600,2026-01-23 12:00:00,0.2112,0.2116,0.2105,0.2111
1769173200,2026-01-23 13:00:00,0.2112,0.2117,0.2106,0.2108
1769176800,2026-01-23 14:00:00,0.2108,0.2116,0.2086,0.2098
1769180400,2026-01-23 15:00:00,0.2099,0.2136,0.2091,0.2133
1769184000,2026-01-23 16:00:00,0.2133,0.2165,0.2133,0.2149
1769187600,2026-01-23 17:00:00,0.2149,0.2186,0.2136,0.2159
1769191200,2026-01-23 18:00:00,0.2159,0.2189,0.2153,0.2159
1769194800,2026-01-23 19:00:00,0.2158,0.2159,0.2116,0.2121
1769198400,2026-01-23 20:00:00,0.212,0.2124,0.21,0.2116
1769202000,2026-01-23 21:00:00,0.2116,0.2128,0.2115,0.2116
1769205600,2026-01-23 22:00:00,0.2115,0.2131,0.2115,0.2127
1769209200,2026-01-23 23:00:00,0.2126,0.2127,0.2119,0.2122
1769212800,2026-01-24 00:00:00,0.2122,0.2123,0.2112,0.2113
1769216400,2026-01-24 01:00:00,0.2112,0.2115,0.2108,0.2112
1769220000,2026-01-24 02:00:00,0.2113,0.2118,0.2113,0.2114
1769223600,2026-01-24 03:00:00,0.2114,0.212,0.2111,0.2115
1769227200,2026-01-24 04:00:00,0.2114,0.2118,0.2112,0.2115
1769230800,2026-01-24 05:00:00,0.2116,0.2116,0.2107,0.2112
1769234400,2026-01-24 06:00:00,0.2112,0.2114,0.2106,0.2109
1769238000,2026-01-24 07:00:00,0.211,0.2116,0.2108,0.2108
1769241600,2026-01-24 08:00:00,0.2109,0.2116,0.2107,0.2112
1769245200,2026-01-24 09:00:00,0.2112,0.2113,0.2107,0.2108
1769248800,2026-01-24 10:00:00,0.2108,0.2109,0.2102,0.2107
1769252400,2026-01-24 11:00:00,0.2108,0.2119,0.2107,0.2118
1769256000,2026-01-24 12:00:00,0.2118,0.2125,0.2117,0.2119
1769259600,2026-01-24 13:00:00,0.2118,0.2121,0.2114,0.2114
1769263200,2026-01-24 14:00:00,0.2115,0.2122,0.2113,0.2115
1769266800,2026-01-24 15:00:00,0.2116,0.212,0.2111,0.2112
1769270400,2026-01-24 16:00:00,0.2112,0.2116,0.2109,0.2111
1769274000,2026-01-24 17:00:00,0.2112,0.2122,0.2109,0.2121
1769277600,2026-01-24 18:00:00,0.2121,0.2124,0.2119,0.212
1769281200,2026-01-24 19:00:00,0.2121,0.2123,0.2107,0.211
1769284800,2026-01-24 20:00:00,0.211,0.2122,0.2109,0.2122
1769288400,2026-01-24 21:00:00,0.2122,0.2122,0.2117,0.212
1769292000,2026-01-24 22:00:00,0.2121,0.2132,0.212,0.2131
1769295600,2026-01-24 23:00:00,0.2131,0.2131,0.2115,0.2115
1769299200,2026-01-25 00:00:00,0.2114,0.2117,0.2106,0.2109
1769302800,2026-01-25 01:00:00,0.211,0.2113,0.2103,0.2106
1769306400,2026-01-25 02:00:00,0.2106,0.2109,0.2102,0.2107
1769310000,2026-01-25 03:00:00,0.2107,0.2108,0.2099,0.2105
1769313600,2026-01-25 04:00:00,0.2105,0.2109,0.21,0.21
1769317200,2026-01-25 05:00:00,0.2101,0.2108,0.2098,0.2107
1769320800,2026-01-25 06:00:00,0.2107,0.2107,0.2098,0.2099
1769324400,2026-01-25 07:00:00,0.2099,0.21,0.2092,0.2096
1769328000,2026-01-25 08:00:00,0.2097,0.2103,0.2091,0.2094
1769331600,2026-01-25 09:00:00,0.2094,0.2107,0.2089,0.2101
1769335200,2026-01-25 10:00:00,0.2101,0.2117,0.21,0.2106
1769338800,2026-01-25 11:00:00,0.2107,0.2112,0.2098,0.21
1769342400,2026-01-25 12:00:00,0.21,0.2102,0.2089,0.2102
1769346000,2026-01-25 13:00:00,0.2101,0.2102,0.209,0.21
1769349600,2026-01-25 14:00:00,0.2099,0.21,0.2078,0.2085
1769353200,2026-01-25 15:00:00,0.2084,0.209,0.2075,0.2077
1769356800,2026-01-25 16:00:00,0.2077,0.2077,0.2036,0.2051
1769360400,2026-01-25 17:00:00,0.205,0.2058,0.2043,0.2053
1769364000,2026-01-25 18:00:00,0.2053,0.2056,0.2024,0.2032
1769367600,2026-01-25 19:00:00,0.2033,0.2037,0.2007,0.2017
1769371200,2026-01-25 20:00:00,0.2018,0.2029,0.2008,0.2025
1769374800,2026-01-25 21:00:00,0.2026,0.2039,0.2026,0.2037
1769378400,2026-01-25 22:00:00,0.2037,0.2039,0.2018,0.2027
1769382000,2026-01-25 23:00:00,0.2027,0.2039,0.2017,0.2033
1769385600,2026-01-26 00:00:00,0.2033,0.2052,0.2032,0.205
1769389200,2026-01-26 01:00:00,0.2051,0.2082,0.205,0.2077
1769392800,2026-01-26 02:00:00,0.2078,0.2079,0.2063,0.2066
1769396400,2026-01-26 03:00:00,0.2067,0.2073,0.2053,0.2059
1769400000,2026-01-26 04:00:00,0.206,0.2083,0.2058,0.2071
1769403600,2026-01-26 05:00:00,0.2071,0.2075,0.2068,0.2072
1769407200,2026-01-26 06:00:00,0.2073,0.2079,0.2068,0.2078
1769410800,2026-01-26 07:00:00,0.2077,0.2084,0.2071,0.2075
1769414400,2026-01-26 08:00:00,0.2076,0.2093,0.2071,0.2075
1769418000,2026-01-26 09:00:00,0.2075,0.2076,0.206,0.2062
1769421600,2026-01-26 10:00:00,0.2063,0.2076,0.2062,0.2072
1769425200,2026-01-26 11:00:00,0.2072,0.2079,0.2069,0.2073
1769428800,2026-01-26 12:00:00,0.2073,0.2081,0.2069,0.2078
1769432400,2026-01-26 13:00:00,0.2078,0.2092,0.2076,0.2085
1769436000,2026-01-26 14:00:00,0.2085,0.2103,0.2075,0.2099
1769439600,2026-01-26 15:00:00,0.2099,0.212,0.2081,0.2093
1769443200,2026-01-26 16:00:00,0.2093,0.2103,0.2078,0.2078
1769446800,2026-01-26 17:00:00,0.2078,0.2084,0.2062,0.2074
1769450400,2026-01-26 18:00:00,0.2073,0.2088,0.2068,0.2072
1769454000,2026-01-26 19:00:00,0.2073,0.2079,0.2062,0.2063
1769457600,2026-01-26 20:00:00,0.2063,0.207,0.2051,0.2055
1769461200,2026-01-26 21:00:00,0.2055,0.2078,0.2049,0.2072
1769464800,2026-01-26 22:00:00,0.2072,0.2074,0.2064,0.2067
1769468400,2026-01-26 23:00:00,0.2067,0.2079,0.206,0.2074
1769472000,2026-01-27 00:00:00,0.2073,0.208,0.2064,0.2076
1769475600,2026-01-27 01:00:00,0.2076,0.2086,0.2068,0.2081
1769479200,2026-01-27 02:00:00,0.2081,0.209,0.2077,0.2085
1769482800,2026-01-27 03:00:00,0.2085,0.2086,0.2076,0.2079
1769486400,2026-01-27 04:00:00,0.2079,0.209,0.2076,0.2078
1769490000,2026-01-27 05:00:00,0.2078,0.2078,0.207,0.2073
1769493600,2026-01-27 06:00:00,0.2072,0.2073,0.2062,0.2065
1769497200,2026-01-27 07:00:00,0.2065,0.2073,0.2064,0.2067
1769500800,2026-01-27 08:00:00,0.2066,0.2069,0.2057,0.2062
1769504400,2026-01-27 09:00:00,0.2061,0.2061,0.205,0.2053
1769508000,2026-01-27 10:00:00,0.2052,0.2055,0.205,0.2053
1769511600,2026-01-27 11:00:00,0.2053,0.2065,0.2052,0.2064
1769515200,2026-01-27 12:00:00,0.2063,0.2067,0.2056,0.2059
1769518800,2026-01-27 13:00:00,0.206,0.2061,0.2047,0.2049
1769522400,2026-01-27 14:00:00,0.2049,0.2068,0.2043,0.2046
1769526000,2026-01-27 15:00:00,0.2046,0.2069,0.2042,0.2068
1769529600,2026-01-27 16:00:00,0.2067,0.2089,0.2067,0.2086
1769533200,2026-01-27 17:00:00,0.2085,0.2085,0.204,0.2045
1769536800,2026-01-27 18:00:00,0.2046,0.2063,0.2033,0.2057
1769540400,2026-01-27 19:00:00,0.2057,0.2064,0.2048,0.2061
1769544000,2026-01-27 20:00:00,0.206,0.2098,0.206,0.2096
1769547600,2026-01-27 21:00:00,0.2096,0.2102,0.2084,0.2089
1769551200,2026-01-27 22:00:00,0.209,0.2099,0.2087,0.209
1769554800,2026-01-27 23:00:00,0.209,0.2094,0.2084,0.2085
1769558400,2026-01-28 00:00:00,0.2086,0.209,0.2076,0.2088
1769562000,2026-01-28 01:00:00,0.2088,0.2088,0.2073,0.2082
1769565600,2026-01-28 02:00:00,0.2081,0.2083,0.2074,0.2079
1769569200,2026-01-28 03:00:00,0.2079,0.2081,0.2074,0.2077
1769572800,2026-01-28 04:00:00,0.2076,0.2079,0.2067,0.2076
1769576400,2026-01-28 05:00:00,0.2077,0.2085,0.2074,0.2085
1769580000,2026-01-28 06:00:00,0.2085,0.2099,0.2085,0.2097
1769583600,2026-01-28 07:00:00,0.2097,0.21,0.2085,0.2089
1769587200,2026-01-28 08:00:00,0.2089,0.2096,0.2087,0.2087
1769590800,2026-01-28 09:00:00,0.2087,0.2107,0.2084,0.2107
1769594400,2026-01-28 10:00:00,0.2107,0.2114,0.21,0.2103
1769598000,2026-01-28 11:00:00,0.2104,0.2121,0.2101,0.2118
1769601600,2026-01-28 12:00:00,0.2117,0.2117,0.2101,0.2109
1769605200,2026-01-28 13:00:00,0.2108,0.2119,0.2106,0.2114
1769608800,2026-01-28 14:00:00,0.2115,0.2115,0.21,0.2103
1769612400,2026-01-28 15:00:00,0.2102,0.2107,0.208,0.2083
1769616000,2026-01-28 16:00:00,0.2083,0.209,0.2073,0.2081
1769619600,2026-01-28 17:00:00,0.2082,0.2107,0.2072,0.2099
1769623200,2026-01-28 18:00:00,0.2099,0.2099,0.2081,0.2088
1769626800,2026-01-28 19:00:00,0.2087,0.2097,0.2077,0.2088
1769630400,2026-01-28 20:00:00,0.2087,0.2107,0.2083,0.2087
1769634000,2026-01-28 21:00:00,0.2088,0.2097,0.2075,0.2092
1769637600,2026-01-28 22:00:00,0.2093,0.2108,0.2087,0.2107
1769641200,2026-01-28 23:00:00,0.2108,0.2116,0.2101,0.2105
1769644800,2026-01-29 00:00:00,0.2104,0.2105,0.2085,0.2094
1769648400,2026-01-29 01:00:00,0.2094,0.2097,0.2076,0.2081
1769652000,2026-01-29 02:00:00,0.208,0.2086,0.2054,0.206
1769655600,2026-01-29 03:00:00,0.206,0.2071,0.2056,0.2067
1769659200,2026-01-29 04:00:00,0.2067,0.2073,0.2052,0.2068
1769662800,2026-01-29 05:00:00,0.2068,0.207,0.2061,0.2063
1769666400,2026-01-29 06:00:00,0.2063,0.207,0.2061,0.2066
1769670000,2026-01-29 07:00:00,0.2066,0.2069,0.2061,0.2062
1769673600,2026-01-29 08:00:00,0.2063,0.2067,0.2055,0.2057
1769677200,2026-01-29 09:00:00,0.2056,0.2058,0.205,0.2051
1769680800,2026-01-29 10:00:00,0.2052,0.2056,0.2045,0.205
1769684400,2026-01-29 11:00:00,0.2049,0.205,0.2038,0.204
1769688000,2026-01-29 12:00:00,0.204,0.2043,0.2034,0.204
1769691600,2026-01-29 13:00:00,0.204,0.2049,0.2037,0.2048
1769695200,2026-01-29 14:00:00,0.2049,0.2055,0.2003,0.2007
1769698800,2026-01-29 15:00:00,0.2008,0.2008,0.1956,0.1977
1769702400,2026-01-29 16:00:00,0.1976,0.1997,0.1961,0.1996
1769706000,2026-01-29 17:00:00,0.1995,0.2022,0.1984,0.1986
1769709600,2026-01-29 18:00:00,0.1986,0.1991,0.1953,0.1954
1769713200,2026-01-29 19:00:00,0.1954,0.1982,0.1949,0.1972
1769716800,2026-01-29 20:00:00,0.1973,0.1989,0.1968,0.1985
1769720400,2026-01-29 21:00:00,0.1986,0.1995,0.1985,0.1992
1769724000,2026-01-29 22:00:00,0.1992,0.1997,0.1986,0.1992
1769727600,2026-01-29 23:00:00,0.1991,0.1992,0.1984,0.1987
1769731200,2026-01-30 00:00:00,0.1987,0.1997,0.1985,0.1989
1769734800,2026-01-30 01:00:00,0.1989,0.1998,0.1924,0.1956
1769738400,2026-01-30 02:00:00,0.1956,0.1959,0.1908,0.1932
1769742000,2026-01-30 03:00:00,0.1933,0.1944,0.1926,0.1933
1769745600,2026-01-30 04:00:00,0.1934,0.196,0.1934,0.1949
1769749200,2026-01-30 05:00:00,0.1949,0.1957,0.1945,0.1949
1769752800,2026-01-30 06:00:00,0.1949,0.1949,0.1909,0.1919
1769756400,2026-01-30 07:00:00,0.192,0.1953,0.192,0.1944
1769760000,2026-01-30 08:00:00,0.1944,0.195,0.1927,0.1931
1769763600,2026-01-30 09:00:00,0.1932,0.1938,0.1912,0.1921
1769767200,2026-01-30 10:00:00,0.1922,0.1936,0.1918,0.1934
1769770800,2026-01-30 11:00:00,0.1934,0.1956,0.1928,0.1952
1769774400,2026-01-30 12:00:00,0.1953,0.1956,0.1934,0.194
1769778000,2026-01-30 13:00:00,0.1941,0.1943,0.1916,0.1924
1769781600,2026-01-30 14:00:00,0.1924,0.1953,0.1924,0.1935
1769785200,2026-01-30 15:00:00,0.1936,0.1953,0.1916,0.1936
1769788800,2026-01-30 16:00:00,0.1935,0.1945,0.192,0.1929
1769792400,2026-01-30 17:00:00,0.193,0.1941,0.1917,0.192
1769796000,2026-01-30 18:00:00,0.192,0.1955,0.1885,0.1947
1769799600,2026-01-30 19:00:00,0.1947,0.196,0.1944,0.1949
1769803200,2026-01-30 20:00:00,0.1949,0.195,0.1916,0.1924
1769806800,2026-01-30 21:00:00,0.1924,0.1936,0.1912,0.1923
1769810400,2026-01-30 22:00:00,0.1923,0.1928,0.1903,0.1916
1769814000,2026-01-30 23:00:00,0.1917,0.1922,0.1905,0.1919
1769817600,2026-01-31 00:00:00,0.192,0.1923,0.1911,0.1915
1769821200,2026-01-31 01:00:00,0.1915,0.1921,0.1909,0.1919
1769824800,2026-01-31 02:00:00,0.192,0.1926,0.1908,0.1921
1769828400,2026-01-31 03:00:00,0.192,0.1926,0.1916,0.1921
1769832000,2026-01-31 04:00:00,0.192,0.1923,0.191,0.1911
1769835600,2026-01-31 05:00:00,0.1911,0.1915,0.1907,0.1911
1769839200,2026-01-31 06:00:00,0.1912,0.1914,0.189,0.1898
1769842800,2026-01-31 07:00:00,0.1899,0.1901,0.1877,0.1888
1769846400,2026-01-31 08:00:00,0.1889,0.1893,0.185,0.1863
1769850000,2026-01-31 09:00:00,0.1863,0.1869,0.185,0.186
1769853600,2026-01-31 10:00:00,0.186,0.1873,0.1856,0.1869
1769857200,2026-01-31 11:00:00,0.1869,0.1869,0.1858,0.186
1769860800,2026-01-31 12:00:00,0.1861,0.1865,0.1844,0.1846
1769864400,2026-01-31 13:00:00,0.1847,0.1849,0.182,0.1825
1769868000,2026-01-31 14:00:00,0.1825,0.1829,0.1766,0.1796
1769871600,2026-01-31 15:00:00,0.1796,0.1812,0.1791,0.1795
1769875200,2026-01-31 16:00:00,0.1795,0.1819,0.1766,0.177
1769878800,2026-01-31 17:00:00,0.1769,0.1778,0.1701,0.1722
1769882400,2026-01-31 18:00:00,0.1723,0.1742,0.1655,0.1726
1769886000,2026-01-31 19:00:00,0.1726,0.1768,0.1725,0.1747
1769889600,2026-01-31 20:00:00,0.1747,0.1764,0.1731,0.1747
1769893200,2026-01-31 21:00:00,0.1747,0.1773,0.1737,0.1766
1769896800,2026-01-31 22:00:00,0.1767,0.1777,0.1763,0.1774
1769900400,2026-01-31 23:00:00,0.1774,0.1822,0.1773,0.181
1769904000,2026-02-01 00:00:00,0.181,0.182,0.18,0.1808
1769907600,2026-02-01 01:00:00,0.1808,0.1811,0.1787,0.1803
1769911200,2026-02-01 02:00:00,0.1804,0.1816,0.1799,0.1808
1769914800,2026-02-01 03:00:00,0.1808,0.1812,0.1804,0.1808
1769918400,2026-02-01 04:00:00,0.1808,0.1815,0.1805,0.181
1769922000,2026-02-01 05:00:00,0.1811,0.1818,0.1802,0.1806
1769925600,2026-02-01 06:00:00,0.1806,0.1817,0.18,0.1805
1769929200,2026-02-01 07:00:00,0.1805,0.1826,0.1797,0.1815
1769932800,2026-02-01 08:00:00,0.1814,0.1821,0.1804,0.1811
1769936400,2026-02-01 09:00:00,0.1812,0.1825,0.1806,0.1821
1769940000,2026-02-01 10:00:00,0.1822,0.1825,0.1783,0.1784
1769943600,2026-02-01 11:00:00,0.1785,0.1792,0.178,0.1787
1769947200,2026-02-01 12:00:00,0.1787,0.1788,0.1767,0.1775
1769950800,2026-02-01 13:00:00,0.1775,0.1792,0.1769,0.1775
1769954400,2026-02-01 14:00:00,0.1775,0.1779,0.1743,0.1765
1769958000,2026-02-01 15:00:00,0.1766,0.1766,0.1717,0.1739
1769961600,2026-02-01 16:00:00,0.1738,0.1751,0.1723,0.1735
1769965200,2026-02-01 17:00:00,0.1735,0.1739,0.172,0.1737
1769968800,2026-02-01 18:00:00,0.1736,0.1771,0.1736,0.176
1769972400,2026-02-01 19:00:00,0.176,0.177,0.1745,0.1757
1769976000,2026-02-01 20:00:00,0.1756,0.1774,0.1739,0.1759
1769979600,2026-02-01 21:00:00,0.1759,0.1761,0.1741,0.1748
1769983200,2026-02-01 22:00:00,0.1749,0.1777,0.1744,0.1765
1769986800,2026-02-01 23:00:00,0.1764,0.1778,0.171,0.1751
1769990400,2026-02-02 00:00:00,0.1751,0.1785,0.1739,0.1768
1769994000,2026-02-02 01:00:00,0.1768,0.1785,0.1744,0.1773
1769997600,2026-02-02 02:00:00,0.1772,0.1776,0.1751,0.1755
1770001200,2026-02-02 03:00:00,0.1755,0.1755,0.1684,0.1738
1770004800,2026-02-02 04:00:00,0.1738,0.1757,0.171,0.1725
1770008400,2026-02-02 05:00:00,0.1725,0.1728,0.1688,0.1704
1770012000,2026-02-02 06:00:00,0.1704,0.1763,0.169,0.1743
1770015600,2026-02-02 07:00:00,0.1743,0.176,0.1735,0.1745
1770019200,2026-02-02 08:00:00,0.1745,0.1767,0.1745,0.1757
1770022800,2026-02-02 09:00:00,0.1757,0.1775,0.1748,0.1769
1770026400,2026-02-02 10:00:00,0.177,0.1778,0.1761,0.1767
1770030000,2026-02-02 11:00:00,0.1768,0.1779,0.1767,0.1774
1770033600,2026-02-02 12:00:00,0.1775,0.1809,0.1775,0.1804
1770037200,2026-02-02 13:00:00,0.1804,0.1823,0.1794,0.1813
1770040800,2026-02-02 14:00:00,0.1813,0.1823,0.1794,0.1811
1770044400,2026-02-02 15:00:00,0.1811,0.1836,0.1806,0.182
1770048000,2026-02-02 16:00:00,0.182,0.1834,0.1814,0.1814
1770051600,2026-02-02 17:00:00,0.1814,0.1826,0.1809,0.1815
1770055200,2026-02-02 18:00:00,0.1814,0.1825,0.1806,0.1816
1770058800,2026-02-02 19:00:00,0.1816,0.1818,0.18,0.18
1770062400,2026-02-02 20:00:00,0.18,0.1803,0.1786,0.1788
1770066000,2026-02-02 21:00:00,0.1788,0.1799,0.1785,0.1792
1770069600,2026-02-02 22:00:00,0.1792,0.1801,0.179,0.1792
1770073200,2026-02-02 23:00:00,0.1793,0.1793,0.1785,0.1787
1770076800,2026-02-03 00:00:00,0.1787,0.1789,0.1775,0.1786
1770080400,2026-02-03 01:00:00,0.1785,0.1786,0.1773,0.1777
1770084000,2026-02-03 02:00:00,0.1777,0.1778,0.1754,0.1755
1770087600,2026-02-03 03:00:00,0.1755,0.1785,0.1751,0.1782
1770091200,2026-02-03 04:00:00,0.1781,0.1789,0.1771,0.1782
1770094800,2026-02-03 05:00:00,0.1783,0.1783,0.1765,0.1767
1770098400,2026-02-03 06:00:00,0.1766,0.1777,0.1758,0.1776
1770102000,2026-02-03 07:00:00,0.1775,0.1791,0.1771,0.1779
1770105600,2026-02-03 08:00:00,0.1779,0.179,0.1776,0.1779
1770109200,2026-02-03 09:00:00,0.1779,0.1784,0.1753,0.1765
1770112800,2026-02-03 10:00:00,0.1766,0.1774,0.1755,0.1758
1770116400,2026-02-03 11:00:00,0.1758,0.1765,0.1756,0.1759
1770120000,2026-02-03 12:00:00,0.176,0.1767,0.1752,0.1762
1770123600,2026-02-03 13:00:00,0.1762,0.1774,0.176,0.1772
1770127200,2026-02-03 14:00:00,0.1771,0.1776,0.1742,0.1743
1770130800,2026-02-03 15:00:00,0.1742,0.1792,0.1739,0.1789
1770134400,2026-02-03 16:00:00,0.179,0.179,0.1746,0.175
1770138000,2026-02-03 17:00:00,0.175,0.1754,0.1713,0.1714
1770141600,2026-02-03 18:00:00,0.1715,0.1721,0.1679,0.1681
1770145200,2026-02-03 19:00:00,0.1681,0.1767,0.1679,0.1759
1770148800,2026-02-03 20:00:00,0.1759,0.1815,0.1741,0.1803
1770152400,2026-02-03 21:00:00,0.1802,0.182,0.1782,0.1784
1770156000,2026-02-03 22:00:00,0.1785,0.1785,0.176,0.1767
1770159600,2026-02-03 23:00:00,0.1766,0.1769,0.1748,0.1758
1770163200,2026-02-04 00:00:00,0.1757,0.1768,0.175,0.1756
1770166800,2026-02-04 01:00:00,0.1757,0.1782,0.1757,0.177
1770170400,2026-02-04 02:00:00,0.1769,0.1774,0.1758,0.1764
1770174000,2026-02-04 03:00:00,0.1763,0.1786,0.176,0.1776
1770177600,2026-02-04 04:00:00,0.1776,0.1781,0.1769,0.177
1770181200,2026-02-04 05:00:00,0.177,0.1772,0.1752,0.1757
1770184800,2026-02-04 06:00:00,0.1757,0.1776,0.1755,0.1768
1770188400,2026-02-04 07:00:00,0.1768,0.178,0.1764,0.1776
1770192000,2026-02-04 08:00:00,0.1776,0.1784,0.1768,0.1782
1770195600,2026-02-04 09:00:00,0.1782,0.1782,0.1765,0.1768
1770199200,2026-02-04 10:00:00,0.1767,0.1772,0.176,0.1762
1770202800,2026-02-04 11:00:00,0.1762,0.1765,0.1742,0.1753
1770206400,2026-02-04 12:00:00,0.1754,0.1756,0.1743,0.1747
1770210000,2026-02-04 13:00:00,0.1746,0.1747,0.1717,0.1717
1770213600,2026-02-04 14:00:00,0.1717,0.1729,0.1696,0.1698
1770217200,2026-02-04 15:00:00,0.1697,0.1717,0.168,0.1697
1770220800,2026-02-04 16:00:00,0.1698,0.1706,0.1681,0.1695
1770224400,2026-02-04 17:00:00,0.1695,0.1702,0.1672,0.1694
1770228000,2026-02-04 18:00:00,0.1693,0.1731,0.1676,0.171
1770231600,2026-02-04 19:00:00,0.171,0.1746,0.1707,0.1742
1770235200,2026-02-04 20:00:00,0.1742,0.1744,0.1728,0.1733
1770238800,2026-02-04 21:00:00,0.1733,0.1741,0.1705,0.1716
1770242400,2026-02-04 22:00:00,0.1716,0.1739,0.1687,0.1702
1770246000,2026-02-04 23:00:00,0.1701,0.1725,0.1699,0.1714
1770249600,2026-02-05 00:00:00,0.1714,0.1715,0.1696,0.1704
1770253200,2026-02-05 01:00:00,0.1705,0.1715,0.1685,0.1689
1770256800,2026-02-05 02:00:00,0.1689,0.1701,0.1666,0.167
1770260400,2026-02-05 03:00:00,0.167,0.1678,0.1651,0.1654
1770264000,2026-02-05 04:00:00,0.1654,0.167,0.1648,0.1658
1770267600,2026-02-05 05:00:00,0.1658,0.1676,0.1641,0.1662
1770271200,2026-02-05 06:00:00,0.1663,0.1663,0.1596,0.1635
1770274800,2026-02-05 07:00:00,0.1635,0.1659,0.1634,0.1638
1770278400,2026-02-05 08:00:00,0.1639,0.1659,0.1639,0.1645
1770282000,2026-02-05 09:00:00,0.1645,0.166,0.1625,0.1626
1770285600,2026-02-05 10:00:00,0.1627,0.1631,0.1588,0.1592
1770289200,2026-02-05 11:00:00,0.1592,0.1607,0.1575,0.1598
1770292800,2026-02-05 12:00:00,0.1599,0.1609,0.1583,0.16
1770296400,2026-02-05 13:00:00,0.16,0.1602,0.1581,0.1588
1770300000,2026-02-05 14:00:00,0.1587,0.1632,0.1587,0.1602
1770303600,2026-02-05 15:00:00,0.1601,0.1606,0.1511,0.1545
1770307200,2026-02-05 16:00:00,0.1544,0.1577,0.153,0.1548
1770310800,2026-02-05 17:00:00,0.1548,0.1555,0.1496,0.1521
1770314400,2026-02-05 18:00:00,0.1521,0.1531,0.1498,0.1525
1770318000,2026-02-05 19:00:00,0.1524,0.1526,0.1491,0.1496
1770321600,2026-02-05 20:00:00,0.1497,0.1508,0.1435,0.1467
1770325200,2026-02-05 21:00:00,0.1467,0.15,0.1443,0.145
1770328800,2026-02-05 22:00:00,0.145,0.1487,0.1434,0.1476
1770332400,2026-02-05 23:00:00,0.1476,0.1506,0.1466,0.1471
1770336000,2026-02-06 00:00:00,0.1471,0.1531,0.1362,0.1509
1770339600,2026-02-06 01:00:00,0.1509,0.1544,0.1495,0.1541
1770343200,2026-02-06 02:00:00,0.1541,0.1548,0.1499,0.1515
1770346800,2026-02-06 03:00:00,0.1516,0.153,0.1507,0.152
1770350400,2026-02-06 04:00:00,0.152,0.1535,0.1511,0.153
1770354000,2026-02-06 05:00:00,0.153,0.1572,0.1527,0.1565
1770357600,2026-02-06 06:00:00,0.1565,0.1569,0.1537,0.154
1770361200,2026-02-06 07:00:00,0.154,0.1546,0.1516,0.1518
1770364800,2026-02-06 08:00:00,0.1518,0.1529,0.1508,0.1516
1770368400,2026-02-06 09:00:00,0.1516,0.1548,0.1512,0.1544
1770372000,2026-02-06 10:00:00,0.1544,0.1585,0.154,0.1581
1770375600,2026-02-06 11:00:00,0.158,0.1586,0.1568,0.1576
1770379200,2026-02-06 12:00:00,0.1576,0.158,0.1567,0.1579
1770382800,2026-02-06 13:00:00,0.1579,0.1633,0.1577,0.1616
1770386400,2026-02-06 14:00:00,0.1616,0.1645,0.1584,0.1641
1770390000,2026-02-06 15:00:00,0.1641,0.1671,0.1632,0.1658
1770393600,2026-02-06 16:00:00,0.1657,0.1681,0.1651,0.1672
1770397200,2026-02-06 17:00:00,0.1672,0.1713,0.1667,0.1685
1770400800,2026-02-06 18:00:00,0.1685,0.1686,0.1645,0.1657
1770404400,2026-02-06 19:00:00,0.1657,0.1661,0.1625,0.1641
1770408000,2026-02-06 20:00:00,0.164,0.1644,0.1615,0.1623
1770411600,2026-02-06 21:00:00,0.1622,0.1635,0.1613,0.1633
1770415200,2026-02-06 22:00:00,0.1633,0.1655,0.163,0.1654
1770418800,2026-02-06 23:00:00,0.1654,0.1659,0.1633,0.1642
1770422400,2026-02-07 00:00:00,0.1641,0.1645,0.1617,0.1626
1770426000,2026-02-07 01:00:00,0.1626,0.1638,0.1612,0.1628
1770429600,2026-02-07 02:00:00,0.1627,0.1631,0.1616,0.1621
1770433200,2026-02-07 03:00:00,0.1621,0.164,0.1619,0.1632
1770436800,2026-02-07 04:00:00,0.1631,0.1646,0.1622,0.1624
1770440400,2026-02-07 05:00:00,0.1624,0.1635,0.1622,0.1626
1770444000,2026-02-07 06:00:00,0.1626,0.1652,0.1608,0.1608
1770447600,2026-02-07 07:00:00,0.1609,0.1616,0.1575,0.1588
1770451200,2026-02-07 08:00:00,0.1587,0.1597,0.1582,0.1593
1770454800,2026-02-07 09:00:00,0.1594,0.1596,0.1579,0.1587
1770458400,2026-02-07 10:00:00,0.1586,0.159,0.1561,0.1572
1770462000,2026-02-07 11:00:00,0.1572,0.1575,0.1564,0.1565
1770465600,2026-02-07 12:00:00,0.1565,0.1612,0.1564,0.1599
1770469200,2026-02-07 13:00:00,0.1599,0.1606,0.1585,0.1595
1770472800,2026-02-07 14:00:00,0.1596,0.1599,0.1582,0.1584
1770476400,2026-02-07 15:00:00,0.1584,0.161,0.1582,0.1599
1770480000,2026-02-07 16:00:00,0.1599,0.1649,0.1595,0.1619
1770483600,2026-02-07 17:00:00,0.1618,0.1623,0.1599,0.1616
1770487200,2026-02-07 18:00:00,0.1616,0.1643,0.1615,0.1628
1770490800,2026-02-07 19:00:00,0.1629,0.163,0.1615,0.1617
1770494400,2026-02-07 20:00:00,0.1617,0.163,0.1616,0.1627
1770498000,2026-02-07 21:00:00,0.1626,0.1628,0.1616,0.1618
1770501600,2026-02-07 22:00:00,0.1618,0.1624,0.1614,0.1616
1770505200,2026-02-07 23:00:00,0.1616,0.1622,0.1608,0.1619
1770508800,2026-02-08 00:00:00,0.1618,0.1619,0.1608,0.1617
1770512400,2026-02-08 01:00:00,0.1617,0.1635,0.1616,0.1627
1770516000,2026-02-08 02:00:00,0.1627,0.1634,0.1611,0.1616
1770519600,2026-02-08 03:00:00,0.1617,0.1619,0.1603,0.1604
1770523200,2026-02-08 04:00:00,0.1605,0.1608,0.1597,0.1607
1770526800,2026-02-08 05:00:00,0.1608,0.1611,0.1598,0.1601
1770530400,2026-02-08 06:00:00,0.16,0.1606,0.1598,0.1601
1770534000,2026-02-08 07:00:00,0.1602,0.1607,0.1599,0.1606
1770537600,2026-02-08 08:00:00,0.1606,0.1638,0.1603,0.1637
1770541200,2026-02-08 09:00:00,0.1637,0.1643,0.1619,0.1625
1770544800,2026-02-08 10:00:00,0.1625,0.1633,0.1615,0.1617
1770548400,2026-02-08 11:00:00,0.1618,0.1642,0.1616,0.1639
1770552000,2026-02-08 12:00:00,0.1639,0.1641,0.1628,0.1636
1770555600,2026-02-08 13:00:00,0.1635,0.1642,0.1625,0.164
1770559200,2026-02-08 14:00:00,0.1641,0.1642,0.1634,0.1639
1770562800,2026-02-08 15:00:00,0.1639,0.1644,0.1615,0.162
1770566400,2026-02-08 16:00:00,0.162,0.1622,0.159,0.1595
1770570000,2026-02-08 17:00:00,0.1595,0.1614,0.1595,0.1612
1770573600,2026-02-08 18:00:00,0.1612,0.1632,0.1612,0.1624
1770577200,2026-02-08 19:00:00,0.1624,0.1636,0.1622,0.1636
1770580800,2026-02-08 20:00:00,0.1636,0.1637,0.1618,0.1619
1770584400,2026-02-08 21:00:00,0.1619,0.1623,0.1608,0.1615
1770588000,2026-02-08 22:00:00,0.1615,0.1622,0.1609,0.1621
1770591600,2026-02-08 23:00:00,0.1621,0.1651,0.1603,0.1615
1770595200,2026-02-09 00:00:00,0.1615,0.162,0.1606,0.1617
1770598800,2026-02-09 01:00:00,0.1616,0.1627,0.1602,0.1611
1770602400,2026-02-09 02:00:00,0.161,0.1626,0.1607,0.1618
1770606000,2026-02-09 03:00:00,0.1618,0.1637,0.1617,0.1635
1770609600,2026-02-09 04:00:00,0.1634,0.1641,0.162,0.1624
1770613200,2026-02-09 05:00:00,0.1624,0.1625,0.1616,0.1622
1770616800,2026-02-09 06:00:00,0.1622,0.1622,0.1603,0.1612
1770620400,2026-02-09 07:00:00,0.1612,0.1616,0.1601,0.1604
1770624000,2026-02-09 08:00:00,0.1604,0.1606,0.1579,0.1593
1770627600,2026-02-09 09:00:00,0.1593,0.1599,0.1583,0.1585
1770631200,2026-02-09 10:00:00,0.1586,0.1588,0.1563,0.1566
1770634800,2026-02-09 11:00:00,0.1567,0.158,0.1565,0.1569
1770638400,2026-02-09 12:00:00,0.157,0.1585,0.157,0.158
1770642000,2026-02-09 13:00:00,0.158,0.1584,0.1565,0.1566
1770645600,2026-02-09 14:00:00,0.1566,0.1598,0.1566,0.1593
1770649200,2026-02-09 15:00:00,0.1594,0.1607,0.157,0.1595
1770652800,2026-02-09 16:00:00,0.1595,0.1618,0.1586,0.1603
1770656400,2026-02-09 17:00:00,0.1602,0.1624,0.1594,0.1617
1770660000,2026-02-09 18:00:00,0.1617,0.1622,0.1599,0.161
1770663600,2026-02-09 19:00:00,0.161,0.1617,0.1605,0.1615
1770667200,2026-02-09 20:00:00,0.1615,0.162,0.1604,0.1617
1770670800,2026-02-09 21:00:00,0.1617,0.1618,0.1596,0.161
1770674400,2026-02-09 22:00:00,0.1609,0.1614,0.1603,0.1604
1770678000,2026-02-09 23:00:00,0.1604,0.1608,0.1594,0.1596
1770681600,2026-02-10 00:00:00,0.1596,0.1599,0.1593,0.1595
1770685200,2026-02-10 01:00:00,0.1595,0.161,0.1593,0.1607
1770688800,2026-02-10 02:00:00,0.1607,0.1608,0.1598,0.1599
1770692400,2026-02-10 03:00:00,0.16,0.1602,0.1571,0.158
1770696000,2026-02-10 04:00:00,0.1581,0.1596,0.158,0.1593
1770699600,2026-02-10 05:00:00,0.1593,0.1594,0.158,0.1584
1770703200,2026-02-10 06:00:00,0.1584,0.1588,0.1557,0.1563
1770706800,2026-02-10 07:00:00,0.1564,0.1576,0.1564,0.1569
1770710400,2026-02-10 08:00:00,0.1569,0.1574,0.1566,0.1572
1770714000,2026-02-10 09:00:00,0.1573,0.1579,0.1566,0.157
1770717600,2026-02-10 10:00:00,0.157,0.1572,0.1564,0.1566
1770721200,2026-02-10 11:00:00,0.1565,0.1569,0.1557,0.1558
1770724800,2026-02-10 12:00:00,0.1559,0.1563,0.155,0.1551
1770728400,2026-02-10 13:00:00,0.1552,0.1566,0.1548,0.1562
1770732000,2026-02-10 14:00:00,0.1561,0.1578,0.1555,0.1563
1770735600,2026-02-10 15:00:00,0.1563,0.1601,0.156,0.1594
1770739200,2026-02-10 16:00:00,0.1593,0.1597,0.1576,0.1583
1770742800,2026-02-10 17:00:00,0.1583,0.1597,0.1579,0.1592
1770746400,2026-02-10 18:00:00,0.1593,0.1594,0.1562,0.157
1770750000,2026-02-10 19:00:00,0.157,0.158,0.1563,0.1573
1770753600,2026-02-10 20:00:00,0.1573,0.1578,0.1567,0.1574
1770757200,2026-02-10 21:00:00,0.1573,0.1583,0.1566,0.1579
1770760800,2026-02-10 22:00:00,0.1579,0.1588,0.1574,0.1584
1770764400,2026-02-10 23:00:00,0.1583,0.1587,0.1578,0.1585
1770768000,2026-02-11 00:00:00,0.1585,0.1591,0.1582,0.1588
1770771600,2026-02-11 01:00:00,0.1587,0.1589,0.1579,0.1583
1770775200,2026-02-11 02:00:00,0.1583,0.1589,0.1577,0.1578
1770778800,2026-02-11 03:00:00,0.1578,0.1581,0.1565,0.1571
1770782400,2026-02-11 04:00:00,0.157,0.1574,0.1552,0.1554
1770786000,2026-02-11 05:00:00,0.1555,0.1563,0.1554,0.1556
1770789600,2026-02-11 06:00:00,0.1556,0.1558,0.1534,0.1537
1770793200,2026-02-11 07:00:00,0.1537,0.1545,0.1535,0.1541
1770796800,2026-02-11 08:00:00,0.154,0.1545,0.1536,0.1539
1770800400,2026-02-11 09:00:00,0.1539,0.1542,0.153,0.1532
1770804000,2026-02-11 10:00:00,0.1532,0.1533,0.1525,0.1531
1770807600,2026-02-11 11:00:00,0.1531,0.1543,0.1531,0.1541
1770811200,2026-02-11 12:00:00,0.1541,0.1542,0.1533,0.1535
1770814800,2026-02-11 13:00:00,0.1536,0.1547,0.1529,0.1545
1770818400,2026-02-11 14:00:00,0.1546,0.158,0.1522,0.1525
1770822000,2026-02-11 15:00:00,0.1525,0.1532,0.1506,0.1514
1770825600,2026-02-11 16:00:00,0.1515,0.1533,0.1507,0.1509
1770829200,2026-02-11 17:00:00,0.1508,0.1535,0.1508,0.1527
1770832800,2026-02-11 18:00:00,0.1527,0.1548,0.152,0.1542
1770836400,2026-02-11 19:00:00,0.1543,0.155,0.1536,0.1541
1770840000,2026-02-11 20:00:00,0.1541,0.1558,0.1533,0.1556
1770843600,2026-02-11 21:00:00,0.1556,0.1573,0.1552,0.1562
1770847200,2026-02-11 22:00:00,0.1563,0.1563,0.1544,0.1548
1770850800,2026-02-11 23:00:00,0.1548,0.1552,0.1537,0.1547
1770854400,2026-02-12 00:00:00,0.1547,0.1565,0.1547,0.156
1770858000,2026-02-12 01:00:00,0.156,0.1571,0.1559,0.1565
1770861600,2026-02-12 02:00:00,0.1564,0.1567,0.1558,0.156
1770865200,2026-02-12 03:00:00,0.156,0.1567,0.1559,0.1566
1770868800,2026-02-12 04:00:00,0.1565,0.1572,0.1562,0.1565
1770872400,2026-02-12 05:00:00,0.1565,0.1574,0.1558,0.1571
1770876000,2026-02-12 06:00:00,0.1571,0.1588,0.157,0.1582
1770879600,2026-02-12 07:00:00,0.1583,0.1591,0.1578,0.159
1770883200,2026-02-12 08:00:00,0.1591,0.1597,0.1585,0.159
1770886800,2026-02-12 09:00:00,0.159,0.1603,0.1587,0.16
1770890400,2026-02-12 10:00:00,0.1601,0.1607,0.1594,0.1607
1770894000,2026-02-12 11:00:00,0.1608,0.161,0.1599,0.1604
1770897600,2026-02-12 12:00:00,0.1604,0.161,0.1601,0.1605
1770901200,2026-02-12 13:00:00,0.1605,0.162,0.1598,0.1618
1770904800,2026-02-12 14:00:00,0.1619,0.162,0.1606,0.1613
1770908400,2026-02-12 15:00:00,0.1613,0.1636,0.16,0.1608
1770912000,2026-02-12 16:00:00,0.1608,0.1611,0.1558,0.1564
1770915600,2026-02-12 17:00:00,0.1565,0.1584,0.156,0.1565
1770919200,2026-02-12 18:00:00,0.1566,0.1574,0.1556,0.1563
1770922800,2026-02-12 19:00:00,0.1563,0.1581,0.1553,0.1564
1770926400,2026-02-12 20:00:00,0.1564,0.1567,0.1544,0.1548
1770930000,2026-02-12 21:00:00,0.1547,0.1553,0.1539,0.1544
1770933600,2026-02-12 22:00:00,0.1543,0.1567,0.154,0.1566
1770937200,2026-02-12 23:00:00,0.1565,0.1571,0.156,0.1563
1770940800,2026-02-13 00:00:00,0.1564,0.1571,0.1549,0.1555
1770944400,2026-02-13 01:00:00,0.1554,0.156,0.1547,0.1556
1770948000,2026-02-13 02:00:00,0.1556,0.1567,0.1551,0.1564
1770951600,2026-02-13 03:00:00,0.1563,0.1567,0.1556,0.1562
1770955200,2026-02-13 04:00:00,0.1563,0.1564,0.1548,0.1549
1770958800,2026-02-13 05:00:00,0.1549,0.1559,0.1548,0.1552
1770962400,2026-02-13 06:00:00,0.1552,0.1558,0.1545,0.1557
1770966000,2026-02-13 07:00:00,0.1557,0.1564,0.1553,0.1559
1770969600,2026-02-13 08:00:00,0.1559,0.1581,0.1558,0.1576
1770973200,2026-02-13 09:00:00,0.1577,0.1577,0.1568,0.1569
1770976800,2026-02-13 10:00:00,0.1569,0.1579,0.1568,0.1575
1770980400,2026-02-13 11:00:00,0.1574,0.1582,0.157,0.158
1770984000,2026-02-13 12:00:00,0.158,0.1581,0.1571,0.1577
1770987600,2026-02-13 13:00:00,0.1577,0.159,0.1574,0.1586
1770991200,2026-02-13 14:00:00,0.1585,0.1606,0.1576,0.1597
1770994800,2026-02-13 15:00:00,0.1597,0.1635,0.1594,0.1619
1770998400,2026-02-13 16:00:00,0.1619,0.166,0.1612,0.1654
1771002000,2026-02-13 17:00:00,0.1654,0.1667,0.1646,0.1654
1771005600,2026-02-13 18:00:00,0.1654,0.1658,0.1635,0.1645
1771009200,2026-02-13 19:00:00,0.1646,0.1653,0.1639,0.1647
1771012800,2026-02-13 20:00:00,0.1647,0.1655,0.1644,0.1655
1771016400,2026-02-13 21:00:00,0.1654,0.1661,0.1654,0.1658
1771020000,2026-02-13 22:00:00,0.1657,0.1663,0.1647,0.1649
1771023600,2026-02-13 23:00:00,0.165,0.1652,0.1644,0.1646
1771027200,2026-02-14 00:00:00,0.1646,0.1664,0.1645,0.1659
1771030800,2026-02-14 01:00:00,0.1659,0.1673,0.1658,0.166
1771034400,2026-02-14 02:00:00,0.1661,0.1665,0.1654,0.1658
1771038000,2026-02-14 03:00:00,0.1658,0.1669,0.1656,0.1666
1771041600,2026-02-14 04:00:00,0.1666,0.1668,0.1662,0.1663
1771045200,2026-02-14 05:00:00,0.1664,0.1669,0.1653,0.1656
1771048800,2026-02-14 06:00:00,0.1656,0.1662,0.1654,0.1661
1771052400,2026-02-14 07:00:00,0.1661,0.1672,0.1661,0.1671
1771056000,2026-02-14 08:00:00,0.167,0.1695,0.167,0.1693
1771059600,2026-02-14 09:00:00,0.1694,0.1705,0.1693,0.17
1771063200,2026-02-14 10:00:00,0.17,0.1706,0.1696,0.1704
1771066800,2026-02-14 11:00:00,0.1703,0.1728,0.1698,0.1703
1771070400,2026-02-14 12:00:00,0.1703,0.1711,0.1694,0.1698
1771074000,2026-02-14 13:00:00,0.1698,0.17,0.1681,0.1687
1771077600,2026-02-14 14:00:00,0.1688,0.1715,0.1686,0.1712
1771081200,2026-02-14 15:00:00,0.1711,0.1716,0.1705,0.1716
1771084800,2026-02-14 16:00:00,0.1716,0.1728,0.1705,0.1725
1771088400,2026-02-14 17:00:00,0.1725,0.1737,0.1719,0.1735
1771092000,2026-02-14 18:00:00,0.1734,0.1751,0.173,0.1751
1771095600,2026-02-14 19:00:00,0.1751,0.1765,0.1744,0.176
1771099200,2026-02-14 20:00:00,0.176,0.1768,0.1735,0.1741
1771102800,2026-02-14 21:00:00,0.1742,0.1754,0.173,0.1742
1771106400,2026-02-14 22:00:00,0.1742,0.1757,0.1739,0.175
1771110000,2026-02-14 23:00:00,0.1749,0.1754,0.1739,0.1744
1771113600,2026-02-15 00:00:00,0.1744,0.1756,0.1739,0.1751
1771117200,2026-02-15 01:00:00,0.1752,0.1765,0.1744,0.1756
1771120800,2026-02-15 02:00:00,0.1755,0.1766,0.1742,0.1759
1771124400,2026-02-15 03:00:00,0.1758,0.177,0.1732,0.1761
1771128000,2026-02-15 04:00:00,0.1762,0.1786,0.1761,0.1777
1771131600,2026-02-15 05:00:00,0.1777,0.1806,0.1775,0.1798
1771135200,2026-02-15 06:00:00,0.1797,0.1806,0.1789,0.1801
1771138800,2026-02-15 07:00:00,0.18,0.1836,0.1795,0.1836
1771142400,2026-02-15 08:00:00,0.1835,0.1858,0.1786,0.179
1771146000,2026-02-15 09:00:00,0.179,0.1795,0.1773,0.1778
1771149600,2026-02-15 10:00:00,0.1778,0.1781,0.1758,0.1768
1771153200,2026-02-15 11:00:00,0.1767,0.1773,0.1756,0.1761
1771156800,2026-02-15 12:00:00,0.1761,0.1765,0.1711,0.1713
1771160400,2026-02-15 13:00:00,0.1713,0.1732,0.1703,0.1713
1771164000,2026-02-15 14:00:00,0.1712,0.1734,0.1709,0.1731
1771167600,2026-02-15 15:00:00,0.1731,0.1745,0.1725,0.1731
1771171200,2026-02-15 16:00:00,0.173,0.173,0.1712,0.1727
1771174800,2026-02-15 17:00:00,0.1727,0.173,0.1685,0.1699
1771178400,2026-02-15 18:00:00,0.1699,0.1701,0.1682,0.1686
1771182000,2026-02-15 19:00:00,0.1686,0.1692,0.1675,0.1682
1771185600,2026-02-15 20:00:00,0.1682,0.1691,0.1675,0.1679
1771189200,2026-02-15 21:00:00,0.1679,0.1693,0.1678,0.1688
1771192800,2026-02-15 22:00:00,0.1688,0.1706,0.1685,0.1704
1771196400,2026-02-15 23:00:00,0.1704,0.1706,0.1687,0.1702
1771200000,2026-02-16 00:00:00,0.1703,0.1717,0.17,0.171
1771203600,2026-02-16 01:00:00,0.171,0.1716,0.1696,0.1703
1771207200,2026-02-16 02:00:00,0.1703,0.171,0.169,0.1691
1771210800,2026-02-16 03:00:00,0.1692,0.1694,0.1687,0.169
1771214400,2026-02-16 04:00:00,0.169,0.1704,0.1689,0.1702
1771218000,2026-02-16 05:00:00,0.1703,0.1708,0.1679,0.1685
1771221600,2026-02-16 06:00:00,0.1685,0.1692,0.1681,0.1687
1771225200,2026-02-16 07:00:00,0.1687,0.169,0.1679,0.1683
1771228800,2026-02-16 08:00:00,0.1684,0.169,0.1681,0.1684
1771232400,2026-02-16 09:00:00,0.1684,0.172,0.1684,0.1709
1771236000,2026-02-16 10:00:00,0.1708,0.1708,0.1694,0.1694
1771239600,2026-02-16 11:00:00,0.1694,0.1698,0.1672,0.1691
1771243200,2026-02-16 12:00:00,0.1691,0.1721,0.1685,0.1717
1771246800,2026-02-16 13:00:00,0.1717,0.1726,0.168,0.1686
1771250400,2026-02-16 14:00:00,0.1685,0.1707,0.1678,0.1695
1771254000,2026-02-16 15:00:00,0.1695,0.1707,0.1661,0.1671
1771257600,2026-02-16 16:00:00,0.1671,0.1689,0.167,0.1683
1771261200,2026-02-16 17:00:00,0.1683,0.1689,0.1676,0.1683
1771264800,2026-02-16 18:00:00,0.1683,0.1687,0.1674,0.1674
1771268400,2026-02-16 19:00:00,0.1675,0.1684,0.1671,0.1678
1771272000,2026-02-16 20:00:00,0.1677,0.1687,0.1672,0.1685
1771275600,2026-02-16 21:00:00,0.1685,0.1699,0.168,0.1696
1771279200,2026-02-16 22:00:00,0.1697,0.1704,0.1692,0.1693
1771282800,2026-02-16 23:00:00,0.1693,0.1703,0.1693,0.1698
1771286400,2026-02-17 00:00:00,0.1698,0.1699,0.1692,0.1694
1771290000,2026-02-17 01:00:00,0.1694,0.17,0.1689,0.1689
1771293600,2026-02-17 02:00:00,0.169,0.1704,0.1682,0.1697
1771297200,2026-02-17 03:00:00,0.1696,0.1697,0.168,0.168
1771300800,2026-02-17 04:00:00,0.1681,0.1688,0.1673,0.1685
1771304400,2026-02-17 05:00:00,0.1685,0.1686,0.1669,0.1678
1771308000,2026-02-17 06:00:00,0.1678,0.1682,0.1677,0.1677
1771311600,2026-02-17 07:00:00,0.1677,0.1678,0.1668,0.1673
1771315200,2026-02-17 08:00:00,0.1673,0.1676,0.1662,0.1664
1771318800,2026-02-17 09:00:00,0.1665,0.1666,0.1655,0.1661
1771322400,2026-02-17 10:00:00,0.166,0.1661,0.1651,0.1652
1771326000,2026-02-17 11:00:00,0.1653,0.1659,0.1652,0.1656
1771329600,2026-02-17 12:00:00,0.1657,0.1662,0.1652,0.1655
1771333200,2026-02-17 13:00:00,0.1656,0.1672,0.1653,0.1668
1771336800,2026-02-17 14:00:00,0.1667,0.1673,0.1642,0.1649
1771340400,2026-02-17 15:00:00,0.1649,0.1667,0.1647,0.1659
1771344000,2026-02-17 16:00:00,0.1659,0.1694,0.1658,0.1661
1771347600,2026-02-17 17:00:00,0.1661,0.1667,0.1642,0.1655
1771351200,2026-02-17 18:00:00,0.1655,0.1688,0.1653,0.1676
1771354800,2026-02-17 19:00:00,0.1676,0.1681,0.1667,0.1669
1771358400,2026-02-17 20:00:00,0.1669,0.167,0.1657,0.1666
1771362000,2026-02-17 21:00:00,0.1666,0.1675,0.1665,0.1669
1771365600,2026-02-17 22:00:00,0.167,0.1673,0.1659,0.1661
1771369200,2026-02-17 23:00:00,0.166,0.1661,0.1656,0.1657
1771372800,2026-02-18 00:00:00,0.1658,0.1662,0.165,0.1653
1771376400,2026-02-18 01:00:00,0.1653,0.1655,0.1644,0.1651
1771380000,2026-02-18 02:00:00,0.1651,0.1667,0.1651,0.1661
1771383600,2026-02-18 03:00:00,0.1661,0.1667,0.1659,0.1664
1771387200,2026-02-18 04:00:00,0.1663,0.1669,0.1662,0.1667
1771390800,2026-02-18 05:00:00,0.1668,0.1671,0.1663,0.1666
1771394400,2026-02-18 06:00:00,0.1666,0.1677,0.1665,0.1673
1771398000,2026-02-18 07:00:00,0.1673,0.1693,0.167,0.1691
1771401600,2026-02-18 08:00:00,0.169,0.1695,0.168,0.1682
1771405200,2026-02-18 09:00:00,0.1682,0.1687,0.1679,0.168
1771408800,2026-02-18 10:00:00,0.168,0.1685,0.1667,0.167
1771412400,2026-02-18 11:00:00,0.1671,0.1671,0.1655,0.1656
1771416000,2026-02-18 12:00:00,0.1657,0.1662,0.1651,0.1656
1771419600,2026-02-18 13:00:00,0.1655,0.1659,0.1646,0.1653
1771423200,2026-02-18 14:00:00,0.1654,0.1658,0.1641,0.1655
1771426800,2026-02-18 15:00:00,0.1655,0.1688,0.1654,0.1672
1771430400,2026-02-18 16:00:00,0.1671,0.1672,0.1643,0.1643
1771434000,2026-02-18 17:00:00,0.1643,0.1659,0.1638,0.1641
1771437600,2026-02-18 18:00:00,0.1641,0.1642,0.1623,0.1624
1771441200,2026-02-18 19:00:00,0.1624,0.1632,0.1611,0.1622
1771444800,2026-02-18 20:00:00,0.1622,0.1624,0.1612,0.1615
1771448400,2026-02-18 21:00:00,0.1616,0.1624,0.1611,0.1616
1771452000,2026-02-18 22:00:00,0.1616,0.1619,0.1611,0.1614
1771455600,2026-02-18 23:00:00,0.1613,0.1616,0.1608,0.1613
1771459200,2026-02-19 00:00:00,0.1613,0.1614,0.1604,0.1607
1771462800,2026-02-19 01:00:00,0.1607,0.1619,0.1607,0.1618
1771466400,2026-02-19 02:00:00,0.1619,0.1621,0.1612,0.1617
1771470000,2026-02-19 03:00:00,0.1618,0.1621,0.1613,0.1618
1771473600,2026-02-19 04:00:00,0.1618,0.162,0.1608,0.161
1771477200,2026-02-19 05:00:00,0.1609,0.1611,0.1599,0.1604
1771480800,2026-02-19 06:00:00,0.1603,0.1615,0.1603,0.1613
1771484400,2026-02-19 07:00:00,0.1614,0.1622,0.1609,0.1619
1771488000,2026-02-19 08:00:00,0.1619,0.162,0.1603,0.1605
1771491600,2026-02-19 09:00:00,0.1605,0.1613,0.1598,0.1599
1771495200,2026-02-19 10:00:00,0.1599,0.1605,0.1593,0.1597
1771498800,2026-02-19 11:00:00,0.1596,0.1602,0.1592,0.1595
1771502400,2026-02-19 12:00:00,0.1596,0.1597,0.1589,0.1591
1771506000,2026-02-19 13:00:00,0.1592,0.1594,0.1573,0.1579
1771509600,2026-02-19 14:00:00,0.158,0.16,0.1576,0.1591
1771513200,2026-02-19 15:00:00,0.1591,0.1599,0.1577,0.1588
1771516800,2026-02-19 16:00:00,0.1588,0.1594,0.1577,0.1584
1771520400,2026-02-19 17:00:00,0.1583,0.1601,0.1577,0.1581
1771524000,2026-02-19 18:00:00,0.1581,0.1603,0.1581,0.16
1771527600,2026-02-19 19:00:00,0.16,0.1603,0.1587,0.1596
1771531200,2026-02-19 20:00:00,0.1595,0.1601,0.1588,0.1598
1771534800,2026-02-19 21:00:00,0.1598,0.1601,0.1594,0.1595
1771538400,2026-02-19 22:00:00,0.1596,0.1598,0.1577,0.1584
1771542000,2026-02-19 23:00:00,0.1583,0.1591,0.1579,0.1591
1771545600,2026-02-20 00:00:00,0.159,0.1603,0.1588,0.1602
1771549200,2026-02-20 01:00:00,0.1602,0.1611,0.16,0.1606
1771552800,2026-02-20 02:00:00,0.1606,0.1609,0.1602,0.1602
1771556400,2026-02-20 03:00:00,0.1601,0.1607,0.1598,0.16
1771560000,2026-02-20 04:00:00,0.16,0.1602,0.1589,0.1595
1771563600,2026-02-20 05:00:00,0.1595,0.1618,0.1591,0.161
1771567200,2026-02-20 06:00:00,0.1611,0.1619,0.1607,0.1614
1771570800,2026-02-20 07:00:00,0.1614,0.1614,0.1606,0.1609
1771574400,2026-02-20 08:00:00,0.1609,0.1611,0.1604,0.1609
1771578000,2026-02-20 09:00:00,0.1609,0.162,0.1608,0.1619
1771581600,2026-02-20 10:00:00,0.1618,0.1627,0.1618,0.162
1771585200,2026-02-20 11:00:00,0.1621,0.1623,0.1609,0.1612
1771588800,2026-02-20 12:00:00,0.1611,0.1618,0.1608,0.1609
1771592400,2026-02-20 13:00:00,0.1609,0.161,0.1575,0.1582
1771596000,2026-02-20 14:00:00,0.1581,0.1612,0.1581,0.1605
1771599600,2026-02-20 15:00:00,0.1606,0.1638,0.1605,0.1637
1771603200,2026-02-20 16:00:00,0.1637,0.1651,0.1623,0.1635
1771606800,2026-02-20 17:00:00,0.1634,0.1634,0.1602,0.1631
1771610400,2026-02-20 18:00:00,0.1631,0.164,0.162,0.1628
1771614000,2026-02-20 19:00:00,0.1628,0.1631,0.1614,0.1619
1771617600,2026-02-20 20:00:00,0.1619,0.1623,0.161,0.1616
1771621200,2026-02-20 21:00:00,0.1616,0.162,0.1614,0.1618
1771624800,2026-02-20 22:00:00,0.1619,0.1628,0.1614,0.1625
1771628400,2026-02-20 23:00:00,0.1625,0.163,0.1622,0.1627
1771632000,2026-02-21 00:00:00,0.1626,0.1628,0.1616,0.1617
1771635600,2026-02-21 01:00:00,0.1617,0.1625,0.1616,0.1624
1771639200,2026-02-21 02:00:00,0.1624,0.163,0.1622,0.1624
1771642800,2026-02-21 03:00:00,0.1625,0.1625,0.1615,0.1619
1771646400,2026-02-21 04:00:00,0.1619,0.1622,0.1617,0.1622
1771650000,2026-02-21 05:00:00,0.1622,0.1626,0.1619,0.162
1771653600,2026-02-21 06:00:00,0.162,0.1622,0.1614,0.1618
1771657200,2026-02-21 07:00:00,0.1618,0.162,0.1614,0.1619
1771660800,2026-02-21 08:00:00,0.1618,0.1629,0.1616,0.1627
1771664400,2026-02-21 09:00:00,0.1628,0.1641,0.1626,0.1632
1771668000,2026-02-21 10:00:00,0.1631,0.1635,0.1628,0.1631
1771671600,2026-02-21 11:00:00,0.163,0.1634,0.1627,0.163
1771675200,2026-02-21 12:00:00,0.1631,0.1633,0.1626,0.163
1771678800,2026-02-21 13:00:00,0.1629,0.1636,0.1627,0.1635
1771682400,2026-02-21 14:00:00,0.1635,0.1645,0.1633,0.1638
1771686000,2026-02-21 15:00:00,0.1639,0.1642,0.163,0.1633
1771689600,2026-02-21 16:00:00,0.1633,0.1634,0.1618,0.1621
1771693200,2026-02-21 17:00:00,0.162,0.1623,0.1616,0.1619
1771696800,2026-02-21 18:00:00,0.162,0.1633,0.162,0.1629
1771700400,2026-02-21 19:00:00,0.163,0.1638,0.1625,0.1627
1771704000,2026-02-21 20:00:00,0.1627,0.1628,0.1616,0.1617
1771707600,2026-02-21 21:00:00,0.1617,0.1625,0.1615,0.1624
1771711200,2026-02-21 22:00:00,0.1623,0.1626,0.1613,0.1615
1771714800,2026-02-21 23:00:00,0.1614,0.1615,0.161,0.161
1771718400,2026-02-22 00:00:00,0.161,0.1611,0.1602,0.1606
1771722000,2026-02-22 01:00:00,0.1606,0.1606,0.1596,0.1599
1771725600,2026-02-22 02:00:00,0.1598,0.16,0.154,0.1556
1771729200,2026-02-22 03:00:00,0.1556,0.1578,0.1544,0.1559
1771732800,2026-02-22 04:00:00,0.1559,0.1565,0.1554,0.1559
1771736400,2026-02-22 05:00:00,0.156,0.1567,0.1552,0.1554
1771740000,2026-02-22 06:00:00,0.1555,0.1557,0.1548,0.1554
1771743600,2026-02-22 07:00:00,0.1554,0.1561,0.1553,0.1558
1771747200,2026-02-22 08:00:00,0.1558,0.1565,0.1556,0.1561
1771750800,2026-02-22 09:00:00,0.156,0.157,0.1559,0.1566
1771754400,2026-02-22 10:00:00,0.1567,0.1571,0.1563,0.1564
1771758000,2026-02-22 11:00:00,0.1563,0.1568,0.1563,0.1566
1771761600,2026-02-22 12:00:00,0.1567,0.1567,0.1552,0.1553
1771765200,2026-02-22 13:00:00,0.1554,0.1556,0.1548,0.1551
1771768800,2026-02-22 14:00:00,0.1551,0.1552,0.1541,0.1546
1771772400,2026-02-22 15:00:00,0.1546,0.155,0.1538,0.1544
1771776000,2026-02-22 16:00:00,0.1544,0.155,0.154,0.1549
1771779600,2026-02-22 17:00:00,0.1549,0.1554,0.154,0.1542
1771783200,2026-02-22 18:00:00,0.1542,0.1559,0.1538,0.1555
1771786800,2026-02-22 19:00:00,0.1554,0.1555,0.155,0.1553
1771790400,2026-02-22 20:00:00,0.1552,0.1554,0.1546,0.1546
1771794000,2026-02-22 21:00:00,0.1547,0.1551,0.1543,0.1548
1771797600,2026-02-22 22:00:00,0.1549,0.1554,0.1547,0.1553
1771801200,2026-02-22 23:00:00,0.1553,0.1554,0.1546,0.155
1771804800,2026-02-23 00:00:00,0.1549,0.1554,0.153,0.1532
1771808400,2026-02-23 01:00:00,0.1532,0.1532,0.1492,0.15
1771812000,2026-02-23 02:00:00,0.15,0.151,0.1498,0.1506
1771815600,2026-02-23 03:00:00,0.1507,0.1517,0.1503,0.1509
1771819200,2026-02-23 04:00:00,0.1509,0.1512,0.1497,0.1502
1771822800,2026-02-23 05:00:00,0.1502,0.1515,0.1502,0.1511
1771826400,2026-02-23 06:00:00,0.151,0.1536,0.1509,0.1534
1771830000,2026-02-23 07:00:00,0.1533,0.1538,0.1529,0.1533
1771833600,2026-02-23 08:00:00,0.1533,0.1534,0.1524,0.1525
1771837200,2026-02-23 09:00:00,0.1526,0.1553,0.1526,0.1553
1771840800,2026-02-23 10:00:00,0.1553,0.1561,0.1549,0.156
1771844400,2026-02-23 11:00:00,0.156,0.1569,0.1559,0.1561
1771848000,2026-02-23 12:00:00,0.156,0.1574,0.1554,0.1565
1771851600,2026-02-23 13:00:00,0.1566,0.1568,0.1552,0.1553
1771855200,2026-02-23 14:00:00,0.1553,0.1557,0.1539,0.1553
1771858800,2026-02-23 15:00:00,0.1554,0.1557,0.153,0.1531
1771862400,2026-02-23 16:00:00,0.1531,0.1532,0.1509,0.1516
1771866000,2026-02-23 17:00:00,0.1516,0.1519,0.1494,0.1511
1771869600,2026-02-23 18:00:00,0.1511,0.1521,0.1506,0.1509
1771873200,2026-02-23 19:00:00,0.1509,0.1512,0.1502,0.1507
1771876800,2026-02-23 20:00:00,0.1506,0.1517,0.1503,0.1515
1771880400,2026-02-23 21:00:00,0.1515,0.1522,0.1513,0.1519
1771884000,2026-02-23 22:00:00,0.152,0.1527,0.1517,0.1518
1771887600,2026-02-23 23:00:00,0.1518,0.1522,0.1512,0.1514
1771891200,2026-02-24 00:00:00,0.1514,0.1521,0.1514,0.1521
1771894800,2026-02-24 01:00:00,0.1521,0.1526,0.1496,0.1518
1771898400,2026-02-24 02:00:00,0.1517,0.1522,0.1509,0.1512
1771902000,2026-02-24 03:00:00,0.1511,0.1512,0.1498,0.1503
1771905600,2026-02-24 04:00:00,0.1504,0.1505,0.1491,0.1498
1771909200,2026-02-24 05:00:00,0.1497,0.1504,0.1486,0.1492
1771912800,2026-02-24 06:00:00,0.1492,0.1498,0.149,0.1492
1771916400,2026-02-24 07:00:00,0.1493,0.15,0.1489,0.1492
1771920000,2026-02-24 08:00:00,0.1493,0.1503,0.1488,0.1502
1771923600,2026-02-24 09:00:00,0.1502,0.1503,0.1486,0.1496
1771927200,2026-02-24 10:00:00,0.1495,0.1496,0.1489,0.1493
1771930800,2026-02-24 11:00:00,0.1493,0.1496,0.149,0.1492
1771934400,2026-02-24 12:00:00,0.1493,0.1496,0.1488,0.149
1771938000,2026-02-24 13:00:00,0.149,0.1492,0.1474,0.1488
1771941600,2026-02-24 14:00:00,0.1488,0.151,0.1479,0.1499
1771945200,2026-02-24 15:00:00,0.1499,0.1512,0.1496,0.1504
1771948800,2026-02-24 16:00:00,0.1505,0.1517,0.1496,0.1508
1771952400,2026-02-24 17:00:00,0.1508,0.151,0.15,0.1505
1771956000,2026-02-24 18:00:00,0.1505,0.1513,0.1498,0.151
1771959600,2026-02-24 19:00:00,0.151,0.1514,0.1503,0.1508
1771963200,2026-02-24 20:00:00,0.1509,0.1512,0.1505,0.1509
1771966800,2026-02-24 21:00:00,0.1508,0.1508,0.1496,0.1499
1771970400,2026-02-24 22:00:00,0.1499,0.1509,0.1498,0.1502
1771974000,2026-02-24 23:00:00,0.1502,0.1504,0.1495,0.1496
1771977600,2026-02-25 00:00:00,0.1496,0.1508,0.1493,0.1505
1771981200,2026-02-25 01:00:00,0.1505,0.1555,0.1504,0.1539
1771984800,2026-02-25 02:00:00,0.1538,0.1553,0.1537,0.1543
1771988400,2026-02-25 03:00:00,0.1542,0.1545,0.153,0.1531
1771992000,2026-02-25 04:00:00,0.1532,0.1537,0.1523,0.1533
1771995600,2026-02-25 05:00:00,0.1533,0.1533,0.1508,0.1515
1771999200,2026-02-25 06:00:00,0.1515,0.152,0.1514,0.1518
1772002800,2026-02-25 07:00:00,0.1518,0.1532,0.1518,0.1531
1772006400,2026-02-25 08:00:00,0.1532,0.154,0.1526,0.154
1772010000,2026-02-25 09:00:00,0.1539,0.1546,0.1535,0.1545
1772013600,2026-02-25 10:00:00,0.1545,0.1549,0.1541,0.1542
1772017200,2026-02-25 11:00:00,0.1542,0.155,0.1536,0.1549
1772020800,2026-02-25 12:00:00,0.1549,0.1573,0.1547,0.157
1772024400,2026-02-25 13:00:00,0.157,0.1588,0.1568,0.1583
1772028000,2026-02-25 14:00:00,0.1583,0.1611,0.1583,0.161
1772031600,2026-02-25 15:00:00,0.161,0.1619,0.1599,0.1617
1772035200,2026-02-25 16:00:00,0.1618,0.1658,0.1618,0.1637
1772038800,2026-02-25 17:00:00,0.1637,0.1667,0.1637,0.1657
1772042400,2026-02-25 18:00:00,0.1658,0.168,0.165,0.1661
1772046000,2026-02-25 19:00:00,0.1662,0.1664,0.1646,0.1662
1772049600,2026-02-25 20:00:00,0.1663,0.168,0.1663,0.1671
1772053200,2026-02-25 21:00:00,0.1671,0.1694,0.1663,0.1683
1772056800,2026-02-25 22:00:00,0.1683,0.1691,0.1649,0.1654
1772060400,2026-02-25 23:00:00,0.1654,0.1662,0.1613,0.1627
1772064000,2026-02-26 00:00:00,0.1627,0.164,0.1616,0.1634
1772067600,2026-02-26 01:00:00,0.1634,0.1644,0.1624,0.1625
1772071200,2026-02-26 02:00:00,0.1626,0.1638,0.1617,0.1636
1772074800,2026-02-26 03:00:00,0.1636,0.1639,0.1628,0.1635
1772078400,2026-02-26 04:00:00,0.1634,0.1655,0.1632,0.1646
1772082000,2026-02-26 05:00:00,0.1646,0.1647,0.1629,0.1634
1772085600,2026-02-26 06:00:00,0.1634,0.164,0.1624,0.1626
1772089200,2026-02-26 07:00:00,0.1626,0.1631,0.1623,0.1626
1772092800,2026-02-26 08:00:00,0.1626,0.1642,0.1626,0.1631
1772096400,2026-02-26 09:00:00,0.1631,0.1652,0.163,0.1649
1772100000,2026-02-26 10:00:00,0.1649,0.1652,0.1636,0.1639
1772103600,2026-02-26 11:00:00,0.1639,0.1641,0.1632,0.1635
1772107200,2026-02-26 12:00:00,0.1635,0.1646,0.1633,0.1642
1772110800,2026-02-26 13:00:00,0.1643,0.1647,0.1632,0.164
1772114400,2026-02-26 14:00:00,0.164,0.1643,0.1622,0.1636
1772118000,2026-02-26 15:00:00,0.1635,0.1636,0.1604,0.1624
1772121600,2026-02-26 16:00:00,0.1623,0.1624,0.1585,0.1587
1772125200,2026-02-26 17:00:00,0.1586,0.1599,0.1584,0.1591
1772128800,2026-02-26 18:00:00,0.1591,0.1608,0.1584,0.1603
1772132400,2026-02-26 19:00:00,0.1603,0.1621,0.1603,0.1613
1772136000,2026-02-26 20:00:00,0.1612,0.1619,0.1608,0.1611
1772139600,2026-02-26 21:00:00,0.1611,0.162,0.1609,0.1617
1772143200,2026-02-26 22:00:00,0.1616,0.1628,0.1615,0.1626
1772146800,2026-02-26 23:00:00,0.1626,0.1626,0.1619,0.1622
1772150400,2026-02-27 00:00:00,0.1623,0.1625,0.1609,0.1617
1772154000,2026-02-27 01:00:00,0.1617,0.1621,0.161,0.1621
1772157600,2026-02-27 02:00:00,0.162,0.1628,0.1618,0.162
1772161200,2026-02-27 03:00:00,0.162,0.1633,0.1614,0.1632
1772164800,2026-02-27 04:00:00,0.1631,0.1651,0.1631,0.1642
1772168400,2026-02-27 05:00:00,0.1643,0.1655,0.1641,0.1648
1772172000,2026-02-27 06:00:00,0.1648,0.1666,0.1643,0.1659
1772175600,2026-02-27 07:00:00,0.1659,0.1663,0.1648,0.166
1772179200,2026-02-27 08:00:00,0.166,0.1668,0.1657,0.1664
1772182800,2026-02-27 09:00:00,0.1663,0.1668,0.1637,0.1639
1772186400,2026-02-27 10:00:00,0.1639,0.164,0.161,0.1611
1772190000,2026-02-27 11:00:00,0.1611,0.1617,0.1592,0.1596
1772193600,2026-02-27 12:00:00,0.1595,0.16,0.1582,0.1587
1772197200,2026-02-27 13:00:00,0.1587,0.1595,0.1576,0.1593
1772200800,2026-02-27 14:00:00,0.1592,0.1597,0.1582,0.1583
1772204400,2026-02-27 15:00:00,0.1583,0.1604,0.1583,0.1601
1772208000,2026-02-27 16:00:00,0.1601,0.1604,0.1576,0.1578
1772211600,2026-02-27 17:00:00,0.1578,0.1588,0.1567,0.1588
1772215200,2026-02-27 18:00:00,0.1587,0.1589,0.1579,0.1581
1772218800,2026-02-27 19:00:00,0.1581,0.1581,0.1569,0.1575
1772222400,2026-02-27 20:00:00,0.1575,0.158,0.1573,0.1577
1772226000,2026-02-27 21:00:00,0.1578,0.1581,0.157,0.1575
1772229600,2026-02-27 22:00:00,0.1575,0.1582,0.1563,0.158
1772233200,2026-02-27 23:00:00,0.158,0.159,0.1579,0.1588
1772236800,2026-02-28 00:00:00,0.1587,0.1594,0.1583,0.1594
1772240400,2026-02-28 01:00:00,0.1593,0.1599,0.1585,0.1588
1772244000,2026-02-28 02:00:00,0.1588,0.1596,0.1587,0.1594
1772247600,2026-02-28 03:00:00,0.1593,0.1593,0.158,0.1582
1772251200,2026-02-28 04:00:00,0.1581,0.1583,0.1572,0.158
1772254800,2026-02-28 05:00:00,0.158,0.1583,0.1568,0.1572
1772258400,2026-02-28 06:00:00,0.1572,0.1572,0.1504,0.1507
1772262000,2026-02-28 07:00:00,0.1506,0.1541,0.15,0.1512
1772265600,2026-02-28 08:00:00,0.1512,0.1512,0.1485,0.1488
1772269200,2026-02-28 09:00:00,0.1487,0.1497,0.148,0.1486
1772272800,2026-02-28 10:00:00,0.1486,0.1499,0.1479,0.1487
1772276400,2026-02-28 11:00:00,0.1487,0.1501,0.1484,0.1485
1772280000,2026-02-28 12:00:00,0.1484,0.1494,0.1483,0.149
1772283600,2026-02-28 13:00:00,0.149,0.1526,0.1484,0.1525
1772287200,2026-02-28 14:00:00,0.1526,0.1532,0.151,0.1513
1772290800,2026-02-28 15:00:00,0.1513,0.1521,0.1503,0.1517
1772294400,2026-02-28 16:00:00,0.1516,0.1525,0.1507,0.152
1772298000,2026-02-28 17:00:00,0.152,0.1521,0.1504,0.152
1772301600,2026-02-28 18:00:00,0.1519,0.1552,0.1514,0.1544
1772305200,2026-02-28 19:00:00,0.1544,0.156,0.1535,0.1553
1772308800,2026-02-28 20:00:00,0.1552,0.1582,0.155,0.158
1772312400,2026-02-28 21:00:00,0.1581,0.1581,0.1557,0.1569
1772316000,2026-02-28 22:00:00,0.157,0.1603,0.157,0.16
1772319600,2026-02-28 23:00:00,0.16,0.1602,0.1589,0.159
1772323200,2026-03-01 00:00:00,0.159,0.1598,0.1582,0.1592
1772326800,2026-03-01 01:00:00,0.1592,0.1623,0.1572,0.1613
1772330400,2026-03-01 02:00:00,0.1614,0.1646,0.1614,0.1635
1772334000,2026-03-01 03:00:00,0.1635,0.1641,0.1619,0.1624
1772337600,2026-03-01 04:00:00,0.1624,0.1629,0.1612,0.1621
1772341200,2026-03-01 05:00:00,0.1621,0.1624,0.1617,0.1618
1772344800,2026-03-01 06:00:00,0.1618,0.1619,0.1594,0.1598
1772348400,2026-03-01 07:00:00,0.1599,0.161,0.1595,0.1608
1772352000,2026-03-01 08:00:00,0.1609,0.1615,0.1581,0.1583
1772355600,2026-03-01 09:00:00,0.1583,0.1595,0.1574,0.1576
1772359200,2026-03-01 10:00:00,0.1576,0.1583,0.1568,0.1576
1772362800,2026-03-01 11:00:00,0.1577,0.1579,0.1564,0.1575
1772366400,2026-03-01 12:00:00,0.1574,0.1576,0.156,0.1562
1772370000,2026-03-01 13:00:00,0.1562,0.1594,0.1552,0.1586
1772373600,2026-03-01 14:00:00,0.1587,0.1604,0.1575,0.1581
1772377200,2026-03-01 15:00:00,0.158,0.1592,0.1578,0.1579
1772380800,2026-03-01 16:00:00,0.158,0.1588,0.1554,0.1563
1772384400,2026-03-01 17:00:00,0.1563,0.1564,0.1546,0.1553
1772388000,2026-03-01 18:00:00,0.1554,0.1572,0.1553,0.1558
1772391600,2026-03-01 19:00:00,0.1559,0.1559,0.1541,0.1543
1772395200,2026-03-01 20:00:00,0.1544,0.1544,0.1518,0.1522
1772398800,2026-03-01 21:00:00,0.1522,0.154,0.1522,0.1535
1772402400,2026-03-01 22:00:00,0.1536,0.1559,0.1533,0.1534
1772406000,2026-03-01 23:00:00,0.1533,0.1553,0.1532,0.1541
1772409600,2026-03-02 00:00:00,0.1542,0.1561,0.1537,0.1558
1772413200,2026-03-02 01:00:00,0.1558,0.1574,0.1554,0.1561
1772416800,2026-03-02 02:00:00,0.1561,0.1564,0.1546,0.1552
1772420400,2026-03-02 03:00:00,0.1551,0.1567,0.1545,0.156
1772424000,2026-03-02 04:00:00,0.1561,0.1562,0.1552,0.1554
1772427600,2026-03-02 05:00:00,0.1555,0.1561,0.1547,0.1551
1772431200,2026-03-02 06:00:00,0.1551,0.1551,0.1531,0.1538
1772434800,2026-03-02 07:00:00,0.1539,0.1539,0.1522,0.153
1772438400,2026-03-02 08:00:00,0.153,0.1539,0.1518,0.1536
1772442000,2026-03-02 09:00:00,0.1536,0.1551,0.1535,0.1537
1772445600,2026-03-02 10:00:00,0.1538,0.1541,0.1533,0.1538
1772449200,2026-03-02 11:00:00,0.1538,0.1543,0.153,0.1535
1772452800,2026-03-02 12:00:00,0.1535,0.1538,0.1528,0.1533
1772456400,2026-03-02 13:00:00,0.1533,0.1537,0.1527,0.1529
1772460000,2026-03-02 14:00:00,0.1529,0.1574,0.1521,0.157
1772463600,2026-03-02 15:00:00,0.157,0.1616,0.1568,0.1603
1772467200,2026-03-02 16:00:00,0.1604,0.1622,0.1591,0.1594
1772470800,2026-03-02 17:00:00,0.1595,0.1598,0.1569,0.1583
1772474400,2026-03-02 18:00:00,0.1583,0.1591,0.1571,0.1581
1772478000,2026-03-02 19:00:00,0.1582,0.1587,0.1573,0.1585
1772481600,2026-03-02 20:00:00,0.1585,0.1593,0.1574,0.1578
1772485200,2026-03-02 21:00:00,0.1578,0.158,0.1558,0.1566
1772488800,2026-03-02 22:00:00,0.1567,0.1578,0.1566,0.1571
1772492400,2026-03-02 23:00:00,0.1572,0.1573,0.155,0.1557
1772496000,2026-03-03 00:00:00,0.1558,0.1558,0.1532,0.1545
1772499600,2026-03-03 01:00:00,0.1544,0.1548,0.1534,0.1534
1772503200,2026-03-03 02:00:00,0.1535,0.1535,0.1524,0.1528
1772506800,2026-03-03 03:00:00,0.1528,0.1538,0.1522,0.1529
1772510400,2026-03-03 04:00:00,0.153,0.1533,0.1519,0.1522
1772514000,2026-03-03 05:00:00,0.1522,0.1536,0.1518,0.1524
1772517600,2026-03-03 06:00:00,0.1525,0.1527,0.1514,0.152
1772521200,2026-03-03 07:00:00,0.1519,0.1529,0.1518,0.1526
1772524800,2026-03-03 08:00:00,0.1526,0.1529,0.1504,0.1507
1772528400,2026-03-03 09:00:00,0.1506,0.1512,0.15,0.1502
1772532000,2026-03-03 10:00:00,0.1501,0.1507,0.1493,0.1502
1772535600,2026-03-03 11:00:00,0.1501,0.151,0.1493,0.1509
1772539200,2026-03-03 12:00:00,0.1509,0.1526,0.1503,0.1506
1772542800,2026-03-03 13:00:00,0.1505,0.1505,0.1493,0.1495
1772546400,2026-03-03 14:00:00,0.1494,0.1517,0.1487,0.1497
1772550000,2026-03-03 15:00:00,0.1497,0.1512,0.1487,0.1508
1772553600,2026-03-03 16:00:00,0.1509,0.1538,0.15,0.1518
1772557200,2026-03-03 17:00:00,0.1518,0.153,0.1503,0.1527
1772560800,2026-03-03 18:00:00,0.1527,0.1538,0.1521,0.1524
1772564400,2026-03-03 19:00:00,0.1525,0.1526,0.151,0.1515
1772568000,2026-03-03 20:00:00,0.1514,0.1517,0.1504,0.1506
1772571600,2026-03-03 21:00:00,0.1506,0.1506,0.1497,0.1504
1772575200,2026-03-03 22:00:00,0.1504,0.1517,0.1504,0.1511
1772578800,2026-03-03 23:00:00,0.1511,0.1522,0.1511,0.1515
1772582400,2026-03-04 00:00:00,0.1516,0.1518,0.151,0.1514
1772586000,2026-03-04 01:00:00,0.1513,0.1527,0.151,0.1521
1772589600,2026-03-04 02:00:00,0.1522,0.1527,0.151,0.1522
1772593200,2026-03-04 03:00:00,0.1521,0.1522,0.1499,0.1509
1772596800,2026-03-04 04:00:00,0.1509,0.1513,0.1499,0.1506
1772600400,2026-03-04 05:00:00,0.1506,0.1514,0.1499,0.1509
1772604000,2026-03-04 06:00:00,0.1509,0.1509,0.15,0.1503
1772607600,2026-03-04 07:00:00,0.1504,0.1521,0.15,0.1519
1772611200,2026-03-04 08:00:00,0.1519,0.156,0.1517,0.1555
1772614800,2026-03-04 09:00:00,0.1556,0.1575,0.1546,0.1562
1772618400,2026-03-04 10:00:00,0.1563,0.1568,0.1545,0.1556
1772622000,2026-03-04 11:00:00,0.1556,0.156,0.1541,0.1546
1772625600,2026-03-04 12:00:00,0.1546,0.1547,0.1529,0.1543
1772629200,2026-03-04 13:00:00,0.1543,0.1553,0.1542,0.1548
1772632800,2026-03-04 14:00:00,0.1549,0.157,0.1544,0.1555
1772636400,2026-03-04 15:00:00,0.1555,0.1604,0.1555,0.1604
1772640000,2026-03-04 16:00:00,0.1604,0.1613,0.1581,0.1586
1772643600,2026-03-04 17:00:00,0.1587,0.161,0.1576,0.1601
1772647200,2026-03-04 18:00:00,0.1601,0.1627,0.1594,0.1626
1772650800,2026-03-04 19:00:00,0.1626,0.1659,0.1626,0.1635
1772654400,2026-03-04 20:00:00,0.1634,0.1659,0.163,0.1642
1772658000,2026-03-04 21:00:00,0.1643,0.1645,0.1617,0.1618
1772661600,2026-03-04 22:00:00,0.1618,0.1627,0.1599,0.1602
1772665200,2026-03-04 23:00:00,0.1602,0.1605,0.1588,0.1595
1772668800,2026-03-05 00:00:00,0.1596,0.1598,0.1586,0.1588
1772672400,2026-03-05 01:00:00,0.1588,0.1602,0.1582,0.1583
1772676000,2026-03-05 02:00:00,0.1583,0.1595,0.1576,0.1584
1772679600,2026-03-05 03:00:00,0.1583,0.1589,0.1578,0.1583
1772683200,2026-03-05 04:00:00,0.1583,0.1602,0.1582,0.1597
1772686800,2026-03-05 05:00:00,0.1597,0.1603,0.1583,0.1585
1772690400,2026-03-05 06:00:00,0.1586,0.1594,0.1574,0.1592
1772694000,2026-03-05 07:00:00,0.1593,0.1599,0.1572,0.1579
1772697600,2026-03-05 08:00:00,0.1579,0.1584,0.1575,0.1582
1772701200,2026-03-05 09:00:00,0.1581,0.1594,0.158,0.159
1772704800,2026-03-05 10:00:00,0.159,0.1611,0.1586,0.1606
1772708400,2026-03-05 11:00:00,0.1607,0.1608,0.1591,0.1596
1772712000,2026-03-05 12:00:00,0.1595,0.1601,0.1589,0.1598
1772715600,2026-03-05 13:00:00,0.1598,0.1598,0.1577,0.1588
1772719200,2026-03-05 14:00:00,0.1589,0.1611,0.1586,0.1607
1772722800,2026-03-05 15:00:00,0.1607,0.1608,0.1564,0.1567
1772726400,2026-03-05 16:00:00,0.1568,0.1568,0.1541,0.1557
1772730000,2026-03-05 17:00:00,0.1557,0.1567,0.1543,0.1547
1772733600,2026-03-05 18:00:00,0.1546,0.1559,0.1545,0.1557
1772737200,2026-03-05 19:00:00,0.1558,0.1577,0.1557,0.1566
1772740800,2026-03-05 20:00:00,0.1566,0.1586,0.1566,0.1582
1772744400,2026-03-05 21:00:00,0.1582,0.1587,0.1569,0.1572
1772748000,2026-03-05 22:00:00,0.1573,0.1582,0.1565,0.1576
1772751600,2026-03-05 23:00:00,0.1576,0.1579,0.1566,0.1569
1772755200,2026-03-06 00:00:00,0.1568,0.1572,0.1565,0.1572
1772758800,2026-03-06 01:00:00,0.1572,0.1591,0.1562,0.1589
1772762400,2026-03-06 02:00:00,0.1589,0.1606,0.1581,0.1593
1772766000,2026-03-06 03:00:00,0.1593,0.1599,0.1584,0.159
1772769600,2026-03-06 04:00:00,0.1591,0.1593,0.1571,0.1574
1772773200,2026-03-06 05:00:00,0.1575,0.1578,0.1564,0.1576
1772776800,2026-03-06 06:00:00,0.1575,0.1584,0.1574,0.158
1772780400,2026-03-06 07:00:00,0.158,0.1593,0.1576,0.1592
1772784000,2026-03-06 08:00:00,0.1592,0.1593,0.1582,0.1584
1772787600,2026-03-06 09:00:00,0.1584,0.1586,0.1564,0.1575
1772791200,2026-03-06 10:00:00,0.1575,0.1588,0.1575,0.1583
1772794800,2026-03-06 11:00:00,0.1582,0.1585,0.1566,0.1569
1772798400,2026-03-06 12:00:00,0.1568,0.1571,0.1552,0.1562
1772802000,2026-03-06 13:00:00,0.1563,0.1573,0.1545,0.1546
1772805600,2026-03-06 14:00:00,0.1546,0.1551,0.1515,0.1523
1772809200,2026-03-06 15:00:00,0.1522,0.1534,0.1512,0.1519
1772812800,2026-03-06 16:00:00,0.1519,0.1521,0.1509,0.1512
1772816400,2026-03-06 17:00:00,0.1511,0.1517,0.15,0.1507
1772820000,2026-03-06 18:00:00,0.1507,0.1524,0.1507,0.1519
1772823600,2026-03-06 19:00:00,0.1519,0.1526,0.1515,0.1517
1772827200,2026-03-06 20:00:00,0.1516,0.152,0.1508,0.1515
1772830800,2026-03-06 21:00:00,0.1515,0.1522,0.1511,0.1521
1772834400,2026-03-06 22:00:00,0.1521,0.1526,0.1516,0.1525
1772838000,2026-03-06 23:00:00,0.1525,0.1528,0.152,0.1522
1772841600,2026-03-07 00:00:00,0.1523,0.1533,0.1522,0.153
1772845200,2026-03-07 01:00:00,0.153,0.1531,0.1526,0.1526
1772848800,2026-03-07 02:00:00,0.1526,0.1529,0.1523,0.1528
1772852400,2026-03-07 03:00:00,0.1529,0.1536,0.1523,0.1524
1772856000,2026-03-07 04:00:00,0.1524,0.1524,0.1517,0.1521
1772859600,2026-03-07 05:00:00,0.1522,0.1526,0.1519,0.1525
1772863200,2026-03-07 06:00:00,0.1526,0.1526,0.1516,0.1517
1772866800,2026-03-07 07:00:00,0.1517,0.152,0.1513,0.1519
1772870400,2026-03-07 08:00:00,0.1518,0.1527,0.1515,0.1515
1772874000,2026-03-07 09:00:00,0.1515,0.1523,0.1512,0.1522
1772877600,2026-03-07 10:00:00,0.1522,0.1525,0.1517,0.1519
1772881200,2026-03-07 11:00:00,0.1519,0.1526,0.1515,0.1519
1772884800,2026-03-07 12:00:00,0.1519,0.152,0.1514,0.1515
1772888400,2026-03-07 13:00:00,0.1515,0.1517,0.1512,0.1514
1772892000,2026-03-07 14:00:00,0.1514,0.1516,0.1502,0.1514
1772895600,2026-03-07 15:00:00,0.1513,0.1514,0.1502,0.1508
1772899200,2026-03-07 16:00:00,0.1507,0.1511,0.1502,0.1505
1772902800,2026-03-07 17:00:00,0.1506,0.1514,0.1505,0.1512
1772906400,2026-03-07 18:00:00,0.1513,0.1513,0.1501,0.1505
1772910000,2026-03-07 19:00:00,0.1505,0.1506,0.1493,0.1498
1772913600,2026-03-07 20:00:00,0.1498,0.1507,0.1498,0.1505
1772917200,2026-03-07 21:00:00,0.1505,0.1512,0.1501,0.1504
1772920800,2026-03-07 22:00:00,0.1503,0.1504,0.1491,0.1496
1772924400,2026-03-07 23:00:00,0.1496,0.1505,0.1495,0.1504
1772928000,2026-03-08 00:00:00,0.1504,0.1507,0.1496,0.1498
1772931600,2026-03-08 01:00:00,0.1498,0.1501,0.1494,0.1499
1772935200,2026-03-08 02:00:00,0.1499,0.15,0.1485,0.149
1772938800,2026-03-08 03:00:00,0.149,0.1494,0.1487,0.1489
1772942400,2026-03-08 04:00:00,0.1488,0.149,0.1477,0.1481
1772946000,2026-03-08 05:00:00,0.148,0.1496,0.148,0.149
1772949600,2026-03-08 06:00:00,0.1491,0.1493,0.1486,0.1493
1772953200,2026-03-08 07:00:00,0.1492,0.1503,0.1491,0.15
1772956800,2026-03-08 08:00:00,0.15,0.1501,0.149,0.1499
1772960400,2026-03-08 09:00:00,0.1499,0.1511,0.1498,0.1507
1772964000,2026-03-08 10:00:00,0.1507,0.1523,0.1507,0.1515
1772967600,2026-03-08 11:00:00,0.1514,0.1514,0.1499,0.1501
1772971200,2026-03-08 12:00:00,0.1502,0.1508,0.1488,0.15
1772974800,2026-03-08 13:00:00,0.15,0.1502,0.1484,0.1494
1772978400,2026-03-08 14:00:00,0.1494,0.1498,0.1489,0.1494
1772982000,2026-03-08 15:00:00,0.1494,0.1495,0.1485,0.149
1772985600,2026-03-08 16:00:00,0.1489,0.149,0.1478,0.1481
1772989200,2026-03-08 17:00:00,0.1481,0.1489,0.148,0.1486
1772992800,2026-03-08 18:00:00,0.1487,0.1488,0.148,0.1485
1772996400,2026-03-08 19:00:00,0.1485,0.1505,0.1484,0.15
1773000000,2026-03-08 20:00:00,0.1499,0.1509,0.1494,0.1497
1773003600,2026-03-08 21:00:00,0.1498,0.1499,0.1486,0.1492
1773007200,2026-03-08 22:00:00,0.1492,0.1496,0.1469,0.1492
1773010800,2026-03-08 23:00:00,0.1492,0.1497,0.1481,0.1482
1773014400,2026-03-09 00:00:00,0.1482,0.1508,0.1481,0.1492
1773018000,2026-03-09 01:00:00,0.1492,0.1501,0.1484,0.1484
1773021600,2026-03-09 02:00:00,0.1484,0.15,0.148,0.1494
1773025200,2026-03-09 03:00:00,0.1494,0.1517,0.1491,0.1505
1773028800,2026-03-09 04:00:00,0.1505,0.1515,0.1503,0.1504
1773032400,2026-03-09 05:00:00,0.1504,0.1519,0.1493,0.1515
1773036000,2026-03-09 06:00:00,0.1516,0.1516,0.1498,0.1498
1773039600,2026-03-09 07:00:00,0.1498,0.1499,0.1481,0.1491
1773043200,2026-03-09 08:00:00,0.1491,0.15,0.1487,0.1493
1773046800,2026-03-09 09:00:00,0.1494,0.1509,0.1485,0.1498
1773050400,2026-03-09 10:00:00,0.1498,0.1501,0.1487,0.1491
1773054000,2026-03-09 11:00:00,0.149,0.1497,0.1483,0.1495
1773057600,2026-03-09 12:00:00,0.1495,0.1508,0.1493,0.1503
1773061200,2026-03-09 13:00:00,0.1502,0.1525,0.1502,0.152
1773064800,2026-03-09 14:00:00,0.1519,0.1528,0.1512,0.152
1773068400,2026-03-09 15:00:00,0.152,0.1523,0.15,0.1503
1773072000,2026-03-09 16:00:00,0.1503,0.1515,0.1502,0.151
1773075600,2026-03-09 17:00:00,0.1511,0.1516,0.1506,0.1513
1773079200,2026-03-09 18:00:00,0.1513,0.1519,0.1504,0.1509
1773082800,2026-03-09 19:00:00,0.151,0.154,0.1505,0.1521
1773086400,2026-03-09 20:00:00,0.1522,0.1525,0.1516,0.1523
1773090000,2026-03-09 21:00:00,0.1523,0.153,0.152,0.1527
1773093600,2026-03-09 22:00:00,0.1528,0.1529,0.1508,0.151
1773097200,2026-03-09 23:00:00,0.1509,0.1512,0.1505,0.1508
1773100800,2026-03-10 00:00:00,0.1508,0.1526,0.1506,0.152
1773104400,2026-03-10 01:00:00,0.152,0.1525,0.1512,0.1521
1773108000,2026-03-10 02:00:00,0.1522,0.1547,0.1519,0.1541
1773111600,2026-03-10 03:00:00,0.1541,0.1546,0.1535,0.1535
1773115200,2026-03-10 04:00:00,0.1535,0.1548,0.1534,0.1545
1773118800,2026-03-10 05:00:00,0.1545,0.1556,0.1544,0.1549
1773122400,2026-03-10 06:00:00,0.1549,0.1556,0.1544,0.1554
1773126000,2026-03-10 07:00:00,0.1553,0.1562,0.1551,0.1562
1773129600,2026-03-10 08:00:00,0.1562,0.1587,0.1561,0.1583
1773133200,2026-03-10 09:00:00,0.1584,0.1618,0.1583,0.1616
1773136800,2026-03-10 10:00:00,0.1617,0.1622,0.1606,0.1618
1773140400,2026-03-10 11:00:00,0.1618,0.1624,0.1604,0.1607
1773144000,2026-03-10 12:00:00,0.1606,0.1611,0.1598,0.1608
1773147600,2026-03-10 13:00:00,0.1608,0.1622,0.1596,0.1607
1773151200,2026-03-10 14:00:00,0.1607,0.1671,0.1588,0.1669
1773154800,2026-03-10 15:00:00,0.167,0.1679,0.1641,0.1655
1773158400,2026-03-10 16:00:00,0.1656,0.1674,0.1645,0.1661
1773162000,2026-03-10 17:00:00,0.1662,0.1666,0.1624,0.163
1773165600,2026-03-10 18:00:00,0.163,0.163,0.1603,0.161
1773169200,2026-03-10 19:00:00,0.1609,0.1615,0.1603,0.1606
1773172800,2026-03-10 20:00:00,0.1605,0.1615,0.1605,0.1611
1773176400,2026-03-10 21:00:00,0.161,0.1619,0.1588,0.1595
1773180000,2026-03-10 22:00:00,0.1595,0.1599,0.1588,0.159
1773183600,2026-03-10 23:00:00,0.1591,0.1593,0.1583,0.1586
1773187200,2026-03-11 00:00:00,0.1585,0.1593,0.1581,0.1588
1773190800,2026-03-11 01:00:00,0.1589,0.1589,0.1574,0.1578
1773194400,2026-03-11 02:00:00,0.1577,0.1579,0.1562,0.1568
1773198000,2026-03-11 03:00:00,0.1568,0.1571,0.1556,0.1568
1773201600,2026-03-11 04:00:00,0.1568,0.158,0.1565,0.1579
1773205200,2026-03-11 05:00:00,0.1579,0.1579,0.1559,0.1562
1773208800,2026-03-11 06:00:00,0.1562,0.1569,0.1559,0.1565
1773212400,2026-03-11 07:00:00,0.1564,0.1567,0.1555,0.1562
1773216000,2026-03-11 08:00:00,0.1561,0.1575,0.1561,0.1569
1773219600,2026-03-11 09:00:00,0.1569,0.157,0.1556,0.1558
1773223200,2026-03-11 10:00:00,0.1558,0.1571,0.1557,0.1568
1773226800,2026-03-11 11:00:00,0.1568,0.1577,0.1567,0.1574
1773230400,2026-03-11 12:00:00,0.1574,0.1594,0.1567,0.1583
1773234000,2026-03-11 13:00:00,0.1582,0.1623,0.1581,0.1603
1773237600,2026-03-11 14:00:00,0.1602,0.1616,0.1597,0.1603
1773241200,2026-03-11 15:00:00,0.1602,0.1606,0.1581,0.1594
1773244800,2026-03-11 16:00:00,0.1594,0.1604,0.1584,0.1601
1773248400,2026-03-11 17:00:00,0.1602,0.1612,0.1591,0.1602
1773252000,2026-03-11 18:00:00,0.1601,0.161,0.1596,0.1607
1773255600,2026-03-11 19:00:00,0.1608,0.161,0.1597,0.16
1773259200,2026-03-11 20:00:00,0.1599,0.1604,0.1595,0.1602
1773262800,2026-03-11 21:00:00,0.1602,0.1608,0.16,0.1606
1773266400,2026-03-11 22:00:00,0.1606,0.1607,0.1594,0.1598
1773270000,2026-03-11 23:00:00,0.1599,0.1603,0.1589,0.1592
1773273600,2026-03-12 00:00:00,0.1593,0.1596,0.159,0.1593
1773277200,2026-03-12 01:00:00,0.1592,0.1592,0.1584,0.1588
1773280800,2026-03-12 02:00:00,0.1588,0.1594,0.1575,0.1576
1773284400,2026-03-12 03:00:00,0.1575,0.158,0.1571,0.1575
1773288000,2026-03-12 04:00:00,0.1574,0.1578,0.1565,0.1566
1773291600,2026-03-12 05:00:00,0.1566,0.1569,0.1564,0.1568
1773295200,2026-03-12 06:00:00,0.1568,0.1574,0.1566,0.1574
1773298800,2026-03-12 07:00:00,0.1574,0.1587,0.1572,0.1585
1773302400,2026-03-12 08:00:00,0.1585,0.1594,0.1582,0.1591
1773306000,2026-03-12 09:00:00,0.1591,0.1601,0.1581,0.1594
1773309600,2026-03-12 10:00:00,0.1595,0.1604,0.1595,0.1601
1773313200,2026-03-12 11:00:00,0.16,0.1605,0.1594,0.1597
1773316800,2026-03-12 12:00:00,0.1596,0.1607,0.1594,0.1602
1773320400,2026-03-12 13:00:00,0.1601,0.1607,0.1589,0.1598
1773324000,2026-03-12 14:00:00,0.1599,0.1606,0.1574,0.1579
1773327600,2026-03-12 15:00:00,0.1579,0.1593,0.1573,0.1589
1773331200,2026-03-12 16:00:00,0.1589,0.1604,0.1581,0.1601
1773334800,2026-03-12 17:00:00,0.1601,0.1603,0.159,0.1595
1773338400,2026-03-12 18:00:00,0.1596,0.1597,0.1588,0.1589
1773342000,2026-03-12 19:00:00,0.1588,0.1604,0.1586,0.16
1773345600,2026-03-12 20:00:00,0.16,0.1603,0.159,0.1592
1773349200,2026-03-12 21:00:00,0.1592,0.1602,0.1592,0.1601
1773352800,2026-03-12 22:00:00,0.16,0.1603,0.1593,0.1599
1773356400,2026-03-12 23:00:00,0.1599,0.1611,0.1599,0.16
1773360000,2026-03-13 00:00:00,0.16,0.1638,0.1596,0.1621
1773363600,2026-03-13 01:00:00,0.1621,0.1633,0.162,0.163
1773367200,2026-03-13 02:00:00,0.163,0.1631,0.1616,0.162
1773370800,2026-03-13 03:00:00,0.1619,0.163,0.1613,0.1629
1773374400,2026-03-13 04:00:00,0.1628,0.1634,0.1621,0.1629
1773378000,2026-03-13 05:00:00,0.1629,0.1639,0.1623,0.1636
1773381600,2026-03-13 06:00:00,0.1637,0.1639,0.1621,0.1627
1773385200,2026-03-13 07:00:00,0.1626,0.1631,0.1623,0.1625
1773388800,2026-03-13 08:00:00,0.1625,0.1645,0.1622,0.1637
1773392400,2026-03-13 09:00:00,0.1636,0.1652,0.1636,0.1649
1773396000,2026-03-13 10:00:00,0.1649,0.1658,0.1649,0.1652
1773399600,2026-03-13 11:00:00,0.1653,0.1656,0.1649,0.1652
1773403200,2026-03-13 12:00:00,0.1651,0.167,0.1647,0.1665
1773406800,2026-03-13 13:00:00,0.1666,0.1682,0.1662,0.1673
1773410400,2026-03-13 14:00:00,0.1672,0.1683,0.1637,0.164
1773414000,2026-03-13 15:00:00,0.164,0.165,0.163,0.1635
1773417600,2026-03-13 16:00:00,0.1635,0.1649,0.163,0.1644
1773421200,2026-03-13 17:00:00,0.1644,0.1647,0.162,0.1625
1773424800,2026-03-13 18:00:00,0.1625,0.1633,0.162,0.1623
1773428400,2026-03-13 19:00:00,0.1623,0.163,0.1621,0.1627
1773432000,2026-03-13 20:00:00,0.1627,0.1644,0.1626,0.1643
1773435600,2026-03-13 21:00:00,0.1644,0.1664,0.1644,0.166
1773439200,2026-03-13 22:00:00,0.166,0.166,0.1632,0.164
1773442800,2026-03-13 23:00:00,0.1639,0.1647,0.1635,0.1641
1773446400,2026-03-14 00:00:00,0.164,0.1667,0.1638,0.1643
1773450000,2026-03-14 01:00:00,0.1643,0.165,0.1638,0.1649
1773453600,2026-03-14 02:00:00,0.1649,0.1653,0.1641,0.1644
1773457200,2026-03-14 03:00:00,0.1645,0.166,0.1645,0.165
1773460800,2026-03-14 04:00:00,0.1649,0.166,0.164,0.1641
1773464400,2026-03-14 05:00:00,0.1642,0.1644,0.163,0.1636
1773468000,2026-03-14 06:00:00,0.1635,0.1636,0.1625,0.1632
1773471600,2026-03-14 07:00:00,0.1632,0.1636,0.163,0.1633
1773475200,2026-03-14 08:00:00,0.1634,0.1638,0.1632,0.1634
1773478800,2026-03-14 09:00:00,0.1633,0.1637,0.1627,0.163
1773482400,2026-03-14 10:00:00,0.1629,0.163,0.1623,0.1628
1773486000,2026-03-14 11:00:00,0.1627,0.1642,0.1627,0.1641
1773489600,2026-03-14 12:00:00,0.1641,0.1648,0.1632,0.1636
1773493200,2026-03-14 13:00:00,0.1636,0.1655,0.1635,0.1648
1773496800,2026-03-14 14:00:00,0.1648,0.1655,0.1637,0.1638
1773500400,2026-03-14 15:00:00,0.1637,0.164,0.1633,0.1637
1773504000,2026-03-14 16:00:00,0.1636,0.1651,0.1636,0.165
1773507600,2026-03-14 17:00:00,0.165,0.1653,0.1644,0.1644
1773511200,2026-03-14 18:00:00,0.1644,0.165,0.1639,0.1647
1773514800,2026-03-14 19:00:00,0.1647,0.1647,0.1636,0.1637
1773518400,2026-03-14 20:00:00,0.1636,0.1643,0.1634,0.1641
1773522000,2026-03-14 21:00:00,0.164,0.1648,0.1632,0.1645
1773525600,2026-03-14 22:00:00,0.1645,0.1651,0.1644,0.1649
1773529200,2026-03-14 23:00:00,0.165,0.1666,0.165,0.1665
1773532800,2026-03-15 00:00:00,0.1666,0.1671,0.1654,0.1658
1773536400,2026-03-15 01:00:00,0.1658,0.1668,0.1657,0.1666
1773540000,2026-03-15 02:00:00,0.1665,0.1686,0.1665,0.168
1773543600,2026-03-15 03:00:00,0.1681,0.1688,0.1675,0.1677
1773547200,2026-03-15 04:00:00,0.1678,0.1685,0.1673,0.1679
1773550800,2026-03-15 05:00:00,0.168,0.1685,0.1669,0.1671
1773554400,2026-03-15 06:00:00,0.1671,0.1672,0.1654,0.1659
1773558000,2026-03-15 07:00:00,0.166,0.1666,0.1654,0.1661
1773561600,2026-03-15 08:00:00,0.1662,0.1672,0.1658,0.1672
1773565200,2026-03-15 09:00:00,0.1672,0.1687,0.1672,0.1675
1773568800,2026-03-15 10:00:00,0.1675,0.1685,0.1673,0.1675
1773572400,2026-03-15 11:00:00,0.1675,0.1679,0.1668,0.1674
1773576000,2026-03-15 12:00:00,0.1673,0.1684,0.1669,0.1683
1773579600,2026-03-15 13:00:00,0.1683,0.1692,0.1666,0.1681
1773583200,2026-03-15 14:00:00,0.1681,0.1685,0.1671,0.1678
1773586800,2026-03-15 15:00:00,0.1678,0.168,0.1671,0.1672
1773590400,2026-03-15 16:00:00,0.1671,0.1679,0.1666,0.167
1773594000,2026-03-15 17:00:00,0.167,0.1682,0.1668,0.1676
1773597600,2026-03-15 18:00:00,0.1677,0.168,0.1661,0.1664
1773601200,2026-03-15 19:00:00,0.1665,0.1672,0.1662,0.1666
1773604800,2026-03-15 20:00:00,0.1667,0.1682,0.1664,0.1674
1773608400,2026-03-15 21:00:00,0.1674,0.1692,0.167,0.1688
1773612000,2026-03-15 22:00:00,0.1688,0.1713,0.1675,0.1704
1773615600,2026-03-15 23:00:00,0.1705,0.1709,0.168,0.1693
1773619200,2026-03-16 00:00:00,0.1694,0.1701,0.1678,0.1682
1773622800,2026-03-16 01:00:00,0.1683,0.1689,0.1675,0.168
1773626400,2026-03-16 02:00:00,0.1679,0.1686,0.167,0.1682
1773630000,2026-03-16 03:00:00,0.1681,0.1715,0.1677,0.17
1773633600,2026-03-16 04:00:00,0.17,0.1724,0.17,0.1715
1773637200,2026-03-16 05:00:00,0.1715,0.1726,0.1704,0.1722
1773640800,2026-03-16 06:00:00,0.1722,0.1725,0.1709,0.1721
1773644400,2026-03-16 07:00:00,0.172,0.1739,0.172,0.1734
1773648000,2026-03-16 08:00:00,0.1733,0.1745,0.171,0.1712
1773651600,2026-03-16 09:00:00,0.1712,0.1729,0.171,0.1726
1773655200,2026-03-16 10:00:00,0.1726,0.173,0.1717,0.1723
1773658800,2026-03-16 11:00:00,0.1722,0.1724,0.1705,0.1715
1773662400,2026-03-16 12:00:00,0.1715,0.1729,0.1714,0.1723
1773666000,2026-03-16 13:00:00,0.1723,0.1744,0.172,0.1729
1773669600,2026-03-16 14:00:00,0.173,0.1745,0.1712,0.1745
1773673200,2026-03-16 15:00:00,0.1746,0.1756,0.1717,0.1719
1773676800,2026-03-16 16:00:00,0.1719,0.1746,0.1717,0.1741
1773680400,2026-03-16 17:00:00,0.1742,0.1748,0.1738,0.1745
1773684000,2026-03-16 18:00:00,0.1745,0.1762,0.1743,0.1748
1773687600,2026-03-16 19:00:00,0.1749,0.1758,0.1738,0.1745
1773691200,2026-03-16 20:00:00,0.1746,0.1756,0.1744,0.1749
1773694800,2026-03-16 21:00:00,0.1749,0.1762,0.1744,0.1749
1773698400,2026-03-16 22:00:00,0.1749,0.1768,0.1749,0.1764
1773702000,2026-03-16 23:00:00,0.1763,0.177,0.1748,0.176
1773705600,2026-03-17 00:00:00,0.1761,0.1781,0.1753,0.1775
1773709200,2026-03-17 01:00:00,0.1775,0.179,0.1769,0.179
1773712800,2026-03-17 02:00:00,0.179,0.182,0.1776,0.1811
1773716400,2026-03-17 03:00:00,0.181,0.1811,0.1752,0.1762
1773720000,2026-03-17 04:00:00,0.1762,0.1771,0.1733,0.1745
1773723600,2026-03-17 05:00:00,0.1745,0.1746,0.1733,0.1741
1773727200,2026-03-17 06:00:00,0.1741,0.175,0.173,0.1741
1773730800,2026-03-17 07:00:00,0.1741,0.1768,0.174,0.1755
1773734400,2026-03-17 08:00:00,0.1755,0.1762,0.1748,0.175
1773738000,2026-03-17 09:00:00,0.1751,0.1758,0.174,0.1749
1773741600,2026-03-17 10:00:00,0.1749,0.1751,0.1742,0.1745
1773745200,2026-03-17 11:00:00,0.1746,0.1751,0.174,0.174
1773748800,2026-03-17 12:00:00,0.1741,0.1743,0.1723,0.1727
1773752400,2026-03-17 13:00:00,0.1727,0.1741,0.1722,0.1729
1773756000,2026-03-17 14:00:00,0.1729,0.1739,0.1721,0.1736
1773759600,2026-03-17 15:00:00,0.1735,0.1747,0.1727,0.1737
1773763200,2026-03-17 16:00:00,0.1737,0.1752,0.1735,0.1744
1773766800,2026-03-17 17:00:00,0.1744,0.1759,0.1743,0.1758
1773770400,2026-03-17 18:00:00,0.1758,0.1765,0.1752,0.1756
1773774000,2026-03-17 19:00:00,0.1756,0.1757,0.1743,0.1745
1773777600,2026-03-17 20:00:00,0.1745,0.1753,0.1743,0.1752
1773781200,2026-03-17 21:00:00,0.1753,0.1762,0.1749,0.1753
1773784800,2026-03-17 22:00:00,0.1753,0.1758,0.174,0.1752
1773788400,2026-03-17 23:00:00,0.1751,0.1753,0.1736,0.1736
1773792000,2026-03-18 00:00:00,0.1737,0.1741,0.1723,0.1733
1773795600,2026-03-18 01:00:00,0.1732,0.1742,0.1732,0.174
1773799200,2026-03-18 02:00:00,0.174,0.1758,0.1739,0.1751
1773802800,2026-03-18 03:00:00,0.1752,0.1777,0.1748,0.1765
1773806400,2026-03-18 04:00:00,0.1766,0.1768,0.1749,0.1754
1773810000,2026-03-18 05:00:00,0.1755,0.1772,0.1748,0.1749
1773813600,2026-03-18 06:00:00,0.175,0.1763,0.1749,0.1753
1773817200,2026-03-18 07:00:00,0.1753,0.1753,0.1745,0.175
1773820800,2026-03-18 08:00:00,0.175,0.1759,0.1747,0.1748
1773824400,2026-03-18 09:00:00,0.1748,0.1751,0.1745,0.175
1773828000,2026-03-18 10:00:00,0.1751,0.1752,0.1733,0.1737
1773831600,2026-03-18 11:00:00,0.1736,0.1742,0.1705,0.171
1773835200,2026-03-18 12:00:00,0.1709,0.1709,0.1681,0.1687
1773838800,2026-03-18 13:00:00,0.1686,0.1697,0.1678,0.169
1773842400,2026-03-18 14:00:00,0.1691,0.1691,0.166,0.1662
1773846000,2026-03-18 15:00:00,0.1662,0.167,0.1652,0.1666
1773849600,2026-03-18 16:00:00,0.1666,0.1678,0.166,0.1674
1773853200,2026-03-18 17:00:00,0.1673,0.1691,0.1669,0.1686
1773856800,2026-03-18 18:00:00,0.1687,0.1706,0.1679,0.1684
1773860400,2026-03-18 19:00:00,0.1683,0.1693,0.1677,0.1683
1773864000,2026-03-18 20:00:00,0.1683,0.1698,0.1671,0.1694
1773867600,2026-03-18 21:00:00,0.1694,0.1708,0.1693,0.1701
1773871200,2026-03-18 22:00:00,0.1701,0.1701,0.1691,0.1698
1773874800,2026-03-18 23:00:00,0.1698,0.1703,0.1692,0.1702
1773878400,2026-03-19 00:00:00,0.1702,0.1702,0.1688,0.1688
1773882000,2026-03-19 01:00:00,0.1689,0.1689,0.1681,0.1684
1773885600,2026-03-19 02:00:00,0.1683,0.1692,0.1678,0.1686
1773889200,2026-03-19 03:00:00,0.1686,0.1709,0.1685,0.1699
1773892800,2026-03-19 04:00:00,0.1698,0.1698,0.1685,0.1687
1773896400,2026-03-19 05:00:00,0.1687,0.1691,0.1682,0.1684
1773900000,2026-03-19 06:00:00,0.1684,0.1694,0.1676,0.168
1773903600,2026-03-19 07:00:00,0.1681,0.1681,0.1662,0.167
1773907200,2026-03-19 08:00:00,0.1671,0.1678,0.1667,0.1672
1773910800,2026-03-19 09:00:00,0.1673,0.1687,0.1673,0.1685
1773914400,2026-03-19 10:00:00,0.1685,0.1685,0.1673,0.1673
1773918000,2026-03-19 11:00:00,0.1674,0.1676,0.1663,0.1668
1773921600,2026-03-19 12:00:00,0.1668,0.1669,0.1649,0.1649
1773925200,2026-03-19 13:00:00,0.1649,0.1671,0.1644,0.1664
1773928800,2026-03-19 14:00:00,0.1665,0.1671,0.1654,0.1662
1773932400,2026-03-19 15:00:00,0.1661,0.1665,0.1638,0.1649
1773936000,2026-03-19 16:00:00,0.1648,0.1648,0.1633,0.1639
1773939600,2026-03-19 17:00:00,0.1639,0.1655,0.1636,0.1652
1773943200,2026-03-19 18:00:00,0.1651,0.1651,0.1637,0.1644
1773946800,2026-03-19 19:00:00,0.1643,0.1662,0.1643,0.1653
1773950400,2026-03-19 20:00:00,0.1653,0.1657,0.165,0.1652
1773954000,2026-03-19 21:00:00,0.1652,0.1661,0.1652,0.1658
1773957600,2026-03-19 22:00:00,0.1658,0.166,0.1649,0.1656
1773961200,2026-03-19 23:00:00,0.1656,0.1661,0.1646,0.1654
1773964800,2026-03-20 00:00:00,0.1653,0.166,0.1652,0.1657
1773968400,2026-03-20 01:00:00,0.1658,0.1669,0.1656,0.1665
1773972000,2026-03-20 02:00:00,0.1665,0.1668,0.1656,0.1667
1773975600,2026-03-20 03:00:00,0.1667,0.1674,0.1665,0.1669
1773979200,2026-03-20 04:00:00,0.1668,0.1675,0.1661,0.1674
1773982800,2026-03-20 05:00:00,0.1674,0.1686,0.1672,0.168
1773986400,2026-03-20 06:00:00,0.1679,0.1681,0.1669,0.1673
1773990000,2026-03-20 07:00:00,0.1672,0.1679,0.1662,0.1677
1773993600,2026-03-20 08:00:00,0.1678,0.1689,0.1676,0.168
1773997200,2026-03-20 09:00:00,0.1679,0.1679,0.1662,0.1669
1774000800,2026-03-20 10:00:00,0.167,0.1677,0.1665,0.1674
1774004400,2026-03-20 11:00:00,0.1673,0.1679,0.1666,0.1674
1774008000,2026-03-20 12:00:00,0.1674,0.1679,0.1668,0.167
1774011600,2026-03-20 13:00:00,0.1671,0.1674,0.1657,0.166
1774015200,2026-03-20 14:00:00,0.166,0.1672,0.1655,0.1659
1774018800,2026-03-20 15:00:00,0.166,0.1668,0.1653,0.1662
1774022400,2026-03-20 16:00:00,0.1662,0.1664,0.1652,0.1658
1774026000,2026-03-20 17:00:00,0.1658,0.1661,0.1649,0.166
1774029600,2026-03-20 18:00:00,0.166,0.1662,0.164,0.1641
1774033200,2026-03-20 19:00:00,0.1642,0.1648,0.1633,0.1647
1774036800,2026-03-20 20:00:00,0.1647,0.1648,0.1636,0.1641
1774040400,2026-03-20 21:00:00,0.1642,0.1659,0.1639,0.1652
1774044000,2026-03-20 22:00:00,0.1651,0.1663,0.1651,0.1657
1774047600,2026-03-20 23:00:00,0.1657,0.1658,0.1649,0.1654
1774051200,2026-03-21 00:00:00,0.1655,0.166,0.1653,0.1656
1774054800,2026-03-21 01:00:00,0.1657,0.166,0.165,0.1651
1774058400,2026-03-21 02:00:00,0.1652,0.1659,0.1649,0.1655
1774062000,2026-03-21 03:00:00,0.1655,0.1659,0.1653,0.1657
1774065600,2026-03-21 04:00:00,0.1657,0.166,0.1652,0.1657
1774069200,2026-03-21 05:00:00,0.1657,0.1667,0.1657,0.1661
1774072800,2026-03-21 06:00:00,0.1662,0.1669,0.166,0.1663
1774076400,2026-03-21 07:00:00,0.1663,0.1664,0.1654,0.1654
1774080000,2026-03-21 08:00:00,0.1655,0.1659,0.1654,0.1655
1774083600,2026-03-21 09:00:00,0.1654,0.1659,0.1651,0.1654
1774087200,2026-03-21 10:00:00,0.1653,0.1654,0.1649,0.1652
1774090800,2026-03-21 11:00:00,0.1652,0.1655,0.165,0.1652
1774094400,2026-03-21 12:00:00,0.1652,0.1658,0.1651,0.1656
1774098000,2026-03-21 13:00:00,0.1655,0.1657,0.1651,0.1656
1774101600,2026-03-21 14:00:00,0.1656,0.1664,0.1651,0.1651
1774105200,2026-03-21 15:00:00,0.1652,0.1662,0.1651,0.1662
1774108800,2026-03-21 16:00:00,0.1661,0.1665,0.1657,0.1658
1774112400,2026-03-21 17:00:00,0.1657,0.1659,0.1654,0.1657
1774116000,2026-03-21 18:00:00,0.1657,0.166,0.1654,0.1654
1774119600,2026-03-21 19:00:00,0.1655,0.1656,0.1652,0.1654
1774123200,2026-03-21 20:00:00,0.1654,0.1659,0.1653,0.1657
1774126800,2026-03-21 21:00:00,0.1656,0.1658,0.1652,0.1654
1774130400,2026-03-21 22:00:00,0.1655,0.1656,0.1649,0.1652
1774134000,2026-03-21 23:00:00,0.1653,0.1653,0.1613,0.1621
1774137600,2026-03-22 00:00:00,0.1622,0.1629,0.1598,0.1617
1774141200,2026-03-22 01:00:00,0.1618,0.1623,0.161,0.1617
1774144800,2026-03-22 02:00:00,0.1616,0.1632,0.1616,0.1626
1774148400,2026-03-22 03:00:00,0.1625,0.1638,0.1621,0.1624
1774152000,2026-03-22 04:00:00,0.1624,0.1628,0.1617,0.1624
1774155600,2026-03-22 05:00:00,0.1624,0.1627,0.1618,0.1618
1774159200,2026-03-22 06:00:00,0.1619,0.1619,0.1613,0.1615
1774162800,2026-03-22 07:00:00,0.1616,0.1618,0.1599,0.16
1774166400,2026-03-22 08:00:00,0.1601,0.1602,0.1592,0.1596
1774170000,2026-03-22 09:00:00,0.1595,0.1601,0.1594,0.1595
1774173600,2026-03-22 10:00:00,0.1596,0.1597,0.1585,0.1586
1774177200,2026-03-22 11:00:00,0.1586,0.1591,0.1583,0.1587
1774180800,2026-03-22 12:00:00,0.1588,0.1603,0.1587,0.1597
1774184400,2026-03-22 13:00:00,0.1598,0.1605,0.1593,0.1596
1774188000,2026-03-22 14:00:00,0.1596,0.1598,0.1589,0.1592
1774191600,2026-03-22 15:00:00,0.1591,0.1597,0.1585,0.1591
1774195200,2026-03-22 16:00:00,0.1592,0.1594,0.1562,0.1578
1774198800,2026-03-22 17:00:00,0.1578,0.1581,0.1575,0.1577
1774202400,2026-03-22 18:00:00,0.1576,0.1577,0.1565,0.1575
1774206000,2026-03-22 19:00:00,0.1575,0.1575,0.1565,0.1571
1774209600,2026-03-22 20:00:00,0.157,0.1575,0.1567,0.1569
1774213200,2026-03-22 21:00:00,0.1568,0.157,0.1549,0.1559
1774216800,2026-03-22 22:00:00,0.1558,0.1571,0.155,0.157
1774220400,2026-03-22 23:00:00,0.157,0.1573,0.1558,0.156
1774224000,2026-03-23 00:00:00,0.156,0.1572,0.1558,0.1566
1774227600,2026-03-23 01:00:00,0.1566,0.1574,0.1564,0.1566
1774231200,2026-03-23 02:00:00,0.1567,0.1577,0.1564,0.1571
1774234800,2026-03-23 03:00:00,0.1572,0.1585,0.1565,0.1566
1774238400,2026-03-23 04:00:00,0.1566,0.1593,0.1566,0.159
1774242000,2026-03-23 05:00:00,0.159,0.1594,0.1586,0.1591
1774245600,2026-03-23 06:00:00,0.1592,0.1592,0.1568,0.1571
1774249200,2026-03-23 07:00:00,0.1571,0.1573,0.1559,0.1568
1774252800,2026-03-23 08:00:00,0.1568,0.1574,0.1559,0.156
1774256400,2026-03-23 09:00:00,0.156,0.1567,0.1554,0.1566
1774260000,2026-03-23 10:00:00,0.1566,0.1574,0.156,0.1566
1774263600,2026-03-23 11:00:00,0.1566,0.1643,0.1566,0.1618
1774267200,2026-03-23 12:00:00,0.1618,0.1641,0.161,0.1638
1774270800,2026-03-23 13:00:00,0.1639,0.166,0.1631,0.1658
1774274400,2026-03-23 14:00:00,0.1658,0.1665,0.165,0.166
1774278000,2026-03-23 15:00:00,0.1659,0.167,0.1646,0.165
1774281600,2026-03-23 16:00:00,0.1651,0.1667,0.1638,0.1652
1774285200,2026-03-23 17:00:00,0.1652,0.1658,0.1639,0.1651
1774288800,2026-03-23 18:00:00,0.1651,0.1654,0.164,0.1648
1774292400,2026-03-23 19:00:00,0.1647,0.1655,0.1643,0.1649
1774296000,2026-03-23 20:00:00,0.1649,0.167,0.1646,0.1667
1774299600,2026-03-23 21:00:00,0.1667,0.1675,0.1666,0.1674
1774303200,2026-03-23 22:00:00,0.1675,0.1676,0.1662,0.1666
1774306800,2026-03-23 23:00:00,0.1665,0.1671,0.166,0.1668
1774310400,2026-03-24 00:00:00,0.1667,0.1675,0.1649,0.1655
1774314000,2026-03-24 01:00:00,0.1655,0.1655,0.1638,0.1644
1774317600,2026-03-24 02:00:00,0.1644,0.1657,0.1642,0.1647
1774321200,2026-03-24 03:00:00,0.1647,0.1658,0.1646,0.1655
1774324800,2026-03-24 04:00:00,0.1655,0.1655,0.1641,0.1645
1774328400,2026-03-24 05:00:00,0.1645,0.1651,0.1638,0.1644
1774332000,2026-03-24 06:00:00,0.1644,0.1652,0.1643,0.1651
1774335600,2026-03-24 07:00:00,0.1651,0.1672,0.1649,0.1669
1774339200,2026-03-24 08:00:00,0.1669,0.1674,0.1667,0.1669
1774342800,2026-03-24 09:00:00,0.1669,0.1685,0.1665,0.1681
1774346400,2026-03-24 10:00:00,0.1681,0.1681,0.1663,0.167
1774350000,2026-03-24 11:00:00,0.1669,0.1673,0.1658,0.167
1774353600,2026-03-24 12:00:00,0.1671,0.1678,0.1664,0.1671
1774357200,2026-03-24 13:00:00,0.1672,0.1676,0.1657,0.166
1774360800,2026-03-24 14:00:00,0.1661,0.1672,0.1651,0.1667
1774364400,2026-03-24 15:00:00,0.1668,0.1675,0.1663,0.1665
1774368000,2026-03-24 16:00:00,0.1665,0.167,0.1655,0.1663
1774371600,2026-03-24 17:00:00,0.1663,0.1663,0.1642,0.1647
1774375200,2026-03-24 18:00:00,0.1648,0.1672,0.1648,0.1666
1774378800,2026-03-24 19:00:00,0.1666,0.1679,0.1665,0.1665
1774382400,2026-03-24 20:00:00,0.1666,0.1704,0.1665,0.1701
1774386000,2026-03-24 21:00:00,0.1701,0.1717,0.1694,0.1716
1774389600,2026-03-24 22:00:00,0.1716,0.1739,0.1713,0.1735
1774393200,2026-03-24 23:00:00,0.1736,0.1753,0.1735,0.1738
1774396800,2026-03-25 00:00:00,0.1739,0.1774,0.1737,0.1765
1774400400,2026-03-25 01:00:00,0.1764,0.1806,0.1764,0.1782
1774404000,2026-03-25 02:00:00,0.1782,0.1793,0.175,0.1752
1774407600,2026-03-25 03:00:00,0.1753,0.1778,0.1749,0.1763
1774411200,2026-03-25 04:00:00,0.1763,0.1773,0.1754,0.1763
1774414800,2026-03-25 05:00:00,0.1763,0.1784,0.1762,0.1773
1774418400,2026-03-25 06:00:00,0.1773,0.18,0.1773,0.1793
1774422000,2026-03-25 07:00:00,0.1793,0.1804,0.1789,0.1795
1774425600,2026-03-25 08:00:00,0.1796,0.1823,0.1796,0.1814
1774429200,2026-03-25 09:00:00,0.1814,0.1824,0.1779,0.1783
1774432800,2026-03-25 10:00:00,0.1783,0.1794,0.1777,0.1791
1774436400,2026-03-25 11:00:00,0.1791,0.1797,0.1777,0.178
1774440000,2026-03-25 12:00:00,0.1781,0.179,0.1763,0.1787
1774443600,2026-03-25 13:00:00,0.1788,0.1805,0.1777,0.1781
1774447200,2026-03-25 14:00:00,0.1781,0.1782,0.176,0.1761
1774450800,2026-03-25 15:00:00,0.1761,0.1765,0.1748,0.1752
1774454400,2026-03-25 16:00:00,0.1752,0.1775,0.1752,0.177
1774458000,2026-03-25 17:00:00,0.177,0.1773,0.1763,0.1768
1774461600,2026-03-25 18:00:00,0.1768,0.178,0.1765,0.1768
1774465200,2026-03-25 19:00:00,0.1768,0.1781,0.1766,0.1779
1774468800,2026-03-25 20:00:00,0.1779,0.178,0.1761,0.177
1774472400,2026-03-25 21:00:00,0.177,0.1775,0.1763,0.1765
1774476000,2026-03-25 22:00:00,0.1765,0.1782,0.1765,0.1777
1774479600,2026-03-25 23:00:00,0.1776,0.178,0.1773,0.1774
1774483200,2026-03-26 00:00:00,0.1774,0.1788,0.1773,0.1778
1774486800,2026-03-26 01:00:00,0.1778,0.178,0.1768,0.1769
1774490400,2026-03-26 02:00:00,0.1769,0.1769,0.1754,0.176
1774494000,2026-03-26 03:00:00,0.176,0.176,0.1749,0.1754
1774497600,2026-03-26 04:00:00,0.1754,0.176,0.175,0.1753
1774501200,2026-03-26 05:00:00,0.1752,0.1754,0.1731,0.1733
1774504800,2026-03-26 06:00:00,0.1732,0.1745,0.173,0.1738
1774508400,2026-03-26 07:00:00,0.1739,0.1745,0.1737,0.1739
1774512000,2026-03-26 08:00:00,0.1739,0.1746,0.1736,0.1742
1774515600,2026-03-26 09:00:00,0.1743,0.1744,0.1723,0.1728
1774519200,2026-03-26 10:00:00,0.1728,0.1738,0.1723,0.1732
1774522800,2026-03-26 11:00:00,0.1732,0.1739,0.1726,0.1728
1774526400,2026-03-26 12:00:00,0.1727,0.1738,0.1721,0.1735
1774530000,2026-03-26 13:00:00,0.1735,0.1765,0.1733,0.1756
1774533600,2026-03-26 14:00:00,0.1756,0.1764,0.174,0.1742
1774537200,2026-03-26 15:00:00,0.1741,0.1741,0.172,0.1724
1774540800,2026-03-26 16:00:00,0.1724,0.1731,0.172,0.1725
1774544400,2026-03-26 17:00:00,0.1725,0.1731,0.1717,0.1722
1774548000,2026-03-26 18:00:00,0.1723,0.1727,0.1712,0.1725
1774551600,2026-03-26 19:00:00,0.1725,0.1725,0.1712,0.1719
1774555200,2026-03-26 20:00:00,0.1719,0.1744,0.1716,0.1731
1774558800,2026-03-26 21:00:00,0.173,0.174,0.1725,0.1734
1774562400,2026-03-26 22:00:00,0.1735,0.1748,0.1733,0.1742
1774566000,2026-03-26 23:00:00,0.1743,0.1746,0.1737,0.1738
1774569600,2026-03-27 00:00:00,0.1738,0.1746,0.1728,0.1734
1774573200,2026-03-27 01:00:00,0.1734,0.1747,0.173,0.1744
1774576800,2026-03-27 02:00:00,0.1745,0.1755,0.1742,0.1743
1774580400,2026-03-27 03:00:00,0.1743,0.1749,0.1736,0.1745
1774584000,2026-03-27 04:00:00,0.1745,0.175,0.1732,0.1742
1774587600,2026-03-27 05:00:00,0.1742,0.1754,0.174,0.1741
1774591200,2026-03-27 06:00:00,0.1741,0.1751,0.1737,0.1741
1774594800,2026-03-27 07:00:00,0.1741,0.1752,0.1736,0.1743
1774598400,2026-03-27 08:00:00,0.1744,0.1747,0.1719,0.173
1774602000,2026-03-27 09:00:00,0.173,0.1731,0.1711,0.1718
1774605600,2026-03-27 10:00:00,0.1717,0.1719,0.1686,0.1689
1774609200,2026-03-27 11:00:00,0.1689,0.1694,0.1683,0.1688
1774612800,2026-03-27 12:00:00,0.1689,0.1696,0.1684,0.1695
1774616400,2026-03-27 13:00:00,0.1696,0.1704,0.1686,0.1692
1774620000,2026-03-27 14:00:00,0.1691,0.17,0.1679,0.1682
1774623600,2026-03-27 15:00:00,0.1683,0.1702,0.1677,0.1688
1774627200,2026-03-27 16:00:00,0.1688,0.1695,0.1684,0.1688
1774630800,2026-03-27 17:00:00,0.1688,0.1698,0.168,0.1684
1774634400,2026-03-27 18:00:00,0.1684,0.1686,0.1673,0.1673
1774638000,2026-03-27 19:00:00,0.1674,0.1685,0.1669,0.1683
1774641600,2026-03-27 20:00:00,0.1682,0.1684,0.1672,0.1679
1774645200,2026-03-27 21:00:00,0.1678,0.1687,0.1674,0.1677
1774648800,2026-03-27 22:00:00,0.1677,0.1678,0.1671,0.1673
1774652400,2026-03-27 23:00:00,0.1673,0.1677,0.1667,0.1674
1774656000,2026-03-28 00:00:00,0.1673,0.1674,0.1661,0.1661
1774659600,2026-03-28 01:00:00,0.1661,0.1664,0.1651,0.1658
1774663200,2026-03-28 02:00:00,0.1659,0.1666,0.1652,0.1656
1774666800,2026-03-28 03:00:00,0.1656,0.1658,0.1651,0.1651
1774670400,2026-03-28 04:00:00,0.1652,0.1654,0.1647,0.1648
1774674000,2026-03-28 05:00:00,0.1648,0.1659,0.1644,0.1658
1774677600,2026-03-28 06:00:00,0.1659,0.1662,0.1654,0.166
1774681200,2026-03-28 07:00:00,0.166,0.1666,0.165,0.1666
1774684800,2026-03-28 08:00:00,0.1666,0.1667,0.1661,0.1662
1774688400,2026-03-28 09:00:00,0.1661,0.1665,0.1656,0.1664
1774692000,2026-03-28 10:00:00,0.1663,0.1674,0.1654,0.1659
1774695600,2026-03-28 11:00:00,0.1658,0.167,0.1658,0.1669
1774699200,2026-03-28 12:00:00,0.1669,0.167,0.166,0.1664
1774702800,2026-03-28 13:00:00,0.1665,0.1691,0.166,0.1689
1774706400,2026-03-28 14:00:00,0.1688,0.1698,0.1684,0.1694
1774710000,2026-03-28 15:00:00,0.1694,0.1712,0.1693,0.17
1774713600,2026-03-28 16:00:00,0.1699,0.1717,0.1697,0.1712
1774717200,2026-03-28 17:00:00,0.1713,0.1719,0.1707,0.1711
1774720800,2026-03-28 18:00:00,0.171,0.1712,0.1704,0.1707
1774724400,2026-03-28 19:00:00,0.1707,0.1709,0.1699,0.1706
1774728000,2026-03-28 20:00:00,0.1706,0.1717,0.1705,0.1712
1774731600,2026-03-28 21:00:00,0.1713,0.1716,0.1699,0.1699
1774735200,2026-03-28 22:00:00,0.1699,0.17,0.1694,0.1699
1774738800,2026-03-28 23:00:00,0.1699,0.1699,0.1677,0.168
1774742400,2026-03-29 00:00:00,0.168,0.1684,0.1674,0.1677
1774746000,2026-03-29 01:00:00,0.1678,0.1685,0.1674,0.1679
1774749600,2026-03-29 02:00:00,0.1679,0.1683,0.1676,0.1681
1774753200,2026-03-29 03:00:00,0.1681,0.1692,0.168,0.1692
1774756800,2026-03-29 04:00:00,0.1692,0.1692,0.1687,0.1689
1774760400,2026-03-29 05:00:00,0.1688,0.1688,0.1679,0.1682
1774764000,2026-03-29 06:00:00,0.1683,0.1692,0.1679,0.1688
1774767600,2026-03-29 07:00:00,0.1688,0.1688,0.1678,0.1682
1774771200,2026-03-29 08:00:00,0.1681,0.1686,0.1678,0.1684
1774774800,2026-03-29 09:00:00,0.1683,0.1684,0.1676,0.1678
1774778400,2026-03-29 10:00:00,0.1678,0.1678,0.1668,0.1669
1774782000,2026-03-29 11:00:00,0.167,0.1683,0.1669,0.1672
1774785600,2026-03-29 12:00:00,0.1672,0.1673,0.1666,0.167
1774789200,2026-03-29 13:00:00,0.1671,0.1671,0.1655,0.1657
1774792800,2026-03-29 14:00:00,0.1657,0.1666,0.1653,0.1659
1774796400,2026-03-29 15:00:00,0.1659,0.1663,0.165,0.1655
1774800000,2026-03-29 16:00:00,0.1655,0.1657,0.1646,0.1647
1774803600,2026-03-29 17:00:00,0.1648,0.1652,0.164,0.1647
1774807200,2026-03-29 18:00:00,0.1647,0.1651,0.1642,0.1648
1774810800,2026-03-29 19:00:00,0.1649,0.1649,0.1638,0.1641
1774814400,2026-03-29 20:00:00,0.1642,0.1654,0.1641,0.1647
1774818000,2026-03-29 21:00:00,0.1647,0.1655,0.1645,0.1651
1774821600,2026-03-29 22:00:00,0.1651,0.1652,0.161,0.1637
1774825200,2026-03-29 23:00:00,0.1637,0.1652,0.1636,0.1645
1774828800,2026-03-30 00:00:00,0.1645,0.1676,0.1644,0.166
1774832400,2026-03-30 01:00:00,0.166,0.1673,0.1658,0.167
1774836000,2026-03-30 02:00:00,0.1671,0.1694,0.167,0.1685
1774839600,2026-03-30 03:00:00,0.1686,0.1689,0.1679,0.1688
1774843200,2026-03-30 04:00:00,0.1688,0.1697,0.1687,0.1688
1774846800,2026-03-30 05:00:00,0.1688,0.1694,0.1684,0.1689
1774850400,2026-03-30 06:00:00,0.1688,0.1694,0.1685,0.1688
1774854000,2026-03-30 07:00:00,0.1688,0.1713,0.1687,0.1709
1774857600,2026-03-30 08:00:00,0.171,0.1738,0.171,0.1729
1774861200,2026-03-30 09:00:00,0.1729,0.173,0.1704,0.1704
1774864800,2026-03-30 10:00:00,0.1704,0.1715,0.1701,0.1714
1774868400,2026-03-30 11:00:00,0.1714,0.1737,0.1714,0.1722
1774872000,2026-03-30 12:00:00,0.1722,0.174,0.1721,0.173
1774875600,2026-03-30 13:00:00,0.1731,0.1735,0.1713,0.1714
1774879200,2026-03-30 14:00:00,0.1715,0.1722,0.1698,0.1712
1774882800,2026-03-30 15:00:00,0.1712,0.1722,0.1701,0.1708
1774886400,2026-03-30 16:00:00,0.1708,0.1715,0.1703,0.1709
1774890000,2026-03-30 17:00:00,0.1709,0.1713,0.1691,0.1695
1774893600,2026-03-30 18:00:00,0.1694,0.1697,0.1677,0.1679
1774897200,2026-03-30 19:00:00,0.168,0.1684,0.1673,0.1683
1774900800,2026-03-30 20:00:00,0.1682,0.1685,0.1674,0.1682
1774904400,2026-03-30 21:00:00,0.1682,0.1703,0.168,0.1693
1774908000,2026-03-30 22:00:00,0.1692,0.1696,0.1687,0.1688
1774911600,2026-03-30 23:00:00,0.1687,0.1687,0.1672,0.1674
1774915200,2026-03-31 00:00:00,0.1675,0.1684,0.1669,0.1676
1774918800,2026-03-31 01:00:00,0.1676,0.1706,0.1673,0.1702
1774922400,2026-03-31 02:00:00,0.1702,0.1709,0.1697,0.1701
1774926000,2026-03-31 03:00:00,0.1701,0.1703,0.1692,0.1697
1774929600,2026-03-31 04:00:00,0.1696,0.1698,0.1677,0.1678
1774933200,2026-03-31 05:00:00,0.1677,0.1684,0.1673,0.168
1774936800,2026-03-31 06:00:00,0.168,0.1681,0.1672,0.1678
1774940400,2026-03-31 07:00:00,0.1677,0.1678,0.1666,0.1672
1774944000,2026-03-31 08:00:00,0.1672,0.1673,0.1656,0.1657
1774947600,2026-03-31 09:00:00,0.1658,0.1665,0.1645,0.1651
1774951200,2026-03-31 10:00:00,0.1651,0.1652,0.1642,0.1642
1774954800,2026-03-31 11:00:00,0.1642,0.1657,0.1641,0.1651
1774958400,2026-03-31 12:00:00,0.1651,0.1653,0.1638,0.1643
1774962000,2026-03-31 13:00:00,0.1643,0.1667,0.1642,0.1663
1774965600,2026-03-31 14:00:00,0.1663,0.1672,0.1641,0.1647
1774969200,2026-03-31 15:00:00,0.1647,0.1664,0.1638,0.1638
1774972800,2026-03-31 16:00:00,0.1639,0.1667,0.1636,0.1663
1774976400,2026-03-31 17:00:00,0.1664,0.1681,0.1655,0.1661
1774980000,2026-03-31 18:00:00,0.1662,0.168,0.1662,0.168
1774983600,2026-03-31 19:00:00,0.168,0.1686,0.1671,0.1685
1774987200,2026-03-31 20:00:00,0.1685,0.1694,0.1684,0.169
1774990800,2026-03-31 21:00:00,0.1691,0.1691,0.1673,0.1674
1774994400,2026-03-31 22:00:00,0.1675,0.1677,0.1664,0.1671
1774998000,2026-03-31 23:00:00,0.1672,0.1677,0.1668,0.1673
1775001600,2026-04-01 00:00:00,0.1672,0.1689,0.1668,0.1689
1775005200,2026-04-01 01:00:00,0.1689,0.1691,0.1677,0.1677
1775008800,2026-04-01 02:00:00,0.1678,0.1681,0.1673,0.1675
1775012400,2026-04-01 03:00:00,0.1675,0.1698,0.1675,0.1698
1775016000,2026-04-01 04:00:00,0.1697,0.1702,0.169,0.1697
1775019600,2026-04-01 05:00:00,0.1697,0.1706,0.1686,0.1702
1775023200,2026-04-01 06:00:00,0.1701,0.1723,0.1701,0.1717
1775026800,2026-04-01 07:00:00,0.1718,0.1725,0.1714,0.1716
1775030400,2026-04-01 08:00:00,0.1716,0.1726,0.1713,0.1717
1775034000,2026-04-01 09:00:00,0.1718,0.1724,0.1711,0.172
1775037600,2026-04-01 10:00:00,0.172,0.1732,0.1717,0.1729
1775041200,2026-04-01 11:00:00,0.1728,0.1731,0.1723,0.1728
1775044800,2026-04-01 12:00:00,0.1729,0.1748,0.1725,0.1731
1775048400,2026-04-01 13:00:00,0.1731,0.1738,0.1714,0.172
1775052000,2026-04-01 14:00:00,0.172,0.1732,0.1719,0.1724
1775055600,2026-04-01 15:00:00,0.1724,0.1726,0.1718,0.1719
1775059200,2026-04-01 16:00:00,0.172,0.1731,0.1718,0.1722
1775062800,2026-04-01 17:00:00,0.1723,0.1735,0.171,0.1711
1775066400,2026-04-01 18:00:00,0.1712,0.1715,0.1704,0.1704
1775070000,2026-04-01 19:00:00,0.1705,0.1711,0.1704,0.1707
1775073600,2026-04-01 20:00:00,0.1708,0.1709,0.1698,0.1704
1775077200,2026-04-01 21:00:00,0.1705,0.1718,0.1704,0.1712
1775080800,2026-04-01 22:00:00,0.1712,0.1712,0.1695,0.1696
1775084400,2026-04-01 23:00:00,0.1696,0.1701,0.1689,0.1694
1775088000,2026-04-02 00:00:00,0.1693,0.1711,0.1692,0.171
1775091600,2026-04-02 01:00:00,0.1709,0.1709,0.1663,0.1669
1775095200,2026-04-02 02:00:00,0.1668,0.1672,0.1644,0.1652
1775098800,2026-04-02 03:00:00,0.1651,0.1652,0.1634,0.1642
1775102400,2026-04-02 04:00:00,0.1642,0.1644,0.163,0.1632
1775106000,2026-04-02 05:00:00,0.1631,0.1641,0.1626,0.1638
1775109600,2026-04-02 06:00:00,0.1639,0.1646,0.1633,0.1638
1775113200,2026-04-02 07:00:00,0.1637,0.1647,0.1636,0.1644
1775116800,2026-04-02 08:00:00,0.1644,0.1646,0.1633,0.1633
1775120400,2026-04-02 09:00:00,0.1634,0.1635,0.1626,0.1633
1775124000,2026-04-02 10:00:00,0.1632,0.1633,0.1626,0.1626
1775127600,2026-04-02 11:00:00,0.1627,0.1627,0.1615,0.1618
1775131200,2026-04-02 12:00:00,0.1617,0.1621,0.1613,0.1615
1775134800,2026-04-02 13:00:00,0.1615,0.1617,0.1602,0.1611
1775138400,2026-04-02 14:00:00,0.1611,0.1638,0.1606,0.1637
1775142000,2026-04-02 15:00:00,0.1638,0.1642,0.1621,0.1637
1775145600,2026-04-02 16:00:00,0.1637,0.1654,0.1629,0.1648
1775149200,2026-04-02 17:00:00,0.1648,0.1662,0.1635,0.1637
1775152800,2026-04-02 18:00:00,0.1636,0.1655,0.1635,0.1652
1775156400,2026-04-02 19:00:00,0.1652,0.1653,0.1639,0.1646
1775160000,2026-04-02 20:00:00,0.1646,0.1653,0.164,0.1645
1775163600,2026-04-02 21:00:00,0.1645,0.1648,0.1636,0.1639
1775167200,2026-04-02 22:00:00,0.1639,0.164,0.1635,0.1637
1775170800,2026-04-02 23:00:00,0.1636,0.1638,0.1622,0.163
1775174400,2026-04-03 00:00:00,0.163,0.1635,0.1627,0.1632
1775178000,2026-04-03 01:00:00,0.1631,0.1637,0.1628,0.1635
1775181600,2026-04-03 02:00:00,0.1635,0.1645,0.1629,0.164
1775185200,2026-04-03 03:00:00,0.1639,0.1652,0.1637,0.1651
1775188800,2026-04-03 04:00:00,0.1651,0.1656,0.1645,0.1654
1775192400,2026-04-03 05:00:00,0.1655,0.1666,0.1648,0.1656
1775196000,2026-04-03 06:00:00,0.1656,0.1666,0.1651,0.166
1775199600,2026-04-03 07:00:00,0.1659,0.166,0.1648,0.165
1775203200,2026-04-03 08:00:00,0.165,0.1654,0.1647,0.1649
1775206800,2026-04-03 09:00:00,0.1648,0.1651,0.1642,0.1645
1775210400,2026-04-03 10:00:00,0.1644,0.165,0.1638,0.1642
1775214000,2026-04-03 11:00:00,0.1642,0.1646,0.1638,0.1644
1775217600,2026-04-03 12:00:00,0.1645,0.1656,0.1635,0.1641
1775221200,2026-04-03 13:00:00,0.164,0.1644,0.1633,0.1637
1775224800,2026-04-03 14:00:00,0.1637,0.1638,0.1629,0.1632
1775228400,2026-04-03 15:00:00,0.1631,0.1637,0.163,0.1635
1775232000,2026-04-03 16:00:00,0.1634,0.1644,0.1633,0.1642
1775235600,2026-04-03 17:00:00,0.1642,0.1643,0.163,0.1632
1775239200,2026-04-03 18:00:00,0.1633,0.1638,0.1627,0.1631
1775242800,2026-04-03 19:00:00,0.1632,0.1635,0.1618,0.1633
1775246400,2026-04-03 20:00:00,0.1634,0.1639,0.1633,0.1639
1775250000,2026-04-03 21:00:00,0.1638,0.1642,0.1633,0.1636
1775253600,2026-04-03 22:00:00,0.1637,0.1637,0.1628,0.1632
1775257200,2026-04-03 23:00:00,0.1631,0.1631,0.1625,0.163
1775260800,2026-04-04 00:00:00,0.163,0.1632,0.1626,0.1629
1775264400,2026-04-04 01:00:00,0.1629,0.1633,0.1625,0.1628
1775268000,2026-04-04 02:00:00,0.1628,0.1629,0.1618,0.162
1775271600,2026-04-04 03:00:00,0.162,0.1623,0.1617,0.162
1775275200,2026-04-04 04:00:00,0.162,0.1626,0.1619,0.1623
1775278800,2026-04-04 05:00:00,0.1622,0.1624,0.1614,0.1617
1775282400,2026-04-04 06:00:00,0.1617,0.1625,0.1615,0.1625
1775286000,2026-04-04 07:00:00,0.1625,0.1625,0.1615,0.1617
1775289600,2026-04-04 08:00:00,0.1617,0.1618,0.161,0.1611
1775293200,2026-04-04 09:00:00,0.1611,0.1624,0.1611,0.1619
1775296800,2026-04-04 10:00:00,0.1618,0.1622,0.1613,0.162
1775300400,2026-04-04 11:00:00,0.1621,0.1622,0.1618,0.162
1775304000,2026-04-04 12:00:00,0.1619,0.1622,0.1616,0.1618
1775307600,2026-04-04 13:00:00,0.1617,0.1619,0.1611,0.1613
1775311200,2026-04-04 14:00:00,0.1614,0.1622,0.1613,0.1622
1775314800,2026-04-04 15:00:00,0.1621,0.1627,0.1611,0.1616
1775318400,2026-04-04 16:00:00,0.1616,0.1619,0.1607,0.1609
1775322000,2026-04-04 17:00:00,0.1608,0.162,0.1606,0.1615
1775325600,2026-04-04 18:00:00,0.1615,0.1615,0.161,0.1612
1775329200,2026-04-04 19:00:00,0.1612,0.1626,0.161,0.162
1775332800,2026-04-04 20:00:00,0.162,0.162,0.1614,0.1614
1775336400,2026-04-04 21:00:00,0.1614,0.162,0.1613,0.1615
1775340000,2026-04-04 22:00:00,0.1616,0.1619,0.1614,0.1618
1775343600,2026-04-04 23:00:00,0.1617,0.162,0.1616,0.1619
1775347200,2026-04-05 00:00:00,0.1619,0.1622,0.1613,0.1615
1775350800,2026-04-05 01:00:00,0.1615,0.1618,0.1613,0.1615
1775354400,2026-04-05 02:00:00,0.1614,0.1624,0.1612,0.1619
1775358000,2026-04-05 03:00:00,0.1619,0.1619,0.1612,0.1614
1775361600,2026-04-05 04:00:00,0.1614,0.1615,0.1607,0.1608
1775365200,2026-04-05 05:00:00,0.1608,0.1609,0.1598,0.1601
1775368800,2026-04-05 06:00:00,0.1601,0.1601,0.1593,0.1599
1775372400,2026-04-05 07:00:00,0.1599,0.1601,0.1587,0.159
1775376000,2026-04-05 08:00:00,0.1589,0.1591,0.1586,0.1588
1775379600,2026-04-05 09:00:00,0.1588,0.1591,0.1584,0.1586
1775383200,2026-04-05 10:00:00,0.1587,0.159,0.1582,0.1584
1775386800,2026-04-05 11:00:00,0.1583,0.1585,0.158,0.1581
1775390400,2026-04-05 12:00:00,0.158,0.1583,0.1573,0.1583
1775394000,2026-04-05 13:00:00,0.1583,0.159,0.1577,0.1588
1775397600,2026-04-05 14:00:00,0.1589,0.1591,0.1577,0.1579
1775401200,2026-04-05 15:00:00,0.1578,0.1602,0.1575,0.1586
1775404800,2026-04-05 16:00:00,0.1587,0.1592,0.1582,0.1583
1775408400,2026-04-05 17:00:00,0.1584,0.1592,0.1581,0.1589
1775412000,2026-04-05 18:00:00,0.159,0.1594,0.1584,0.1585
1775415600,2026-04-05 19:00:00,0.1585,0.1592,0.158,0.1588
1775419200,2026-04-05 20:00:00,0.1587,0.1592,0.1585,0.159
1775422800,2026-04-05 21:00:00,0.159,0.1594,0.1585,0.1589
1775426400,2026-04-05 22:00:00,0.1589,0.1609,0.1585,0.1608
1775430000,2026-04-05 23:00:00,0.1609,0.1628,0.1608,0.1627
1775433600,2026-04-06 00:00:00,0.1628,0.1642,0.1628,0.163
1775437200,2026-04-06 01:00:00,0.163,0.1633,0.1617,0.1621
1775440800,2026-04-06 02:00:00,0.1622,0.1637,0.1622,0.1626
1775444400,2026-04-06 03:00:00,0.1627,0.1629,0.1614,0.1618
1775448000,2026-04-06 04:00:00,0.1619,0.1623,0.1614,0.1615
1775451600,2026-04-06 05:00:00,0.1616,0.1617,0.1611,0.1612
1775455200,2026-04-06 06:00:00,0.1613,0.1618,0.1606,0.161
1775458800,2026-04-06 07:00:00,0.161,0.1615,0.1606,0.1614
1775462400,2026-04-06 08:00:00,0.1614,0.1625,0.161,0.1611
1775466000,2026-04-06 09:00:00,0.161,0.1631,0.161,0.1626
1775469600,2026-04-06 10:00:00,0.1626,0.1638,0.1626,0.1634
1775473200,2026-04-06 11:00:00,0.1634,0.1635,0.1623,0.1626
1775476800,2026-04-06 12:00:00,0.1626,0.1629,0.1613,0.1615
1775480400,2026-04-06 13:00:00,0.1615,0.1616,0.1606,0.1612
1775484000,2026-04-06 14:00:00,0.1611,0.1618,0.1602,0.1615
1775487600,2026-04-06 15:00:00,0.1615,0.1616,0.1604,0.1608
1775491200,2026-04-06 16:00:00,0.1608,0.161,0.1595,0.1598
1775494800,2026-04-06 17:00:00,0.1598,0.1599,0.1582,0.1588
1775498400,2026-04-06 18:00:00,0.1588,0.1594,0.158,0.1582
1775502000,2026-04-06 19:00:00,0.1581,0.1585,0.1573,0.1577
1775505600,2026-04-06 20:00:00,0.1578,0.1579,0.157,0.1574
1775509200,2026-04-06 21:00:00,0.1573,0.1574,0.1561,0.1569
1775512800,2026-04-06 22:00:00,0.1568,0.1574,0.1559,0.156
1775516400,2026-04-06 23:00:00,0.156,0.1563,0.1551,0.1557
1775520000,2026-04-07 00:00:00,0.1556,0.1565,0.1554,0.1558
1775523600,2026-04-07 01:00:00,0.1558,0.1567,0.1553,0.1557
1775527200,2026-04-07 02:00:00,0.1556,0.1564,0.1551,0.1558
1775530800,2026-04-07 03:00:00,0.1559,0.1562,0.1554,0.1558
1775534400,2026-04-07 04:00:00,0.1559,0.1565,0.1557,0.1563
1775538000,2026-04-07 05:00:00,0.1563,0.1563,0.1555,0.1557
1775541600,2026-04-07 06:00:00,0.1557,0.156,0.1547,0.1558
1775545200,2026-04-07 07:00:00,0.1558,0.1559,0.1551,0.1556
1775548800,2026-04-07 08:00:00,0.1556,0.1576,0.1555,0.1573
1775552400,2026-04-07 09:00:00,0.1572,0.1574,0.1567,0.157
1775556000,2026-04-07 10:00:00,0.1571,0.1572,0.1547,0.155
1775559600,2026-04-07 11:00:00,0.1551,0.1553,0.1545,0.1548
1775563200,2026-04-07 12:00:00,0.1547,0.156,0.1537,0.1556
1775566800,2026-04-07 13:00:00,0.1556,0.1563,0.1551,0.1553
1775570400,2026-04-07 14:00:00,0.1554,0.1557,0.1547,0.1548
1775574000,2026-04-07 15:00:00,0.1548,0.1553,0.1538,0.154
1775577600,2026-04-07 16:00:00,0.154,0.1546,0.1535,0.154
1775581200,2026-04-07 17:00:00,0.154,0.1561,0.154,0.1556
1775584800,2026-04-07 18:00:00,0.1556,0.1557,0.1545,0.1546
1775588400,2026-04-07 19:00:00,0.1545,0.1554,0.1541,0.1549
1775592000,2026-04-07 20:00:00,0.1549,0.156,0.1547,0.1555
1775595600,2026-04-07 21:00:00,0.1555,0.1589,0.1555,0.1584
1775599200,2026-04-07 22:00:00,0.1585,0.1625,0.1583,0.1624
1775602800,2026-04-07 23:00:00,0.1625,0.1647,0.1621,0.1635
1775606400,2026-04-08 00:00:00,0.1634,0.1642,0.1628,0.1634
1775610000,2026-04-08 01:00:00,0.1634,0.1649,0.1628,0.1647
1775613600,2026-04-08 02:00:00,0.1647,0.1653,0.1623,0.1625
1775617200,2026-04-08 03:00:00,0.1625,0.1631,0.1619,0.162
1775620800,2026-04-08 04:00:00,0.162,0.1637,0.162,0.1632
1775624400,2026-04-08 05:00:00,0.1631,0.1649,0.1631,0.1645
1775628000,2026-04-08 06:00:00,0.1646,0.1648,0.1635,0.1637
1775631600,2026-04-08 07:00:00,0.1637,0.1638,0.1625,0.163
1775635200,2026-04-08 08:00:00,0.163,0.1636,0.1629,0.1631
1775638800,2026-04-08 09:00:00,0.1632,0.1637,0.1622,0.1627
1775642400,2026-04-08 10:00:00,0.1628,0.1637,0.1624,0.1625
1775646000,2026-04-08 11:00:00,0.1625,0.1632,0.1613,0.1625
1775649600,2026-04-08 12:00:00,0.1624,0.1633,0.1612,0.162
1775653200,2026-04-08 13:00:00,0.162,0.1631,0.1618,0.162
1775656800,2026-04-08 14:00:00,0.162,0.1622,0.1588,0.1592
1775660400,2026-04-08 15:00:00,0.1593,0.1597,0.1582,0.1587
1775664000,2026-04-08 16:00:00,0.1586,0.16,0.1585,0.1598
1775667600,2026-04-08 17:00:00,0.1598,0.1604,0.1593,0.1602
1775671200,2026-04-08 18:00:00,0.1601,0.1602,0.1583,0.1584
1775674800,2026-04-08 19:00:00,0.1584,0.1585,0.1577,0.1583
1775678400,2026-04-08 20:00:00,0.1584,0.1587,0.1577,0.1582
1775682000,2026-04-08 21:00:00,0.1582,0.1593,0.1579,0.1588
1775685600,2026-04-08 22:00:00,0.1588,0.1589,0.1577,0.158
1775689200,2026-04-08 23:00:00,0.158,0.1582,0.1575,0.1578
1775692800,2026-04-09 00:00:00,0.1577,0.1577,0.1563,0.1569
1775696400,2026-04-09 01:00:00,0.1568,0.1571,0.1558,0.1566
1775700000,2026-04-09 02:00:00,0.1567,0.1569,0.1561,0.1562
1775703600,2026-04-09 03:00:00,0.1562,0.1564,0.1555,0.1559
1775707200,2026-04-09 04:00:00,0.1558,0.1564,0.1556,0.1558
1775710800,2026-04-09 05:00:00,0.1558,0.1567,0.1557,0.1558
1775714400,2026-04-09 06:00:00,0.1559,0.1562,0.1555,0.1557
1775718000,2026-04-09 07:00:00,0.1558,0.156,0.1552,0.1553
1775721600,2026-04-09 08:00:00,0.1553,0.1555,0.1537,0.1552
1775725200,2026-04-09 09:00:00,0.1551,0.1557,0.1547,0.1555
1775728800,2026-04-09 10:00:00,0.1554,0.1555,0.1543,0.1547
1775732400,2026-04-09 11:00:00,0.1547,0.1548,0.1539,0.154
1775736000,2026-04-09 12:00:00,0.154,0.1545,0.1534,0.1541
1775739600,2026-04-09 13:00:00,0.1541,0.1545,0.153,0.1535
1775743200,2026-04-09 14:00:00,0.1535,0.1535,0.1525,0.153
1775746800,2026-04-09 15:00:00,0.153,0.1566,0.1528,0.1557
1775750400,2026-04-09 16:00:00,0.1558,0.1568,0.1542,0.1548
1775754000,2026-04-09 17:00:00,0.1548,0.1564,0.1548,0.156
1775757600,2026-04-09 18:00:00,0.156,0.156,0.1544,0.155
1775761200,2026-04-09 19:00:00,0.1549,0.1557,0.1547,0.1553
1775764800,2026-04-09 20:00:00,0.1554,0.1577,0.1552,0.1569
1775768400,2026-04-09 21:00:00,0.1569,0.157,0.1557,0.1565
1775772000,2026-04-09 22:00:00,0.1565,0.1588,0.1561,0.1562
1775775600,2026-04-09 23:00:00,0.1562,0.1564,0.1543,0.1548
1775779200,2026-04-10 00:00:00,0.1548,0.1562,0.1543,0.1559
1775782800,2026-04-10 01:00:00,0.1559,0.1573,0.1552,0.1556
1775786400,2026-04-10 02:00:00,0.1557,0.1565,0.1554,0.1554
1775790000,2026-04-10 03:00:00,0.1555,0.1557,0.1547,0.1548
1775793600,2026-04-10 04:00:00,0.1548,0.1567,0.1548,0.1559
1775797200,2026-04-10 05:00:00,0.1559,0.1567,0.1557,0.1561
1775800800,2026-04-10 06:00:00,0.1561,0.1564,0.1556,0.1559
1775804400,2026-04-10 07:00:00,0.1559,0.1561,0.1548,0.1551
1775808000,2026-04-10 08:00:00,0.1551,0.1557,0.1543,0.1546
1775811600,2026-04-10 09:00:00,0.1545,0.1555,0.1545,0.1549
1775815200,2026-04-10 10:00:00,0.1549,0.1552,0.1542,0.1543
1775818800,2026-04-10 11:00:00,0.1542,0.1547,0.1537,0.1538
1775822400,2026-04-10 12:00:00,0.1538,0.1547,0.1533,0.1541
1775826000,2026-04-10 13:00:00,0.1542,0.1547,0.1534,0.1544
1775829600,2026-04-10 14:00:00,0.1543,0.1563,0.1541,0.156
1775833200,2026-04-10 15:00:00,0.156,0.1567,0.1535,0.1537
1775836800,2026-04-10 16:00:00,0.1537,0.1552,0.1535,0.154
1775840400,2026-04-10 17:00:00,0.1539,0.1539,0.1527,0.1538
1775844000,2026-04-10 18:00:00,0.1539,0.1562,0.1537,0.1561
1775847600,2026-04-10 19:00:00,0.1561,0.1569,0.1557,0.1566
1775851200,2026-04-10 20:00:00,0.1567,0.1571,0.1556,0.1563
1775854800,2026-04-10 21:00:00,0.1563,0.1563,0.1552,0.1557
1775858400,2026-04-10 22:00:00,0.1557,0.1558,0.1548,0.1551
1775862000,2026-04-10 23:00:00,0.1551,0.1552,0.1547,0.1552
1775865600,2026-04-11 00:00:00,0.1552,0.1552,0.1544,0.1544
1775869200,2026-04-11 01:00:00,0.1543,0.1545,0.1538,0.1542
1775872800,2026-04-11 02:00:00,0.1542,0.1548,0.1541,0.1543
1775876400,2026-04-11 03:00:00,0.1542,0.1557,0.1538,0.1538
1775880000,2026-04-11 04:00:00,0.1539,0.1541,0.1533,0.1538
1775883600,2026-04-11 05:00:00,0.1538,0.1543,0.1533,0.1534
1775887200,2026-04-11 06:00:00,0.1533,0.1534,0.153,0.1533
1775890800,2026-04-11 07:00:00,0.1532,0.1536,0.153,0.1532
1775894400,2026-04-11 08:00:00,0.1533,0.1539,0.1531,0.1533
1775898000,2026-04-11 09:00:00,0.1533,0.1541,0.1533,0.1536
1775901600,2026-04-11 10:00:00,0.1536,0.1539,0.1532,0.1539
1775905200,2026-04-11 11:00:00,0.1538,0.1545,0.1537,0.1541
1775908800,2026-04-11 12:00:00,0.1542,0.1545,0.154,0.1542
1775912400,2026-04-11 13:00:00,0.1541,0.1544,0.1531,0.1538
1775916000,2026-04-11 14:00:00,0.1537,0.1543,0.1535,0.1537
1775919600,2026-04-11 15:00:00,0.1537,0.1545,0.1535,0.1545
1775923200,2026-04-11 16:00:00,0.1545,0.1557,0.1543,0.1551
1775926800,2026-04-11 17:00:00,0.1551,0.1551,0.1543,0.1544
1775930400,2026-04-11 18:00:00,0.1544,0.1566,0.154,0.1562
1775934000,2026-04-11 19:00:00,0.1562,0.1569,0.156,0.1566
1775937600,2026-04-11 20:00:00,0.1566,0.1567,0.1551,0.1552
1775941200,2026-04-11 21:00:00,0.1553,0.1557,0.1548,0.1553
1775944800,2026-04-11 22:00:00,0.1553,0.1559,0.1541,0.1544
1775948400,2026-04-11 23:00:00,0.1544,0.1544,0.1534,0.1535
1775952000,2026-04-12 00:00:00,0.1536,0.154,0.1532,0.1538
1775955600,2026-04-12 01:00:00,0.1538,0.1541,0.1511,0.1515
1775959200,2026-04-12 02:00:00,0.1514,0.1523,0.1508,0.1516
1775962800,2026-04-12 03:00:00,0.1515,0.1521,0.1514,0.1516
1775966400,2026-04-12 04:00:00,0.1517,0.1518,0.1511,0.1516
1775970000,2026-04-12 05:00:00,0.1517,0.1519,0.1511,0.1517
1775973600,2026-04-12 06:00:00,0.1518,0.152,0.1512,0.1514
1775977200,2026-04-12 07:00:00,0.1513,0.152,0.1512,0.1516
1775980800,2026-04-12 08:00:00,0.1516,0.1518,0.1511,0.1514
1775984400,2026-04-12 09:00:00,0.1514,0.1515,0.151,0.1514
1775988000,2026-04-12 10:00:00,0.1514,0.1517,0.151,0.1511
1775991600,2026-04-12 11:00:00,0.1511,0.1515,0.1506,0.1513
1775995200,2026-04-12 12:00:00,0.1512,0.1516,0.1509,0.1512
1775998800,2026-04-12 13:00:00,0.1512,0.1516,0.1504,0.1506
1776002400,2026-04-12 14:00:00,0.1505,0.1512,0.1505,0.1507
1776006000,2026-04-12 15:00:00,0.1508,0.1509,0.1501,0.1504
1776009600,2026-04-12 16:00:00,0.1505,0.1512,0.1504,0.151
1776013200,2026-04-12 17:00:00,0.1511,0.152,0.151,0.1517
1776016800,2026-04-12 18:00:00,0.1518,0.1519,0.1513,0.1515
1776020400,2026-04-12 19:00:00,0.1515,0.1518,0.1512,0.1514
1776024000,2026-04-12 20:00:00,0.1514,0.1526,0.1513,0.152
1776027600,2026-04-12 21:00:00,0.152,0.1523,0.1514,0.1517
1776031200,2026-04-12 22:00:00,0.1517,0.1517,0.1504,0.1508
1776034800,2026-04-12 23:00:00,0.1508,0.1508,0.1502,0.1502
1776038400,2026-04-13 00:00:00,0.1503,0.1515,0.1502,0.1512
1776042000,2026-04-13 01:00:00,0.1512,0.1515,0.1508,0.1514
1776045600,2026-04-13 02:00:00,0.1514,0.1515,0.1505,0.1506
1776049200,2026-04-13 03:00:00,0.1506,0.1508,0.1504,0.1505
1776052800,2026-04-13 04:00:00,0.1506,0.1507,0.1498,0.1501
1776056400,2026-04-13 05:00:00,0.1501,0.1507,0.1499,0.1505
1776060000,2026-04-13 06:00:00,0.1505,0.1517,0.1505,0.1514
1776063600,2026-04-13 07:00:00,0.1514,0.1515,0.1506,0.1507
1776067200,2026-04-13 08:00:00,0.1507,0.151,0.1504,0.1508
1776070800,2026-04-13 09:00:00,0.1508,0.1517,0.1508,0.1513
1776074400,2026-04-13 10:00:00,0.1513,0.1522,0.1511,0.1521
1776078000,2026-04-13 11:00:00,0.1522,0.1535,0.1511,0.1511
1776081600,2026-04-13 12:00:00,0.1512,0.1532,0.1511,0.1527
1776085200,2026-04-13 13:00:00,0.1527,0.1535,0.1519,0.1533
1776088800,2026-04-13 14:00:00,0.1534,0.1536,0.1521,0.1535
1776092400,2026-04-13 15:00:00,0.1535,0.1535,0.1525,0.1527
1776096000,2026-04-13 16:00:00,0.1528,0.1535,0.1524,0.1529
1776099600,2026-04-13 17:00:00,0.153,0.1532,0.1516,0.1517
1776103200,2026-04-13 18:00:00,0.1517,0.1518,0.1511,0.1517
1776106800,2026-04-13 19:00:00,0.1518,0.1531,0.1517,0.1529
1776110400,2026-04-13 20:00:00,0.1529,0.1529,0.1517,0.1522
1776114000,2026-04-13 21:00:00,0.1523,0.1534,0.1521,0.1531
1776117600,2026-04-13 22:00:00,0.1532,0.1559,0.1532,0.1554
1776121200,2026-04-13 23:00:00,0.1555,0.1565,0.1552,0.1564
1776124800,2026-04-14 00:00:00,0.1563,0.1565,0.1551,0.1552
1776128400,2026-04-14 01:00:00,0.1551,0.1557,0.1546,0.1552
1776132000,2026-04-14 02:00:00,0.1553,0.1562,0.1552,0.1559
1776135600,2026-04-14 03:00:00,0.1559,0.1564,0.1553,0.1553
1776139200,2026-04-14 04:00:00,0.1553,0.1554,0.1547,0.1552
1776142800,2026-04-14 05:00:00,0.1552,0.1552,0.154,0.1542
1776146400,2026-04-14 06:00:00,0.1543,0.1551,0.1543,0.1548
1776150000,2026-04-14 07:00:00,0.1548,0.1557,0.1547,0.1556
1776153600,2026-04-14 08:00:00,0.1556,0.1569,0.1555,0.1567
1776157200,2026-04-14 09:00:00,0.1567,0.1571,0.1565,0.157
1776160800,2026-04-14 10:00:00,0.1569,0.1569,0.1561,0.1565
1776164400,2026-04-14 11:00:00,0.1564,0.1567,0.1559,0.156
1776168000,2026-04-14 12:00:00,0.156,0.1561,0.1554,0.1556
1776171600,2026-04-14 13:00:00,0.1556,0.1584,0.1554,0.1584
1776175200,2026-04-14 14:00:00,0.1583,0.1587,0.1564,0.1566
1776178800,2026-04-14 15:00:00,0.1565,0.1571,0.1556,0.1558
1776182400,2026-04-14 16:00:00,0.1559,0.1568,0.1554,0.1557
1776186000,2026-04-14 17:00:00,0.1558,0.1564,0.1552,0.156
1776189600,2026-04-14 18:00:00,0.1561,0.1566,0.1538,0.154
1776193200,2026-04-14 19:00:00,0.154,0.1549,0.1538,0.1546
1776196800,2026-04-14 20:00:00,0.1546,0.1553,0.1544,0.1545
1776200400,2026-04-14 21:00:00,0.1545,0.1552,0.1544,0.1549
1776204000,2026-04-14 22:00:00,0.1548,0.1551,0.154,0.1544
1776207600,2026-04-14 23:00:00,0.1543,0.1551,0.154,0.1547
1776211200,2026-04-15 00:00:00,0.1547,0.1555,0.1546,0.155
1776214800,2026-04-15 01:00:00,0.155,0.1563,0.1547,0.1559
1776218400,2026-04-15 02:00:00,0.1559,0.1575,0.1554,0.1555
1776222000,2026-04-15 03:00:00,0.1555,0.1558,0.1553,0.1555
1776225600,2026-04-15 04:00:00,0.1555,0.1563,0.1543,0.1562
1776229200,2026-04-15 05:00:00,0.1563,0.1566,0.1551,0.1557
1776232800,2026-04-15 06:00:00,0.1558,0.1558,0.155,0.155
1776236400,2026-04-15 07:00:00,0.1551,0.1557,0.1547,0.1552
1776240000,2026-04-15 08:00:00,0.1553,0.1568,0.1552,0.1563
1776243600,2026-04-15 09:00:00,0.1563,0.1566,0.1558,0.156
1776247200,2026-04-15 10:00:00,0.156,0.1571,0.1556,0.1565
1776250800,2026-04-15 11:00:00,0.1566,0.1578,0.1563,0.1571
1776254400,2026-04-15 12:00:00,0.157,0.1576,0.1565,0.1574
1776258000,2026-04-15 13:00:00,0.1573,0.1575,0.1563,0.1568
1776261600,2026-04-15 14:00:00,0.1568,0.1572,0.1558,0.1563
1776265200,2026-04-15 15:00:00,0.1563,0.1569,0.1557,0.156
1776268800,2026-04-15 16:00:00,0.1559,0.1571,0.1558,0.1565
1776272400,2026-04-15 17:00:00,0.1565,0.1572,0.1561,0.1565
1776276000,2026-04-15 18:00:00,0.1565,0.1572,0.1563,0.1572
1776279600,2026-04-15 19:00:00,0.1571,0.159,0.1569,0.1581
1776283200,2026-04-15 20:00:00,0.1581,0.1582,0.157,0.1573
1776286800,2026-04-15 21:00:00,0.1573,0.1582,0.1568,0.1579
1776290400,2026-04-15 22:00:00,0.1579,0.1588,0.1577,0.1578
1776294000,2026-04-15 23:00:00,0.1578,0.1579,0.1569,0.1579
1776297600,2026-04-16 00:00:00,0.1579,0.1583,0.1574,0.158
1776301200,2026-04-16 01:00:00,0.158,0.1586,0.1574,0.1583
1776304800,2026-04-16 02:00:00,0.1584,0.16,0.1584,0.1597
1776308400,2026-04-16 03:00:00,0.1597,0.1609,0.1594,0.1599
1776312000,2026-04-16 04:00:00,0.1599,0.1606,0.1593,0.1598
1776315600,2026-04-16 05:00:00,0.1598,0.1605,0.1593,0.1601
1776319200,2026-04-16 06:00:00,0.1602,0.1608,0.1599,0.1605
1776322800,2026-04-16 07:00:00,0.1606,0.1613,0.1605,0.1609
1776326400,2026-04-16 08:00:00,0.161,0.1619,0.1607,0.1615
1776330000,2026-04-16 09:00:00,0.1615,0.1623,0.1608,0.1609
1776333600,2026-04-16 10:00:00,0.1609,0.1612,0.1599,0.1602
1776337200,2026-04-16 11:00:00,0.1603,0.1609,0.1601,0.1605
1776340800,2026-04-16 12:00:00,0.1605,0.162,0.1605,0.1617
1776344400,2026-04-16 13:00:00,0.1616,0.1629,0.1595,0.1609
1776348000,2026-04-16 14:00:00,0.1608,0.1611,0.159,0.1602
1776351600,2026-04-16 15:00:00,0.1602,0.1652,0.1601,0.1644
1776355200,2026-04-16 16:00:00,0.1644,0.1659,0.163,0.1635
1776358800,2026-04-16 17:00:00,0.1634,0.1653,0.1626,0.165
1776362400,2026-04-16 18:00:00,0.165,0.1671,0.1645,0.1667
1776366000,2026-04-16 19:00:00,0.1667,0.1682,0.1664,0.1681
1776369600,2026-04-16 20:00:00,0.1681,0.1691,0.1667,0.1678
1776373200,2026-04-16 21:00:00,0.1679,0.1682,0.1667,0.1676
1776376800,2026-04-16 22:00:00,0.1676,0.1692,0.1676,0.1682
1776380400,2026-04-16 23:00:00,0.1681,0.1696,0.168,0.1693
1776384000,2026-04-17 00:00:00,0.1693,0.1696,0.1678,0.1681
1776387600,2026-04-17 01:00:00,0.1681,0.1688,0.1667,0.1668
1776391200,2026-04-17 02:00:00,0.1669,0.1674,0.166,0.1663
1776394800,2026-04-17 03:00:00,0.1663,0.1669,0.1656,0.1663
1776398400,2026-04-17 04:00:00,0.1662,0.1665,0.1655,0.1655
1776402000,2026-04-17 05:00:00,0.1656,0.1658,0.1645,0.1645
1776405600,2026-04-17 06:00:00,0.1644,0.1666,0.1643,0.1663
1776409200,2026-04-17 07:00:00,0.1663,0.1673,0.1659,0.1672
1776412800,2026-04-17 08:00:00,0.1672,0.1684,0.1669,0.1679
1776416400,2026-04-17 09:00:00,0.1679,0.1695,0.1674,0.1694
1776420000,2026-04-17 10:00:00,0.1694,0.17,0.1671,0.1681
1776423600,2026-04-17 11:00:00,0.1681,0.1697,0.168,0.1696
1776427200,2026-04-17 12:00:00,0.1696,0.1709,0.1688,0.1708
1776430800,2026-04-17 13:00:00,0.1707,0.1735,0.1704,0.1734
1776434400,2026-04-17 14:00:00,0.1734,0.1751,0.1731,0.1747
1776438000,2026-04-17 15:00:00,0.1748,0.1751,0.1735,0.1748
1776441600,2026-04-17 16:00:00,0.1748,0.1769,0.1737,0.1765
1776445200,2026-04-17 17:00:00,0.1765,0.1772,0.1739,0.174
1776448800,2026-04-17 18:00:00,0.1741,0.1742,0.1721,0.1735
1776452400,2026-04-17 19:00:00,0.1735,0.1748,0.1729,0.1743
1776456000,2026-04-17 20:00:00,0.1744,0.1753,0.1729,0.1748
1776459600,2026-04-17 21:00:00,0.1748,0.1755,0.1736,0.174
1776463200,2026-04-17 22:00:00,0.1739,0.1756,0.1737,0.1752
1776466800,2026-04-17 23:00:00,0.1753,0.1753,0.1738,0.1742
1776470400,2026-04-18 00:00:00,0.1741,0.1749,0.1725,0.1729
1776474000,2026-04-18 01:00:00,0.1729,0.174,0.1727,0.1735
1776477600,2026-04-18 02:00:00,0.1734,0.1746,0.173,0.1739
1776481200,2026-04-18 03:00:00,0.1738,0.1755,0.1734,0.1745
1776484800,2026-04-18 04:00:00,0.1746,0.1764,0.1733,0.1745
1776488400,2026-04-18 05:00:00,0.1745,0.175,0.1735,0.1738
1776492000,2026-04-18 06:00:00,0.1738,0.1747,0.1734,0.1743
1776495600,2026-04-18 07:00:00,0.1743,0.1753,0.1741,0.1752
1776499200,2026-04-18 08:00:00,0.1751,0.1752,0.1715,0.1721
1776502800,2026-04-18 09:00:00,0.1721,0.1722,0.1704,0.1704
1776506400,2026-04-18 10:00:00,0.1704,0.1704,0.169,0.1695
1776510000,2026-04-18 11:00:00,0.1696,0.1696,0.168,0.169
1776513600,2026-04-18 12:00:00,0.1689,0.1701,0.1689,0.1698
1776517200,2026-04-18 13:00:00,0.1699,0.1708,0.1683,0.1703
1776520800,2026-04-18 14:00:00,0.1704,0.1706,0.1695,0.1705
1776524400,2026-04-18 15:00:00,0.1705,0.1712,0.1701,0.1703
1776528000,2026-04-18 16:00:00,0.1704,0.1705,0.1689,0.1693
1776531600,2026-04-18 17:00:00,0.1692,0.1697,0.1685,0.1693
1776535200,2026-04-18 18:00:00,0.1694,0.1694,0.1675,0.168
1776538800,2026-04-18 19:00:00,0.1679,0.1691,0.1679,0.169
1776542400,2026-04-18 20:00:00,0.1689,0.1701,0.1685,0.1697
1776546000,2026-04-18 21:00:00,0.1696,0.1708,0.1694,0.1705
1776549600,2026-04-18 22:00:00,0.1705,0.1709,0.17,0.1705
1776553200,2026-04-18 23:00:00,0.1705,0.1717,0.1701,0.1704
1776556800,2026-04-19 00:00:00,0.1704,0.1711,0.17,0.1706
1776560400,2026-04-19 01:00:00,0.1706,0.1712,0.1706,0.1712
1776564000,2026-04-19 02:00:00,0.1712,0.1715,0.1697,0.1699
1776567600,2026-04-19 03:00:00,0.1698,0.1714,0.1691,0.1709
1776571200,2026-04-19 04:00:00,0.1709,0.1715,0.1694,0.1708
1776574800,2026-04-19 05:00:00,0.1708,0.1714,0.17,0.17
1776578400,2026-04-19 06:00:00,0.1701,0.1704,0.1692,0.1701
1776582000,2026-04-19 07:00:00,0.17,0.17,0.1673,0.1682
1776585600,2026-04-19 08:00:00,0.1682,0.1685,0.1677,0.168
1776589200,2026-04-19 09:00:00,0.1681,0.1684,0.1671,0.1676
1776592800,2026-04-19 10:00:00,0.1676,0.1682,0.1673,0.1681
1776596400,2026-04-19 11:00:00,0.168,0.1703,0.1679,0.1703
1776600000,2026-04-19 12:00:00,0.1703,0.1709,0.1696,0.1702
1776603600,2026-04-19 13:00:00,0.1702,0.1723,0.1702,0.1708
1776607200,2026-04-19 14:00:00,0.1709,0.1726,0.1699,0.1719
1776610800,2026-04-19 15:00:00,0.1719,0.172,0.1699,0.1717
1776614400,2026-04-19 16:00:00,0.1718,0.172,0.1699,0.1702
1776618000,2026-04-19 17:00:00,0.1702,0.1703,0.169,0.1692
1776621600,2026-04-19 18:00:00,0.1693,0.1698,0.1687,0.1695
1776625200,2026-04-19 19:00:00,0.1695,0.1716,0.1695,0.1708
1776628800,2026-04-19 20:00:00,0.1708,0.1709,0.1691,0.1696
1776632400,2026-04-19 21:00:00,0.1696,0.1701,0.1689,0.169
1776636000,2026-04-19 22:00:00,0.1689,0.1689,0.1665,0.1673
1776639600,2026-04-19 23:00:00,0.1672,0.1672,0.166,0.1666
1776643200,2026-04-20 00:00:00,0.1667,0.1686,0.1666,0.1682
1776646800,2026-04-20 01:00:00,0.1682,0.1689,0.1679,0.168
1776650400,2026-04-20 02:00:00,0.1681,0.1682,0.1671,0.168
1776654000,2026-04-20 03:00:00,0.1679,0.1687,0.167,0.1683
1776657600,2026-04-20 04:00:00,0.1683,0.1691,0.1678,0.1686
1776661200,2026-04-20 05:00:00,0.1687,0.1688,0.1664,0.1675
1776664800,2026-04-20 06:00:00,0.1675,0.1694,0.1672,0.1689
1776668400,2026-04-20 07:00:00,0.169,0.1711,0.1685,0.1691
1776672000,2026-04-20 08:00:00,0.1691,0.1694,0.1682,0.1684
1776675600,2026-04-20 09:00:00,0.1683,0.1694,0.1679,0.169
1776679200,2026-04-20 10:00:00,0.169,0.1703,0.1689,0.1689
1776682800,2026-04-20 11:00:00,0.169,0.169,0.1676,0.1677
1776686400,2026-04-20 12:00:00,0.1678,0.1689,0.1673,0.1689
1776690000,2026-04-20 13:00:00,0.1688,0.1695,0.1678,0.1691
1776693600,2026-04-20 14:00:00,0.1691,0.1705,0.1683,0.1686
1776697200,2026-04-20 15:00:00,0.1686,0.1711,0.1677,0.1707
1776700800,2026-04-20 16:00:00,0.1706,0.1713,0.1698,0.17
1776704400,2026-04-20 17:00:00,0.17,0.1728,0.17,0.1727
1776708000,2026-04-20 18:00:00,0.1726,0.175,0.1726,0.1747
1776711600,2026-04-20 19:00:00,0.1747,0.1752,0.1728,0.1736
1776715200,2026-04-20 20:00:00,0.1735,0.1739,0.1728,0.1734
1776718800,2026-04-20 21:00:00,0.1733,0.1743,0.1725,0.174
1776722400,2026-04-20 22:00:00,0.174,0.1745,0.1734,0.1737
1776726000,2026-04-20 23:00:00,0.1737,0.1739,0.1729,0.1739
1776729600,2026-04-21 00:00:00,0.1739,0.1751,0.1734,0.175
1776733200,2026-04-21 01:00:00,0.175,0.1757,0.1737,0.1739
1776736800,2026-04-21 02:00:00,0.1739,0.1744,0.173,0.1733
1776740400,2026-04-21 03:00:00,0.1732,0.1746,0.1729,0.1739
1776744000,2026-04-21 04:00:00,0.1738,0.1759,0.1738,0.1759
1776747600,2026-04-21 05:00:00,0.1758,0.1762,0.1752,0.1753
1776751200,2026-04-21 06:00:00,0.1754,0.1775,0.1752,0.1766
1776754800,2026-04-21 07:00:00,0.1767,0.1799,0.176,0.1794
1776758400,2026-04-21 08:00:00,0.1795,0.1828,0.1794,0.1822
1776762000,2026-04-21 09:00:00,0.1823,0.1827,0.18,0.1808
1776765600,2026-04-21 10:00:00,0.1809,0.1839,0.1809,0.1837
1776769200,2026-04-21 11:00:00,0.1837,0.1847,0.1802,0.1809
1776772800,2026-04-21 12:00:00,0.1809,0.1813,0.1784,0.1791
1776776400,2026-04-21 13:00:00,0.1791,0.1797,0.1778,0.1791
1776780000,2026-04-21 14:00:00,0.1791,0.1804,0.1773,0.1776
1776783600,2026-04-21 15:00:00,0.1775,0.1778,0.1764,0.1771
1776787200,2026-04-21 16:00:00,0.1772,0.1786,0.177,0.1777
1776790800,2026-04-21 17:00:00,0.1776,0.1792,0.1758,0.1787
1776794400,2026-04-21 18:00:00,0.1787,0.1788,0.177,0.178
1776798000,2026-04-21 19:00:00,0.1781,0.1788,0.176,0.1764
1776801600,2026-04-21 20:00:00,0.1763,0.1787,0.1759,0.1773
1776805200,2026-04-21 21:00:00,0.1774,0.1776,0.1765,0.1772
1776808800,2026-04-21 22:00:00,0.1771,0.1778,0.1767,0.1776
1776812400,2026-04-21 23:00:00,0.1776,0.1795,0.1774,0.1791
1776816000,2026-04-22 00:00:00,0.1791,0.1803,0.1787,0.1799
1776819600,2026-04-22 01:00:00,0.1799,0.1803,0.1781,0.1785
1776823200,2026-04-22 02:00:00,0.1785,0.1804,0.1784,0.1801
1776826800,2026-04-22 03:00:00,0.18,0.1803,0.1794,0.18
1776830400,2026-04-22 04:00:00,0.1801,0.1809,0.1799,0.1801
1776834000,2026-04-22 05:00:00,0.1802,0.1819,0.1797,0.1813
1776837600,2026-04-22 06:00:00,0.1813,0.1816,0.1807,0.181
1776841200,2026-04-22 07:00:00,0.1811,0.1815,0.1802,0.1802
1776844800,2026-04-22 08:00:00,0.1803,0.1804,0.1792,0.1795
1776848400,2026-04-22 09:00:00,0.1795,0.1803,0.1792,0.1797
1776852000,2026-04-22 10:00:00,0.1798,0.1803,0.1793,0.1794
1776855600,2026-04-22 11:00:00,0.1794,0.1798,0.1793,0.1795
1776859200,2026-04-22 12:00:00,0.1796,0.1799,0.1785,0.179
1776862800,2026-04-22 13:00:00,0.179,0.1795,0.1781,0.1784
1776866400,2026-04-22 14:00:00,0.1783,0.1812,0.1779,0.1811
1776870000,2026-04-22 15:00:00,0.1811,0.1825,0.1799,0.1801
1776873600,2026-04-22 16:00:00,0.1801,0.1809,0.1788,0.1799
1776877200,2026-04-22 17:00:00,0.1798,0.181,0.1796,0.1797
1776880800,2026-04-22 18:00:00,0.1798,0.18,0.1786,0.1789
1776884400,2026-04-22 19:00:00,0.1788,0.1792,0.1782,0.1787
1776888000,2026-04-22 20:00:00,0.1787,0.1794,0.1785,0.1787
1776891600,2026-04-22 21:00:00,0.1788,0.1789,0.1776,0.1778
1776895200,2026-04-22 22:00:00,0.1777,0.1784,0.1773,0.1776
1776898800,2026-04-22 23:00:00,0.1775,0.1776,0.1763,0.1766
1776902400,2026-04-23 00:00:00,0.1767,0.1781,0.1758,0.1777
1776906000,2026-04-23 01:00:00,0.1778,0.1779,0.1768,0.177
1776909600,2026-04-23 02:00:00,0.177,0.1771,0.1759,0.1766
1776913200,2026-04-23 03:00:00,0.1765,0.1769,0.1751,0.1754
1776916800,2026-04-23 04:00:00,0.1754,0.1754,0.1747,0.1749
1776920400,2026-04-23 05:00:00,0.1749,0.177,0.174,0.1769
1776924000,2026-04-23 06:00:00,0.177,0.1787,0.1757,0.1774
1776927600,2026-04-23 07:00:00,0.1774,0.1777,0.1766,0.1769
1776931200,2026-04-23 08:00:00,0.177,0.1771,0.1762,0.1766
1776934800,2026-04-23 09:00:00,0.1765,0.1765,0.1754,0.1759
1776938400,2026-04-23 10:00:00,0.1759,0.1762,0.1749,0.1754
1776942000,2026-04-23 11:00:00,0.1754,0.1776,0.1752,0.1768
1776945600,2026-04-23 12:00:00,0.1767,0.1783,0.1767,0.1777
1776949200,2026-04-23 13:00:00,0.1776,0.1788,0.1764,0.1766
1776952800,2026-04-23 14:00:00,0.1765,0.1791,0.1763,0.1788
1776956400,2026-04-23 15:00:00,0.1788,0.1794,0.1777,0.1782
1776960000,2026-04-23 16:00:00,0.1783,0.1788,0.1772,0.1774
1776963600,2026-04-23 17:00:00,0.1774,0.1776,0.1756,0.1774
1776967200,2026-04-23 18:00:00,0.1773,0.1777,0.1757,0.1759
1776970800,2026-04-23 19:00:00,0.1758,0.1763,0.1751,0.1752
1776974400,2026-04-23 20:00:00,0.1752,0.176,0.1747,0.1755
1776978000,2026-04-23 21:00:00,0.1756,0.1768,0.1753,0.176
1776981600,2026-04-23 22:00:00,0.176,0.1768,0.1756,0.1756
1776985200,2026-04-23 23:00:00,0.1756,0.1761,0.1749,0.1755
1776988800,2026-04-24 00:00:00,0.1754,0.176,0.1751,0.1756
1776992400,2026-04-24 01:00:00,0.1756,0.1757,0.1746,0.1757
1776996000,2026-04-24 02:00:00,0.1756,0.1758,0.1745,0.1751
1776999600,2026-04-24 03:00:00,0.175,0.1752,0.1721,0.1747
1777003200,2026-04-24 04:00:00,0.1747,0.1751,0.1738,0.1745
1777006800,2026-04-24 05:00:00,0.1744,0.1753,0.1743,0.1749
1777010400,2026-04-24 06:00:00,0.1748,0.1755,0.1743,0.1744
1777014000,2026-04-24 07:00:00,0.1744,0.1747,0.1738,0.174
1777017600,2026-04-24 08:00:00,0.174,0.1761,0.1736,0.176
1777021200,2026-04-24 09:00:00,0.176,0.1767,0.1745,0.1747
1777024800,2026-04-24 10:00:00,0.1747,0.1752,0.1742,0.175
1777028400,2026-04-24 11:00:00,0.1749,0.1765,0.1749,0.176
1777032000,2026-04-24 12:00:00,0.1761,0.177,0.1753,0.1755
1777035600,2026-04-24 13:00:00,0.1754,0.1761,0.1741,0.1743
1777039200,2026-04-24 14:00:00,0.1742,0.1748,0.1736,0.1742
1777042800,2026-04-24 15:00:00,0.1742,0.1748,0.173,0.1747
1777046400,2026-04-24 16:00:00,0.1747,0.1754,0.1738,0.1752
1777050000,2026-04-24 17:00:00,0.1753,0.1754,0.1743,0.1746
1777053600,2026-04-24 18:00:00,0.1745,0.1746,0.173,0.1736
1777057200,2026-04-24 19:00:00,0.1737,0.1741,0.1732,0.1736
1777060800,2026-04-24 20:00:00,0.1737,0.1747,0.1732,0.174
1777064400,2026-04-24 21:00:00,0.1741,0.1743,0.1734,0.1737
1777068000,2026-04-24 22:00:00,0.1737,0.1737,0.173,0.173
1777071600,2026-04-24 23:00:00,0.1731,0.1733,0.1727,0.1729
1777075200,2026-04-25 00:00:00,0.173,0.1732,0.1727,0.173
1777078800,2026-04-25 01:00:00,0.1729,0.1736,0.1726,0.173
1777082400,2026-04-25 02:00:00,0.1729,0.1733,0.1727,0.1729
1777086000,2026-04-25 03:00:00,0.173,0.1745,0.1727,0.1744
1777089600,2026-04-25 04:00:00,0.1744,0.1747,0.1733,0.1734
1777093200,2026-04-25 05:00:00,0.1734,0.1738,0.173,0.1735
1777096800,2026-04-25 06:00:00,0.1735,0.1738,0.173,0.1731
1777100400,2026-04-25 07:00:00,0.173,0.1734,0.1727,0.1732
1777104000,2026-04-25 08:00:00,0.1732,0.1734,0.1728,0.173
1777107600,2026-04-25 09:00:00,0.1729,0.1736,0.1714,0.1733
1777111200,2026-04-25 10:00:00,0.1733,0.1737,0.1731,0.1733
1777114800,2026-04-25 11:00:00,0.1733,0.174,0.1723,0.1724
1777118400,2026-04-25 12:00:00,0.1725,0.1725,0.1716,0.1719
1777122000,2026-04-25 13:00:00,0.1719,0.1727,0.1717,0.1725
1777125600,2026-04-25 14:00:00,0.1725,0.1726,0.1719,0.1719
1777129200,2026-04-25 15:00:00,0.172,0.1721,0.1707,0.1711
1777132800,2026-04-25 16:00:00,0.1711,0.1713,0.1704,0.171
1777136400,2026-04-25 17:00:00,0.171,0.1712,0.1707,0.1708
1777140000,2026-04-25 18:00:00,0.1708,0.1712,0.1706,0.1708
1777143600,2026-04-25 19:00:00,0.1709,0.1709,0.1699,0.1701
1777147200,2026-04-25 20:00:00,0.1702,0.1705,0.17,0.1705
1777150800,2026-04-25 21:00:00,0.1704,0.1707,0.17,0.1702
1777154400,2026-04-25 22:00:00,0.1702,0.1705,0.17,0.1701
1777158000,2026-04-25 23:00:00,0.17,0.1701,0.1696,0.1698
1777161600,2026-04-26 00:00:00,0.1697,0.1698,0.1686,0.1689
1777165200,2026-04-26 01:00:00,0.169,0.1695,0.1687,0.1688
1777168800,2026-04-26 02:00:00,0.1689,0.1692,0.1687,0.1689
1777172400,2026-04-26 03:00:00,0.169,0.169,0.1683,0.1686
1777176000,2026-04-26 04:00:00,0.1685,0.1691,0.1682,0.1687
1777179600,2026-04-26 05:00:00,0.1686,0.1702,0.1686,0.1693
1777183200,2026-04-26 06:00:00,0.1693,0.1701,0.168,0.1697
1777186800,2026-04-26 07:00:00,0.1697,0.1709,0.1696,0.1708
1777190400,2026-04-26 08:00:00,0.1708,0.171,0.17,0.1707
1777194000,2026-04-26 09:00:00,0.1707,0.171,0.1704,0.1705
1777197600,2026-04-26 10:00:00,0.1706,0.1709,0.1701,0.1704
1777201200,2026-04-26 11:00:00,0.1704,0.1716,0.1702,0.1714
1777204800,2026-04-26 12:00:00,0.1714,0.1723,0.1712,0.1722
1777208400,2026-04-26 13:00:00,0.1722,0.1727,0.1704,0.1704
1777212000,2026-04-26 14:00:00,0.1705,0.1719,0.1704,0.1711
1777215600,2026-04-26 15:00:00,0.1711,0.1714,0.1708,0.1713
1777219200,2026-04-26 16:00:00,0.1713,0.1714,0.1699,0.17
1777222800,2026-04-26 17:00:00,0.1701,0.1706,0.1695,0.1704
1777226400,2026-04-26 18:00:00,0.1703,0.1712,0.1702,0.1708
1777230000,2026-04-26 19:00:00,0.1708,0.1716,0.1707,0.1712
1777233600,2026-04-26 20:00:00,0.1712,0.1714,0.1707,0.1708
1777237200,2026-04-26 21:00:00,0.1709,0.1717,0.17,0.1715
1777240800,2026-04-26 22:00:00,0.1714,0.1719,0.1704,0.1708
1777244400,2026-04-26 23:00:00,0.1707,0.1714,0.1705,0.1708
1777248000,2026-04-27 00:00:00,0.1709,0.1725,0.1705,0.1725
1777251600,2026-04-27 01:00:00,0.1726,0.173,0.1714,0.1728
1777255200,2026-04-27 02:00:00,0.1729,0.1736,0.1724,0.1732
1777258800,2026-04-27 03:00:00,0.1731,0.1737,0.1726,0.1733
1777262400,2026-04-27 04:00:00,0.1733,0.1733,0.1714,0.1717
1777266000,2026-04-27 05:00:00,0.1717,0.1717,0.1694,0.1695
1777269600,2026-04-27 06:00:00,0.1695,0.1698,0.1685,0.1689
1777273200,2026-04-27 07:00:00,0.1688,0.169,0.1674,0.1678
1777276800,2026-04-27 08:00:00,0.1678,0.1691,0.1664,0.1685
1777280400,2026-04-27 09:00:00,0.1685,0.1687,0.1681,0.1682
1777284000,2026-04-27 10:00:00,0.1683,0.1686,0.1679,0.168
1777287600,2026-04-27 11:00:00,0.168,0.1681,0.167,0.1674
1777291200,2026-04-27 12:00:00,0.1673,0.1679,0.1669,0.1676
1777294800,2026-04-27 13:00:00,0.1676,0.168,0.1672,0.1675
1777298400,2026-04-27 14:00:00,0.1675,0.1684,0.1672,0.1673
1777302000,2026-04-27 15:00:00,0.1674,0.1674,0.1647,0.1651
1777305600,2026-04-27 16:00:00,0.165,0.1654,0.1644,0.1646
1777309200,2026-04-27 17:00:00,0.1646,0.1651,0.1644,0.1645
1777312800,2026-04-27 18:00:00,0.1645,0.1653,0.1644,0.1652
1777316400,2026-04-27 19:00:00,0.1651,0.1653,0.1643,0.1647
1777320000,2026-04-27 20:00:00,0.1648,0.165,0.1644,0.1646
1777323600,2026-04-27 21:00:00,0.1645,0.1652,0.1644,0.1651
1777327200,2026-04-27 22:00:00,0.1651,0.1666,0.1642,0.1654
1777330800,2026-04-27 23:00:00,0.1654,0.1664,0.1653,0.166
1777334400,2026-04-28 00:00:00,0.166,0.1661,0.1654,0.1655
1777338000,2026-04-28 01:00:00,0.1655,0.1659,0.1651,0.1652
1777341600,2026-04-28 02:00:00,0.1652,0.1658,0.1646,0.1651
1777345200,2026-04-28 03:00:00,0.165,0.1652,0.1646,0.165
1777348800,2026-04-28 04:00:00,0.1651,0.1657,0.1648,0.165
1777352400,2026-04-28 05:00:00,0.1651,0.1655,0.1648,0.165
1777356000,2026-04-28 06:00:00,0.1649,0.1654,0.1644,0.1646
1777359600,2026-04-28 07:00:00,0.1646,0.1649,0.164,0.1648
1777363200,2026-04-28 08:00:00,0.1648,0.1651,0.1642,0.1645
1777366800,2026-04-28 09:00:00,0.1645,0.1647,0.1634,0.1637
1777370400,2026-04-28 10:00:00,0.1638,0.1639,0.1628,0.1629
1777374000,2026-04-28 11:00:00,0.163,0.1631,0.1613,0.1617
1777377600,2026-04-28 12:00:00,0.1618,0.1625,0.1616,0.1623
1777381200,2026-04-28 13:00:00,0.1624,0.1631,0.1614,0.1625
1777384800,2026-04-28 14:00:00,0.1625,0.1625,0.1611,0.1615
1777388400,2026-04-28 15:00:00,0.1615,0.1631,0.1615,0.1629
1777392000,2026-04-28 16:00:00,0.1628,0.1635,0.1626,0.1632
1777395600,2026-04-28 17:00:00,0.1633,0.1635,0.1616,0.1623
1777399200,2026-04-28 18:00:00,0.1623,0.1625,0.1618,0.1621
1777402800,2026-04-28 19:00:00,0.1621,0.1628,0.1618,0.1623
1777406400,2026-04-28 20:00:00,0.1623,0.1631,0.1619,0.1628
1777410000,2026-04-28 21:00:00,0.1628,0.1631,0.1623,0.1625
1777413600,2026-04-28 22:00:00,0.1625,0.163,0.1619,0.1621
1777417200,2026-04-28 23:00:00,0.162,0.1623,0.1617,0.1618
1777420800,2026-04-29 00:00:00,0.1619,0.1625,0.1617,0.1623
1777424400,2026-04-29 01:00:00,0.1623,0.1624,0.1618,0.1622
1777428000,2026-04-29 02:00:00,0.1621,0.1624,0.1617,0.1617
1777431600,2026-04-29 03:00:00,0.1618,0.163,0.1616,0.1626
1777435200,2026-04-29 04:00:00,0.1626,0.1643,0.1625,0.1636
1777438800,2026-04-29 05:00:00,0.1637,0.1638,0.1631,0.1632
1777442400,2026-04-29 06:00:00,0.1633,0.164,0.1629,0.1635
1777446000,2026-04-29 07:00:00,0.1635,0.1647,0.1633,0.164
1777449600,2026-04-29 08:00:00,0.1641,0.1643,0.1616,0.1619
1777453200,2026-04-29 09:00:00,0.1618,0.1642,0.1616,0.164
1777456800,2026-04-29 10:00:00,0.164,0.1648,0.1637,0.1639
1777460400,2026-04-29 11:00:00,0.164,0.164,0.1626,0.1627
1777464000,2026-04-29 12:00:00,0.1627,0.1627,0.1613,0.1617
1777467600,2026-04-29 13:00:00,0.1617,0.1622,0.1608,0.1615
1777471200,2026-04-29 14:00:00,0.1614,0.1616,0.1606,0.161
1777474800,2026-04-29 15:00:00,0.161,0.1611,0.1594,0.1599
1777478400,2026-04-29 16:00:00,0.16,0.1605,0.1597,0.1599
1777482000,2026-04-29 17:00:00,0.16,0.1608,0.16,0.1608
1777485600,2026-04-29 18:00:00,0.1608,0.161,0.1582,0.1599
1777489200,2026-04-29 19:00:00,0.1598,0.1602,0.1587,0.159
1777492800,2026-04-29 20:00:00,0.159,0.1598,0.1589,0.1594
1777496400,2026-04-29 21:00:00,0.1593,0.1606,0.1589,0.1601
1777500000,2026-04-29 22:00:00,0.1601,0.1605,0.1597,0.1598
1777503600,2026-04-29 23:00:00,0.1599,0.1602,0.1594,0.1594
1777507200,2026-04-30 00:00:00,0.1595,0.1611,0.1595,0.1607
1777510800,2026-04-30 01:00:00,0.1608,0.1609,0.1602,0.1602
1777514400,2026-04-30 02:00:00,0.1603,0.1605,0.1591,0.1596
1777518000,2026-04-30 03:00:00,0.1596,0.1601,0.1595,0.1599
1777521600,2026-04-30 04:00:00,0.1598,0.1599,0.1588,0.159
1777525200,2026-04-30 05:00:00,0.159,0.1595,0.1586,0.1588
1777528800,2026-04-30 06:00:00,0.1587,0.1603,0.1586,0.1599
1777532400,2026-04-30 07:00:00,0.1599,0.1608,0.1599,0.1606
1777536000,2026-04-30 08:00:00,0.1605,0.1608,0.1601,0.1603
1777539600,2026-04-30 09:00:00,0.1604,0.1609,0.1602,0.1603
1777543200,2026-04-30 10:00:00,0.1603,0.1604,0.1589,0.1591
1777546800,2026-04-30 11:00:00,0.1591,0.1594,0.1586,0.159
1777550400,2026-04-30 12:00:00,0.1591,0.16,0.159,0.1595
1777554000,2026-04-30 13:00:00,0.1594,0.1604,0.1593,0.1599
1777557600,2026-04-30 14:00:00,0.1599,0.1602,0.1592,0.1595
1777561200,2026-04-30 15:00:00,0.1595,0.16,0.1589,0.1597
1777564800,2026-04-30 16:00:00,0.1597,0.1598,0.1588,0.1591
1777568400,2026-04-30 17:00:00,0.159,0.1593,0.1587,0.1591
1777572000,2026-04-30 18:00:00,0.1591,0.1594,0.1584,0.1587
1777575600,2026-04-30 19:00:00,0.1586,0.1594,0.1585,0.1592
1777579200,2026-04-30 20:00:00,0.1592,0.1597,0.159,0.1592
1777582800,2026-04-30 21:00:00,0.1592,0.1597,0.1589,0.1591
1777586400,2026-04-30 22:00:00,0.159,0.1593,0.1587,0.1588
1777590000,2026-04-30 23:00:00,0.1588,0.1589,0.1583,0.1583
1777593600,2026-05-01 00:00:00,0.1583,0.1593,0.1582,0.1584
1777597200,2026-05-01 01:00:00,0.1585,0.1591,0.1582,0.1588
1777600800,2026-05-01 02:00:00,0.1587,0.1591,0.1584,0.1588
1777604400,2026-05-01 03:00:00,0.1587,0.1603,0.1586,0.1596
1777608000,2026-05-01 04:00:00,0.1597,0.1614,0.1593,0.1594
1777611600,2026-05-01 05:00:00,0.1593,0.1598,0.159,0.1592
1777615200,2026-05-01 06:00:00,0.1592,0.1597,0.1589,0.1591
1777618800,2026-05-01 07:00:00,0.159,0.1591,0.1586,0.1587
1777622400,2026-05-01 08:00:00,0.1588,0.1601,0.1587,0.1594
1777626000,2026-05-01 09:00:00,0.1593,0.1596,0.1591,0.1593
1777629600,2026-05-01 10:00:00,0.1594,0.1597,0.1589,0.1594
1777633200,2026-05-01 11:00:00,0.1594,0.1598,0.1591,0.1595
1777636800,2026-05-01 12:00:00,0.1595,0.1609,0.1593,0.1605
1777640400,2026-05-01 13:00:00,0.1606,0.1621,0.1606,0.162
1777644000,2026-05-01 14:00:00,0.162,0.1622,0.1608,0.1614
1777647600,2026-05-01 15:00:00,0.1615,0.1626,0.1608,0.1623
1777651200,2026-05-01 16:00:00,0.1623,0.1626,0.1612,0.1612
1777654800,2026-05-01 17:00:00,0.1612,0.1616,0.1608,0.1612
1777658400,2026-05-01 18:00:00,0.1612,0.1618,0.1608,0.161
1777662000,2026-05-01 19:00:00,0.161,0.1614,0.1603,0.1607
1777665600,2026-05-01 20:00:00,0.1607,0.1611,0.1601,0.1603
1777669200,2026-05-01 21:00:00,0.1603,0.1606,0.1601,0.1604
1777672800,2026-05-01 22:00:00,0.1604,0.1607,0.1596,0.1597
1777676400,2026-05-01 23:00:00,0.1597,0.1599,0.1593,0.1596
1777680000,2026-05-02 00:00:00,0.1596,0.1606,0.1594,0.1602
1777683600,2026-05-02 01:00:00,0.1602,0.1604,0.1599,0.1601
1777687200,2026-05-02 02:00:00,0.1601,0.1603,0.1596,0.16
1777690800,2026-05-02 03:00:00,0.1601,0.1602,0.1596,0.1598
1777694400,2026-05-02 04:00:00,0.1598,0.1599,0.1593,0.1595
1777698000,2026-05-02 05:00:00,0.1595,0.1595,0.1588,0.1591
1777701600,2026-05-02 06:00:00,0.1591,0.1599,0.1591,0.1597
1777705200,2026-05-02 07:00:00,0.1597,0.1598,0.1592,0.1592
1777708800,2026-05-02 08:00:00,0.1592,0.1596,0.159,0.1593
1777712400,2026-05-02 09:00:00,0.1593,0.1598,0.1592,0.1596
1777716000,2026-05-02 10:00:00,0.1596,0.1599,0.1594,0.1596
1777719600,2026-05-02 11:00:00,0.1596,0.1599,0.1593,0.1594
1777723200,2026-05-02 12:00:00,0.1594,0.1596,0.1588,0.1594
1777726800,2026-05-02 13:00:00,0.1594,0.1601,0.1594,0.16
1777730400,2026-05-02 14:00:00,0.1601,0.1603,0.1597,0.16
1777734000,2026-05-02 15:00:00,0.16,0.1606,0.1599,0.1604
1777737600,2026-05-02 16:00:00,0.1604,0.1608,0.1603,0.1607
1777741200,2026-05-02 17:00:00,0.1608,0.1608,0.1599,0.1599
1777744800,2026-05-02 18:00:00,0.16,0.1604,0.1595,0.1598
1777748400,2026-05-02 19:00:00,0.1598,0.1602,0.1596,0.1602
1777752000,2026-05-02 20:00:00,0.1602,0.1605,0.16,0.1602
1777755600,2026-05-02 21:00:00,0.1603,0.161,0.16,0.1604
1777759200,2026-05-02 22:00:00,0.1604,0.1608,0.1602,0.1606
1777762800,2026-05-02 23:00:00,0.1605,0.1605,0.1598,0.1599
1777766400,2026-05-03 00:00:00,0.16,0.1601,0.1593,0.1596
1777770000,2026-05-03 01:00:00,0.1595,0.1595,0.1584,0.1586
1777773600,2026-05-03 02:00:00,0.1586,0.1587,0.1578,0.1581
1777777200,2026-05-03 03:00:00,0.1582,0.1589,0.1579,0.1587
1777780800,2026-05-03 04:00:00,0.1586,0.1589,0.1583,0.1584
1777784400,2026-05-03 05:00:00,0.1584,0.159,0.1584,0.1587
1777788000,2026-05-03 06:00:00,0.1588,0.1593,0.1586,0.1591
1777791600,2026-05-03 07:00:00,0.1592,0.1597,0.1591,0.1592
1777795200,2026-05-03 08:00:00,0.1593,0.1595,0.1591,0.1591
1777798800,2026-05-03 09:00:00,0.1591,0.1595,0.1587,0.1592
1777802400,2026-05-03 10:00:00,0.1592,0.1594,0.1587,0.1588
1777806000,2026-05-03 11:00:00,0.1588,0.1601,0.1586,0.1596
1777809600,2026-05-03 12:00:00,0.1596,0.1602,0.1595,0.1595
1777813200,2026-05-03 13:00:00,0.1595,0.1597,0.1591,0.1593
1777816800,2026-05-03 14:00:00,0.1593,0.1594,0.1589,0.1591
1777820400,2026-05-03 15:00:00,0.1591,0.1595,0.159,0.1591
1777824000,2026-05-03 16:00:00,0.1592,0.1592,0.1588,0.159
1777827600,2026-05-03 17:00:00,0.1589,0.159,0.1585,0.1587
1777831200,2026-05-03 18:00:00,0.1588,0.1589,0.1585,0.1585
1777834800,2026-05-03 19:00:00,0.1585,0.159,0.1585,0.1587
1777838400,2026-05-03 20:00:00,0.1588,0.1593,0.1585,0.1586
1777842000,2026-05-03 21:00:00,0.1586,0.1591,0.1579,0.1583
1777845600,2026-05-03 22:00:00,0.1583,0.1595,0.1583,0.159
1777849200,2026-05-03 23:00:00,0.1589,0.1591,0.1578,0.1579
1777852800,2026-05-04 00:00:00,0.158,0.1583,0.1572,0.1579
1777856400,2026-05-04 01:00:00,0.1579,0.1595,0.157,0.1594
1777860000,2026-05-04 02:00:00,0.1595,0.1614,0.1595,0.1607
1777863600,2026-05-04 03:00:00,0.1607,0.1611,0.1598,0.1606
1777867200,2026-05-04 04:00:00,0.1607,0.1616,0.1606,0.1609
1777870800,2026-05-04 05:00:00,0.1609,0.161,0.16,0.1606
1777874400,2026-05-04 06:00:00,0.1606,0.161,0.1596,0.1606
1777878000,2026-05-04 07:00:00,0.1605,0.1606,0.1597,0.1599
1777881600,2026-05-04 08:00:00,0.1599,0.1604,0.1595,0.1597
1777885200,2026-05-04 09:00:00,0.1598,0.1612,0.1598,0.1609
1777888800,2026-05-04 10:00:00,0.1609,0.161,0.1571,0.1583
1777892400,2026-05-04 11:00:00,0.1583,0.1586,0.1578,0.158
1777896000,2026-05-04 12:00:00,0.1579,0.1583,0.1575,0.1575
1777899600,2026-05-04 13:00:00,0.1575,0.1578,0.1568,0.1572
1777903200,2026-05-04 14:00:00,0.1572,0.1594,0.1566,0.159
1777906800,2026-05-04 15:00:00,0.159,0.159,0.1571,0.158
1777910400,2026-05-04 16:00:00,0.1579,0.1584,0.1573,0.1575
1777914000,2026-05-04 17:00:00,0.1576,0.1589,0.1574,0.1586
1777917600,2026-05-04 18:00:00,0.1586,0.159,0.1578,0.1582
1777921200,2026-05-04 19:00:00,0.1581,0.1582,0.1572,0.1576
1777924800,2026-05-04 20:00:00,0.1575,0.1575,0.157,0.1572
1777928400,2026-05-04 21:00:00,0.1572,0.1577,0.1571,0.1573
1777932000,2026-05-04 22:00:00,0.1573,0.1576,0.157,0.1574
1777935600,2026-05-04 23:00:00,0.1573,0.158,0.157,0.1575
1777939200,2026-05-05 00:00:00,0.1575,0.159,0.1572,0.1588
1777942800,2026-05-05 01:00:00,0.1589,0.1596,0.1578,0.1584
1777946400,2026-05-05 02:00:00,0.1584,0.1588,0.158,0.1581
1777950000,2026-05-05 03:00:00,0.1581,0.1587,0.1578,0.1586
1777953600,2026-05-05 04:00:00,0.1586,0.1588,0.1582,0.1582
1777957200,2026-05-05 05:00:00,0.1583,0.1588,0.1582,0.1586
1777960800,2026-05-05 06:00:00,0.1586,0.1587,0.1582,0.1587
1777964400,2026-05-05 07:00:00,0.1588,0.1595,0.1588,0.1591
1777968000,2026-05-05 08:00:00,0.1591,0.1595,0.1587,0.1591
1777971600,2026-05-05 09:00:00,0.159,0.1591,0.1584,0.1587
1777975200,2026-05-05 10:00:00,0.1587,0.1594,0.1585,0.1592
1777978800,2026-05-05 11:00:00,0.1592,0.1597,0.159,0.1595
1777982400,2026-05-05 12:00:00,0.1595,0.1605,0.1594,0.1603
1777986000,2026-05-05 13:00:00,0.1603,0.1611,0.16,0.1605
1777989600,2026-05-05 14:00:00,0.1605,0.1606,0.1591,0.1595
1777993200,2026-05-05 15:00:00,0.1595,0.1602,0.1587,0.1588
1777996800,2026-05-05 16:00:00,0.1588,0.1592,0.1583,0.1588
1778000400,2026-05-05 17:00:00,0.1587,0.1589,0.1583,0.1585
1778004000,2026-05-05 18:00:00,0.1586,0.1591,0.1584,0.1587
1778007600,2026-05-05 19:00:00,0.1587,0.1599,0.1586,0.1595
1778011200,2026-05-05 20:00:00,0.1595,0.1606,0.1595,0.1605
1778014800,2026-05-05 21:00:00,0.1606,0.1609,0.1602,0.1608
1778018400,2026-05-05 22:00:00,0.1608,0.1613,0.1596,0.16
1778022000,2026-05-05 23:00:00,0.1601,0.1603,0.1594,0.1598
1778025600,2026-05-06 00:00:00,0.1598,0.1606,0.1597,0.1603
1778029200,2026-05-06 01:00:00,0.1603,0.1619,0.1603,0.1617
1778032800,2026-05-06 02:00:00,0.1618,0.1618,0.1601,0.1609
1778036400,2026-05-06 03:00:00,0.1609,0.1626,0.1609,0.1624
1778040000,2026-05-06 04:00:00,0.1624,0.1629,0.1613,0.1614
1778043600,2026-05-06 05:00:00,0.1614,0.1617,0.1607,0.1616
1778047200,2026-05-06 06:00:00,0.1617,0.1623,0.1611,0.1618
1778050800,2026-05-06 07:00:00,0.1619,0.1632,0.1618,0.163
1778054400,2026-05-06 08:00:00,0.163,0.1662,0.1629,0.1657
1778058000,2026-05-06 09:00:00,0.1657,0.166,0.1646,0.1659
1778061600,2026-05-06 10:00:00,0.166,0.1661,0.1652,0.1654
1778065200,2026-05-06 11:00:00,0.1654,0.1658,0.1649,0.1654
1778068800,2026-05-06 12:00:00,0.1654,0.1655,0.1643,0.1648
1778072400,2026-05-06 13:00:00,0.1647,0.1647,0.1619,0.162
1778076000,2026-05-06 14:00:00,0.162,0.1626,0.1607,0.1615
1778079600,2026-05-06 15:00:00,0.1616,0.1623,0.161,0.1613
1778083200,2026-05-06 16:00:00,0.1614,0.1619,0.1598,0.1609
1778086800,2026-05-06 17:00:00,0.1608,0.1615,0.1606,0.161
1778090400,2026-05-06 18:00:00,0.161,0.1614,0.1604,0.1607
1778094000,2026-05-06 19:00:00,0.1608,0.1618,0.1607,0.1616
1778097600,2026-05-06 20:00:00,0.1617,0.1623,0.1608,0.1614
1778101200,2026-05-06 21:00:00,0.1613,0.1626,0.1608,0.1624
1778104800,2026-05-06 22:00:00,0.1624,0.1624,0.1614,0.1615
1778108400,2026-05-06 23:00:00,0.1616,0.1617,0.1606,0.1616
1778112000,2026-05-07 00:00:00,0.1615,0.1618,0.1604,0.1605
1778115600,2026-05-07 01:00:00,0.1606,0.1615,0.1597,0.161
1778119200,2026-05-07 02:00:00,0.1609,0.1611,0.1596,0.1604
1778122800,2026-05-07 03:00:00,0.1603,0.1606,0.1598,0.1601
1778126400,2026-05-07 04:00:00,0.16,0.161,0.1599,0.1609
1778130000,2026-05-07 05:00:00,0.161,0.1619,0.1608,0.161
1778133600,2026-05-07 06:00:00,0.1609,0.1621,0.1603,0.1621
1778137200,2026-05-07 07:00:00,0.1621,0.1627,0.162,0.1623
1778140800,2026-05-07 08:00:00,0.1623,0.1624,0.1616,0.1616
1778144400,2026-05-07 09:00:00,0.1615,0.1617,0.1611,0.1612
1778148000,2026-05-07 10:00:00,0.1612,0.1614,0.1602,0.1606
1778151600,2026-05-07 11:00:00,0.1606,0.1614,0.1605,0.161
1778155200,2026-05-07 12:00:00,0.1611,0.1618,0.1611,0.1617
1778158800,2026-05-07 13:00:00,0.1617,0.1617,0.1594,0.1602
1778162400,2026-05-07 14:00:00,0.1602,0.1603,0.1586,0.1591
1778166000,2026-05-07 15:00:00,0.1591,0.1597,0.1581,0.1588
1778169600,2026-05-07 16:00:00,0.1588,0.1599,0.1587,0.1595
1778173200,2026-05-07 17:00:00,0.1595,0.1602,0.1578,0.1591
1778176800,2026-05-07 18:00:00,0.1592,0.16,0.1586,0.1591
1778180400,2026-05-07 19:00:00,0.1591,0.1591,0.1582,0.1584
1778184000,2026-05-07 20:00:00,0.1584,0.1594,0.1579,0.1579
1778187600,2026-05-07 21:00:00,0.1579,0.1587,0.1575,0.1581
1778191200,2026-05-07 22:00:00,0.1581,0.1586,0.1578,0.1581
1778194800,2026-05-07 23:00:00,0.158,0.1582,0.1578,0.1582
1778198400,2026-05-08 00:00:00,0.1582,0.1585,0.1576,0.158
1778202000,2026-05-08 01:00:00,0.158,0.1584,0.1574,0.1583
1778205600,2026-05-08 02:00:00,0.1583,0.1587,0.1575,0.1583
1778209200,2026-05-08 03:00:00,0.1584,0.1591,0.1576,0.1589
1778212800,2026-05-08 04:00:00,0.1588,0.159,0.1584,0.1586
1778216400,2026-05-08 05:00:00,0.1587,0.1588,0.1583,0.1583
1778220000,2026-05-08 06:00:00,0.1583,0.1585,0.1576,0.1576
1778223600,2026-05-08 07:00:00,0.1576,0.1586,0.1575,0.1584
1778227200,2026-05-08 08:00:00,0.1584,0.1594,0.1584,0.159
1778230800,2026-05-08 09:00:00,0.159,0.1597,0.1585,0.1588
1778234400,2026-05-08 10:00:00,0.1589,0.1594,0.1583,0.1591
1778238000,2026-05-08 11:00:00,0.1591,0.1594,0.1588,0.1591
1778241600,2026-05-08 12:00:00,0.1592,0.1596,0.1586,0.1587
1778245200,2026-05-08 13:00:00,0.1587,0.1591,0.1585,0.1587
1778248800,2026-05-08 14:00:00,0.1587,0.1607,0.1587,0.1605
1778252400,2026-05-08 15:00:00,0.1606,0.1625,0.1599,0.1623
1778256000,2026-05-08 16:00:00,0.1624,0.1626,0.1612,0.1617
1778259600,2026-05-08 17:00:00,0.1617,0.1644,0.1612,0.1638
1778263200,2026-05-08 18:00:00,0.1638,0.1657,0.1638,0.1642
1778266800,2026-05-08 19:00:00,0.1641,0.1654,0.1639,0.1642
1778270400,2026-05-08 20:00:00,0.1642,0.1649,0.1638,0.1644
1778274000,2026-05-08 21:00:00,0.1645,0.1645,0.1631,0.1644
1778277600,2026-05-08 22:00:00,0.1644,0.1646,0.1629,0.1636
1778281200,2026-05-08 23:00:00,0.1636,0.1636,0.1626,0.1635
1778284800,2026-05-09 00:00:00,0.1635,0.1651,0.1633,0.1648
1778288400,2026-05-09 01:00:00,0.1648,0.167,0.1647,0.1666
1778292000,2026-05-09 02:00:00,0.1667,0.168,0.1667,0.1672
1778295600,2026-05-09 03:00:00,0.1672,0.168,0.1661,0.1668
1778299200,2026-05-09 04:00:00,0.1668,0.1678,0.1661,0.1662
1778302800,2026-05-09 05:00:00,0.1662,0.1672,0.1658,0.1669
1778306400,2026-05-09 06:00:00,0.167,0.1674,0.1655,0.1659
1778310000,2026-05-09 07:00:00,0.1658,0.166,0.165,0.1651
1778313600,2026-05-09 08:00:00,0.1651,0.1659,0.1651,0.1655
1778317200,2026-05-09 09:00:00,0.1655,0.1655,0.1641,0.1642
1778320800,2026-05-09 10:00:00,0.1642,0.1643,0.1635,0.1639
1778324400,2026-05-09 11:00:00,0.1639,0.1644,0.1638,0.1639
1778328000,2026-05-09 12:00:00,0.1639,0.1644,0.1633,0.1636
1778331600,2026-05-09 13:00:00,0.1636,0.1638,0.1625,0.1632
1778335200,2026-05-09 14:00:00,0.1631,0.1633,0.1625,0.1626
1778338800,2026-05-09 15:00:00,0.1625,0.1627,0.1615,0.162
1778342400,2026-05-09 16:00:00,0.162,0.1627,0.1615,0.162
1778346000,2026-05-09 17:00:00,0.162,0.1629,0.1618,0.1623
1778349600,2026-05-09 18:00:00,0.1624,0.1631,0.1624,0.1627
1778353200,2026-05-09 19:00:00,0.1627,0.1629,0.1624,0.1628
1778356800,2026-05-09 20:00:00,0.1628,0.1628,0.1621,0.1624
1778360400,2026-05-09 21:00:00,0.1624,0.163,0.1623,0.1628
1778364000,2026-05-09 22:00:00,0.1628,0.1633,0.1626,0.1631
1778367600,2026-05-09 23:00:00,0.1632,0.1634,0.1623,0.1625
1778371200,2026-05-10 00:00:00,0.1625,0.1633,0.1618,0.1619
1778374800,2026-05-10 01:00:00,0.1619,0.1619,0.1607,0.1616
1778378400,2026-05-10 02:00:00,0.1616,0.1622,0.1612,0.1616
1778382000,2026-05-10 03:00:00,0.1616,0.1621,0.1612,0.1613
1778385600,2026-05-10 04:00:00,0.1614,0.1619,0.1609,0.1613
1778389200,2026-05-10 05:00:00,0.1613,0.1618,0.1612,0.1616
1778392800,2026-05-10 06:00:00,0.1616,0.1622,0.1613,0.1618
1778396400,2026-05-10 07:00:00,0.1619,0.1626,0.1615,0.1622
1778400000,2026-05-10 08:00:00,0.1621,0.1634,0.1621,0.1631
1778403600,2026-05-10 09:00:00,0.1631,0.1632,0.1625,0.1626
1778407200,2026-05-10 10:00:00,0.1626,0.1631,0.1619,0.163
1778410800,2026-05-10 11:00:00,0.163,0.1631,0.1623,0.163
1778414400,2026-05-10 12:00:00,0.163,0.1635,0.1626,0.1635
1778418000,2026-05-10 13:00:00,0.1635,0.1651,0.1634,0.1645
1778421600,2026-05-10 14:00:00,0.1646,0.165,0.1641,0.1649
1778425200,2026-05-10 15:00:00,0.1649,0.1677,0.1648,0.1676
1778428800,2026-05-10 16:00:00,0.1677,0.171,0.1667,0.1702
1778432400,2026-05-10 17:00:00,0.1701,0.173,0.1701,0.1729
1778436000,2026-05-10 18:00:00,0.1729,0.1739,0.1708,0.1713
1778439600,2026-05-10 19:00:00,0.1714,0.1723,0.1698,0.1714
1778443200,2026-05-10 20:00:00,0.1714,0.1722,0.1657,0.1669
1778446800,2026-05-10 21:00:00,0.1669,0.1685,0.1663,0.1673
1778450400,2026-05-10 22:00:00,0.1672,0.1699,0.167,0.1696
1778454000,2026-05-10 23:00:00,0.1697,0.17,0.1689,0.1696
1778457600,2026-05-11 00:00:00,0.1696,0.1705,0.1669,0.1676
1778461200,2026-05-11 01:00:00,0.1676,0.1687,0.1669,0.1678
1778464800,2026-05-11 02:00:00,0.1678,0.1679,0.1657,0.1661
1778468400,2026-05-11 03:00:00,0.1662,0.1662,0.1646,0.1659
1778472000,2026-05-11 04:00:00,0.1659,0.1667,0.1651,0.1663
1778475600,2026-05-11 05:00:00,0.1662,0.167,0.1662,0.1669
1778479200,2026-05-11 06:00:00,0.1668,0.1675,0.1662,0.1668
1778482800,2026-05-11 07:00:00,0.1668,0.1676,0.166,0.1676
1778486400,2026-05-11 08:00:00,0.1675,0.1677,0.1667,0.1671
1778490000,2026-05-11 09:00:00,0.167,0.1677,0.1667,0.1675
1778493600,2026-05-11 10:00:00,0.1675,0.1689,0.1674,0.1681
1778497200,2026-05-11 11:00:00,0.1682,0.1685,0.1674,0.168
1778500800,2026-05-11 12:00:00,0.1681,0.1685,0.167,0.167
1778504400,2026-05-11 13:00:00,0.167,0.1686,0.1659,0.1678
1778508000,2026-05-11 14:00:00,0.1678,0.1691,0.166,0.1679
1778511600,2026-05-11 15:00:00,0.1679,0.1708,0.1673,0.1693
1778515200,2026-05-11 16:00:00,0.1693,0.1708,0.1693,0.1702
1778518800,2026-05-11 17:00:00,0.1703,0.1711,0.1696,0.1709
1778522400,2026-05-11 18:00:00,0.1709,0.171,0.1689,0.1689
1778526000,2026-05-11 19:00:00,0.169,0.1699,0.1687,0.1695
1778529600,2026-05-11 20:00:00,0.1695,0.1698,0.1687,0.169
1778533200,2026-05-11 21:00:00,0.1689,0.1694,0.1683,0.1685
1778536800,2026-05-11 22:00:00,0.1684,0.1693,0.1682,0.1685
1778540400,2026-05-11 23:00:00,0.1684,0.169,0.168,0.1686
1778544000,2026-05-12 00:00:00,0.1686,0.1688,0.1676,0.1683
1778547600,2026-05-12 01:00:00,0.1683,0.1692,0.1663,0.1668
1778551200,2026-05-12 02:00:00,0.1667,0.1673,0.1661,0.1669
1778554800,2026-05-12 03:00:00,0.1669,0.1674,0.1662,0.1663
1778558400,2026-05-12 04:00:00,0.1663,0.1669,0.1658,0.1666
1778562000,2026-05-12 05:00:00,0.1665,0.1671,0.1664,0.1668
1778565600,2026-05-12 06:00:00,0.1667,0.1672,0.1658,0.1659
1778569200,2026-05-12 07:00:00,0.1659,0.166,0.1653,0.1655
1778572800,2026-05-12 08:00:00,0.1655,0.1668,0.1649,0.1662
1778576400,2026-05-12 09:00:00,0.1662,0.1663,0.1653,0.1656
1778580000,2026-05-12 10:00:00,0.1656,0.1656,0.164,0.1646
1778583600,2026-05-12 11:00:00,0.1646,0.1649,0.1636,0.1645
1778587200,2026-05-12 12:00:00,0.1645,0.1649,0.1635,0.1641
1778590800,2026-05-12 13:00:00,0.1641,0.1643,0.1627,0.1628
1778594400,2026-05-12 14:00:00,0.1629,0.1636,0.1618,0.1624
1778598000,2026-05-12 15:00:00,0.1623,0.1627,0.1614,0.1621
1778601600,2026-05-12 16:00:00,0.1622,0.1626,0.1613,0.1616
1778605200,2026-05-12 17:00:00,0.1616,0.163,0.1615,0.1625
1778608800,2026-05-12 18:00:00,0.1626,0.1628,0.1623,0.1626
1778612400,2026-05-12 19:00:00,0.1626,0.1633,0.1625,0.163
1778616000,2026-05-12 20:00:00,0.1629,0.163,0.1624,0.1627
1778619600,2026-05-12 21:00:00,0.1626,0.1631,0.1626,0.163
1778623200,2026-05-12 22:00:00,0.1631,0.1635,0.1626,0.1627
1778626800,2026-05-12 23:00:00,0.1627,0.1632,0.1623,0.1624
1778630400,2026-05-13 00:00:00,0.1625,0.1628,0.1621,0.1627
1778634000,2026-05-13 01:00:00,0.1627,0.1643,0.1626,0.1639
1778637600,2026-05-13 02:00:00,0.1638,0.1645,0.1635,0.164
1778641200,2026-05-13 03:00:00,0.1639,0.1646,0.1635,0.1644
1778644800,2026-05-13 04:00:00,0.1644,0.1649,0.164,0.1647
1778648400,2026-05-13 05:00:00,0.1647,0.1651,0.1634,0.1638
1778652000,2026-05-13 06:00:00,0.1638,0.1646,0.1636,0.1637
1778655600,2026-05-13 07:00:00,0.1638,0.1645,0.1637,0.1643
1778659200,2026-05-13 08:00:00,0.1643,0.1646,0.1639,0.1644
1778662800,2026-05-13 09:00:00,0.1644,0.1659,0.1643,0.1658
1778666400,2026-05-13 10:00:00,0.1658,0.1659,0.1637,0.1638
1778670000,2026-05-13 11:00:00,0.1639,0.164,0.1626,0.1628
1778673600,2026-05-13 12:00:00,0.1628,0.1632,0.1605,0.1615
1778677200,2026-05-13 13:00:00,0.1615,0.162,0.1596,0.1603
1778680800,2026-05-13 14:00:00,0.1602,0.161,0.1592,0.1604
1778684400,2026-05-13 15:00:00,0.1603,0.1608,0.1577,0.1582
1778688000,2026-05-13 16:00:00,0.1581,0.1593,0.1578,0.159
1778691600,2026-05-13 17:00:00,0.1591,0.1599,0.1591,0.1598
1778695200,2026-05-13 18:00:00,0.1598,0.1602,0.1596,0.1597
1778698800,2026-05-13 19:00:00,0.1597,0.1597,0.1586,0.1589
1778702400,2026-05-13 20:00:00,0.1589,0.1599,0.1588,0.1596
1778706000,2026-05-13 21:00:00,0.1595,0.1596,0.1581,0.1584
1778709600,2026-05-13 22:00:00,0.1585,0.1595,0.1582,0.1593
1778713200,2026-05-13 23:00:00,0.1593,0.1595,0.1588,0.1589
1778716800,2026-05-14 00:00:00,0.159,0.1599,0.1589,0.1597
1778720400,2026-05-14 01:00:00,0.1596,0.1599,0.1594,0.1597
1778724000,2026-05-14 02:00:00,0.1598,0.1601,0.1588,0.1589
1778727600,2026-05-14 03:00:00,0.1589,0.1594,0.158,0.1582
1778731200,2026-05-14 04:00:00,0.1582,0.1595,0.1579,0.1594
1778734800,2026-05-14 05:00:00,0.1594,0.1602,0.1594,0.1599
1778738400,2026-05-14 06:00:00,0.1598,0.1601,0.1591,0.1592
1778742000,2026-05-14 07:00:00,0.1593,0.1594,0.1587,0.1588
1778745600,2026-05-14 08:00:00,0.1587,0.1599,0.1584,0.1592
1778749200,2026-05-14 09:00:00,0.1593,0.1593,0.1584,0.1587
1778752800,2026-05-14 10:00:00,0.1586,0.1594,0.1583,0.1592
1778756400,2026-05-14 11:00:00,0.1592,0.1594,0.1585,0.1586
1778760000,2026-05-14 12:00:00,0.1586,0.161,0.1585,0.1607
1778763600,2026-05-14 13:00:00,0.1607,0.1615,0.16,0.1603
1778767200,2026-05-14 14:00:00,0.1602,0.1642,0.1597,0.164
1778770800,2026-05-14 15:00:00,0.1641,0.1647,0.1632,0.164
1778774400,2026-05-14 16:00:00,0.1641,0.1646,0.1619,0.1638
1778778000,2026-05-14 17:00:00,0.1638,0.1649,0.163,0.1642
1778781600,2026-05-14 18:00:00,0.1641,0.1686,0.1636,0.1678
1778785200,2026-05-14 19:00:00,0.1678,0.1684,0.1654,0.1659
1778788800,2026-05-14 20:00:00,0.1658,0.1661,0.1637,0.1647
1778792400,2026-05-14 21:00:00,0.1648,0.165,0.1635,0.1641
1778796000,2026-05-14 22:00:00,0.164,0.1644,0.1636,0.1636
1778799600,2026-05-14 23:00:00,0.1636,0.1636,0.1621,0.1624
1778803200,2026-05-15 00:00:00,0.1623,0.1636,0.1623,0.1634
1778806800,2026-05-15 01:00:00,0.1634,0.1637,0.1618,0.1618
1778810400,2026-05-15 02:00:00,0.1618,0.1624,0.1607,0.1621
1778814000,2026-05-15 03:00:00,0.162,0.1624,0.1613,0.162
1778817600,2026-05-15 04:00:00,0.1619,0.1621,0.1602,0.1602
1778821200,2026-05-15 05:00:00,0.1602,0.1605,0.1585,0.1588
1778824800,2026-05-15 06:00:00,0.1588,0.16,0.1585,0.1596
1778828400,2026-05-15 07:00:00,0.1596,0.1605,0.1594,0.1601
1778832000,2026-05-15 08:00:00,0.16,0.1601,0.1587,0.1593
1778835600,2026-05-15 09:00:00,0.1594,0.1594,0.1584,0.1588
1778839200,2026-05-15 10:00:00,0.1588,0.1602,0.1586,0.1597
1778842800,2026-05-15 11:00:00,0.1598,0.16,0.159,0.159
1778846400,2026-05-15 12:00:00,0.1591,0.1593,0.1585,0.1588
1778850000,2026-05-15 13:00:00,0.1588,0.1589,0.1541,0.1545
1778853600,2026-05-15 14:00:00,0.1545,0.1555,0.1537,0.1544
1778857200,2026-05-15 15:00:00,0.1545,0.155,0.154,0.1547
1778860800,2026-05-15 16:00:00,0.1547,0.156,0.1542,0.1555
1778864400,2026-05-15 17:00:00,0.1555,0.1562,0.1553,0.1557
1778868000,2026-05-15 18:00:00,0.1557,0.156,0.1551,0.1554
1778871600,2026-05-15 19:00:00,0.1554,0.1554,0.1544,0.1545
1778875200,2026-05-15 20:00:00,0.1545,0.1548,0.154,0.1544
1778878800,2026-05-15 21:00:00,0.1544,0.1547,0.154,0.1543
1778882400,2026-05-15 22:00:00,0.1543,0.1548,0.1542,0.1547
1778886000,2026-05-15 23:00:00,0.1546,0.155,0.1544,0.1547
1778889600,2026-05-16 00:00:00,0.1546,0.1557,0.1544,0.1551
1778893200,2026-05-16 01:00:00,0.1552,0.1552,0.1545,0.1551
1778896800,2026-05-16 02:00:00,0.1551,0.1553,0.1548,0.1551
1778900400,2026-05-16 03:00:00,0.1551,0.1552,0.1546,0.1548
1778904000,2026-05-16 04:00:00,0.1548,0.1548,0.1531,0.1536
1778907600,2026-05-16 05:00:00,0.1536,0.1539,0.1531,0.1533
1778911200,2026-05-16 06:00:00,0.1534,0.1535,0.1516,0.1523
1778914800,2026-05-16 07:00:00,0.1523,0.1523,0.1503,0.152
1778918400,2026-05-16 08:00:00,0.152,0.1525,0.152,0.152
1778922000,2026-05-16 09:00:00,0.152,0.1521,0.1503,0.151
1778925600,2026-05-16 10:00:00,0.1509,0.1512,0.1502,0.1511
1778929200,2026-05-16 11:00:00,0.1512,0.1518,0.1512,0.1516
1778932800,2026-05-16 12:00:00,0.1515,0.152,0.1514,0.1515
1778936400,2026-05-16 13:00:00,0.1516,0.1518,0.1513,0.1516
1778940000,2026-05-16 14:00:00,0.1516,0.1526,0.1513,0.152
1778943600,2026-05-16 15:00:00,0.152,0.1525,0.1519,0.1523
1778947200,2026-05-16 16:00:00,0.1523,0.1531,0.1521,0.1526
1778950800,2026-05-16 17:00:00,0.1527,0.153,0.1525,0.1527
1778954400,2026-05-16 18:00:00,0.1527,0.1528,0.152,0.1521
1778958000,2026-05-16 19:00:00,0.1522,0.1523,0.1518,0.152
1778961600,2026-05-16 20:00:00,0.152,0.1524,0.1516,0.1518
1778965200,2026-05-16 21:00:00,0.1518,0.152,0.1516,0.1518
1778968800,2026-05-16 22:00:00,0.1518,0.1522,0.1517,0.1519
1778972400,2026-05-16 23:00:00,0.1519,0.1521,0.1515,0.1518
1778976000,2026-05-17 00:00:00,0.1517,0.1521,0.151,0.1511
1778979600,2026-05-17 01:00:00,0.1512,0.1516,0.1503,0.1503
1778983200,2026-05-17 02:00:00,0.1504,0.1509,0.1503,0.1507
1778986800,2026-05-17 03:00:00,0.1507,0.1518,0.1507,0.1515
1778990400,2026-05-17 04:00:00,0.1515,0.1521,0.1514,0.1517
1778994000,2026-05-17 05:00:00,0.1518,0.1526,0.1516,0.1519
1778997600,2026-05-17 06:00:00,0.152,0.1521,0.1514,0.1517
1779001200,2026-05-17 07:00:00,0.1517,0.1522,0.1514,0.152
1779004800,2026-05-17 08:00:00,0.152,0.152,0.1515,0.1516
1779008400,2026-05-17 09:00:00,0.1516,0.1522,0.1515,0.1522
1779012000,2026-05-17 10:00:00,0.1522,0.1529,0.152,0.1522
1779015600,2026-05-17 11:00:00,0.1522,0.1523,0.1517,0.1521
1779019200,2026-05-17 12:00:00,0.1522,0.1524,0.1519,0.1519
1779022800,2026-05-17 13:00:00,0.1519,0.152,0.1511,0.1516
1779026400,2026-05-17 14:00:00,0.1516,0.1517,0.1508,0.1509
1779030000,2026-05-17 15:00:00,0.1509,0.1512,0.1507,0.1511
1779033600,2026-05-17 16:00:00,0.1511,0.1514,0.1504,0.1507
1779037200,2026-05-17 17:00:00,0.1507,0.151,0.1503,0.151
1779040800,2026-05-17 18:00:00,0.1509,0.1512,0.1505,0.1512
1779044400,2026-05-17 19:00:00,0.1513,0.152,0.1511,0.1517
1779048000,2026-05-17 20:00:00,0.1518,0.1519,0.1512,0.1515
1779051600,2026-05-17 21:00:00,0.1514,0.152,0.1511,0.1517
1779055200,2026-05-17 22:00:00,0.1517,0.1518,0.1505,0.1507
1779058800,2026-05-17 23:00:00,0.1507,0.1508,0.1457,0.1494
1779062400,2026-05-18 00:00:00,0.1494,0.1497,0.1482,0.1497
1779066000,2026-05-18 01:00:00,0.1497,0.1502,0.1488,0.1499
1779069600,2026-05-18 02:00:00,0.1498,0.1506,0.1494,0.1497
1779073200,2026-05-18 03:00:00,0.1498,0.1503,0.1493,0.1495
1779076800,2026-05-18 04:00:00,0.1495,0.15,0.1493,0.1496
1779080400,2026-05-18 05:00:00,0.1497,0.1497,0.1484,0.1487
1779084000,2026-05-18 06:00:00,0.1486,0.149,0.1474,0.1481
1779087600,2026-05-18 07:00:00,0.1482,0.1485,0.1475,0.1477
1779091200,2026-05-18 08:00:00,0.1478,0.1481,0.1473,0.1477
1779094800,2026-05-18 09:00:00,0.1478,0.1479,0.147,0.1471
1779098400,2026-05-18 10:00:00,0.1471,0.1471,0.1463,0.1469
1779102000,2026-05-18 11:00:00,0.1469,0.1487,0.1465,0.1478
1779105600,2026-05-18 12:00:00,0.1478,0.1494,0.1478,0.1489
1779109200,2026-05-18 13:00:00,0.1489,0.149,0.1469,0.1478
1779112800,2026-05-18 14:00:00,0.1477,0.1478,0.1462,0.1465
1779116400,2026-05-18 15:00:00,0.1466,0.1466,0.1453,0.1463
1779120000,2026-05-18 16:00:00,0.1463,0.1466,0.1456,0.146
1779123600,2026-05-18 17:00:00,0.146,0.1466,0.1458,0.146
1779127200,2026-05-18 18:00:00,0.1461,0.1461,0.1447,0.1448
1779130800,2026-05-18 19:00:00,0.1448,0.1475,0.1447,0.1471
1779134400,2026-05-18 20:00:00,0.1472,0.1478,0.1461,0.1462
1779138000,2026-05-18 21:00:00,0.1463,0.1478,0.146,0.1477
1779141600,2026-05-18 22:00:00,0.1476,0.148,0.1473,0.1476
1779145200,2026-05-18 23:00:00,0.1476,0.1479,0.147,0.1474
1779148800,2026-05-19 00:00:00,0.1473,0.1484,0.1473,0.1478
1779152400,2026-05-19 01:00:00,0.1478,0.1478,0.1469,0.1472
1779156000,2026-05-19 02:00:00,0.1471,0.1474,0.1463,0.1465
1779159600,2026-05-19 03:00:00,0.1464,0.1472,0.1464,0.1469
1779163200,2026-05-19 04:00:00,0.1468,0.1474,0.1465,0.147
1779166800,2026-05-19 05:00:00,0.1471,0.1472,0.1459,0.1467
1779170400,2026-05-19 06:00:00,0.1466,0.1471,0.1465,0.1466
1779174000,2026-05-19 07:00:00,0.1466,0.1473,0.1464,0.147
1779177600,2026-05-19 08:00:00,0.1471,0.1484,0.1465,0.1475
1779181200,2026-05-19 09:00:00,0.1476,0.1476,0.1452,0.1457
1779184800,2026-05-19 10:00:00,0.1457,0.1459,0.1451,0.1456
1779188400,2026-05-19 11:00:00,0.1456,0.1457,0.1449,0.1451
1779192000,2026-05-19 12:00:00,0.1451,0.1458,0.1448,0.1457
1779195600,2026-05-19 13:00:00,0.1457,0.1462,0.1449,0.1459
1779199200,2026-05-19 14:00:00,0.1458,0.146,0.1437,0.1447
1779202800,2026-05-19 15:00:00,0.1447,0.1453,0.1445,0.1448
1779206400,2026-05-19 16:00:00,0.1449,0.1459,0.1445,0.1458
1779210000,2026-05-19 17:00:00,0.1457,0.1459,0.1448,0.1455
1779213600,2026-05-19 18:00:00,0.1454,0.1454,0.1442,0.1446
1779217200,2026-05-19 19:00:00,0.1446,0.1451,0.1437,0.144
1779220800,2026-05-19 20:00:00,0.144,0.1441,0.1432,0.1436
1779224400,2026-05-19 21:00:00,0.1436,0.1439,0.1433,0.1433
1779228000,2026-05-19 22:00:00,0.1433,0.1438,0.1426,0.1433
1779231600,2026-05-19 23:00:00,0.1433,0.144,0.1431,0.1436
1779235200,2026-05-20 00:00:00,0.1435,0.1438,0.1423,0.1429
1779238800,2026-05-20 01:00:00,0.143,0.1434,0.1423,0.1432
1779242400,2026-05-20 02:00:00,0.1432,0.1433,0.1425,0.1427
1779246000,2026-05-20 03:00:00,0.1427,0.1433,0.1425,0.1429
1779249600,2026-05-20 04:00:00,0.1429,0.1433,0.1424,0.1427
1779253200,2026-05-20 05:00:00,0.1428,0.144,0.1428,0.1435
1779256800,2026-05-20 06:00:00,0.1436,0.1441,0.1434,0.1441
1779260400,2026-05-20 07:00:00,0.1441,0.1441,0.1431,0.1433
1779264000,2026-05-20 08:00:00,0.1432,0.1438,0.143,0.1433
1779267600,2026-05-20 09:00:00,0.1433,0.1433,0.1426,0.1428
1779271200,2026-05-20 10:00:00,0.1428,0.1439,0.1426,0.1433
1779274800,2026-05-20 11:00:00,0.1433,0.1434,0.1426,0.1428
1779278400,2026-05-20 12:00:00,0.1427,0.1441,0.1426,0.1438
1779282000,2026-05-20 13:00:00,0.1438,0.1441,0.142,0.1428
1779285600,2026-05-20 14:00:00,0.1429,0.1443,0.1422,0.1441
1779289200,2026-05-20 15:00:00,0.1441,0.145,0.1435,0.1441
1779292800,2026-05-20 16:00:00,0.1441,0.1445,0.1432,0.1441
1779296400,2026-05-20 17:00:00,0.144,0.1448,0.1435,0.1443
1779300000,2026-05-20 18:00:00,0.1443,0.1444,0.1434,0.1436
1779303600,2026-05-20 19:00:00,0.1436,0.1443,0.143,0.1442
1779307200,2026-05-20 20:00:00,0.1443,0.1445,0.1435,0.144
1779310800,2026-05-20 21:00:00,0.1439,0.1442,0.1435,0.1435
1779314400,2026-05-20 22:00:00,0.1435,0.1437,0.1428,0.1435
1779318000,2026-05-20 23:00:00,0.1435,0.1439,0.1432,0.1439
1779321600,2026-05-21 00:00:00,0.1438,0.1452,0.1438,0.1451
1779325200,2026-05-21 01:00:00,0.1451,0.1459,0.145,0.1456
1779328800,2026-05-21 02:00:00,0.1456,0.1468,0.1454,0.1461
1779332400,2026-05-21 03:00:00,0.146,0.1471,0.1459,0.1469
1779336000,2026-05-21 04:00:00,0.147,0.1478,0.1467,0.147
1779339600,2026-05-21 05:00:00,0.1469,0.1472,0.1454,0.1459
1779343200,2026-05-21 06:00:00,0.146,0.1462,0.1449,0.1451
1779346800,2026-05-21 07:00:00,0.1452,0.146,0.1447,0.1458
1779350400,2026-05-21 08:00:00,0.1457,0.1464,0.1455,0.1458
1779354000,2026-05-21 09:00:00,0.1458,0.146,0.1447,0.1448
1779357600,2026-05-21 10:00:00,0.1448,0.145,0.1431,0.1434
1779361200,2026-05-21 11:00:00,0.1434,0.1442,0.1432,0.1435
1779364800,2026-05-21 12:00:00,0.1435,0.1447,0.1434,0.1443
1779368400,2026-05-21 13:00:00,0.1444,0.1448,0.1434,0.1445
1779372000,2026-05-21 14:00:00,0.1445,0.1447,0.1435,0.1441
1779375600,2026-05-21 15:00:00,0.1442,0.1456,0.144,0.145
1779379200,2026-05-21 16:00:00,0.145,0.1458,0.1448,0.1456
1779382800,2026-05-21 17:00:00,0.1457,0.149,0.1457,0.1481
1779386400,2026-05-21 18:00:00,0.1482,0.1488,0.1468,0.1474
1779390000,2026-05-21 19:00:00,0.1474,0.1479,0.1471,0.1477
1779393600,2026-05-21 20:00:00,0.1477,0.1478,0.1472,0.1473
1779397200,2026-05-21 21:00:00,0.1474,0.1478,0.1473,0.1474
1779400800,2026-05-21 22:00:00,0.1474,0.1476,0.1467,0.1468
1779404400,2026-05-21 23:00:00,0.1468,0.147,0.1463,0.1467
1779408000,2026-05-22 00:00:00,0.1467,0.1468,0.1461,0.1462
1779411600,2026-05-22 01:00:00,0.1461,0.1469,0.1459,0.1468
1779415200,2026-05-22 02:00:00,0.1468,0.1478,0.1468,0.1476
1779418800,2026-05-22 03:00:00,0.1476,0.1485,0.1476,0.1482
1779422400,2026-05-22 04:00:00,0.1482,0.1489,0.1476,0.148
1779426000,2026-05-22 05:00:00,0.1481,0.1484,0.1473,0.1474
1779429600,2026-05-22 06:00:00,0.1474,0.1476,0.1466,0.1467
1779433200,2026-05-22 07:00:00,0.1467,0.1474,0.1462,0.1471
1779436800,2026-05-22 08:00:00,0.1471,0.1477,0.1466,0.1474
1779440400,2026-05-22 09:00:00,0.1474,0.1481,0.147,0.1473
1779444000,2026-05-22 10:00:00,0.1472,0.1479,0.1471,0.1473
1779447600,2026-05-22 11:00:00,0.1474,0.1491,0.1474,0.1488
1779451200,2026-05-22 12:00:00,0.1489,0.1506,0.1488,0.1504
1779454800,2026-05-22 13:00:00,0.1505,0.1506,0.1481,0.1488
1779458400,2026-05-22 14:00:00,0.1488,0.1488,0.1466,0.1467
1779462000,2026-05-22 15:00:00,0.1468,0.1477,0.1462,0.1476
1779465600,2026-05-22 16:00:00,0.1475,0.148,0.1468,0.1475
1779469200,2026-05-22 17:00:00,0.1475,0.1481,0.1469,0.1469
1779472800,2026-05-22 18:00:00,0.1469,0.1469,0.1445,0.1458
1779476400,2026-05-22 19:00:00,0.1459,0.1462,0.1439,0.1447
1779480000,2026-05-22 20:00:00,0.1447,0.1455,0.1446,0.1454
1779483600,2026-05-22 21:00:00,0.1454,0.1457,0.1452,0.1452
1779487200,2026-05-22 22:00:00,0.1452,0.1453,0.1442,0.1446
1779490800,2026-05-22 23:00:00,0.1447,0.1451,0.143,0.1435
1779494400,2026-05-23 00:00:00,0.1435,0.1443,0.1431,0.1443
1779498000,2026-05-23 01:00:00,0.1443,0.1447,0.144,0.1444
1779501600,2026-05-23 02:00:00,0.1444,0.1446,0.1441,0.1442
1779505200,2026-05-23 03:00:00,0.1443,0.1447,0.1442,0.1445
1779508800,2026-05-23 04:00:00,0.1444,0.1446,0.1441,0.1442
1779512400,2026-05-23 05:00:00,0.1442,0.1443,0.1436,0.1438
1779516000,2026-05-23 06:00:00,0.1439,0.144,0.1428,0.1431
1779519600,2026-05-23 07:00:00,0.1431,0.1432,0.1395,0.1408
1779523200,2026-05-23 08:00:00,0.1408,0.1414,0.1401,0.1408
1779526800,2026-05-23 09:00:00,0.1408,0.1414,0.1407,0.141
1779530400,2026-05-23 10:00:00,0.141,0.1417,0.141,0.1414
1779534000,2026-05-23 11:00:00,0.1414,0.1417,0.1412,0.1413
1779537600,2026-05-23 12:00:00,0.1412,0.1424,0.141,0.1423
1779541200,2026-05-23 13:00:00,0.1424,0.1438,0.1424,0.1435
1779544800,2026-05-23 14:00:00,0.1435,0.1451,0.1431,0.1448
1779548400,2026-05-23 15:00:00,0.1447,0.1456,0.1447,0.1452
1779552000,2026-05-23 16:00:00,0.1452,0.1454,0.1447,0.1448
1779555600,2026-05-23 17:00:00,0.1448,0.1452,0.1446,0.1451
1779559200,2026-05-23 18:00:00,0.1451,0.1463,0.145,0.1456
1779562800,2026-05-23 19:00:00,0.1455,0.1462,0.1454,0.1462
1779566400,2026-05-23 20:00:00,0.1462,0.1494,0.1461,0.1493
1779570000,2026-05-23 21:00:00,0.1494,0.1497,0.1472,0.1477
1779573600,2026-05-23 22:00:00,0.1478,0.1482,0.1472,0.1479
1779577200,2026-05-23 23:00:00,0.1478,0.1483,0.1476,0.1481
1779580800,2026-05-24 00:00:00,0.1481,0.1492,0.1477,0.149
1779584400,2026-05-24 01:00:00,0.149,0.1493,0.1486,0.1487
1779588000,2026-05-24 02:00:00,0.1487,0.149,0.1477,0.1486
1779591600,2026-05-24 03:00:00,0.1486,0.1491,0.1481,0.1486
1779595200,2026-05-24 04:00:00,0.1486,0.1489,0.1481,0.1487
1779598800,2026-05-24 05:00:00,0.1487,0.1487,0.1477,0.1483
1779602400,2026-05-24 06:00:00,0.1483,0.1493,0.1478,0.1493
1779606000,2026-05-24 07:00:00,0.1492,0.1494,0.1486,0.1487
1779609600,2026-05-24 08:00:00,0.1487,0.1495,0.1482,0.1494
1779613200,2026-05-24 09:00:00,0.1495,0.1498,0.149,0.1492
1779616800,2026-05-24 10:00:00,0.1493,0.1498,0.1486,0.1489
1779620400,2026-05-24 11:00:00,0.149,0.1495,0.1489,0.1493
1779624000,2026-05-24 12:00:00,0.1494,0.1494,0.148,0.1482
1779627600,2026-05-24 13:00:00,0.1483,0.1485,0.1471,0.1476
1779631200,2026-05-24 14:00:00,0.1477,0.1477,0.1456,0.1468
1779634800,2026-05-24 15:00:00,0.1468,0.1472,0.1464,0.1467
1779638400,2026-05-24 16:00:00,0.1467,0.1473,0.1465,0.147
1779642000,2026-05-24 17:00:00,0.1471,0.1471,0.1466,0.1468
1779645600,2026-05-24 18:00:00,0.1468,0.1472,0.1463,0.1465
1779649200,2026-05-24 19:00:00,0.1466,0.1468,0.1463,0.1465
1779652800,2026-05-24 20:00:00,0.1465,0.1466,0.1458,0.146
1779656400,2026-05-24 21:00:00,0.1461,0.1464,0.1449,0.1451
1779660000,2026-05-24 22:00:00,0.1452,0.1473,0.1452,0.147
1779663600,2026-05-24 23:00:00,0.147,0.1479,0.1468,0.1475
1779667200,2026-05-25 00:00:00,0.1476,0.1482,0.1475,0.1477
1779670800,2026-05-25 01:00:00,0.1477,0.1477,0.1467,0.1468
1779674400,2026-05-25 02:00:00,0.1468,0.148,0.1468,0.1471
1779678000,2026-05-25 03:00:00,0.1472,0.1475,0.1471,0.1474
1779681600,2026-05-25 04:00:00,0.1475,0.1486,0.147,0.1484
1779685200,2026-05-25 05:00:00,0.1484,0.1493,0.1484,0.1489
1779688800,2026-05-25 06:00:00,0.149,0.1506,0.1483,0.1506
1779692400,2026-05-25 07:00:00,0.1506,0.153,0.1505,0.1529
1779696000,2026-05-25 08:00:00,0.153,0.1537,0.1527,0.1534
1779699600,2026-05-25 09:00:00,0.1535,0.1537,0.1518,0.1521
1779703200,2026-05-25 10:00:00,0.1521,0.1531,0.1517,0.153
1779706800,2026-05-25 11:00:00,0.153,0.1533,0.1507,0.151
1779710400,2026-05-25 12:00:00,0.1511,0.1512,0.1501,0.1505
1779714000,2026-05-25 13:00:00,0.1504,0.1509,0.1499,0.1501
1779717600,2026-05-25 14:00:00,0.1501,0.1514,0.1498,0.1507
1779721200,2026-05-25 15:00:00,0.1507,0.1516,0.1503,0.1513
1779724800,2026-05-25 16:00:00,0.1513,0.1514,0.1505,0.1508
1779728400,2026-05-25 17:00:00,0.1508,0.1517,0.1507,0.1514
1779732000,2026-05-25 18:00:00,0.1515,0.1519,0.1508,0.1508
1779735600,2026-05-25 19:00:00,0.1508,0.151,0.1501,0.1505
1779739200,2026-05-25 20:00:00,0.1504,0.151,0.1498,0.1501
1779742800,2026-05-25 21:00:00,0.1501,0.1504,0.1496,0.1498
1779746400,2026-05-25 22:00:00,0.1498,0.1499,0.1491,0.1495
1779750000,2026-05-25 23:00:00,0.1495,0.1503,0.1495,0.1498
1779753600,2026-05-26 00:00:00,0.1498,0.1499,0.1482,0.149
1779757200,2026-05-26 01:00:00,0.1489,0.1494,0.1479,0.1483
1779760800,2026-05-26 02:00:00,0.1483,0.1485,0.1479,0.1481
1779764400,2026-05-26 03:00:00,0.148,0.1482,0.1474,0.1481
1779768000,2026-05-26 04:00:00,0.1481,0.1484,0.1474,0.1482
1779771600,2026-05-26 05:00:00,0.1482,0.1494,0.1482,0.1489
1779775200,2026-05-26 06:00:00,0.1489,0.1493,0.1485,0.1492
1779778800,2026-05-26 07:00:00,0.1493,0.1493,0.1479,0.148
1779782400,2026-05-26 08:00:00,0.148,0.1486,0.1479,0.1483
1779786000,2026-05-26 09:00:00,0.1483,0.1487,0.148,0.1481
1779789600,2026-05-26 10:00:00,0.1482,0.1508,0.148,0.1503
1779793200,2026-05-26 11:00:00,0.1504,0.1505,0.1496,0.1498
1779796800,2026-05-26 12:00:00,0.1498,0.1501,0.1492,0.1497
1779800400,2026-05-26 13:00:00,0.1498,0.1503,0.1486,0.15
1779804000,2026-05-26 14:00:00,0.1501,0.1514,0.1492,0.1496
1779807600,2026-05-26 15:00:00,0.1496,0.1502,0.1487,0.1497
1779811200,2026-05-26 16:00:00,0.1496,0.1499,0.1481,0.1487
1779814800,2026-05-26 17:00:00,0.1488,0.1491,0.1465,0.1475
1779818400,2026-05-26 18:00:00,0.1474,0.1484,0.1469,0.1471
1779822000,2026-05-26 19:00:00,0.1471,0.1481,0.1469,0.1478
1779825600,2026-05-26 20:00:00,0.1478,0.1482,0.1476,0.148
1779829200,2026-05-26 21:00:00,0.148,0.1481,0.1471,0.1472
1779832800,2026-05-26 22:00:00,0.1472,0.1476,0.1471,0.1476
1779836400,2026-05-26 23:00:00,0.1477,0.1481,0.1476,0.1478
1779840000,2026-05-27 00:00:00,0.1477,0.1484,0.1475,0.1484
1779843600,2026-05-27 01:00:00,0.1484,0.1487,0.1481,0.1481
1779847200,2026-05-27 02:00:00,0.1482,0.1484,0.1474,0.1484
1779850800,2026-05-27 03:00:00,0.1484,0.1488,0.1474,0.1476
1779854400,2026-05-27 04:00:00,0.1476,0.1479,0.1462,0.1474
1779858000,2026-05-27 05:00:00,0.1474,0.1479,0.1472,0.1478
1779861600,2026-05-27 06:00:00,0.1477,0.1482,0.1472,0.1478
1779865200,2026-05-27 07:00:00,0.1478,0.148,0.1472,0.1477
1779868800,2026-05-27 08:00:00,0.1476,0.148,0.1472,0.1472
1779872400,2026-05-27 09:00:00,0.1473,0.1474,0.1467,0.147
1779876000,2026-05-27 10:00:00,0.147,0.1477,0.1466,0.1472
1779879600,2026-05-27 11:00:00,0.1472,0.1477,0.1471,0.1472
1779883200,2026-05-27 12:00:00,0.1472,0.1524,0.1469,0.1509
1779886800,2026-05-27 13:00:00,0.1509,0.1518,0.1484,0.1515
1779890400,2026-05-27 14:00:00,0.1515,0.1608,0.1515,0.1603
1779894000,2026-05-27 15:00:00,0.1603,0.1634,0.1587,0.1618
1779897600,2026-05-27 16:00:00,0.1618,0.1646,0.1589,0.1633
1779901200,2026-05-27 17:00:00,0.1632,0.1643,0.1597,0.1602
1779904800,2026-05-27 18:00:00,0.1602,0.166,0.1589,0.1658
1779908400,2026-05-27 19:00:00,0.1659,0.1707,0.163,0.1651
1779912000,2026-05-27 20:00:00,0.1652,0.1684,0.1639,0.1669
1779915600,2026-05-27 21:00:00,0.1668,0.1701,0.1608,0.1613
1779919200,2026-05-27 22:00:00,0.1613,0.163,0.16,0.1619
1779922800,2026-05-27 23:00:00,0.1619,0.1645,0.1599,0.1641
1779926400,2026-05-28 00:00:00,0.1641,0.1745,0.164,0.173
1779930000,2026-05-28 01:00:00,0.1731,0.1763,0.1719,0.1747
1779933600,2026-05-28 02:00:00,0.1748,0.1789,0.1742,0.1758
1779937200,2026-05-28 03:00:00,0.1759,0.1784,0.1697,0.1704
1779940800,2026-05-28 04:00:00,0.1705,0.1725,0.168,0.1722
1779944400,2026-05-28 05:00:00,0.1722,0.1725,0.1684,0.1689
1779948000,2026-05-28 06:00:00,0.1689,0.1714,0.1668,0.1707
1779951600,2026-05-28 07:00:00,0.1708,0.1709,0.1659,0.1666
1779955200,2026-05-28 08:00:00,0.1665,0.1698,0.1654,0.1693
1779958800,2026-05-28 09:00:00,0.1693,0.1739,0.1687,0.1724
1779962400,2026-05-28 10:00:00,0.1724,0.1769,0.1723,0.1753
1779966000,2026-05-28 11:00:00,0.1754,0.1791,0.174,0.1782
1779969600,2026-05-28 12:00:00,0.1782,0.1918,0.1782,0.1904
1779973200,2026-05-28 13:00:00,0.1903,0.2049,0.1899,0.1978
1779976800,2026-05-28 14:00:00,0.1978,0.2038,0.1907,0.1953
1779980400,2026-05-28 15:00:00,0.1954,0.202,0.1912,0.1962
1779984000,2026-05-28 16:00:00,0.1962,0.2158,0.1956,0.2024
1779987600,2026-05-28 17:00:00,0.2023,0.2124,0.2001,0.2106
1779991200,2026-05-28 18:00:00,0.2107,0.2175,0.2044,0.205
1779994800,2026-05-28 19:00:00,0.205,0.2108,0.1995,0.2013
1779998400,2026-05-28 20:00:00,0.2013,0.2075,0.1996,0.2058
1780002000,2026-05-28 21:00:00,0.2058,0.2116,0.2058,0.2099
1780005600,2026-05-28 22:00:00,0.21,0.2125,0.2036,0.2074
1780009200,2026-05-28 23:00:00,0.2075,0.208,0.2012,0.2038
1780012800,2026-05-29 00:00:00,0.2038,0.2086,0.1963,0.1975
1780016400,2026-05-29 01:00:00,0.1975,0.2007,0.1959,0.1977
1780020000,2026-05-29 02:00:00,0.1976,0.2011,0.1966,0.1979
1780023600,2026-05-29 03:00:00,0.1979,0.2095,0.1976,0.2088
1780027200,2026-05-29 04:00:00,0.2088,0.2093,0.2006,0.2013
1780030800,2026-05-29 05:00:00,0.2013,0.2116,0.2005,0.2099
1780034400,2026-05-29 06:00:00,0.2099,0.2139,0.2053,0.206
1780038000,2026-05-29 07:00:00,0.2059,0.215,0.2037,0.2077
1780041600,2026-05-29 08:00:00,0.2077,0.2228,0.2076,0.2228
1780045200,2026-05-29 09:00:00,0.2228,0.2242,0.2096,0.2107
1780048800,2026-05-29 10:00:00,0.2106,0.2154,0.209,0.2104
1780052400,2026-05-29 11:00:00,0.2104,0.2105,0.2032,0.2037
1780056000,2026-05-29 12:00:00,0.2038,0.2073,0.2015,0.2044
1780059600,2026-05-29 13:00:00,0.2044,0.2076,0.2022,0.2059
1780063200,2026-05-29 14:00:00,0.206,0.208,0.2008,0.2065
1780066800,2026-05-29 15:00:00,0.2065,0.216,0.2045,0.2146
1780070400,2026-05-29 16:00:00,0.2146,0.2159,0.2088,0.2099
1780074000,2026-05-29 17:00:00,0.2099,0.2144,0.2099,0.2138
1780077600,2026-05-29 18:00:00,0.2138,0.2208,0.2138,0.218
1780081200,2026-05-29 19:00:00,0.2179,0.2467,0.2175,0.2398
1780084800,2026-05-29 20:00:00,0.2399,0.2419,0.2307,0.2413
1780088400,2026-05-29 21:00:00,0.2413,0.246,0.2368,0.24
1780092000,2026-05-29 22:00:00,0.24,0.2561,0.2374,0.2559
1780095600,2026-05-29 23:00:00,0.256,0.2662,0.2541,0.2596
1780099200,2026-05-30 00:00:00,0.2595,0.2718,0.2568,0.2682
1780102800,2026-05-30 01:00:00,0.2682,0.2766,0.2639,0.2737
1780106400,2026-05-30 02:00:00,0.2737,0.2895,0.2697,0.2865
1780110000,2026-05-30 03:00:00,0.2865,0.2982,0.2807,0.2936
1780113600,2026-05-30 04:00:00,0.2936,0.2948,0.2633,0.2647
1780117200,2026-05-30 05:00:00,0.2647,0.2743,0.2558,0.2603
1780120800,2026-05-30 06:00:00,0.2603,0.2639,0.2556,0.2561
1780124400,2026-05-30 07:00:00,0.2562,0.2595,0.2515,0.2528
1780128000,2026-05-30 08:00:00,0.2527,0.2566,0.2478,0.2483
1780131600,2026-05-30 09:00:00,0.2483,0.2506,0.2397,0.2404
1780135200,2026-05-30 10:00:00,0.2404,0.2496,0.2372,0.2491
1780138800,2026-05-30 11:00:00,0.2491,0.2538,0.243,0.2534
1780142400,2026-05-30 12:00:00,0.2534,0.2555,0.2453,0.2479
1780146000,2026-05-30 13:00:00,0.248,0.2548,0.2472,0.2522
1780149600,2026-05-30 14:00:00,0.2522,0.2551,0.2485,0.2501
1780153200,2026-05-30 15:00:00,0.2501,0.2547,0.2484,0.2521
1780156800,2026-05-30 16:00:00,0.2521,0.253,0.2415,0.2526
1780160400,2026-05-30 17:00:00,0.2527,0.2536,0.2491,0.251
1780164000,2026-05-30 18:00:00,0.251,0.2519,0.2453,0.248
1780167600,2026-05-30 19:00:00,0.248,0.251,0.2454,0.246
1780171200,2026-05-30 20:00:00,0.246,0.2469,0.2404,0.2418
1780174800,2026-05-30 21:00:00,0.2419,0.2427,0.2374,0.2403
1780178400,2026-05-30 22:00:00,0.2403,0.2404,0.227,0.229
1780182000,2026-05-30 23:00:00,0.2289,0.2327,0.2265,0.2296
1780185600,2026-05-31 00:00:00,0.2296,0.2315,0.221,0.2255
1780189200,2026-05-31 01:00:00,0.2255,0.2369,0.2241,0.2367
1780192800,2026-05-31 02:00:00,0.2368,0.2431,0.2364,0.2418
1780196400,2026-05-31 03:00:00,0.2419,0.244,0.2368,0.241
1780200000,2026-05-31 04:00:00,0.2411,0.2427,0.2372,0.2401
1780203600,2026-05-31 05:00:00,0.2401,0.2416,0.2382,0.24
1780207200,2026-05-31 06:00:00,0.2399,0.2408,0.2313,0.2322
1780210800,2026-05-31 07:00:00,0.2322,0.2344,0.2299,0.2314
1780214400,2026-05-31 08:00:00,0.2314,0.2403,0.2294,0.2371
1780218000,2026-05-31 09:00:00,0.2371,0.2492,0.2368,0.2449
1780221600,2026-05-31 10:00:00,0.2449,0.2527,0.2424,0.2462
1780225200,2026-05-31 11:00:00,0.2462,0.2649,0.2462,0.264
1780228800,2026-05-31 12:00:00,0.264,0.2641,0.2527,0.2585
1780232400,2026-05-31 13:00:00,0.2586,0.2676,0.2565,0.2566
1780236000,2026-05-31 14:00:00,0.2567,0.2588,0.2495,0.2535
1780239600,2026-05-31 15:00:00,0.2534,0.2549,0.2437,0.245
1780243200,2026-05-31 16:00:00,0.2449,0.252,0.2444,0.2465
1780246800,2026-05-31 17:00:00,0.2465,0.2497,0.2446,0.2485
1780250400,2026-05-31 18:00:00,0.2484,0.2509,0.2452,0.2503
1780254000,2026-05-31 19:00:00,0.2504,0.2516,0.2428,0.2434
1780257600,2026-05-31 20:00:00,0.2434,0.2507,0.2426,0.2501
1780261200,2026-05-31 21:00:00,0.25,0.2548,0.2471,0.2546
1780264800,2026-05-31 22:00:00,0.2546,0.2623,0.2519,0.262
1780268400,2026-05-31 23:00:00,0.2621,0.263,0.2561,0.2599
1780272000,2026-06-01 00:00:00,0.26,0.2616,0.2567,0.259
1780275600,2026-06-01 01:00:00,0.2591,0.271,0.2562,0.2633
1780279200,2026-06-01 02:00:00,0.2633,0.2744,0.2604,0.2685
1780282800,2026-06-01 03:00:00,0.2684,0.2711,0.2615,0.2636
1780286400,2026-06-01 04:00:00,0.2636,0.269,0.2581,0.2631
1780290000,2026-06-01 05:00:00,0.263,0.2672,0.2581,0.2597
1780293600,2026-06-01 06:00:00,0.2598,0.2729,0.2595,0.2682
1780297200,2026-06-01 07:00:00,0.2681,0.269,0.2547,0.2553
1780300800,2026-06-01 08:00:00,0.2553,0.26,0.2509,0.2524
1780304400,2026-06-01 09:00:00,0.2525,0.2564,0.2514,0.2537
1780308000,2026-06-01 10:00:00,0.2537,0.265,0.2518,0.2643
1780311600,2026-06-01 11:00:00,0.2644,0.27,0.2588,0.2609
1780315200,2026-06-01 12:00:00,0.261,0.2688,0.2597,0.2678
1780318800,2026-06-01 13:00:00,0.2679,0.2684,0.2566,0.2577
1780322400,2026-06-01 14:00:00,0.2576,0.2599,0.2452,0.2474
1780326000,2026-06-01 15:00:00,0.2475,0.2524,0.2441,0.2496
1780329600,2026-06-01 16:00:00,0.2495,0.2598,0.2493,0.2584
1780333200,2026-06-01 17:00:00,0.2583,0.2598,0.254,0.2585
1780336800,2026-06-01 18:00:00,0.2585,0.2586,0.2517,0.2541
1780340400,2026-06-01 19:00:00,0.2541,0.2561,0.248,0.2489
1780344000,2026-06-01 20:00:00,0.2489,0.2512,0.2469,0.2494
1780347600,2026-06-01 21:00:00,0.2495,0.2495,0.2416,0.2448
1780351200,2026-06-01 22:00:00,0.2449,0.2473,0.2404,0.247
1780354800,2026-06-01 23:00:00,0.2469,0.248,0.2419,0.2431
1780358400,2026-06-02 00:00:00,0.2432,0.2437,0.2373,0.2374
1780362000,2026-06-02 01:00:00,0.2375,0.2389,0.2345,0.2347
1780365600,2026-06-02 02:00:00,0.2347,0.2395,0.2331,0.238
1780369200,2026-06-02 03:00:00,0.2381,0.2404,0.2343,0.2358
1780372800,2026-06-02 04:00:00,0.2358,0.2375,0.2325,0.2329
1780376400,2026-06-02 05:00:00,0.2329,0.2338,0.2286,0.2294
1780380000,2026-06-02 06:00:00,0.2294,0.2327,0.2294,0.2326
1780383600,2026-06-02 07:00:00,0.2326,0.2331,0.2287,0.2301
1780387200,2026-06-02 08:00:00,0.23,0.2302,0.2276,0.2296
1780390800,2026-06-02 09:00:00,0.2297,0.2324,0.2282,0.2291
1780394400,2026-06-02 10:00:00,0.2291,0.2363,0.2289,0.2342
1780398000,2026-06-02 11:00:00,0.2341,0.2341,0.2297,0.2304
1780401600,2026-06-02 12:00:00,0.2304,0.2329,0.228,0.2316
1780405200,2026-06-02 13:00:00,0.2315,0.2346,0.2294,0.2321
1780408800,2026-06-02 14:00:00,0.2321,0.2327,0.2225,0.2241
1780412400,2026-06-02 15:00:00,0.2242,0.2245,0.2147,0.2184
1780416000,2026-06-02 16:00:00,0.2184,0.2249,0.2168,0.2226
1780419600,2026-06-02 17:00:00,0.2227,0.2253,0.2216,0.2223
1780423200,2026-06-02 18:00:00,0.2223,0.2232,0.2176,0.2179
1780426800,2026-06-02 19:00:00,0.2179,0.2212,0.2151,0.219
1780430400,2026-06-02 20:00:00,0.2189,0.2247,0.2186,0.2216
1780434000,2026-06-02 21:00:00,0.2217,0.2232,0.22,0.2207
1780437600,2026-06-02 22:00:00,0.2207,0.2219,0.2168,0.2178
1780441200,2026-06-02 23:00:00,0.2179,0.2232,0.2166,0.2226
1780444800,2026-06-03 00:00:00,0.2225,0.229,0.2223,0.2251
1780448400,2026-06-03 01:00:00,0.225,0.2281,0.2219,0.2228
1780452000,2026-06-03 02:00:00,0.2229,0.2236,0.2211,0.2219
1780455600,2026-06-03 03:00:00,0.2219,0.2225,0.2183,0.2194
1780459200,2026-06-03 04:00:00,0.2194,0.2218,0.2187,0.221
1780462800,2026-06-03 05:00:00,0.2211,0.2284,0.2209,0.2252
1780466400,2026-06-03 06:00:00,0.225,0.2308,0.2241,0.2267
1780470000,2026-06-03 07:00:00,0.2267,0.2346,0.2261,0.2302
1780473600,2026-06-03 08:00:00,0.2302,0.2333,0.2298,0.2298
1780477200,2026-06-03 09:00:00,0.2298,0.2307,0.224,0.2248
1780480800,2026-06-03 10:00:00,0.2249,0.2281,0.2241,0.2266
1780484400,2026-06-03 11:00:00,0.2266,0.2304,0.2262,0.2273
1780488000,2026-06-03 12:00:00,0.2274,0.2322,0.226,0.231
1780491600,2026-06-03 13:00:00,0.231,0.2322,0.2249,0.2284
1780495200,2026-06-03 14:00:00,0.2283,0.2294,0.2225,0.2276
1780498800,2026-06-03 15:00:00,0.2276,0.229,0.2217,0.222
1780502400,2026-06-03 16:00:00,0.222,0.2235,0.219,0.2234
1780506000,2026-06-03 17:00:00,0.2234,0.2241,0.219,0.2198
1780509600,2026-06-03 18:00:00,0.2198,0.2211,0.217,0.2188
1780513200,2026-06-03 19:00:00,0.2187,0.2188,0.2134,0.2138
1780516800,2026-06-03 20:00:00,0.2138,0.2163,0.2097,0.2101
1780520400,2026-06-03 21:00:00,0.21,0.2149,0.2095,0.2142
1780524000,2026-06-03 22:00:00,0.2141,0.215,0.2106,0.212
1780527600,2026-06-03 23:00:00,0.212,0.212,0.2086,0.2088
1780531200,2026-06-04 00:00:00,0.2088,0.2105,0.205,0.2074
1780534800,2026-06-04 01:00:00,0.2074,0.2079,0.2003,0.2014
1780538400,2026-06-04 02:00:00,0.2014,0.2149,0.198,0.2141
1780542000,2026-06-04 03:00:00,0.2142,0.2209,0.2128,0.2137
1780545600,2026-06-04 04:00:00,0.2136,0.2159,0.2115,0.2122
1780549200,2026-06-04 05:00:00,0.2121,0.2122,0.2076,0.2101
1780552800,2026-06-04 06:00:00,0.2101,0.2136,0.2088,0.211
1780556400,2026-06-04 07:00:00,0.2111,0.2114,0.2069,0.2085
1780560000,2026-06-04 08:00:00,0.2085,0.211,0.2069,0.2073
1780563600,2026-06-04 09:00:00,0.2073,0.2102,0.205,0.21
1780567200,2026-06-04 10:00:00,0.21,0.2101,0.2055,0.2062
1780570800,2026-06-04 11:00:00,0.2062,0.2074,0.2038,0.2061
1780574400,2026-06-04 12:00:00,0.2061,0.2132,0.2045,0.2129
1780578000,2026-06-04 13:00:00,0.2128,0.2129,0.2074,0.2092
1780581600,2026-06-04 14:00:00,0.2093,0.2111,0.2075,0.211
1780585200,2026-06-04 15:00:00,0.211,0.2129,0.2065,0.2072
1780588800,2026-06-04 16:00:00,0.2072,0.2088,0.2044,0.2056
1780592400,2026-06-04 17:00:00,0.2055,0.2078,0.2042,0.2062
1780596000,2026-06-04 18:00:00,0.2062,0.2102,0.2046,0.2088
1780599600,2026-06-04 19:00:00,0.2089,0.2128,0.2085,0.2095
1780603200,2026-06-04 20:00:00,0.2095,0.2096,0.2057,0.2064
1780606800,2026-06-04 21:00:00,0.2064,0.208,0.1989,0.1999
1780610400,2026-06-04 22:00:00,0.1998,0.2029,0.1996,0.2029
1780614000,2026-06-04 23:00:00,0.2028,0.204,0.1997,0.2017
1780617600,2026-06-05 00:00:00,0.2016,0.2025,0.1991,0.1996
1780621200,2026-06-05 01:00:00,0.1996,0.2017,0.1979,0.2003
1780624800,2026-06-05 02:00:00,0.2004,0.2005,0.1961,0.197
1780628400,2026-06-05 03:00:00,0.197,0.1992,0.1945,0.196
1780632000,2026-06-05 04:00:00,0.196,0.1991,0.1947,0.1981
1780635600,2026-06-05 05:00:00,0.198,0.1986,0.1957,0.1963
1780639200,2026-06-05 06:00:00,0.1963,0.1967,0.1862,0.1913
1780642800,2026-06-05 07:00:00,0.1913,0.1938,0.1872,0.1936
1780646400,2026-06-05 08:00:00,0.1937,0.1938,0.1882,0.191
1780650000,2026-06-05 09:00:00,0.191,0.1948,0.1908,0.1935
1780653600,2026-06-05 10:00:00,0.1935,0.1953,0.1905,0.1913
1780657200,2026-06-05 11:00:00,0.1913,0.1914,0.1888,0.1898
1780660800,2026-06-05 12:00:00,0.1897,0.1907,0.1873,0.1888
1780664400,2026-06-05 13:00:00,0.1888,0.1919,0.1864,0.1867
1780668000,2026-06-05 14:00:00,0.1868,0.1944,0.1859,0.1886
1780671600,2026-06-05 15:00:00,0.1885,0.189,0.1855,0.1869
1780675200,2026-06-05 16:00:00,0.1869,0.1923,0.1847,0.1918
1780678800,2026-06-05 17:00:00,0.1917,0.1978,0.191,0.1971
1780682400,2026-06-05 18:00:00,0.1972,0.1993,0.1906,0.1907
1780686000,2026-06-05 19:00:00,0.1907,0.1944,0.1875,0.1923
1780689600,2026-06-05 20:00:00,0.1922,0.202,0.1909,0.2018
1780693200,2026-06-05 21:00:00,0.2018,0.2087,0.2007,0.2053
1780696800,2026-06-05 22:00:00,0.2053,0.2066,0.2008,0.2054
1780700400,2026-06-05 23:00:00,0.2054,0.2065,0.1991,0.2033
1780704000,2026-06-06 00:00:00,0.2033,0.2064,0.2025,0.2038
1780707600,2026-06-06 01:00:00,0.2037,0.2044,0.1974,0.1986
1780711200,2026-06-06 02:00:00,0.1985,0.1996,0.1961,0.1965
1780714800,2026-06-06 03:00:00,0.1965,0.1972,0.1912,0.1927
1780718400,2026-06-06 04:00:00,0.1928,0.1936,0.1887,0.1899
1780722000,2026-06-06 05:00:00,0.1899,0.1962,0.1889,0.1959
1780725600,2026-06-06 06:00:00,0.1958,0.1968,0.1936,0.1939
1780729200,2026-06-06 07:00:00,0.1939,0.2018,0.1936,0.2014
1780732800,2026-06-06 08:00:00,0.2014,0.2055,0.1995,0.2038
1780736400,2026-06-06 09:00:00,0.2038,0.2046,0.1988,0.199
1780740000,2026-06-06 10:00:00,0.199,0.1993,0.1937,0.1958
1780743600,2026-06-06 11:00:00,0.1957,0.1991,0.1955,0.198
1780747200,2026-06-06 12:00:00,0.1979,0.2023,0.1977,0.2017
1780750800,2026-06-06 13:00:00,0.2018,0.2024,0.1981,0.2005
1780754400,2026-06-06 14:00:00,0.2004,0.2055,0.2004,0.2023
1780758000,2026-06-06 15:00:00,0.2024,0.212,0.1996,0.211
1780761600,2026-06-06 16:00:00,0.211,0.2155,0.2085,0.2135
1780765200,2026-06-06 17:00:00,0.2136,0.2137,0.2065,0.2083
1780768800,2026-06-06 18:00:00,0.2083,0.2096,0.2055,0.2084
1780772400,2026-06-06 19:00:00,0.2083,0.2083,0.2025,0.2029
1780776000,2026-06-06 20:00:00,0.2029,0.2053,0.2017,0.2048
1780779600,2026-06-06 21:00:00,0.2049,0.212,0.2048,0.2088
1780783200,2026-06-06 22:00:00,0.2089,0.2129,0.2087,0.2119
1780786800,2026-06-06 23:00:00,0.2119,0.215,0.2107,0.2121
1780790400,2026-06-07 00:00:00,0.2122,0.2141,0.208,0.2084
1780794000,2026-06-07 01:00:00,0.2083,0.2179,0.208,0.215
1780797600,2026-06-07 02:00:00,0.215,0.2161,0.2099,0.213
1780801200,2026-06-07 03:00:00,0.213,0.2137,0.2093,0.2111
1780804800,2026-06-07 04:00:00,0.2111,0.2126,0.209,0.2104
1780808400,2026-06-07 05:00:00,0.2104,0.2131,0.2099,0.2105
1780812000,2026-06-07 06:00:00,0.2106,0.2113,0.2035,0.2084
1780815600,2026-06-07 07:00:00,0.2085,0.2105,0.2071,0.2104
1780819200,2026-06-07 08:00:00,0.2103,0.2103,0.2048,0.207
1780822800,2026-06-07 09:00:00,0.2071,0.2077,0.2041,0.2051
1780826400,2026-06-07 10:00:00,0.2051,0.2076,0.2041,0.2053
1780830000,2026-06-07 11:00:00,0.2053,0.2068,0.2044,0.206
1780833600,2026-06-07 12:00:00,0.2059,0.2059,0.2018,0.2028
1780837200,2026-06-07 13:00:00,0.2027,0.2041,0.2025,0.2031
1780840800,2026-06-07 14:00:00,0.2031,0.2057,0.203,0.2044
1780844400,2026-06-07 15:00:00,0.2044,0.2048,0.2022,0.2031
1780848000,2026-06-07 16:00:00,0.2031,0.2082,0.2006,0.2077
1780851600,2026-06-07 17:00:00,0.2076,0.2095,0.2053,0.206
1780855200,2026-06-07 18:00:00,0.2061,0.2085,0.205,0.2052
1780858800,2026-06-07 19:00:00,0.2053,0.2055,0.1997,0.2003
1780862400,2026-06-07 20:00:00,0.2003,0.2032,0.1996,0.2021
1780866000,2026-06-07 21:00:00,0.2022,0.2029,0.201,0.2025
1780869600,2026-06-07 22:00:00,0.2026,0.2096,0.2023,0.2044
1780873200,2026-06-07 23:00:00,0.2044,0.208,0.2039,0.2059
1780876800,2026-06-08 00:00:00,0.2058,0.2079,0.2037,0.2062
1780880400,2026-06-08 01:00:00,0.2063,0.2066,0.2017,0.2039
1780884000,2026-06-08 02:00:00,0.2039,0.2041,0.2017,0.2026
1780887600,2026-06-08 03:00:00,0.2026,0.2034,0.2004,0.2013
1780891200,2026-06-08 04:00:00,0.2013,0.2017,0.1975,0.1996
1780894800,2026-06-08 05:00:00,0.1996,0.2006,0.1978,0.1988
1780898400,2026-06-08 06:00:00,0.1988,0.2007,0.1988,0.1999
1780902000,2026-06-08 07:00:00,0.2,0.2038,0.1993,0.2034
1780905600,2026-06-08 08:00:00,0.2034,0.2034,0.2008,0.203
1780909200,2026-06-08 09:00:00,0.2031,0.2056,0.2004,0.201
1780912800,2026-06-08 10:00:00,0.2011,0.2021,0.1996,0.2003
1780916400,2026-06-08 11:00:00,0.2002,0.2037,0.1997,0.2028
1780920000,2026-06-08 12:00:00,0.2027,0.2042,0.2005,0.2041
1780923600,2026-06-08 13:00:00,0.2042,0.2047,0.2014,0.202
1780927200,2026-06-08 14:00:00,0.2021,0.2028,0.1999,0.2014
1780930800,2026-06-08 15:00:00,0.2014,0.2035,0.1994,0.1997
1780934400,2026-06-08 16:00:00,0.1997,0.2019,0.1993,0.2009
1780938000,2026-06-08 17:00:00,0.2009,0.2013,0.1995,0.2013
1780941600,2026-06-08 18:00:00,0.2012,0.2022,0.2003,0.2009
1780945200,2026-06-08 19:00:00,0.201,0.2034,0.2009,0.2033
1780948800,2026-06-08 20:00:00,0.2033,0.2052,0.2011,0.2051
1780952400,2026-06-08 21:00:00,0.2052,0.2081,0.2052,0.206
1780956000,2026-06-08 22:00:00,0.2059,0.208,0.2035,0.206
1780959600,2026-06-08 23:00:00,0.2061,0.207,0.2019,0.2026
1780963200,2026-06-09 00:00:00,0.2026,0.2047,0.1982,0.199
1780966800,2026-06-09 01:00:00,0.1989,0.1999,0.1984,0.1997
1780970400,2026-06-09 02:00:00,0.1997,0.2002,0.196,0.1993
1780974000,2026-06-09 03:00:00,0.1993,0.2001,0.1965,0.1972
1780977600,2026-06-09 04:00:00,0.1972,0.2013,0.1967,0.2004
1780981200,2026-06-09 05:00:00,0.2004,0.203,0.2,0.2025
1780984800,2026-06-09 06:00:00,0.2024,0.2048,0.2003,0.2011
1780988400,2026-06-09 07:00:00,0.2012,0.2025,0.1999,0.2018
1780992000,2026-06-09 08:00:00,0.2017,0.2019,0.1994,0.1996
1780995600,2026-06-09 09:00:00,0.1996,0.2008,0.1966,0.197
1780999200,2026-06-09 10:00:00,0.197,0.1983,0.1967,0.1978
1781002800,2026-06-09 11:00:00,0.1977,0.1978,0.1956,0.1971
1781006400,2026-06-09 12:00:00,0.197,0.1998,0.1967,0.1997
1781010000,2026-06-09 13:00:00,0.1997,0.2026,0.1978,0.2021
1781013600,2026-06-09 14:00:00,0.2022,0.2034,0.1968,0.1983
1781017200,2026-06-09 15:00:00,0.1983,0.199,0.1947,0.1951
1781020800,2026-06-09 16:00:00,0.1951,0.1954,0.1911,0.1938
1781024400,2026-06-09 17:00:00,0.1937,0.1971,0.1936,0.1949
1781028000,2026-06-09 18:00:00,0.1948,0.197,0.1941,0.1954
1781031600,2026-06-09 19:00:00,0.1954,0.1973,0.1949,0.1958
1781035200,2026-06-09 20:00:00,0.1958,0.198,0.1942,0.1959
1781038800,2026-06-09 21:00:00,0.196,0.1968,0.1929,0.1933
1781042400,2026-06-09 22:00:00,0.1933,0.1937,0.1919,0.1921
1781046000,2026-06-09 23:00:00,0.1921,0.1931,0.1919,0.1923
1781049600,2026-06-10 00:00:00,0.1923,0.1931,0.19,0.1919
1781053200,2026-06-10 01:00:00,0.1918,0.1919,0.1896,0.1903
1781056800,2026-06-10 02:00:00,0.1904,0.1906,0.1866,0.1869
1781060400,2026-06-10 03:00:00,0.1868,0.1889,0.1866,0.1879
1781064000,2026-06-10 04:00:00,0.188,0.1881,0.1863,0.1872
1781067600,2026-06-10 05:00:00,0.1872,0.1874,0.1849,0.1855
1781071200,2026-06-10 06:00:00,0.1854,0.1862,0.184,0.1853
1781074800,2026-06-10 07:00:00,0.1853,0.1879,0.1851,0.1862
1781078400,2026-06-10 08:00:00,0.1863,0.1863,0.1816,0.1826
1781082000,2026-06-10 09:00:00,0.1826,0.1852,0.1823,0.1844
1781085600,2026-06-10 10:00:00,0.1844,0.1865,0.1841,0.1863
1781089200,2026-06-10 11:00:00,0.1862,0.1863,0.1831,0.1848
1781092800,2026-06-10 12:00:00,0.1848,0.1914,0.1843,0.1901
1781096400,2026-06-10 13:00:00,0.1901,0.1909,0.1876,0.1893
1781100000,2026-06-10 14:00:00,0.1892,0.1904,0.1877,0.1893
1781103600,2026-06-10 15:00:00,0.1893,0.1903,0.1878,0.1883
1781107200,2026-06-10 16:00:00,0.1883,0.1889,0.1864,0.1873
1781110800,2026-06-10 17:00:00,0.1873,0.1879,0.185,0.186
1781114400,2026-06-10 18:00:00,0.186,0.1863,0.1844,0.1856
1781118000,2026-06-10 19:00:00,0.1856,0.1861,0.184,0.185
1781121600,2026-06-10 20:00:00,0.1849,0.1852,0.1833,0.1839
1781125200,2026-06-10 21:00:00,0.1838,0.184,0.1811,0.1819
1781128800,2026-06-10 22:00:00,0.1819,0.1848,0.1812,0.1829
1781132400,2026-06-10 23:00:00,0.183,0.1835,0.1815,0.1829
1781136000,2026-06-11 00:00:00,0.1829,0.1851,0.1824,0.1843
1781139600,2026-06-11 01:00:00,0.1843,0.1868,0.1843,0.1858
1781143200,2026-06-11 02:00:00,0.1858,0.1885,0.1858,0.1881
1781146800,2026-06-11 03:00:00,0.1881,0.1948,0.1879,0.1927
1781150400,2026-06-11 04:00:00,0.1928,0.1931,0.1904,0.1924
1781154000,2026-06-11 05:00:00,0.1924,0.1927,0.19,0.1901
1781157600,2026-06-11 06:00:00,0.1902,0.1917,0.1896,0.1903
1781161200,2026-06-11 07:00:00,0.1902,0.1929,0.19,0.1907
1781164800,2026-06-11 08:00:00,0.1907,0.1921,0.1901,0.1903
1781168400,2026-06-11 09:00:00,0.1903,0.1906,0.1885,0.1891
1781172000,2026-06-11 10:00:00,0.1891,0.1898,0.1884,0.1897
1781175600,2026-06-11 11:00:00,0.1897,0.1915,0.1889,0.1908
1781179200,2026-06-11 12:00:00,0.1908,0.1909,0.187,0.1884
1781182800,2026-06-11 13:00:00,0.1884,0.1886,0.1864,0.1872
1781186400,2026-06-11 14:00:00,0.1872,0.1879,0.1855,0.1872
1781190000,2026-06-11 15:00:00,0.1872,0.1875,0.1849,0.1859
1781193600,2026-06-11 16:00:00,0.186,0.1879,0.1858,0.1871
1781197200,2026-06-11 17:00:00,0.187,0.1926,0.1864,0.1914
1781200800,2026-06-11 18:00:00,0.1914,0.1936,0.1903,0.1926
1781204400,2026-06-11 19:00:00,0.1925,0.1931,0.1912,0.1917
1781208000,2026-06-11 20:00:00,0.1918,0.1934,0.1909,0.1925
1781211600,2026-06-11 21:00:00,0.1925,0.1937,0.192,0.1921
1781215200,2026-06-11 22:00:00,0.192,0.1929,0.1916,0.1919
1781218800,2026-06-11 23:00:00,0.1918,0.1926,0.1908,0.192
1781222400,2026-06-12 00:00:00,0.1921,0.1927,0.1913,0.1916
1781226000,2026-06-12 01:00:00,0.1916,0.1916,0.1899,0.1903
1781229600,2026-06-12 02:00:00,0.1903,0.196,0.1901,0.1953
1781233200,2026-06-12 03:00:00,0.1953,0.1998,0.195,0.1957
1781236800,2026-06-12 04:00:00,0.1958,0.1965,0.1939,0.1943
1781240400,2026-06-12 05:00:00,0.1943,0.1946,0.192,0.1922
1781244000,2026-06-12 06:00:00,0.1922,0.1927,0.1883,0.1895
1781247600,2026-06-12 07:00:00,0.1895,0.1907,0.1895,0.1903
1781251200,2026-06-12 08:00:00,0.1903,0.1936,0.1903,0.1933
1781254800,2026-06-12 09:00:00,0.1934,0.1951,0.1925,0.1939
1781258400,2026-06-12 10:00:00,0.194,0.1949,0.193,0.194
1781262000,2026-06-12 11:00:00,0.194,0.195,0.1927,0.1942
1781265600,2026-06-12 12:00:00,0.1941,0.1945,0.1923,0.1929
1781269200,2026-06-12 13:00:00,0.1929,0.1932,0.1895,0.1905
1781272800,2026-06-12 14:00:00,0.1906,0.1932,0.1902,0.1928
1781276400,2026-06-12 15:00:00,0.1928,0.195,0.1883,0.1884
1781280000,2026-06-12 16:00:00,0.1885,0.1907,0.1883,0.1903
1781283600,2026-06-12 17:00:00,0.1904,0.1908,0.1893,0.1895
1781287200,2026-06-12 18:00:00,0.1896,0.1899,0.1885,0.1887
1781290800,2026-06-12 19:00:00,0.1887,0.1905,0.1887,0.1892
1781294400,2026-06-12 20:00:00,0.1892,0.1902,0.1889,0.1895
1781298000,2026-06-12 21:00:00,0.1894,0.1903,0.1877,0.1883
1781301600,2026-06-12 22:00:00,0.1883,0.1892,0.1879,0.1882
1781305200,2026-06-12 23:00:00,0.1882,0.1887,0.1874,0.1881
1781308800,2026-06-13 00:00:00,0.1881,0.1881,0.1871,0.1876
1781312400,2026-06-13 01:00:00,0.1876,0.1886,0.1872,0.1885
1781316000,2026-06-13 02:00:00,0.1885,0.1887,0.1844,0.1853
1781319600,2026-06-13 03:00:00,0.1853,0.1862,0.1849,0.1854
1781323200,2026-06-13 04:00:00,0.1854,0.1861,0.1835,0.1853
1781326800,2026-06-13 05:00:00,0.1854,0.186,0.185,0.1856
1781330400,2026-06-13 06:00:00,0.1857,0.1879,0.1854,0.1877
1781334000,2026-06-13 07:00:00,0.1878,0.1912,0.1866,0.1909
1781337600,2026-06-13 08:00:00,0.1908,0.1911,0.1896,0.1902
1781341200,2026-06-13 09:00:00,0.1901,0.1919,0.1901,0.1902
1781344800,2026-06-13 10:00:00,0.1903,0.191,0.19,0.191
1781348400,2026-06-13 11:00:00,0.1909,0.1923,0.1908,0.1916
1781352000,2026-06-13 12:00:00,0.1915,0.1915,0.19,0.1904
1781355600,2026-06-13 13:00:00,0.1904,0.1905,0.1881,0.1887
1781359200,2026-06-13 14:00:00,0.1887,0.1895,0.1882,0.1893
1781362800,2026-06-13 15:00:00,0.1894,0.1916,0.1891,0.1915
1781366400,2026-06-13 16:00:00,0.1915,0.1916,0.1879,0.1888
1781370000,2026-06-13 17:00:00,0.1888,0.1888,0.1862,0.1866
1781373600,2026-06-13 18:00:00,0.1866,0.1877,0.1859,0.1871
1781377200,2026-06-13 19:00:00,0.1872,0.1874,0.1861,0.187
1781380800,2026-06-13 20:00:00,0.187,0.1872,0.1864,0.1871
1781384400,2026-06-13 21:00:00,0.187,0.189,0.1865,0.1883
1781388000,2026-06-13 22:00:00,0.1884,0.1885,0.187,0.187
1781391600,2026-06-13 23:00:00,0.187,0.1877,0.1867,0.1871
1781395200,2026-06-14 00:00:00,0.1871,0.1872,0.1861,0.187
1781398800,2026-06-14 01:00:00,0.187,0.1894,0.1863,0.1879
1781402400,2026-06-14 02:00:00,0.1878,0.1897,0.1866,0.1867
1781406000,2026-06-14 03:00:00,0.1867,0.1869,0.1854,0.1859
1781409600,2026-06-14 04:00:00,0.1859,0.1863,0.1852,0.1857
1781413200,2026-06-14 05:00:00,0.1857,0.1864,0.1849,0.1861
1781416800,2026-06-14 06:00:00,0.186,0.1873,0.186,0.1865
1781420400,2026-06-14 07:00:00,0.1866,0.1871,0.1859,0.1866
1781424000,2026-06-14 08:00:00,0.1867,0.1874,0.1862,0.1866
1781427600,2026-06-14 09:00:00,0.1865,0.1869,0.1848,0.1857
1781431200,2026-06-14 10:00:00,0.1856,0.1858,0.1837,0.1838
1781434800,2026-06-14 11:00:00,0.1837,0.1847,0.1833,0.184
1781438400,2026-06-14 12:00:00,0.184,0.1842,0.1822,0.1829
1781442000,2026-06-14 13:00:00,0.183,0.1839,0.1823,0.1832
1781445600,2026-06-14 14:00:00,0.1833,0.1833,0.1815,0.1823
1781449200,2026-06-14 15:00:00,0.1823,0.1828,0.1812,0.1819
1781452800,2026-06-14 16:00:00,0.1819,0.1839,0.1817,0.1829
1781456400,2026-06-14 17:00:00,0.1829,0.1832,0.1816,0.1817
1781460000,2026-06-14 18:00:00,0.1818,0.1831,0.1815,0.1819
1781463600,2026-06-14 19:00:00,0.1819,0.1824,0.1813,0.1818
1781467200,2026-06-14 20:00:00,0.1818,0.1832,0.1816,0.1824
1781470800,2026-06-14 21:00:00,0.1825,0.1891,0.1817,0.1879
1781474400,2026-06-14 22:00:00,0.188,0.1887,0.1862,0.1876
1781478000,2026-06-14 23:00:00,0.1876,0.192,0.1871,0.191
1781481600,2026-06-15 00:00:00,0.191,0.1912,0.1888,0.1895
1781485200,2026-06-15 01:00:00,0.1896,0.1896,0.1879,0.188
1781488800,2026-06-15 02:00:00,0.188,0.1898,0.1877,0.189
1781492400,2026-06-15 03:00:00,0.189,0.1903,0.1883,0.1899
1781496000,2026-06-15 04:00:00,0.19,0.1909,0.1877,0.1879
1781499600,2026-06-15 05:00:00,0.1879,0.1893,0.1876,0.189
1781503200,2026-06-15 06:00:00,0.1891,0.1914,0.189,0.1898
1781506800,2026-06-15 07:00:00,0.1897,0.1905,0.1885,0.1891
1781510400,2026-06-15 08:00:00,0.1891,0.1914,0.189,0.1902
1781514000,2026-06-15 09:00:00,0.1903,0.1909,0.1888,0.1898
1781517600,2026-06-15 10:00:00,0.1898,0.1954,0.1898,0.1933
1781521200,2026-06-15 11:00:00,0.1932,0.2005,0.1918,0.1998
1781524800,2026-06-15 12:00:00,0.1997,0.2066,0.1988,0.2036
1781528400,2026-06-15 13:00:00,0.2036,0.2145,0.203,0.2143
1781532000,2026-06-15 14:00:00,0.2143,0.2166,0.2095,0.2145
1781535600,2026-06-15 15:00:00,0.2144,0.2314,0.17,0.2248
1781539200,2026-06-15 16:00:00,0.2247,0.2343,0.222,0.2263
1781542800,2026-06-15 17:00:00,0.2264,0.2344,0.2251,0.2283
1781546400,2026-06-15 18:00:00,0.2283,0.2284,0.2187,0.2203
1781550000,2026-06-15 19:00:00,0.2202,0.2252,0.2195,0.2207
1781553600,2026-06-15 20:00:00,0.2207,0.2232,0.2192,0.2205
1781557200,2026-06-15 21:00:00,0.2206,0.225,0.2172,0.2181
1781560800,2026-06-15 22:00:00,0.218,0.2207,0.2128,0.2134
1781564400,2026-06-15 23:00:00,0.2134,0.2144,0.2114,0.2136
1781568000,2026-06-16 00:00:00,0.2136,0.2218,0.2134,0.2153
1781571600,2026-06-16 01:00:00,0.2153,0.2166,0.2124,0.2131
1781575200,2026-06-16 02:00:00,0.2132,0.2132,0.2082,0.2102
1781578800,2026-06-16 03:00:00,0.2103,0.2148,0.2094,0.2146
1781582400,2026-06-16 04:00:00,0.2146,0.2154,0.2102,0.2126
1781586000,2026-06-16 05:00:00,0.2125,0.2182,0.2124,0.2163
1781589600,2026-06-16 06:00:00,0.2163,0.2181,0.2143,0.2173
1781593200,2026-06-16 07:00:00,0.2173,0.2181,0.2153,0.2165
1781596800,2026-06-16 08:00:00,0.2165,0.2243,0.2155,0.223
1781600400,2026-06-16 09:00:00,0.223,0.2261,0.2201,0.2238
1781604000,2026-06-16 10:00:00,0.2238,0.2268,0.221,0.2236
1781607600,2026-06-16 11:00:00,0.2235,0.2264,0.2215,0.2224
1781611200,2026-06-16 12:00:00,0.2225,0.2342,0.2218,0.2267
1781614800,2026-06-16 13:00:00,0.2266,0.2277,0.2224,0.2242
1781618400,2026-06-16 14:00:00,0.2243,0.2259,0.2173,0.2203
1781622000,2026-06-16 15:00:00,0.2203,0.2231,0.218,0.219
1781625600,2026-06-16 16:00:00,0.2189,0.2195,0.2151,0.2157
1781629200,2026-06-16 17:00:00,0.2158,0.2187,0.2144,0.2179
1781632800,2026-06-16 18:00:00,0.218,0.2225,0.2177,0.2216
1781636400,2026-06-16 19:00:00,0.2215,0.2218,0.2175,0.2182
1781640000,2026-06-16 20:00:00,0.2182,0.2224,0.2174,0.221
1781643600,2026-06-16 21:00:00,0.2211,0.2219,0.2191,0.2205
1781647200,2026-06-16 22:00:00,0.2205,0.2207,0.2186,0.2202
1781650800,2026-06-16 23:00:00,0.2202,0.2208,0.2159,0.2167
1781654400,2026-06-17 00:00:00,0.2168,0.2222,0.2168,0.2201
1781658000,2026-06-17 01:00:00,0.2202,0.2263,0.2184,0.2251
1781661600,2026-06-17 02:00:00,0.2252,0.2296,0.2248,0.2286
1781665200,2026-06-17 03:00:00,0.2286,0.2287,0.2233,0.2281
1781668800,2026-06-17 04:00:00,0.2282,0.2298,0.2243,0.2244
1781672400,2026-06-17 05:00:00,0.2244,0.2265,0.2224,0.2249
1781676000,2026-06-17 06:00:00,0.225,0.2278,0.2225,0.2229
1781679600,2026-06-17 07:00:00,0.2229,0.2244,0.2211,0.2222
1781683200,2026-06-17 08:00:00,0.2222,0.2228,0.2179,0.219
1781686800,2026-06-17 09:00:00,0.2191,0.2222,0.218,0.2196
1781690400,2026-06-17 10:00:00,0.2196,0.2207,0.2181,0.2192
1781694000,2026-06-17 11:00:00,0.2192,0.2261,0.2182,0.2241
1781697600,2026-06-17 12:00:00,0.2241,0.2279,0.2225,0.2277
1781701200,2026-06-17 13:00:00,0.2276,0.2281,0.2236,0.225
1781704800,2026-06-17 14:00:00,0.2249,0.2276,0.2226,0.224
1781708400,2026-06-17 15:00:00,0.2241,0.2322,0.2241,0.23
1781712000,2026-06-17 16:00:00,0.23,0.2342,0.2252,0.2264
1781715600,2026-06-17 17:00:00,0.2264,0.2283,0.2249,0.2274
1781719200,2026-06-17 18:00:00,0.2274,0.2285,0.2224,0.2263
1781722800,2026-06-17 19:00:00,0.2264,0.2272,0.2197,0.2203
1781726400,2026-06-17 20:00:00,0.2202,0.2264,0.22,0.2251
1781730000,2026-06-17 21:00:00,0.2252,0.2259,0.2225,0.2242
1781733600,2026-06-17 22:00:00,0.2242,0.2303,0.2206,0.2284
1781737200,2026-06-17 23:00:00,0.2285,0.231,0.2255,0.2256
1781740800,2026-06-18 00:00:00,0.2256,0.231,0.2255,0.2291
1781744400,2026-06-18 01:00:00,0.2291,0.2456,0.2291,0.2424
1781748000,2026-06-18 02:00:00,0.2424,0.244,0.2363,0.2385
1781751600,2026-06-18 03:00:00,0.2385,0.2385,0.2318,0.2318
1781755200,2026-06-18 04:00:00,0.2318,0.2348,0.2305,0.2318
1781758800,2026-06-18 05:00:00,0.2318,0.2322,0.2279,0.2307
1781762400,2026-06-18 06:00:00,0.2306,0.2335,0.2286,0.2332
1781766000,2026-06-18 07:00:00,0.2333,0.2396,0.2324,0.2389
1781769600,2026-06-18 08:00:00,0.239,0.2427,0.2368,0.2387
1781773200,2026-06-18 09:00:00,0.2387,0.2473,0.2383,0.2394
1781776800,2026-06-18 10:00:00,0.2394,0.2427,0.2377,0.2392
1781780400,2026-06-18 11:00:00,0.2392,0.2402,0.2352,0.2371
1781784000,2026-06-18 12:00:00,0.2371,0.2483,0.2355,0.245
1781787600,2026-06-18 13:00:00,0.2449,0.2502,0.2411,0.2444
1781791200,2026-06-18 14:00:00,0.2444,0.252,0.2434,0.248
1781794800,2026-06-18 15:00:00,0.2481,0.2484,0.2359,0.2382
1781798400,2026-06-18 16:00:00,0.2381,0.2443,0.2378,0.2427
1781802000,2026-06-18 17:00:00,0.2428,0.2431,0.2301,0.2311
1781805600,2026-06-18 18:00:00,0.2311,0.2351,0.2303,0.2329
1781809200,2026-06-18 19:00:00,0.2329,0.2373,0.2317,0.2369
1781812800,2026-06-18 20:00:00,0.2369,0.2396,0.2346,0.2369
1781816400,2026-06-18 21:00:00,0.2368,0.2394,0.2308,0.2335
1781820000,2026-06-18 22:00:00,0.2334,0.2368,0.2333,0.2337
1781823600,2026-06-18 23:00:00,0.2337,0.2369,0.2315,0.2345
1781827200,2026-06-19 00:00:00,0.2344,0.2347,0.2312,0.2321
1781830800,2026-06-19 01:00:00,0.2322,0.2354,0.2314,0.2318
1781834400,2026-06-19 02:00:00,0.2318,0.2343,0.231,0.2338
1781838000,2026-06-19 03:00:00,0.2338,0.2344,0.2259,0.2263
1781841600,2026-06-19 04:00:00,0.2262,0.2265,0.2181,0.22
1781845200,2026-06-19 05:00:00,0.2201,0.2225,0.2199,0.2212
1781848800,2026-06-19 06:00:00,0.2211,0.2228,0.2208,0.2224
1781852400,2026-06-19 07:00:00,0.2223,0.2225,0.2168,0.2175
1781856000,2026-06-19 08:00:00,0.2174,0.2212,0.2174,0.2196
1781859600,2026-06-19 09:00:00,0.2195,0.2216,0.2187,0.219
1781863200,2026-06-19 10:00:00,0.219,0.2191,0.2171,0.2184
1781866800,2026-06-19 11:00:00,0.2184,0.2185,0.2163,0.2165
1781870400,2026-06-19 12:00:00,0.2166,0.2197,0.2147,0.2196
1781874000,2026-06-19 13:00:00,0.2196,0.2235,0.2184,0.2218
1781877600,2026-06-19 14:00:00,0.2218,0.223,0.2196,0.2206
1781881200,2026-06-19 15:00:00,0.2206,0.2227,0.2201,0.2225
1781884800,2026-06-19 16:00:00,0.2224,0.2244,0.2197,0.2198
1781888400,2026-06-19 17:00:00,0.2199,0.2221,0.2196,0.2214
1781892000,2026-06-19 18:00:00,0.2214,0.2225,0.2207,0.2213
1781895600,2026-06-19 19:00:00,0.2212,0.2213,0.2177,0.2185
1781899200,2026-06-19 20:00:00,0.2186,0.2193,0.2164,0.2186
1781902800,2026-06-19 21:00:00,0.2186,0.2193,0.2168,0.2171
1781906400,2026-06-19 22:00:00,0.2172,0.219,0.2167,0.2182
1781910000,2026-06-19 23:00:00,0.2182,0.2193,0.2166,0.2183
1781913600,2026-06-20 00:00:00,0.2182,0.2189,0.2149,0.215
1781917200,2026-06-20 01:00:00,0.215,0.2155,0.2121,0.2133
1781920800,2026-06-20 02:00:00,0.2132,0.2132,0.2105,0.2119
1781924400,2026-06-20 03:00:00,0.2119,0.2129,0.2113,0.2119
1781928000,2026-06-20 04:00:00,0.2118,0.214,0.2116,0.2136
1781931600,2026-06-20 05:00:00,0.2136,0.2179,0.2135,0.2177
1781935200,2026-06-20 06:00:00,0.2177,0.2186,0.2163,0.2165
1781938800,2026-06-20 07:00:00,0.2165,0.2171,0.2146,0.216
1781942400,2026-06-20 08:00:00,0.2161,0.2162,0.2149,0.2151
1781946000,2026-06-20 09:00:00,0.2152,0.218,0.2145,0.2178
1781949600,2026-06-20 10:00:00,0.2178,0.2189,0.2168,0.217
1781953200,2026-06-20 11:00:00,0.217,0.2171,0.2146,0.2152
1781956800,2026-06-20 12:00:00,0.2152,0.2162,0.2144,0.2151
1781960400,2026-06-20 13:00:00,0.215,0.2154,0.2126,0.2137
1781964000,2026-06-20 14:00:00,0.2137,0.2173,0.2113,0.2154
1781967600,2026-06-20 15:00:00,0.2154,0.2176,0.2147,0.2157
1781971200,2026-06-20 16:00:00,0.2158,0.2158,0.2131,0.2132
1781974800,2026-06-20 17:00:00,0.2133,0.2134,0.2115,0.2119
1781978400,2026-06-20 18:00:00,0.212,0.2133,0.2119,0.2122
1781982000,2026-06-20 19:00:00,0.2121,0.2131,0.2118,0.2128
1781985600,2026-06-20 20:00:00,0.2128,0.2136,0.2123,0.213
1781989200,2026-06-20 21:00:00,0.2131,0.2146,0.2128,0.214
1781992800,2026-06-20 22:00:00,0.2139,0.2182,0.2135,0.2166
1781996400,2026-06-20 23:00:00,0.2166,0.2172,0.2158,0.2162
1782000000,2026-06-21 00:00:00,0.2163,0.2177,0.2145,0.2148
1782003600,2026-06-21 01:00:00,0.2149,0.2151,0.2133,0.214
1782007200,2026-06-21 02:00:00,0.214,0.2145,0.2132,0.2135
1782010800,2026-06-21 03:00:00,0.2135,0.2152,0.2134,0.2145
1782014400,2026-06-21 04:00:00,0.2145,0.2172,0.2135,0.2144
1782018000,2026-06-21 05:00:00,0.2144,0.2146,0.2126,0.2133
1782021600,2026-06-21 06:00:00,0.2133,0.214,0.2126,0.2135
1782025200,2026-06-21 07:00:00,0.2136,0.2142,0.2128,0.2135
1782028800,2026-06-21 08:00:00,0.2136,0.2139,0.2113,0.2129
1782032400,2026-06-21 09:00:00,0.213,0.2135,0.2116,0.213
1782036000,2026-06-21 10:00:00,0.2131,0.215,0.213,0.2133
1782039600,2026-06-21 11:00:00,0.2133,0.2146,0.2109,0.2111
1782043200,2026-06-21 12:00:00,0.211,0.213,0.2097,0.2128
1782046800,2026-06-21 13:00:00,0.2128,0.2173,0.2123,0.217
1782050400,2026-06-21 14:00:00,0.217,0.2171,0.2144,0.217
1782054000,2026-06-21 15:00:00,0.2169,0.2178,0.2151,0.2163
1782057600,2026-06-21 16:00:00,0.2162,0.2166,0.2122,0.2136
1782061200,2026-06-21 17:00:00,0.2136,0.2142,0.2122,0.2126
1782064800,2026-06-21 18:00:00,0.2127,0.2147,0.2115,0.2136
1782068400,2026-06-21 19:00:00,0.2137,0.2161,0.2136,0.215
1782072000,2026-06-21 20:00:00,0.215,0.2161,0.2128,0.213
1782075600,2026-06-21 21:00:00,0.2129,0.2131,0.2094,0.2121
1782079200,2026-06-21 22:00:00,0.212,0.2131,0.2112,0.2115
1782082800,2026-06-21 23:00:00,0.2114,0.2115,0.2097,0.2098
1782086400,2026-06-22 00:00:00,0.2098,0.2135,0.2097,0.2134
1782090000,2026-06-22 01:00:00,0.2134,0.2172,0.2124,0.2157
1782093600,2026-06-22 02:00:00,0.2157,0.216,0.2127,0.2129
1782097200,2026-06-22 03:00:00,0.2129,0.2132,0.2099,0.2105
1782100800,2026-06-22 04:00:00,0.2106,0.2118,0.2102,0.2118
1782104400,2026-06-22 05:00:00,0.2118,0.213,0.2118,0.2124
1782108000,2026-06-22 06:00:00,0.2125,0.213,0.2109,0.2111
1782111600,2026-06-22 07:00:00,0.2111,0.2142,0.211,0.2131
1782115200,2026-06-22 08:00:00,0.2131,0.2133,0.2107,0.2112
1782118800,2026-06-22 09:00:00,0.2111,0.2118,0.21,0.2104
1782122400,2026-06-22 10:00:00,0.2104,0.2111,0.2093,0.2098
1782126000,2026-06-22 11:00:00,0.2099,0.2143,0.2093,0.2143
1782129600,2026-06-22 12:00:00,0.2144,0.2161,0.2139,0.2153
1782133200,2026-06-22 13:00:00,0.2153,0.216,0.2138,0.2159
1782136800,2026-06-22 14:00:00,0.216,0.2162,0.2106,0.2108
1782140400,2026-06-22 15:00:00,0.2109,0.2116,0.2089,0.209
1782144000,2026-06-22 16:00:00,0.2089,0.2094,0.2056,0.2072
1782147600,2026-06-22 17:00:00,0.2071,0.2083,0.206,0.2079
1782151200,2026-06-22 18:00:00,0.2079,0.209,0.2023,0.2038
1782154800,2026-06-22 19:00:00,0.2037,0.2051,0.2036,0.2042
1782158400,2026-06-22 20:00:00,0.2042,0.2054,0.2035,0.2049
1782162000,2026-06-22 21:00:00,0.2049,0.2053,0.2034,0.2042
1782165600,2026-06-22 22:00:00,0.2042,0.2049,0.2016,0.2031
1782169200,2026-06-22 23:00:00,0.2031,0.2031,0.2019,0.2029
1782172800,2026-06-23 00:00:00,0.2029,0.2029,0.2001,0.2013
1782176400,2026-06-23 01:00:00,0.2014,0.202,0.1987,0.2003
1782180000,2026-06-23 02:00:00,0.2002,0.2002,0.1982,0.1985
1782183600,2026-06-23 03:00:00,0.1985,0.1986,0.1969,0.1983
1782187200,2026-06-23 04:00:00,0.1983,0.1988,0.1966,0.1968
1782190800,2026-06-23 05:00:00,0.1968,0.1974,0.1958,0.1959
1782194400,2026-06-23 06:00:00,0.196,0.1967,0.1931,0.1956
1782198000,2026-06-23 07:00:00,0.1955,0.1965,0.1952,0.1959
1782201600,2026-06-23 08:00:00,0.1959,0.1961,0.1918,0.1923
1782205200,2026-06-23 09:00:00,0.1924,0.1932,0.1919,0.193
1782208800,2026-06-23 10:00:00,0.1931,0.1936,0.1907,0.1917
1782212400,2026-06-23 11:00:00,0.1917,0.194,0.1915,0.1938
1782216000,2026-06-23 12:00:00,0.1939,0.1939,0.1925,0.1928
1782219600,2026-06-23 13:00:00,0.1927,0.1949,0.1914,0.1941
1782223200,2026-06-23 14:00:00,0.1941,0.1946,0.193,0.1932
1782226800,2026-06-23 15:00:00,0.1931,0.1934,0.192,0.193
1782230400,2026-06-23 16:00:00,0.193,0.1946,0.1929,0.1936
1782234000,2026-06-23 17:00:00,0.1935,0.1939,0.1925,0.1929
1782237600,2026-06-23 18:00:00,0.1928,0.1947,0.1927,0.194
1782241200,2026-06-23 19:00:00,0.1939,0.1948,0.1938,0.1943
1782244800,2026-06-23 20:00:00,0.1942,0.196,0.1942,0.1951
1782248400,2026-06-23 21:00:00,0.1952,0.1965,0.1952,0.1955
1782252000,2026-06-23 22:00:00,0.1955,0.1968,0.1952,0.1952
1782255600,2026-06-23 23:00:00,0.1952,0.1957,0.1943,0.1952
1782259200,2026-06-24 00:00:00,0.1951,0.1973,0.195,0.1971
1782262800,2026-06-24 01:00:00,0.1971,0.1972,0.1952,0.1952
1782266400,2026-06-24 02:00:00,0.1953,0.1954,0.1918,0.1925
1782270000,2026-06-24 03:00:00,0.1924,0.193,0.1912,0.1919
1782273600,2026-06-24 04:00:00,0.1919,0.1923,0.1892,0.1918
1782277200,2026-06-24 05:00:00,0.1918,0.1936,0.1917,0.1929
1782280800,2026-06-24 06:00:00,0.1929,0.1936,0.1924,0.1928
1782284400,2026-06-24 07:00:00,0.1928,0.1929,0.1912,0.1913
1782288000,2026-06-24 08:00:00,0.1914,0.1921,0.1911,0.1918
1782291600,2026-06-24 09:00:00,0.1917,0.1921,0.1914,0.192
1782295200,2026-06-24 10:00:00,0.1919,0.192,0.1902,0.1904
1782298800,2026-06-24 11:00:00,0.1904,0.1936,0.1897,0.1922
1782302400,2026-06-24 12:00:00,0.1921,0.1926,0.1907,0.1908
1782306000,2026-06-24 13:00:00,0.1908,0.1909,0.1874,0.1877
1782309600,2026-06-24 14:00:00,0.1877,0.1884,0.1868,0.1876
1782313200,2026-06-24 15:00:00,0.1876,0.1877,0.1848,0.1856
1782316800,2026-06-24 16:00:00,0.1855,0.1871,0.1831,0.1847
1782320400,2026-06-24 17:00:00,0.1846,0.1851,0.1821,0.1821
1782324000,2026-06-24 18:00:00,0.1822,0.1863,0.1819,0.1837
1782327600,2026-06-24 19:00:00,0.1838,0.1844,0.1828,0.184
1782331200,2026-06-24 20:00:00,0.1841,0.1878,0.1838,0.1872
1782334800,2026-06-24 21:00:00,0.1872,0.1874,0.1859,0.1872
1782338400,2026-06-24 22:00:00,0.1872,0.1881,0.1856,0.1857
1782342000,2026-06-24 23:00:00,0.1857,0.1862,0.1849,0.1855
1782345600,2026-06-25 00:00:00,0.1856,0.1862,0.1846,0.1862
1782349200,2026-06-25 01:00:00,0.1861,0.1896,0.186,0.1871
1782352800,2026-06-25 02:00:00,0.187,0.1874,0.1858,0.1865
1782356400,2026-06-25 03:00:00,0.1865,0.1866,0.1855,0.1864
1782360000,2026-06-25 04:00:00,0.1865,0.188,0.1864,0.188
1782363600,2026-06-25 05:00:00,0.188,0.1903,0.1878,0.188
1782367200,2026-06-25 06:00:00,0.1879,0.1888,0.1876,0.1878
1782370800,2026-06-25 07:00:00,0.1878,0.1879,0.1865,0.187
1782374400,2026-06-25 08:00:00,0.187,0.1871,0.1858,0.186
1782378000,2026-06-25 09:00:00,0.1861,0.1863,0.1848,0.185
1782381600,2026-06-25 10:00:00,0.185,0.1851,0.1824,0.1827
1782385200,2026-06-25 11:00:00,0.1826,0.183,0.1818,0.1822
1782388800,2026-06-25 12:00:00,0.1823,0.1846,0.1815,0.1832
1782392400,2026-06-25 13:00:00,0.1832,0.1843,0.1741,0.1747
1782396000,2026-06-25 14:00:00,0.1747,0.18,0.1747,0.1772
1782399600,2026-06-25 15:00:00,0.1772,0.1789,0.1755,0.1787
1782403200,2026-06-25 16:00:00,0.1787,0.1796,0.1761,0.1767
1782406800,2026-06-25 17:00:00,0.1767,0.1792,0.1765,0.1789
1782410400,2026-06-25 18:00:00,0.1789,0.179,0.1759,0.1763
1782414000,2026-06-25 19:00:00,0.1764,0.1764,0.1748,0.1753
1782417600,2026-06-25 20:00:00,0.1753,0.1764,0.174,0.1749
1782421200,2026-06-25 21:00:00,0.1749,0.1783,0.1747,0.1782
1782424800,2026-06-25 22:00:00,0.1781,0.1784,0.1772,0.1777
1782428400,2026-06-25 23:00:00,0.1776,0.1797,0.1772,0.1789
1782432000,2026-06-26 00:00:00,0.1789,0.1795,0.1769,0.1769
1782435600,2026-06-26 01:00:00,0.177,0.1772,0.1745,0.1751
1782439200,2026-06-26 02:00:00,0.1752,0.1752,0.1713,0.1717
1782442800,2026-06-26 03:00:00,0.1718,0.1756,0.1712,0.1753
1782446400,2026-06-26 04:00:00,0.1753,0.1759,0.1739,0.174
1782450000,2026-06-26 05:00:00,0.1741,0.1758,0.1738,0.1751
1782453600,2026-06-26 06:00:00,0.1751,0.1775,0.1743,0.1773
1782457200,2026-06-26 07:00:00,0.1772,0.18,0.177,0.1791
1782460800,2026-06-26 08:00:00,0.1791,0.1792,0.177,0.1774
1782464400,2026-06-26 09:00:00,0.1774,0.1774,0.1751,0.1755
1782468000,2026-06-26 10:00:00,0.1756,0.1761,0.1746,0.1748
1782471600,2026-06-26 11:00:00,0.1748,0.1756,0.174,0.1743
1782475200,2026-06-26 12:00:00,0.1744,0.1765,0.1725,0.1727
1782478800,2026-06-26 13:00:00,0.1727,0.1763,0.1718,0.1762
1782482400,2026-06-26 14:00:00,0.1763,0.1777,0.1743,0.1766
1782486000,2026-06-26 15:00:00,0.1765,0.1787,0.1753,0.1782
1782489600,2026-06-26 16:00:00,0.1783,0.1796,0.1768,0.1794
1782493200,2026-06-26 17:00:00,0.1794,0.1806,0.1789,0.1792
1782496800,2026-06-26 18:00:00,0.1792,0.1795,0.1779,0.1781
1782500400,2026-06-26 19:00:00,0.1781,0.1809,0.1778,0.1789
1782504000,2026-06-26 20:00:00,0.1789,0.1804,0.1778,0.178
1782507600,2026-06-26 21:00:00,0.178,0.1793,0.1778,0.1784
1782511200,2026-06-26 22:00:00,0.1784,0.1787,0.1777,0.1782
1782514800,2026-06-26 23:00:00,0.1782,0.1786,0.1771,0.1779
1782518400,2026-06-27 00:00:00,0.1778,0.1782,0.1758,0.176
1782522000,2026-06-27 01:00:00,0.176,0.176,0.1746,0.175
1782525600,2026-06-27 02:00:00,0.175,0.1765,0.1745,0.1745
1782529200,2026-06-27 03:00:00,0.1745,0.1752,0.1735,0.1739
1782532800,2026-06-27 04:00:00,0.1739,0.1765,0.1738,0.1757
1782536400,2026-06-27 05:00:00,0.1757,0.1761,0.1746,0.175
1782540000,2026-06-27 06:00:00,0.1751,0.1757,0.174,0.1749
1782543600,2026-06-27 07:00:00,0.1749,0.1759,0.1744,0.1757
1782547200,2026-06-27 08:00:00,0.1757,0.1757,0.1741,0.1743
1782550800,2026-06-27 09:00:00,0.1743,0.1746,0.1737,0.1739
1782554400,2026-06-27 10:00:00,0.1738,0.1762,0.1738,0.1762
1782558000,2026-06-27 11:00:00,0.1761,0.1781,0.1748,0.1766
1782561600,2026-06-27 12:00:00,0.1766,0.1766,0.175,0.1762
1782565200,2026-06-27 13:00:00,0.1761,0.1774,0.1758,0.1771
1782568800,2026-06-27 14:00:00,0.1771,0.1779,0.1764,0.1767
1782572400,2026-06-27 15:00:00,0.1767,0.1796,0.1767,0.1788
1782576000,2026-06-27 16:00:00,0.1788,0.1789,0.1775,0.1777
1782579600,2026-06-27 17:00:00,0.1778,0.1779,0.1752,0.1753
1782583200,2026-06-27 18:00:00,0.1753,0.1753,0.1744,0.1751
1782586800,2026-06-27 19:00:00,0.1751,0.1752,0.1737,0.1739
1782590400,2026-06-27 20:00:00,0.1739,0.1747,0.1739,0.1746
1782594000,2026-06-27 21:00:00,0.1746,0.1752,0.1731,0.1736
1782597600,2026-06-27 22:00:00,0.1736,0.1745,0.1725,0.1744
1782601200,2026-06-27 23:00:00,0.1744,0.1747,0.1735,0.174
1782604800,2026-06-28 00:00:00,0.1739,0.1752,0.1739,0.175
1782608400,2026-06-28 01:00:00,0.1749,0.1749,0.1738,0.1743
1782612000,2026-06-28 02:00:00,0.1742,0.1749,0.1732,0.1733
1782615600,2026-06-28 03:00:00,0.1734,0.1739,0.1731,0.1736
1782619200,2026-06-28 04:00:00,0.1735,0.1736,0.1725,0.1727
1782622800,2026-06-28 05:00:00,0.1728,0.1728,0.1717,0.1721
1782626400,2026-06-28 06:00:00,0.1722,0.1723,0.1708,0.1714
1782630000,2026-06-28 07:00:00,0.1713,0.1722,0.1709,0.1721
1782633600,2026-06-28 08:00:00,0.1722,0.1734,0.1715,0.173
1782637200,2026-06-28 09:00:00,0.1729,0.1733,0.1714,0.1715
1782640800,2026-06-28 10:00:00,0.1715,0.1721,0.1705,0.1711
1782644400,2026-06-28 11:00:00,0.1712,0.1723,0.1708,0.1721
1782648000,2026-06-28 12:00:00,0.172,0.1729,0.1713,0.1718
1782651600,2026-06-28 13:00:00,0.1718,0.1718,0.1706,0.1708
1782655200,2026-06-28 14:00:00,0.1709,0.172,0.1706,0.1712
1782658800,2026-06-28 15:00:00,0.1712,0.1717,0.1703,0.1709
1782662400,2026-06-28 16:00:00,0.171,0.1712,0.1701,0.171
1782666000,2026-06-28 17:00:00,0.171,0.1712,0.1695,0.1704
1782669600,2026-06-28 18:00:00,0.1705,0.1714,0.1688,0.1714
1782673200,2026-06-28 19:00:00,0.1714,0.1721,0.17,0.1705
1782676800,2026-06-28 20:00:00,0.1705,0.1724,0.1701,0.1723
1782680400,2026-06-28 21:00:00,0.1722,0.1736,0.17,0.1702
1782684000,2026-06-28 22:00:00,0.1702,0.1727,0.1697,0.1707
1782687600,2026-06-28 23:00:00,0.1705,0.174,0.1703,0.173
1782691200,2026-06-29 00:00:00,0.173,0.1736,0.17,0.1735
1782694800,2026-06-29 01:00:00,0.1735,0.1735,0.1712,0.1723
1782698400,2026-06-29 02:00:00,0.1722,0.1738,0.1706,0.1737
1782702000,2026-06-29 03:00:00,0.1738,0.1749,0.1727,0.174
1782705600,2026-06-29 04:00:00,0.174,0.174,0.1722,0.1726
1782709200,2026-06-29 05:00:00,0.1726,0.1738,0.1712,0.1738
1782712800,2026-06-29 06:00:00,0.1739,0.1756,0.1739,0.1744
1782716400,2026-06-29 07:00:00,0.1743,0.1744,0.1731,0.1735
1782720000,2026-06-29 08:00:00,0.1735,0.1738,0.172,0.1721
1782723600,2026-06-29 09:00:00,0.172,0.1729,0.1718,0.1726
1782727200,2026-06-29 10:00:00,0.1726,0.1735,0.1723,0.1729
1782730800,2026-06-29 11:00:00,0.1729,0.1741,0.1721,0.1728
1782734400,2026-06-29 12:00:00,0.1727,0.1755,0.1716,0.1732
1782738000,2026-06-29 13:00:00,0.1731,0.1749,0.1723,0.1737
1782741600,2026-06-29 14:00:00,0.1738,0.1744,0.1721,0.174
1782745200,2026-06-29 15:00:00,0.1741,0.1743,0.1724,0.1739
1782748800,2026-06-29 16:00:00,0.1739,0.1749,0.1727,0.1746
1782752400,2026-06-29 17:00:00,0.1745,0.178,0.1745,0.1768
1782756000,2026-06-29 18:00:00,0.1768,0.1788,0.1765,0.1777
1782759600,2026-06-29 19:00:00,0.1778,0.178,0.1763,0.1773
1782763200,2026-06-29 20:00:00,0.1772,0.1791,0.1753,0.1759
1782766800,2026-06-29 21:00:00,0.1759,0.1771,0.1754,0.1766
1782770400,2026-06-29 22:00:00,0.1766,0.1769,0.1751,0.1753
1782774000,2026-06-29 23:00:00,0.1754,0.1756,0.1739,0.1751
1782777600,2026-06-30 00:00:00,0.175,0.1752,0.1734,0.1743
1782781200,2026-06-30 01:00:00,0.1743,0.1777,0.1737,0.1773
1782784800,2026-06-30 02:00:00,0.1773,0.18,0.177,0.1799
1782788400,2026-06-30 03:00:00,0.1799,0.1849,0.1799,0.1828
1782792000,2026-06-30 04:00:00,0.183,0.1876,0.1828,0.1872
1782795600,2026-06-30 05:00:00,0.1872,0.1875,0.1832,0.1846
1782799200,2026-06-30 06:00:00,0.1846,0.1876,0.1842,0.1842
1782802800,2026-06-30 07:00:00,0.1842,0.1861,0.1808,0.1824
1782806400,2026-06-30 08:00:00,0.1823,0.1824,0.1786,0.1801
1782810000,2026-06-30 09:00:00,0.1801,0.1803,0.1784,0.1792
1782813600,2026-06-30 10:00:00,0.1791,0.1801,0.1774,0.1796
1782817200,2026-06-30 11:00:00,0.1797,0.18,0.1768,0.1773
1782820800,2026-06-30 12:00:00,0.1772,0.1772,0.1739,0.1741
1782824400,2026-06-30 13:00:00,0.1742,0.1779,0.174,0.1763
1782828000,2026-06-30 14:00:00,0.1763,0.1802,0.176,0.1799
1782831600,2026-06-30 15:00:00,0.1799,0.1838,0.1782,0.1827
1782835200,2026-06-30 16:00:00,0.1827,0.1847,0.18,0.1838
1782838800,2026-06-30 17:00:00,0.1837,0.1841,0.1816,0.1818
1782842400,2026-06-30 18:00:00,0.1818,0.1884,0.1817,0.188
1782846000,2026-06-30 19:00:00,0.188,0.188,0.1842,0.1861
1782849600,2026-06-30 20:00:00,0.186,0.1864,0.1821,0.1825
1782853200,2026-06-30 21:00:00,0.1825,0.1838,0.182,0.1832
1782856800,2026-06-30 22:00:00,0.1832,0.186,0.1832,0.1844
1782860400,2026-06-30 23:00:00,0.1844,0.1894,0.1839,0.1892
