unix_timestamp,datetime_utc,open,high,low,close
1767225600,2026-01-01 00:00:00,1.8424,1.8499,1.8404,1.8456
1767229200,2026-01-01 01:00:00,1.8455,1.8478,1.8403,1.8415
1767232800,2026-01-01 02:00:00,1.8416,1.8431,1.8392,1.8399
1767236400,2026-01-01 03:00:00,1.8399,1.8419,1.8342,1.8345
1767240000,2026-01-01 04:00:00,1.8345,1.8348,1.8261,1.8308
1767243600,2026-01-01 05:00:00,1.8308,1.8558,1.8307,1.8449
1767247200,2026-01-01 06:00:00,1.8449,1.848,1.8444,1.8456
1767250800,2026-01-01 07:00:00,1.8456,1.8472,1.8416,1.8423
1767254400,2026-01-01 08:00:00,1.8423,1.8513,1.8419,1.8501
1767258000,2026-01-01 09:00:00,1.8502,1.8552,1.8493,1.8523
1767261600,2026-01-01 10:00:00,1.8524,1.855,1.8515,1.8533
1767265200,2026-01-01 11:00:00,1.8534,1.8564,1.85,1.8554
1767268800,2026-01-01 12:00:00,1.8554,1.8564,1.8514,1.8528
1767272400,2026-01-01 13:00:00,1.8529,1.8593,1.8521,1.8583
1767276000,2026-01-01 14:00:00,1.8583,1.8602,1.8525,1.8562
1767279600,2026-01-01 15:00:00,1.8562,1.8678,1.8521,1.8628
1767283200,2026-01-01 16:00:00,1.8628,1.8648,1.8563,1.8646
1767286800,2026-01-01 17:00:00,1.8646,1.8754,1.8645,1.8689
1767290400,2026-01-01 18:00:00,1.8689,1.8714,1.8652,1.8691
1767294000,2026-01-01 19:00:00,1.8691,1.8742,1.8674,1.8742
1767297600,2026-01-01 20:00:00,1.8742,1.8764,1.8682,1.8718
1767301200,2026-01-01 21:00:00,1.8718,1.873,1.8674,1.8712
1767304800,2026-01-01 22:00:00,1.8711,1.8765,1.8684,1.8762
1767308400,2026-01-01 23:00:00,1.8762,1.8811,1.872,1.8799
1767312000,2026-01-02 00:00:00,1.8799,1.882,1.875,1.8792
1767315600,2026-01-02 01:00:00,1.8792,1.88,1.872,1.8725
1767319200,2026-01-02 02:00:00,1.8724,1.8772,1.8689,1.8772
1767322800,2026-01-02 03:00:00,1.8772,1.8925,1.8754,1.8886
1767326400,2026-01-02 04:00:00,1.8887,1.8905,1.8761,1.877
1767330000,2026-01-02 05:00:00,1.877,1.8775,1.8721,1.8759
1767333600,2026-01-02 06:00:00,1.876,1.8816,1.8747,1.8773
1767337200,2026-01-02 07:00:00,1.8772,1.8783,1.8708,1.8718
1767340800,2026-01-02 08:00:00,1.8719,1.8811,1.8715,1.8806
1767344400,2026-01-02 09:00:00,1.8806,1.9017,1.8785,1.8971
1767348000,2026-01-02 10:00:00,1.8972,1.9091,1.8968,1.8973
1767351600,2026-01-02 11:00:00,1.8973,1.8978,1.8873,1.8911
1767355200,2026-01-02 12:00:00,1.8912,1.9025,1.8897,1.899
1767358800,2026-01-02 13:00:00,1.8991,1.9049,1.896,1.8968
1767362400,2026-01-02 14:00:00,1.8969,1.9232,1.8874,1.9169
1767366000,2026-01-02 15:00:00,1.9169,1.9253,1.8987,1.9184
1767369600,2026-01-02 16:00:00,1.9185,1.9643,1.9158,1.963
1767373200,2026-01-02 17:00:00,1.9629,1.9979,1.9628,1.9926
1767376800,2026-01-02 18:00:00,1.9926,1.998,1.9693,1.9782
1767380400,2026-01-02 19:00:00,1.9783,1.9956,1.9724,1.9916
1767384000,2026-01-02 20:00:00,1.9915,1.9976,1.9774,1.9793
1767387600,2026-01-02 21:00:00,1.9793,2.0215,1.9793,2.0171
1767391200,2026-01-02 22:00:00,2.0171,2.0315,2.0102,2.0155
1767394800,2026-01-02 23:00:00,2.0156,2.0188,2.0046,2.0069
1767398400,2026-01-03 00:00:00,2.0068,2.0396,2.0068,2.0148
1767402000,2026-01-03 01:00:00,2.0147,2.0323,2.012,2.0303
1767405600,2026-01-03 02:00:00,2.0304,2.0306,2.0192,2.0251
1767409200,2026-01-03 03:00:00,2.0251,2.0427,2.0194,2.0402
1767412800,2026-01-03 04:00:00,2.0402,2.056,2.0379,2.0489
1767416400,2026-01-03 05:00:00,2.0489,2.0561,2.0283,2.0315
1767420000,2026-01-03 06:00:00,2.0315,2.0357,2.008,2.0115
1767423600,2026-01-03 07:00:00,2.0115,2.0157,1.9844,1.9941
1767427200,2026-01-03 08:00:00,1.9941,2.0105,1.9924,2.0077
1767430800,2026-01-03 09:00:00,2.0077,2.0217,2.0058,2.0138
1767434400,2026-01-03 10:00:00,2.0139,2.0147,2.0035,2.0055
1767438000,2026-01-03 11:00:00,2.0055,2.0059,1.9975,1.9994
1767441600,2026-01-03 12:00:00,1.9995,2.0057,1.9941,2.0028
1767445200,2026-01-03 13:00:00,2.0029,2.0096,2.0001,2.0052
1767448800,2026-01-03 14:00:00,2.0052,2.0188,2.0045,2.011
1767452400,2026-01-03 15:00:00,2.011,2.013,2.0052,2.0064
1767456000,2026-01-03 16:00:00,2.0065,2.0111,2.0002,2.0024
1767459600,2026-01-03 17:00:00,2.0023,2.0052,1.9964,2.002
1767463200,2026-01-03 18:00:00,2.0021,2.0112,1.9976,2.01
1767466800,2026-01-03 19:00:00,2.0099,2.0099,2.0032,2.0073
1767470400,2026-01-03 20:00:00,2.0073,2.011,1.999,2.008
1767474000,2026-01-03 21:00:00,2.0079,2.0146,2.0048,2.0094
1767477600,2026-01-03 22:00:00,2.0094,2.0174,2.004,2.0145
1767481200,2026-01-03 23:00:00,2.0145,2.0188,2.0124,2.0182
1767484800,2026-01-04 00:00:00,2.0182,2.0485,2.0163,2.0428
1767488400,2026-01-04 01:00:00,2.0429,2.043,2.0267,2.0353
1767492000,2026-01-04 02:00:00,2.0353,2.0374,2.027,2.0311
1767495600,2026-01-04 03:00:00,2.0311,2.062,2.0305,2.0581
1767499200,2026-01-04 04:00:00,2.0581,2.0693,2.0525,2.061
1767502800,2026-01-04 05:00:00,2.0611,2.0759,2.0556,2.067
1767506400,2026-01-04 06:00:00,2.067,2.0735,2.0578,2.0677
1767510000,2026-01-04 07:00:00,2.0678,2.0812,2.0617,2.0721
1767513600,2026-01-04 08:00:00,2.0721,2.085,2.0601,2.0777
1767517200,2026-01-04 09:00:00,2.0776,2.0898,2.0673,2.0866
1767520800,2026-01-04 10:00:00,2.0865,2.0929,2.0784,2.0912
1767524400,2026-01-04 11:00:00,2.0912,2.0974,2.0833,2.0952
1767528000,2026-01-04 12:00:00,2.0951,2.1204,2.0921,2.1178
1767531600,2026-01-04 13:00:00,2.1177,2.1177,2.0914,2.102
1767535200,2026-01-04 14:00:00,2.1019,2.1072,2.0814,2.0909
1767538800,2026-01-04 15:00:00,2.0909,2.0971,2.0823,2.0905
1767542400,2026-01-04 16:00:00,2.0906,2.0938,2.0831,2.0913
1767546000,2026-01-04 17:00:00,2.0912,2.1035,2.09,2.0956
1767549600,2026-01-04 18:00:00,2.0956,2.096,2.0741,2.0876
1767553200,2026-01-04 19:00:00,2.0877,2.0893,2.0722,2.0847
1767556800,2026-01-04 20:00:00,2.0848,2.0952,2.0812,2.0925
1767560400,2026-01-04 21:00:00,2.0926,2.1032,2.0891,2.097
1767564000,2026-01-04 22:00:00,2.097,2.1,2.0795,2.0863
1767567600,2026-01-04 23:00:00,2.0862,2.0982,2.0842,2.0909
1767571200,2026-01-05 00:00:00,2.0908,2.1174,2.0877,2.1127
1767574800,2026-01-05 01:00:00,2.1127,2.1665,2.1097,2.157
1767578400,2026-01-05 02:00:00,2.1571,2.1618,2.136,2.144
1767582000,2026-01-05 03:00:00,2.1441,2.1538,2.1371,2.1429
1767585600,2026-01-05 04:00:00,2.1429,2.1463,2.1182,2.1271
1767589200,2026-01-05 05:00:00,2.127,2.1382,2.1218,2.1234
1767592800,2026-01-05 06:00:00,2.1234,2.1286,2.11,2.1236
1767596400,2026-01-05 07:00:00,2.1237,2.1355,2.1235,2.134
1767600000,2026-01-05 08:00:00,2.134,2.153,2.1314,2.1397
1767603600,2026-01-05 09:00:00,2.1396,2.1476,2.1285,2.1377
1767607200,2026-01-05 10:00:00,2.1376,2.1495,2.1319,2.138
1767610800,2026-01-05 11:00:00,2.1379,2.138,2.1254,2.1336
1767614400,2026-01-05 12:00:00,2.1337,2.1382,2.1232,2.1273
1767618000,2026-01-05 13:00:00,2.1274,2.1319,2.1122,2.117
1767621600,2026-01-05 14:00:00,2.1171,2.154,2.1121,2.1498
1767625200,2026-01-05 15:00:00,2.1499,2.1695,2.1381,2.1652
1767628800,2026-01-05 16:00:00,2.1653,2.1966,2.1645,2.1943
1767632400,2026-01-05 17:00:00,2.1942,2.2078,2.1681,2.2072
1767636000,2026-01-05 18:00:00,2.2071,2.2694,2.1999,2.2674
1767639600,2026-01-05 19:00:00,2.2674,2.282,2.2581,2.2782
1767643200,2026-01-05 20:00:00,2.2782,2.3497,2.2761,2.3163
1767646800,2026-01-05 21:00:00,2.3163,2.3437,2.3127,2.3359
1767650400,2026-01-05 22:00:00,2.3358,2.3456,2.322,2.3352
1767654000,2026-01-05 23:00:00,2.3352,2.3695,2.3341,2.3478
1767657600,2026-01-06 00:00:00,2.3479,2.374,2.3164,2.3717
1767661200,2026-01-06 01:00:00,2.3718,2.405,2.3618,2.3742
1767664800,2026-01-06 02:00:00,2.3743,2.4172,2.3718,2.393
1767668400,2026-01-06 03:00:00,2.393,2.4016,2.3794,2.3861
1767672000,2026-01-06 04:00:00,2.386,2.394,2.3657,2.388
1767675600,2026-01-06 05:00:00,2.388,2.4084,2.3826,2.39
1767679200,2026-01-06 06:00:00,2.3901,2.4005,2.3746,2.3764
1767682800,2026-01-06 07:00:00,2.3764,2.3773,2.3215,2.3303
1767686400,2026-01-06 08:00:00,2.3304,2.3466,2.3254,2.3324
1767690000,2026-01-06 09:00:00,2.3323,2.36,2.3304,2.352
1767693600,2026-01-06 10:00:00,2.3521,2.3646,2.3463,2.3611
1767697200,2026-01-06 11:00:00,2.3612,2.3777,2.3566,2.3776
1767700800,2026-01-06 12:00:00,2.3776,2.3954,2.3684,2.3741
1767704400,2026-01-06 13:00:00,2.374,2.3799,2.3666,2.3716
1767708000,2026-01-06 14:00:00,2.3715,2.3996,2.3676,2.3794
1767711600,2026-01-06 15:00:00,2.3794,2.3925,2.3349,2.3491
1767715200,2026-01-06 16:00:00,2.349,2.3551,2.2671,2.2819
1767718800,2026-01-06 17:00:00,2.2818,2.2889,2.2079,2.2092
1767722400,2026-01-06 18:00:00,2.2091,2.256,2.2046,2.2458
1767726000,2026-01-06 19:00:00,2.2459,2.258,2.2246,2.2278
1767729600,2026-01-06 20:00:00,2.2277,2.2673,2.2276,2.2574
1767733200,2026-01-06 21:00:00,2.2574,2.2917,2.2494,2.2833
1767736800,2026-01-06 22:00:00,2.2832,2.2999,2.2753,2.2918
1767740400,2026-01-06 23:00:00,2.2918,2.3122,2.2866,2.3042
1767744000,2026-01-07 00:00:00,2.3042,2.3205,2.2824,2.283
1767747600,2026-01-07 01:00:00,2.283,2.2934,2.2565,2.2658
1767751200,2026-01-07 02:00:00,2.2657,2.28,2.2576,2.2756
1767754800,2026-01-07 03:00:00,2.2757,2.2813,2.2614,2.2665
1767758400,2026-01-07 04:00:00,2.2665,2.275,2.258,2.259
1767762000,2026-01-07 05:00:00,2.259,2.2649,2.2451,2.2518
1767765600,2026-01-07 06:00:00,2.2519,2.2704,2.2505,2.2643
1767769200,2026-01-07 07:00:00,2.2643,2.2867,2.2643,2.2803
1767772800,2026-01-07 08:00:00,2.2803,2.2913,2.2737,2.2838
1767776400,2026-01-07 09:00:00,2.2838,2.2841,2.2327,2.2402
1767780000,2026-01-07 10:00:00,2.2402,2.2529,2.2356,2.2493
1767783600,2026-01-07 11:00:00,2.2493,2.2583,2.2456,2.2503
1767787200,2026-01-07 12:00:00,2.2504,2.2556,2.2423,2.2479
1767790800,2026-01-07 13:00:00,2.248,2.2557,2.237,2.2444
1767794400,2026-01-07 14:00:00,2.2445,2.2448,2.2061,2.2292
1767798000,2026-01-07 15:00:00,2.2292,2.2302,2.1834,2.1955
1767801600,2026-01-07 16:00:00,2.1954,2.2233,2.1937,2.2019
1767805200,2026-01-07 17:00:00,2.2019,2.2099,2.1882,2.1937
1767808800,2026-01-07 18:00:00,2.1937,2.2042,2.1823,2.1879
1767812400,2026-01-07 19:00:00,2.188,2.199,2.171,2.1938
1767816000,2026-01-07 20:00:00,2.1938,2.199,2.172,2.1743
1767819600,2026-01-07 21:00:00,2.1742,2.1862,2.1728,2.1791
1767823200,2026-01-07 22:00:00,2.179,2.1923,2.1669,2.1694
1767826800,2026-01-07 23:00:00,2.1695,2.1816,2.1517,2.1657
1767830400,2026-01-08 00:00:00,2.1658,2.1742,2.1475,2.1699
1767834000,2026-01-08 01:00:00,2.17,2.191,2.1697,2.1826
1767837600,2026-01-08 02:00:00,2.1826,2.1925,2.16,2.1678
1767841200,2026-01-08 03:00:00,2.1678,2.1766,2.1456,2.1502
1767844800,2026-01-08 04:00:00,2.1502,2.1724,2.146,2.1619
1767848400,2026-01-08 05:00:00,2.1619,2.1664,2.1402,2.1431
1767852000,2026-01-08 06:00:00,2.1431,2.1467,2.108,2.1081
1767855600,2026-01-08 07:00:00,2.108,2.1233,2.0976,2.1197
1767859200,2026-01-08 08:00:00,2.1196,2.1344,2.108,2.1128
1767862800,2026-01-08 09:00:00,2.1127,2.122,2.094,2.0963
1767866400,2026-01-08 10:00:00,2.0964,2.1074,2.081,2.1036
1767870000,2026-01-08 11:00:00,2.1036,2.1055,2.0813,2.0922
1767873600,2026-01-08 12:00:00,2.0923,2.0923,2.0727,2.0812
1767877200,2026-01-08 13:00:00,2.0811,2.0956,2.0788,2.0875
1767880800,2026-01-08 14:00:00,2.0875,2.0985,2.0649,2.087
1767884400,2026-01-08 15:00:00,2.0869,2.1284,2.0737,2.1271
1767888000,2026-01-08 16:00:00,2.127,2.1456,2.112,2.1455
1767891600,2026-01-08 17:00:00,2.1456,2.1689,2.1386,2.1636
1767895200,2026-01-08 18:00:00,2.1635,2.165,2.1238,2.1368
1767898800,2026-01-08 19:00:00,2.1369,2.15,2.1304,2.1357
1767902400,2026-01-08 20:00:00,2.1356,2.1356,2.1132,2.127
1767906000,2026-01-08 21:00:00,2.1271,2.1446,2.1233,2.14
1767909600,2026-01-08 22:00:00,2.1399,2.1481,2.1216,2.1338
1767913200,2026-01-08 23:00:00,2.1338,2.1366,2.1212,2.1232
1767916800,2026-01-09 00:00:00,2.1232,2.1374,2.1212,2.1321
1767920400,2026-01-09 01:00:00,2.1322,2.1429,2.1095,2.1099
1767924000,2026-01-09 02:00:00,2.11,2.1364,2.1085,2.1182
1767927600,2026-01-09 03:00:00,2.1182,2.1369,2.1168,2.1355
1767931200,2026-01-09 04:00:00,2.1356,2.1382,2.127,2.1275
1767934800,2026-01-09 05:00:00,2.1275,2.1384,2.1255,2.1381
1767938400,2026-01-09 06:00:00,2.138,2.1474,2.1302,2.1439
1767942000,2026-01-09 07:00:00,2.144,2.144,2.1196,2.1202
1767945600,2026-01-09 08:00:00,2.1203,2.1236,2.0727,2.0839
1767949200,2026-01-09 09:00:00,2.0838,2.1081,2.0832,2.0962
1767952800,2026-01-09 10:00:00,2.0962,2.1062,2.0925,2.1006
1767956400,2026-01-09 11:00:00,2.1006,2.1091,2.0966,2.1028
1767960000,2026-01-09 12:00:00,2.1029,2.1046,2.0902,2.0969
1767963600,2026-01-09 13:00:00,2.0969,2.1193,2.0929,2.1061
1767967200,2026-01-09 14:00:00,2.1061,2.1079,2.0809,2.0906
1767970800,2026-01-09 15:00:00,2.0906,2.1622,2.0794,2.1176
1767974400,2026-01-09 16:00:00,2.1177,2.1453,2.1154,2.1318
1767978000,2026-01-09 17:00:00,2.1318,2.1328,2.0923,2.1074
1767981600,2026-01-09 18:00:00,2.1073,2.1103,2.0759,2.0925
1767985200,2026-01-09 19:00:00,2.0925,2.0931,2.0781,2.083
1767988800,2026-01-09 20:00:00,2.0829,2.0929,2.0801,2.0848
1767992400,2026-01-09 21:00:00,2.0848,2.0954,2.0762,2.0927
1767996000,2026-01-09 22:00:00,2.0927,2.1013,2.088,2.0979
1767999600,2026-01-09 23:00:00,2.098,2.0987,2.0918,2.0958
1768003200,2026-01-10 00:00:00,2.0958,2.0971,2.0892,2.0923
1768006800,2026-01-10 01:00:00,2.0922,2.0974,2.09,2.0955
1768010400,2026-01-10 02:00:00,2.0956,2.1016,2.0901,2.0945
1768014000,2026-01-10 03:00:00,2.0945,2.098,2.0873,2.0911
1768017600,2026-01-10 04:00:00,2.0911,2.0918,2.0825,2.0838
1768021200,2026-01-10 05:00:00,2.0839,2.0928,2.0806,2.0898
1768024800,2026-01-10 06:00:00,2.0899,2.0947,2.0854,2.0929
1768028400,2026-01-10 07:00:00,2.0929,2.1008,2.0922,2.1006
1768032000,2026-01-10 08:00:00,2.1006,2.1023,2.0904,2.0938
1768035600,2026-01-10 09:00:00,2.0938,2.0988,2.0915,2.0975
1768039200,2026-01-10 10:00:00,2.0975,2.1053,2.0954,2.1049
1768042800,2026-01-10 11:00:00,2.1049,2.1052,2.099,2.1028
1768046400,2026-01-10 12:00:00,2.1028,2.1106,2.1,2.1013
1768050000,2026-01-10 13:00:00,2.1012,2.1013,2.0907,2.0921
1768053600,2026-01-10 14:00:00,2.092,2.0929,2.0874,2.0908
1768057200,2026-01-10 15:00:00,2.0909,2.0951,2.0895,2.093
1768060800,2026-01-10 16:00:00,2.093,2.0973,2.0896,2.0946
1768064400,2026-01-10 17:00:00,2.0945,2.0977,2.0884,2.0907
1768068000,2026-01-10 18:00:00,2.0907,2.101,2.0878,2.0971
1768071600,2026-01-10 19:00:00,2.0972,2.0985,2.0923,2.0946
1768075200,2026-01-10 20:00:00,2.0946,2.0953,2.0913,2.0919
1768078800,2026-01-10 21:00:00,2.0919,2.0919,2.0882,2.0913
1768082400,2026-01-10 22:00:00,2.0913,2.0958,2.0825,2.0858
1768086000,2026-01-10 23:00:00,2.0857,2.0926,2.0854,2.0907
1768089600,2026-01-11 00:00:00,2.0907,2.095,2.0871,2.09
1768093200,2026-01-11 01:00:00,2.09,2.0934,2.0864,2.0928
1768096800,2026-01-11 02:00:00,2.0927,2.0966,2.0892,2.0926
1768100400,2026-01-11 03:00:00,2.0925,2.0953,2.0918,2.0953
1768104000,2026-01-11 04:00:00,2.0953,2.0954,2.0896,2.0928
1768107600,2026-01-11 05:00:00,2.0928,2.0961,2.0895,2.0959
1768111200,2026-01-11 06:00:00,2.0959,2.0961,2.0863,2.095
1768114800,2026-01-11 07:00:00,2.095,2.099,2.0904,2.0926
1768118400,2026-01-11 08:00:00,2.0927,2.0984,2.0881,2.0966
1768122000,2026-01-11 09:00:00,2.0966,2.0973,2.0906,2.0921
1768125600,2026-01-11 10:00:00,2.0921,2.0955,2.09,2.093
1768129200,2026-01-11 11:00:00,2.0931,2.0961,2.0913,2.0961
1768132800,2026-01-11 12:00:00,2.0961,2.1063,2.0958,2.1042
1768136400,2026-01-11 13:00:00,2.1041,2.1051,2.0941,2.0977
1768140000,2026-01-11 14:00:00,2.0977,2.1099,2.0973,2.1085
1768143600,2026-01-11 15:00:00,2.1084,2.11,2.0839,2.0893
1768147200,2026-01-11 16:00:00,2.0893,2.1035,2.087,2.0945
1768150800,2026-01-11 17:00:00,2.0946,2.0982,2.0859,2.0941
1768154400,2026-01-11 18:00:00,2.0941,2.0959,2.0875,2.0931
1768158000,2026-01-11 19:00:00,2.0931,2.0968,2.0853,2.0869
1768161600,2026-01-11 20:00:00,2.0869,2.0869,2.045,2.0653
1768165200,2026-01-11 21:00:00,2.0652,2.0755,2.055,2.0741
1768168800,2026-01-11 22:00:00,2.0741,2.0741,2.0566,2.0615
1768172400,2026-01-11 23:00:00,2.0614,2.0786,2.0471,2.0745
1768176000,2026-01-12 00:00:00,2.0745,2.0745,2.0364,2.0553
1768179600,2026-01-12 01:00:00,2.0554,2.078,2.054,2.0643
1768183200,2026-01-12 02:00:00,2.0644,2.1069,2.0619,2.1
1768186800,2026-01-12 03:00:00,2.1001,2.1058,2.08,2.0827
1768190400,2026-01-12 04:00:00,2.0827,2.0956,2.0812,2.091
1768194000,2026-01-12 05:00:00,2.0911,2.092,2.0821,2.0831
1768197600,2026-01-12 06:00:00,2.0831,2.0858,2.0689,2.0708
1768201200,2026-01-12 07:00:00,2.0707,2.077,2.052,2.0536
1768204800,2026-01-12 08:00:00,2.0536,2.0605,2.035,2.0502
1768208400,2026-01-12 09:00:00,2.0503,2.0543,2.0428,2.0443
1768212000,2026-01-12 10:00:00,2.0443,2.0488,2.035,2.0365
1768215600,2026-01-12 11:00:00,2.0364,2.0491,2.035,2.0485
1768219200,2026-01-12 12:00:00,2.0486,2.0552,2.0473,2.05
1768222800,2026-01-12 13:00:00,2.05,2.0604,2.0434,2.0522
1768226400,2026-01-12 14:00:00,2.0521,2.0767,2.0406,2.0728
1768230000,2026-01-12 15:00:00,2.0728,2.0945,2.069,2.0941
1768233600,2026-01-12 16:00:00,2.094,2.1086,2.0864,2.0943
1768237200,2026-01-12 17:00:00,2.0944,2.0995,2.0535,2.0678
1768240800,2026-01-12 18:00:00,2.0678,2.0777,2.0603,2.067
1768244400,2026-01-12 19:00:00,2.067,2.0723,2.0583,2.0701
1768248000,2026-01-12 20:00:00,2.0701,2.0759,2.0631,2.0643
1768251600,2026-01-12 21:00:00,2.0642,2.0653,2.04,2.0492
1768255200,2026-01-12 22:00:00,2.0492,2.06,2.0492,2.0545
1768258800,2026-01-12 23:00:00,2.0546,2.0585,2.0459,2.054
1768262400,2026-01-13 00:00:00,2.0541,2.0609,2.0513,2.0593
1768266000,2026-01-13 01:00:00,2.0592,2.0644,2.0487,2.0538
1768269600,2026-01-13 02:00:00,2.0539,2.0607,2.0507,2.0523
1768273200,2026-01-13 03:00:00,2.0524,2.0587,2.0474,2.0501
1768276800,2026-01-13 04:00:00,2.0501,2.0594,2.0497,2.0581
1768280400,2026-01-13 05:00:00,2.0582,2.0808,2.0574,2.0636
1768284000,2026-01-13 06:00:00,2.0635,2.0675,2.0574,2.0631
1768287600,2026-01-13 07:00:00,2.0631,2.0633,2.0523,2.0533
1768291200,2026-01-13 08:00:00,2.0533,2.0691,2.0532,2.0658
1768294800,2026-01-13 09:00:00,2.0657,2.0745,2.0596,2.0655
1768298400,2026-01-13 10:00:00,2.0656,2.0699,2.0579,2.0605
1768302000,2026-01-13 11:00:00,2.0606,2.0636,2.0575,2.0606
1768305600,2026-01-13 12:00:00,2.0605,2.0645,2.056,2.0638
1768309200,2026-01-13 13:00:00,2.0637,2.079,2.0597,2.0688
1768312800,2026-01-13 14:00:00,2.0688,2.0977,2.061,2.078
1768316400,2026-01-13 15:00:00,2.078,2.1016,2.0664,2.0987
1768320000,2026-01-13 16:00:00,2.0986,2.115,2.0887,2.105
1768323600,2026-01-13 17:00:00,2.105,2.1086,2.0844,2.0921
1768327200,2026-01-13 18:00:00,2.092,2.1134,2.0887,2.1066
1768330800,2026-01-13 19:00:00,2.1067,2.1397,2.1037,2.1397
1768334400,2026-01-13 20:00:00,2.1397,2.15,2.1193,2.1329
1768338000,2026-01-13 21:00:00,2.1328,2.1425,2.1205,2.1206
1768341600,2026-01-13 22:00:00,2.1206,2.1821,2.1205,2.1746
1768345200,2026-01-13 23:00:00,2.1747,2.185,2.1503,2.1655
1768348800,2026-01-14 00:00:00,2.1656,2.1784,2.1567,2.167
1768352400,2026-01-14 01:00:00,2.1671,2.1771,2.159,2.1749
1768356000,2026-01-14 02:00:00,2.175,2.1924,2.1679,2.1714
1768359600,2026-01-14 03:00:00,2.1714,2.185,2.1658,2.1838
1768363200,2026-01-14 04:00:00,2.1839,2.1861,2.1626,2.1628
1768366800,2026-01-14 05:00:00,2.1628,2.1639,2.1515,2.1527
1768370400,2026-01-14 06:00:00,2.1527,2.1527,2.1333,2.1489
1768374000,2026-01-14 07:00:00,2.1489,2.1563,2.1395,2.1484
1768377600,2026-01-14 08:00:00,2.1484,2.1529,2.1422,2.1423
1768381200,2026-01-14 09:00:00,2.1422,2.1537,2.1414,2.147
1768384800,2026-01-14 10:00:00,2.1469,2.1491,2.1282,2.1354
1768388400,2026-01-14 11:00:00,2.1353,2.1353,2.1116,2.1156
1768392000,2026-01-14 12:00:00,2.1156,2.1269,2.1116,2.1253
1768395600,2026-01-14 13:00:00,2.1252,2.1316,2.1116,2.116
1768399200,2026-01-14 14:00:00,2.116,2.1693,2.1148,2.1598
1768402800,2026-01-14 15:00:00,2.1598,2.1741,2.1427,2.1563
1768406400,2026-01-14 16:00:00,2.1563,2.1765,2.1563,2.1601
1768410000,2026-01-14 17:00:00,2.1603,2.1668,2.1362,2.1387
1768413600,2026-01-14 18:00:00,2.1387,2.1532,2.1246,2.14
1768417200,2026-01-14 19:00:00,2.14,2.165,2.1342,2.1462
1768420800,2026-01-14 20:00:00,2.1461,2.1613,2.1395,2.1495
1768424400,2026-01-14 21:00:00,2.1494,2.1549,2.1413,2.1477
1768428000,2026-01-14 22:00:00,2.1477,2.1478,2.1314,2.1358
1768431600,2026-01-14 23:00:00,2.1357,2.1469,2.1318,2.1394
1768435200,2026-01-15 00:00:00,2.1393,2.1434,2.1285,2.1327
1768438800,2026-01-15 01:00:00,2.1328,2.14,2.1164,2.1192
1768442400,2026-01-15 02:00:00,2.1192,2.1257,2.0999,2.1048
1768446000,2026-01-15 03:00:00,2.1048,2.1082,2.0819,2.0884
1768449600,2026-01-15 04:00:00,2.0884,2.1043,2.0861,2.1022
1768453200,2026-01-15 05:00:00,2.1021,2.1065,2.0969,2.0993
1768456800,2026-01-15 06:00:00,2.0993,2.1023,2.0894,2.0913
1768460400,2026-01-15 07:00:00,2.0913,2.1057,2.0893,2.1012
1768464000,2026-01-15 08:00:00,2.1012,2.105,2.0959,2.104
1768467600,2026-01-15 09:00:00,2.1041,2.1223,2.097,2.1171
1768471200,2026-01-15 10:00:00,2.1171,2.1206,2.1084,2.1156
1768474800,2026-01-15 11:00:00,2.1156,2.1229,2.1094,2.112
1768478400,2026-01-15 12:00:00,2.112,2.1199,2.1074,2.1181
1768482000,2026-01-15 13:00:00,2.1182,2.1322,2.1153,2.1293
1768485600,2026-01-15 14:00:00,2.1293,2.1325,2.0889,2.0967
1768489200,2026-01-15 15:00:00,2.0967,2.1072,2.0683,2.0956
1768492800,2026-01-15 16:00:00,2.0956,2.1007,2.084,2.0919
1768496400,2026-01-15 17:00:00,2.0919,2.0982,2.0791,2.0813
1768500000,2026-01-15 18:00:00,2.0813,2.0836,2.065,2.0705
1768503600,2026-01-15 19:00:00,2.0705,2.0723,2.0532,2.0658
1768507200,2026-01-15 20:00:00,2.0658,2.0712,2.058,2.0615
1768510800,2026-01-15 21:00:00,2.0616,2.0753,2.0616,2.0743
1768514400,2026-01-15 22:00:00,2.0743,2.0801,2.0679,2.0753
1768518000,2026-01-15 23:00:00,2.0753,2.0804,2.0711,2.0789
1768521600,2026-01-16 00:00:00,2.0789,2.0866,2.076,2.0821
1768525200,2026-01-16 01:00:00,2.0822,2.0863,2.0749,2.0773
1768528800,2026-01-16 02:00:00,2.0773,2.0773,2.067,2.0756
1768532400,2026-01-16 03:00:00,2.0755,2.0791,2.0645,2.0646
1768536000,2026-01-16 04:00:00,2.0647,2.0712,2.0577,2.0636
1768539600,2026-01-16 05:00:00,2.0637,2.0746,2.0615,2.0721
1768543200,2026-01-16 06:00:00,2.0721,2.0754,2.0675,2.0736
1768546800,2026-01-16 07:00:00,2.0737,2.0779,2.0689,2.0737
1768550400,2026-01-16 08:00:00,2.0737,2.0817,2.0725,2.0748
1768554000,2026-01-16 09:00:00,2.0747,2.0768,2.0665,2.067
1768557600,2026-01-16 10:00:00,2.067,2.0674,2.0592,2.0615
1768561200,2026-01-16 11:00:00,2.0616,2.0662,2.0586,2.0652
1768564800,2026-01-16 12:00:00,2.0652,2.0682,2.0602,2.0628
1768568400,2026-01-16 13:00:00,2.0629,2.0629,2.0525,2.0578
1768572000,2026-01-16 14:00:00,2.0579,2.0671,2.0551,2.0558
1768575600,2026-01-16 15:00:00,2.0558,2.0654,2.0263,2.0325
1768579200,2026-01-16 16:00:00,2.0325,2.0481,2.0299,2.0439
1768582800,2026-01-16 17:00:00,2.0439,2.0539,2.0381,2.0519
1768586400,2026-01-16 18:00:00,2.0519,2.0543,2.0463,2.0501
1768590000,2026-01-16 19:00:00,2.0501,2.0568,2.043,2.055
1768593600,2026-01-16 20:00:00,2.055,2.0798,2.0476,2.0791
1768597200,2026-01-16 21:00:00,2.0791,2.0798,2.0683,2.074
1768600800,2026-01-16 22:00:00,2.0741,2.0766,2.0688,2.0739
1768604400,2026-01-16 23:00:00,2.0739,2.074,2.0676,2.0678
1768608000,2026-01-17 00:00:00,2.0678,2.07,2.0621,2.0637
1768611600,2026-01-17 01:00:00,2.0638,2.0691,2.0626,2.0663
1768615200,2026-01-17 02:00:00,2.0664,2.0665,2.0586,2.0625
1768618800,2026-01-17 03:00:00,2.0626,2.0628,2.0536,2.0557
1768622400,2026-01-17 04:00:00,2.0557,2.0661,2.055,2.0644
1768626000,2026-01-17 05:00:00,2.0644,2.0664,2.0606,2.0637
1768629600,2026-01-17 06:00:00,2.0637,2.0642,2.0588,2.06
1768633200,2026-01-17 07:00:00,2.06,2.0609,2.0558,2.0581
1768636800,2026-01-17 08:00:00,2.0581,2.0631,2.0574,2.0622
1768640400,2026-01-17 09:00:00,2.0622,2.0673,2.0614,2.0634
1768644000,2026-01-17 10:00:00,2.0633,2.0673,2.0605,2.0611
1768647600,2026-01-17 11:00:00,2.0611,2.0647,2.0562,2.0619
1768651200,2026-01-17 12:00:00,2.0618,2.065,2.0585,2.06
1768654800,2026-01-17 13:00:00,2.06,2.0638,2.0582,2.0621
1768658400,2026-01-17 14:00:00,2.0621,2.0793,2.0585,2.0743
1768662000,2026-01-17 15:00:00,2.0742,2.083,2.0709,2.0817
1768665600,2026-01-17 16:00:00,2.0816,2.0818,2.0679,2.0731
1768669200,2026-01-17 17:00:00,2.0731,2.0827,2.0719,2.0826
1768672800,2026-01-17 18:00:00,2.0826,2.0834,2.073,2.0765
1768676400,2026-01-17 19:00:00,2.0765,2.0777,2.0727,2.0735
1768680000,2026-01-17 20:00:00,2.0735,2.0754,2.0704,2.072
1768683600,2026-01-17 21:00:00,2.072,2.072,2.0657,2.0685
1768687200,2026-01-17 22:00:00,2.0685,2.069,2.0591,2.0646
1768690800,2026-01-17 23:00:00,2.0647,2.068,2.0618,2.0631
1768694400,2026-01-18 00:00:00,2.0632,2.0679,2.0589,2.0596
1768698000,2026-01-18 01:00:00,2.0596,2.0609,2.0482,2.0516
1768701600,2026-01-18 02:00:00,2.0516,2.0571,2.0487,2.0529
1768705200,2026-01-18 03:00:00,2.0529,2.0606,2.052,2.0585
1768708800,2026-01-18 04:00:00,2.0585,2.0586,2.0524,2.0557
1768712400,2026-01-18 05:00:00,2.0556,2.0572,2.047,2.0549
1768716000,2026-01-18 06:00:00,2.055,2.06,2.0543,2.0586
1768719600,2026-01-18 07:00:00,2.0587,2.06,2.0511,2.0524
1768723200,2026-01-18 08:00:00,2.0523,2.0595,2.0504,2.0572
1768726800,2026-01-18 09:00:00,2.0572,2.0618,2.0554,2.0606
1768730400,2026-01-18 10:00:00,2.0607,2.061,2.0544,2.0574
1768734000,2026-01-18 11:00:00,2.0574,2.0574,2.0528,2.0548
1768737600,2026-01-18 12:00:00,2.0549,2.0567,2.0514,2.0521
1768741200,2026-01-18 13:00:00,2.0521,2.0548,2.0478,2.0525
1768744800,2026-01-18 14:00:00,2.0525,2.0605,2.0496,2.0501
1768748400,2026-01-18 15:00:00,2.0501,2.053,2.045,2.0507
1768752000,2026-01-18 16:00:00,2.0507,2.0573,2.0476,2.0491
1768755600,2026-01-18 17:00:00,2.0492,2.0572,2.0463,2.0498
1768759200,2026-01-18 18:00:00,2.0498,2.0661,2.0466,2.0616
1768762800,2026-01-18 19:00:00,2.0616,2.0644,2.0523,2.0538
1768766400,2026-01-18 20:00:00,2.0538,2.0605,2.0511,2.0573
1768770000,2026-01-18 21:00:00,2.0574,2.0603,2.0562,2.0574
1768773600,2026-01-18 22:00:00,2.0575,2.0644,2.0558,2.0607
1768777200,2026-01-18 23:00:00,2.0606,2.0607,1.9861,1.9914
1768780800,2026-01-19 00:00:00,1.9914,1.9914,1.847,1.9453
1768784400,2026-01-19 01:00:00,1.9452,1.9629,1.9383,1.9528
1768788000,2026-01-19 02:00:00,1.9529,1.9639,1.9507,1.9576
1768791600,2026-01-19 03:00:00,1.9575,1.968,1.9532,1.9674
1768795200,2026-01-19 04:00:00,1.9674,1.9746,1.9616,1.9637
1768798800,2026-01-19 05:00:00,1.9638,1.9702,1.9578,1.9618
1768802400,2026-01-19 06:00:00,1.9618,1.966,1.9517,1.9623
1768806000,2026-01-19 07:00:00,1.9623,1.9636,1.9535,1.9632
1768809600,2026-01-19 08:00:00,1.9632,1.9829,1.9591,1.9805
1768813200,2026-01-19 09:00:00,1.9805,1.9825,1.9742,1.982
1768816800,2026-01-19 10:00:00,1.982,1.984,1.9717,1.9824
1768820400,2026-01-19 11:00:00,1.9824,1.983,1.97,1.9729
1768824000,2026-01-19 12:00:00,1.9729,1.9771,1.9671,1.9736
1768827600,2026-01-19 13:00:00,1.9735,1.9741,1.9647,1.974
1768831200,2026-01-19 14:00:00,1.974,1.9853,1.9686,1.9793
1768834800,2026-01-19 15:00:00,1.9793,1.984,1.9773,1.9816
1768838400,2026-01-19 16:00:00,1.9815,2.0299,1.9805,2.022
1768842000,2026-01-19 17:00:00,2.0221,2.0255,2.0082,2.0185
1768845600,2026-01-19 18:00:00,2.0185,2.0256,2.0089,2.0109
1768849200,2026-01-19 19:00:00,2.0109,2.0184,2.0074,2.0137
1768852800,2026-01-19 20:00:00,2.0137,2.0173,2.0011,2.0022
1768856400,2026-01-19 21:00:00,2.0022,2.0082,1.9963,1.9982
1768860000,2026-01-19 22:00:00,1.9982,2.0001,1.9794,1.98
1768863600,2026-01-19 23:00:00,1.98,1.9957,1.9794,1.986
1768867200,2026-01-20 00:00:00,1.9861,1.9909,1.9819,1.987
1768870800,2026-01-20 01:00:00,1.987,1.987,1.9705,1.9722
1768874400,2026-01-20 02:00:00,1.9722,1.9725,1.962,1.9696
1768878000,2026-01-20 03:00:00,1.9696,1.9705,1.9554,1.9625
1768881600,2026-01-20 04:00:00,1.9624,1.9738,1.9598,1.9654
1768885200,2026-01-20 05:00:00,1.9655,1.969,1.954,1.9666
1768888800,2026-01-20 06:00:00,1.9665,1.9666,1.9419,1.9484
1768892400,2026-01-20 07:00:00,1.9485,1.9566,1.9457,1.9493
1768896000,2026-01-20 08:00:00,1.9493,1.9539,1.9191,1.9279
1768899600,2026-01-20 09:00:00,1.9279,1.9308,1.9214,1.9254
1768903200,2026-01-20 10:00:00,1.9254,1.9329,1.9249,1.9299
1768906800,2026-01-20 11:00:00,1.93,1.9408,1.9287,1.9291
1768910400,2026-01-20 12:00:00,1.9291,1.937,1.9282,1.9352
1768914000,2026-01-20 13:00:00,1.9352,1.9352,1.9151,1.9169
1768917600,2026-01-20 14:00:00,1.9168,1.9396,1.9145,1.9251
1768921200,2026-01-20 15:00:00,1.925,1.9331,1.9091,1.9174
1768924800,2026-01-20 16:00:00,1.9174,1.9276,1.9015,1.9107
1768928400,2026-01-20 17:00:00,1.9106,1.9207,1.8975,1.9024
1768932000,2026-01-20 18:00:00,1.9024,1.9087,1.8943,1.8985
1768935600,2026-01-20 19:00:00,1.8986,1.9079,1.8941,1.9024
1768939200,2026-01-20 20:00:00,1.9023,1.9117,1.8983,1.9059
1768942800,2026-01-20 21:00:00,1.9059,1.9069,1.884,1.8892
1768946400,2026-01-20 22:00:00,1.8891,1.9012,1.87,1.8903
1768950000,2026-01-20 23:00:00,1.8903,1.894,1.8842,1.89
1768953600,2026-01-21 00:00:00,1.89,1.9159,1.8889,1.9138
1768957200,2026-01-21 01:00:00,1.9138,1.9179,1.8982,1.8984
1768960800,2026-01-21 02:00:00,1.8984,1.9065,1.8919,1.897
1768964400,2026-01-21 03:00:00,1.897,1.9084,1.8966,1.9029
1768968000,2026-01-21 04:00:00,1.903,1.9096,1.9009,1.9077
1768971600,2026-01-21 05:00:00,1.9078,1.9268,1.9059,1.9213
1768975200,2026-01-21 06:00:00,1.9213,1.923,1.9135,1.9153
1768978800,2026-01-21 07:00:00,1.9152,1.9219,1.9068,1.91
1768982400,2026-01-21 08:00:00,1.9101,1.9115,1.8978,1.9025
1768986000,2026-01-21 09:00:00,1.9025,1.9142,1.9002,1.9116
1768989600,2026-01-21 10:00:00,1.9117,1.9156,1.9028,1.903
1768993200,2026-01-21 11:00:00,1.903,1.9055,1.8873,1.8897
1768996800,2026-01-21 12:00:00,1.8897,1.8981,1.8798,1.8971
1769000400,2026-01-21 13:00:00,1.897,1.9056,1.891,1.8969
1769004000,2026-01-21 14:00:00,1.8968,1.9449,1.8906,1.943
1769007600,2026-01-21 15:00:00,1.9429,1.9609,1.9349,1.9579
1769011200,2026-01-21 16:00:00,1.958,1.959,1.8772,1.8791
1769014800,2026-01-21 17:00:00,1.8791,1.898,1.8712,1.8914
1769018400,2026-01-21 18:00:00,1.8913,1.9147,1.8829,1.9055
1769022000,2026-01-21 19:00:00,1.9056,1.9844,1.8989,1.9734
1769025600,2026-01-21 20:00:00,1.9734,1.9735,1.9472,1.9729
1769029200,2026-01-21 21:00:00,1.9729,1.9865,1.9667,1.9746
1769032800,2026-01-21 22:00:00,1.9746,1.9907,1.9655,1.9655
1769036400,2026-01-21 23:00:00,1.9656,1.9681,1.9393,1.9476
1769040000,2026-01-22 00:00:00,1.9475,1.9609,1.9473,1.9551
1769043600,2026-01-22 01:00:00,1.955,1.9679,1.9519,1.9586
1769047200,2026-01-22 02:00:00,1.9585,1.9611,1.9441,1.9453
1769050800,2026-01-22 03:00:00,1.9454,1.9553,1.942,1.9475
1769054400,2026-01-22 04:00:00,1.9475,1.9548,1.9473,1.953
1769058000,2026-01-22 05:00:00,1.9531,1.955,1.9463,1.9532
1769061600,2026-01-22 06:00:00,1.9532,1.9598,1.9483,1.9556
1769065200,2026-01-22 07:00:00,1.9557,1.9564,1.9465,1.9477
1769068800,2026-01-22 08:00:00,1.9477,1.9595,1.9468,1.959
1769072400,2026-01-22 09:00:00,1.9589,1.9646,1.9562,1.9646
1769076000,2026-01-22 10:00:00,1.9646,1.9647,1.9532,1.9562
1769079600,2026-01-22 11:00:00,1.9561,1.9569,1.9425,1.9439
1769083200,2026-01-22 12:00:00,1.944,1.9497,1.9413,1.9418
1769086800,2026-01-22 13:00:00,1.9417,1.9472,1.9263,1.9302
1769090400,2026-01-22 14:00:00,1.9302,1.933,1.915,1.9152
1769094000,2026-01-22 15:00:00,1.9152,1.9238,1.9016,1.9146
1769097600,2026-01-22 16:00:00,1.9145,1.9291,1.905,1.9231
1769101200,2026-01-22 17:00:00,1.923,1.9301,1.9127,1.9291
1769104800,2026-01-22 18:00:00,1.9291,1.9333,1.9206,1.9224
1769108400,2026-01-22 19:00:00,1.9223,1.9358,1.9177,1.9327
1769112000,2026-01-22 20:00:00,1.9326,1.9338,1.919,1.9237
1769115600,2026-01-22 21:00:00,1.9238,1.932,1.9203,1.9254
1769119200,2026-01-22 22:00:00,1.9255,1.9322,1.923,1.9244
1769122800,2026-01-22 23:00:00,1.9244,1.9258,1.9161,1.9236
1769126400,2026-01-23 00:00:00,1.9237,1.9265,1.9165,1.918
1769130000,2026-01-23 01:00:00,1.918,1.9244,1.9166,1.9217
1769133600,2026-01-23 02:00:00,1.9217,1.9232,1.9091,1.9093
1769137200,2026-01-23 03:00:00,1.9094,1.9181,1.9093,1.916
1769140800,2026-01-23 04:00:00,1.9159,1.9257,1.9136,1.9202
1769144400,2026-01-23 05:00:00,1.9201,1.9209,1.9078,1.9107
1769148000,2026-01-23 06:00:00,1.9108,1.9168,1.9033,1.9114
1769151600,2026-01-23 07:00:00,1.9114,1.9159,1.909,1.915
1769155200,2026-01-23 08:00:00,1.915,1.9157,1.9022,1.9056
1769158800,2026-01-23 09:00:00,1.9056,1.9121,1.9017,1.9074
1769162400,2026-01-23 10:00:00,1.9075,1.9129,1.907,1.9077
1769166000,2026-01-23 11:00:00,1.9077,1.9147,1.9067,1.9142
1769169600,2026-01-23 12:00:00,1.9142,1.9142,1.9088,1.91
1769173200,2026-01-23 13:00:00,1.9099,1.9124,1.904,1.905
1769176800,2026-01-23 14:00:00,1.9049,1.909,1.8873,1.8966
1769180400,2026-01-23 15:00:00,1.8966,1.9229,1.8892,1.9215
1769184000,2026-01-23 16:00:00,1.9216,1.9507,1.9204,1.9365
1769187600,2026-01-23 17:00:00,1.9364,1.9656,1.9271,1.9474
1769191200,2026-01-23 18:00:00,1.9474,1.9607,1.9419,1.9445
1769194800,2026-01-23 19:00:00,1.9445,1.9445,1.9207,1.9232
1769198400,2026-01-23 20:00:00,1.9233,1.9279,1.9077,1.9163
1769202000,2026-01-23 21:00:00,1.9162,1.9268,1.9137,1.9183
1769205600,2026-01-23 22:00:00,1.9182,1.932,1.9176,1.9257
1769209200,2026-01-23 23:00:00,1.9257,1.9257,1.919,1.9196
1769212800,2026-01-24 00:00:00,1.9197,1.9235,1.9181,1.9191
1769216400,2026-01-24 01:00:00,1.9191,1.9219,1.9161,1.9204
1769220000,2026-01-24 02:00:00,1.9205,1.9268,1.9202,1.9239
1769223600,2026-01-24 03:00:00,1.9239,1.9272,1.9217,1.9234
1769227200,2026-01-24 04:00:00,1.9235,1.9276,1.9229,1.9254
1769230800,2026-01-24 05:00:00,1.9253,1.9254,1.9201,1.9219
1769234400,2026-01-24 06:00:00,1.9219,1.9223,1.918,1.9188
1769238000,2026-01-24 07:00:00,1.9188,1.92,1.917,1.919
1769241600,2026-01-24 08:00:00,1.919,1.9214,1.9178,1.9194
1769245200,2026-01-24 09:00:00,1.9193,1.9198,1.9147,1.9183
1769248800,2026-01-24 10:00:00,1.9183,1.9183,1.9152,1.9176
1769252400,2026-01-24 11:00:00,1.9175,1.9203,1.917,1.917
1769256000,2026-01-24 12:00:00,1.9171,1.9225,1.9154,1.9198
1769259600,2026-01-24 13:00:00,1.9198,1.9242,1.9188,1.9189
1769263200,2026-01-24 14:00:00,1.9188,1.9218,1.917,1.9193
1769266800,2026-01-24 15:00:00,1.9193,1.9215,1.9124,1.9128
1769270400,2026-01-24 16:00:00,1.9128,1.917,1.91,1.9149
1769274000,2026-01-24 17:00:00,1.9149,1.919,1.9132,1.917
1769277600,2026-01-24 18:00:00,1.917,1.921,1.9166,1.9209
1769281200,2026-01-24 19:00:00,1.921,1.921,1.915,1.9168
1769284800,2026-01-24 20:00:00,1.9167,1.919,1.9166,1.9177
1769288400,2026-01-24 21:00:00,1.9176,1.918,1.9143,1.9175
1769292000,2026-01-24 22:00:00,1.9175,1.9233,1.9175,1.9218
1769295600,2026-01-24 23:00:00,1.9219,1.9222,1.9141,1.9143
1769299200,2026-01-25 00:00:00,1.9143,1.9168,1.9111,1.9148
1769302800,2026-01-25 01:00:00,1.9148,1.9149,1.9038,1.9061
1769306400,2026-01-25 02:00:00,1.9061,1.9099,1.9054,1.9069
1769310000,2026-01-25 03:00:00,1.9069,1.9078,1.8983,1.9006
1769313600,2026-01-25 04:00:00,1.9007,1.9039,1.8989,1.9013
1769317200,2026-01-25 05:00:00,1.9013,1.902,1.8971,1.9019
1769320800,2026-01-25 06:00:00,1.902,1.902,1.8954,1.8982
1769324400,2026-01-25 07:00:00,1.8983,1.8994,1.894,1.8948
1769328000,2026-01-25 08:00:00,1.8948,1.8997,1.8898,1.8907
1769331600,2026-01-25 09:00:00,1.8908,1.8974,1.8869,1.8936
1769335200,2026-01-25 10:00:00,1.8936,1.9125,1.8933,1.9075
1769338800,2026-01-25 11:00:00,1.9075,1.911,1.9,1.9022
1769342400,2026-01-25 12:00:00,1.9022,1.9032,1.8972,1.9006
1769346000,2026-01-25 13:00:00,1.9007,1.9032,1.8941,1.9022
1769349600,2026-01-25 14:00:00,1.9021,1.9024,1.8842,1.8874
1769353200,2026-01-25 15:00:00,1.8874,1.8936,1.8845,1.8878
1769356800,2026-01-25 16:00:00,1.8879,1.8879,1.8458,1.854
1769360400,2026-01-25 17:00:00,1.854,1.8624,1.8366,1.8465
1769364000,2026-01-25 18:00:00,1.8466,1.8503,1.8257,1.8362
1769367600,2026-01-25 19:00:00,1.8361,1.8415,1.8111,1.8182
1769371200,2026-01-25 20:00:00,1.8182,1.8269,1.813,1.824
1769374800,2026-01-25 21:00:00,1.824,1.841,1.8239,1.8398
1769378400,2026-01-25 22:00:00,1.8399,1.8405,1.8186,1.8299
1769382000,2026-01-25 23:00:00,1.83,1.839,1.8236,1.8356
1769385600,2026-01-26 00:00:00,1.8356,1.8541,1.8331,1.8528
1769389200,2026-01-26 01:00:00,1.8528,1.8887,1.8525,1.8842
1769392800,2026-01-26 02:00:00,1.8843,1.8858,1.8721,1.8762
1769396400,2026-01-26 03:00:00,1.8763,1.8828,1.8652,1.8695
1769400000,2026-01-26 04:00:00,1.8696,1.8948,1.8696,1.8789
1769403600,2026-01-26 05:00:00,1.8789,1.8825,1.8756,1.8811
1769407200,2026-01-26 06:00:00,1.881,1.886,1.8746,1.8803
1769410800,2026-01-26 07:00:00,1.8802,1.886,1.8758,1.8818
1769414400,2026-01-26 08:00:00,1.8817,1.8971,1.88,1.8892
1769418000,2026-01-26 09:00:00,1.8893,1.8904,1.8765,1.8797
1769421600,2026-01-26 10:00:00,1.8796,1.8907,1.8793,1.8868
1769425200,2026-01-26 11:00:00,1.8869,1.8948,1.8869,1.8915
1769428800,2026-01-26 12:00:00,1.8916,1.902,1.8915,1.8992
1769432400,2026-01-26 13:00:00,1.8993,1.9168,1.8981,1.9062
1769436000,2026-01-26 14:00:00,1.9062,1.9288,1.9012,1.92
1769439600,2026-01-26 15:00:00,1.9199,1.946,1.9135,1.9255
1769443200,2026-01-26 16:00:00,1.9255,1.9385,1.9178,1.9189
1769446800,2026-01-26 17:00:00,1.9189,1.9218,1.8986,1.9117
1769450400,2026-01-26 18:00:00,1.9116,1.9273,1.9073,1.9181
1769454000,2026-01-26 19:00:00,1.9181,1.9231,1.9038,1.9077
1769457600,2026-01-26 20:00:00,1.9076,1.9096,1.8912,1.8922
1769461200,2026-01-26 21:00:00,1.8921,1.9072,1.889,1.8992
1769464800,2026-01-26 22:00:00,1.8993,1.9039,1.8947,1.8996
1769468400,2026-01-26 23:00:00,1.8996,1.913,1.8954,1.9041
1769472000,2026-01-27 00:00:00,1.9042,1.905,1.8983,1.9037
1769475600,2026-01-27 01:00:00,1.9036,1.9109,1.8976,1.9063
1769479200,2026-01-27 02:00:00,1.9064,1.9165,1.905,1.9149
1769482800,2026-01-27 03:00:00,1.9148,1.9169,1.908,1.9097
1769486400,2026-01-27 04:00:00,1.9097,1.9179,1.9068,1.9089
1769490000,2026-01-27 05:00:00,1.9089,1.9093,1.9007,1.9022
1769493600,2026-01-27 06:00:00,1.9022,1.903,1.8947,1.8981
1769497200,2026-01-27 07:00:00,1.8982,1.9009,1.8971,1.8996
1769500800,2026-01-27 08:00:00,1.8995,1.9028,1.8931,1.895
1769504400,2026-01-27 09:00:00,1.8949,1.8949,1.8825,1.8833
1769508000,2026-01-27 10:00:00,1.8832,1.8895,1.8829,1.885
1769511600,2026-01-27 11:00:00,1.885,1.8926,1.8818,1.8889
1769515200,2026-01-27 12:00:00,1.8889,1.893,1.8843,1.885
1769518800,2026-01-27 13:00:00,1.885,1.8869,1.8741,1.8766
1769522400,2026-01-27 14:00:00,1.8767,1.8967,1.8757,1.8836
1769526000,2026-01-27 15:00:00,1.8837,1.8961,1.8795,1.8932
1769529600,2026-01-27 16:00:00,1.8933,1.9162,1.8926,1.9141
1769533200,2026-01-27 17:00:00,1.9141,1.9148,1.8768,1.8809
1769536800,2026-01-27 18:00:00,1.8809,1.9127,1.8785,1.9066
1769540400,2026-01-27 19:00:00,1.9067,1.9109,1.8985,1.9069
1769544000,2026-01-27 20:00:00,1.9069,1.9292,1.9058,1.9228
1769547600,2026-01-27 21:00:00,1.9228,1.9295,1.9111,1.9122
1769551200,2026-01-27 22:00:00,1.9121,1.9255,1.9115,1.9185
1769554800,2026-01-27 23:00:00,1.9186,1.9218,1.915,1.9158
1769558400,2026-01-28 00:00:00,1.9157,1.9193,1.909,1.9118
1769562000,2026-01-28 01:00:00,1.9119,1.9128,1.8975,1.9028
1769565600,2026-01-28 02:00:00,1.9028,1.905,1.8944,1.9023
1769569200,2026-01-28 03:00:00,1.9023,1.904,1.8978,1.902
1769572800,2026-01-28 04:00:00,1.902,1.9045,1.8967,1.9018
1769576400,2026-01-28 05:00:00,1.9018,1.9126,1.8997,1.9122
1769580000,2026-01-28 06:00:00,1.9122,1.9249,1.9122,1.9211
1769583600,2026-01-28 07:00:00,1.9212,1.9237,1.9142,1.916
1769587200,2026-01-28 08:00:00,1.9159,1.9188,1.9085,1.9094
1769590800,2026-01-28 09:00:00,1.9094,1.9327,1.9061,1.9322
1769594400,2026-01-28 10:00:00,1.9321,1.9366,1.9263,1.9273
1769598000,2026-01-28 11:00:00,1.9273,1.9427,1.923,1.9415
1769601600,2026-01-28 12:00:00,1.9414,1.9422,1.924,1.9262
1769605200,2026-01-28 13:00:00,1.9263,1.9378,1.9254,1.9334
1769608800,2026-01-28 14:00:00,1.9334,1.9334,1.9155,1.9196
1769612400,2026-01-28 15:00:00,1.9195,1.9241,1.9016,1.9077
1769616000,2026-01-28 16:00:00,1.9077,1.9157,1.9009,1.9078
1769619600,2026-01-28 17:00:00,1.9079,1.928,1.9005,1.9213
1769623200,2026-01-28 18:00:00,1.9214,1.9219,1.9118,1.916
1769626800,2026-01-28 19:00:00,1.9161,1.9244,1.9066,1.9194
1769630400,2026-01-28 20:00:00,1.9195,1.9325,1.9151,1.9179
1769634000,2026-01-28 21:00:00,1.918,1.922,1.9073,1.9147
1769637600,2026-01-28 22:00:00,1.9148,1.9194,1.9092,1.9185
1769641200,2026-01-28 23:00:00,1.9184,1.9197,1.908,1.9111
1769644800,2026-01-29 00:00:00,1.9112,1.9134,1.9001,1.9067
1769648400,2026-01-29 01:00:00,1.9068,1.908,1.8904,1.8923
1769652000,2026-01-29 02:00:00,1.8922,1.8966,1.8702,1.8744
1769655600,2026-01-29 03:00:00,1.8745,1.8844,1.8714,1.8761
1769659200,2026-01-29 04:00:00,1.876,1.8803,1.8654,1.8789
1769662800,2026-01-29 05:00:00,1.8789,1.8844,1.8781,1.8788
1769666400,2026-01-29 06:00:00,1.8788,1.8897,1.8784,1.8859
1769670000,2026-01-29 07:00:00,1.886,1.8891,1.8841,1.8857
1769673600,2026-01-29 08:00:00,1.8856,1.89,1.8763,1.8795
1769677200,2026-01-29 09:00:00,1.8795,1.8804,1.8728,1.8736
1769680800,2026-01-29 10:00:00,1.8737,1.8768,1.8706,1.8743
1769684400,2026-01-29 11:00:00,1.8744,1.875,1.8673,1.871
1769688000,2026-01-29 12:00:00,1.8711,1.8744,1.8657,1.8731
1769691600,2026-01-29 13:00:00,1.8731,1.8771,1.8729,1.8758
1769695200,2026-01-29 14:00:00,1.8758,1.8779,1.8251,1.8266
1769698800,2026-01-29 15:00:00,1.8267,1.8305,1.7865,1.8017
1769702400,2026-01-29 16:00:00,1.8018,1.819,1.7926,1.8163
1769706000,2026-01-29 17:00:00,1.8163,1.8432,1.8129,1.8131
1769709600,2026-01-29 18:00:00,1.8132,1.8195,1.7842,1.785
1769713200,2026-01-29 19:00:00,1.785,1.7981,1.778,1.7895
1769716800,2026-01-29 20:00:00,1.7895,1.8089,1.786,1.8025
1769720400,2026-01-29 21:00:00,1.8025,1.8077,1.7964,1.8057
1769724000,2026-01-29 22:00:00,1.8057,1.8136,1.8035,1.8103
1769727600,2026-01-29 23:00:00,1.8102,1.811,1.7985,1.8076
1769731200,2026-01-30 00:00:00,1.8077,1.8131,1.7978,1.7984
1769734800,2026-01-30 01:00:00,1.7984,1.805,1.7107,1.7565
1769738400,2026-01-30 02:00:00,1.7564,1.7621,1.726,1.748
1769742000,2026-01-30 03:00:00,1.748,1.7616,1.7408,1.7477
1769745600,2026-01-30 04:00:00,1.7477,1.7727,1.7474,1.7633
1769749200,2026-01-30 05:00:00,1.7634,1.77,1.7577,1.7638
1769752800,2026-01-30 06:00:00,1.7637,1.7644,1.7304,1.7398
1769756400,2026-01-30 07:00:00,1.7398,1.7622,1.7385,1.7588
1769760000,2026-01-30 08:00:00,1.7589,1.7637,1.7437,1.7496
1769763600,2026-01-30 09:00:00,1.7497,1.7546,1.7336,1.7405
1769767200,2026-01-30 10:00:00,1.7404,1.7521,1.7377,1.7502
1769770800,2026-01-30 11:00:00,1.7503,1.7747,1.748,1.7698
1769774400,2026-01-30 12:00:00,1.7698,1.775,1.759,1.7617
1769778000,2026-01-30 13:00:00,1.7616,1.7645,1.7447,1.7526
1769781600,2026-01-30 14:00:00,1.7526,1.7783,1.7526,1.7618
1769785200,2026-01-30 15:00:00,1.7619,1.7818,1.7401,1.7583
1769788800,2026-01-30 16:00:00,1.7583,1.7752,1.7475,1.7627
1769792400,2026-01-30 17:00:00,1.7627,1.7738,1.7496,1.7531
1769796000,2026-01-30 18:00:00,1.7532,1.7809,1.7113,1.7731
1769799600,2026-01-30 19:00:00,1.7731,1.7847,1.7675,1.7712
1769803200,2026-01-30 20:00:00,1.7713,1.7716,1.7338,1.7393
1769806800,2026-01-30 21:00:00,1.7393,1.7514,1.7244,1.7287
1769810400,2026-01-30 22:00:00,1.7288,1.7369,1.7179,1.7291
1769814000,2026-01-30 23:00:00,1.7292,1.7372,1.7229,1.7352
1769817600,2026-01-31 00:00:00,1.7353,1.7412,1.7331,1.737
1769821200,2026-01-31 01:00:00,1.737,1.7477,1.7354,1.7469
1769824800,2026-01-31 02:00:00,1.747,1.7547,1.7342,1.7496
1769828400,2026-01-31 03:00:00,1.7496,1.7524,1.7425,1.7448
1769832000,2026-01-31 04:00:00,1.7448,1.7484,1.736,1.7381
1769835600,2026-01-31 05:00:00,1.7381,1.7391,1.7307,1.7379
1769839200,2026-01-31 06:00:00,1.738,1.7395,1.722,1.7293
1769842800,2026-01-31 07:00:00,1.7293,1.7337,1.7126,1.7195
1769846400,2026-01-31 08:00:00,1.7195,1.7224,1.6802,1.6949
1769850000,2026-01-31 09:00:00,1.6949,1.707,1.6909,1.7004
1769853600,2026-01-31 10:00:00,1.7005,1.7119,1.6952,1.707
1769857200,2026-01-31 11:00:00,1.7071,1.7071,1.6988,1.7021
1769860800,2026-01-31 12:00:00,1.7022,1.7022,1.6862,1.69
1769864400,2026-01-31 13:00:00,1.6901,1.691,1.6724,1.6766
1769868000,2026-01-31 14:00:00,1.6765,1.681,1.6129,1.641
1769871600,2026-01-31 15:00:00,1.6409,1.66,1.633,1.6352
1769875200,2026-01-31 16:00:00,1.6352,1.6497,1.6033,1.6104
1769878800,2026-01-31 17:00:00,1.6104,1.6163,1.5173,1.5679
1769882400,2026-01-31 18:00:00,1.5679,1.6047,1.5028,1.585
1769886000,2026-01-31 19:00:00,1.585,1.6103,1.5745,1.5827
1769889600,2026-01-31 20:00:00,1.5827,1.6009,1.5715,1.5937
1769893200,2026-01-31 21:00:00,1.5937,1.6269,1.5876,1.6209
1769896800,2026-01-31 22:00:00,1.6209,1.6221,1.6033,1.6145
1769900400,2026-01-31 23:00:00,1.6145,1.6544,1.6134,1.6472
1769904000,2026-02-01 00:00:00,1.6472,1.6762,1.6436,1.6642
1769907600,2026-02-01 01:00:00,1.6642,1.6667,1.6449,1.6608
1769911200,2026-02-01 02:00:00,1.6609,1.6805,1.6578,1.6706
1769914800,2026-02-01 03:00:00,1.6707,1.6738,1.6591,1.667
1769918400,2026-02-01 04:00:00,1.6669,1.674,1.6616,1.6658
1769922000,2026-02-01 05:00:00,1.6659,1.6703,1.6553,1.6588
1769925600,2026-02-01 06:00:00,1.6588,1.6733,1.6533,1.657
1769929200,2026-02-01 07:00:00,1.657,1.6717,1.6474,1.6591
1769932800,2026-02-01 08:00:00,1.6591,1.6782,1.6582,1.6637
1769936400,2026-02-01 09:00:00,1.6636,1.6697,1.6534,1.6673
1769940000,2026-02-01 10:00:00,1.6672,1.6688,1.6322,1.633
1769943600,2026-02-01 11:00:00,1.6329,1.6542,1.6325,1.6499
1769947200,2026-02-01 12:00:00,1.6499,1.6503,1.6326,1.6402
1769950800,2026-02-01 13:00:00,1.6402,1.6525,1.6259,1.6296
1769954400,2026-02-01 14:00:00,1.6296,1.6336,1.5985,1.6166
1769958000,2026-02-01 15:00:00,1.6166,1.6184,1.576,1.5949
1769961600,2026-02-01 16:00:00,1.595,1.6097,1.5821,1.5929
1769965200,2026-02-01 17:00:00,1.5928,1.6026,1.5865,1.6021
1769968800,2026-02-01 18:00:00,1.6021,1.6267,1.6016,1.6157
1769972400,2026-02-01 19:00:00,1.6156,1.6191,1.5914,1.6
1769976000,2026-02-01 20:00:00,1.5999,1.6144,1.5802,1.5993
1769979600,2026-02-01 21:00:00,1.5992,1.6002,1.5823,1.5905
1769983200,2026-02-01 22:00:00,1.5905,1.6144,1.5866,1.6004
1769986800,2026-02-01 23:00:00,1.6003,1.6133,1.5526,1.5908
1769990400,2026-02-02 00:00:00,1.5908,1.6188,1.5786,1.6047
1769994000,2026-02-02 01:00:00,1.6047,1.6161,1.5816,1.602
1769997600,2026-02-02 02:00:00,1.6019,1.6105,1.5865,1.5908
1770001200,2026-02-02 03:00:00,1.5909,1.5922,1.5307,1.5809
1770004800,2026-02-02 04:00:00,1.5809,1.6001,1.5574,1.5766
1770008400,2026-02-02 05:00:00,1.5765,1.5775,1.5338,1.5497
1770012000,2026-02-02 06:00:00,1.5496,1.5966,1.5311,1.5806
1770015600,2026-02-02 07:00:00,1.5806,1.5967,1.5751,1.5796
1770019200,2026-02-02 08:00:00,1.5795,1.6006,1.5794,1.59
1770022800,2026-02-02 09:00:00,1.5901,1.6145,1.5875,1.609
1770026400,2026-02-02 10:00:00,1.609,1.615,1.6048,1.6117
1770030000,2026-02-02 11:00:00,1.6117,1.6274,1.6117,1.6216
1770033600,2026-02-02 12:00:00,1.6215,1.6554,1.6213,1.646
1770037200,2026-02-02 13:00:00,1.6461,1.6522,1.6365,1.6391
1770040800,2026-02-02 14:00:00,1.6391,1.6484,1.6228,1.6297
1770044400,2026-02-02 15:00:00,1.6297,1.6544,1.6262,1.6424
1770048000,2026-02-02 16:00:00,1.6424,1.6571,1.6371,1.6443
1770051600,2026-02-02 17:00:00,1.6443,1.6527,1.6374,1.6422
1770055200,2026-02-02 18:00:00,1.6421,1.6502,1.6339,1.6418
1770058800,2026-02-02 19:00:00,1.6418,1.6425,1.6252,1.6256
1770062400,2026-02-02 20:00:00,1.6256,1.6329,1.6126,1.6146
1770066000,2026-02-02 21:00:00,1.6145,1.6266,1.6136,1.6233
1770069600,2026-02-02 22:00:00,1.6233,1.6338,1.6218,1.6261
1770073200,2026-02-02 23:00:00,1.6261,1.6273,1.6179,1.6198
1770076800,2026-02-03 00:00:00,1.6199,1.6223,1.6075,1.6185
1770080400,2026-02-03 01:00:00,1.6185,1.6185,1.6071,1.6173
1770084000,2026-02-03 02:00:00,1.6173,1.618,1.5906,1.5924
1770087600,2026-02-03 03:00:00,1.5924,1.6152,1.5879,1.6134
1770091200,2026-02-03 04:00:00,1.6134,1.6248,1.6092,1.622
1770094800,2026-02-03 05:00:00,1.622,1.623,1.607,1.6079
1770098400,2026-02-03 06:00:00,1.608,1.6133,1.599,1.6124
1770102000,2026-02-03 07:00:00,1.6124,1.6241,1.6076,1.6174
1770105600,2026-02-03 08:00:00,1.6175,1.6257,1.6123,1.6164
1770109200,2026-02-03 09:00:00,1.6164,1.6225,1.5955,1.6036
1770112800,2026-02-03 10:00:00,1.6037,1.6084,1.5975,1.5999
1770116400,2026-02-03 11:00:00,1.6,1.6077,1.5978,1.6031
1770120000,2026-02-03 12:00:00,1.6031,1.6109,1.5985,1.6083
1770123600,2026-02-03 13:00:00,1.6083,1.6166,1.6037,1.6128
1770127200,2026-02-03 14:00:00,1.6128,1.6168,1.5828,1.5833
1770130800,2026-02-03 15:00:00,1.5832,1.6216,1.5792,1.6184
1770134400,2026-02-03 16:00:00,1.6184,1.6184,1.5822,1.586
1770138000,2026-02-03 17:00:00,1.586,1.5897,1.5572,1.5584
1770141600,2026-02-03 18:00:00,1.5584,1.5645,1.5298,1.5314
1770145200,2026-02-03 19:00:00,1.5313,1.5905,1.5274,1.5814
1770148800,2026-02-03 20:00:00,1.5813,1.6339,1.5665,1.6185
1770152400,2026-02-03 21:00:00,1.6184,1.6293,1.601,1.6024
1770156000,2026-02-03 22:00:00,1.6025,1.6042,1.5822,1.5882
1770159600,2026-02-03 23:00:00,1.5882,1.589,1.5691,1.5791
1770163200,2026-02-04 00:00:00,1.579,1.5858,1.5662,1.5756
1770166800,2026-02-04 01:00:00,1.5757,1.6012,1.5757,1.5921
1770170400,2026-02-04 02:00:00,1.5921,1.5951,1.5757,1.5854
1770174000,2026-02-04 03:00:00,1.5855,1.6052,1.5826,1.5992
1770177600,2026-02-04 04:00:00,1.5993,1.6036,1.5927,1.5947
1770181200,2026-02-04 05:00:00,1.5947,1.5961,1.5826,1.5862
1770184800,2026-02-04 06:00:00,1.5863,1.605,1.5852,1.6012
1770188400,2026-02-04 07:00:00,1.6012,1.609,1.5971,1.6053
1770192000,2026-02-04 08:00:00,1.6053,1.6122,1.6,1.6098
1770195600,2026-02-04 09:00:00,1.6098,1.6098,1.597,1.5986
1770199200,2026-02-04 10:00:00,1.5987,1.6037,1.5952,1.5957
1770202800,2026-02-04 11:00:00,1.5957,1.5996,1.5789,1.5924
1770206400,2026-02-04 12:00:00,1.5924,1.598,1.5884,1.5915
1770210000,2026-02-04 13:00:00,1.5914,1.5921,1.565,1.565
1770213600,2026-02-04 14:00:00,1.5649,1.5754,1.5428,1.5451
1770217200,2026-02-04 15:00:00,1.5452,1.5648,1.53,1.5439
1770220800,2026-02-04 16:00:00,1.544,1.55,1.5191,1.5315
1770224400,2026-02-04 17:00:00,1.5314,1.5392,1.5056,1.5223
1770228000,2026-02-04 18:00:00,1.5222,1.5553,1.5044,1.5348
1770231600,2026-02-04 19:00:00,1.5348,1.557,1.5257,1.5547
1770235200,2026-02-04 20:00:00,1.5547,1.5565,1.5352,1.5368
1770238800,2026-02-04 21:00:00,1.5369,1.5398,1.5067,1.5177
1770242400,2026-02-04 22:00:00,1.5178,1.5447,1.4948,1.5107
1770246000,2026-02-04 23:00:00,1.5108,1.527,1.5059,1.512
1770249600,2026-02-05 00:00:00,1.512,1.5154,1.4889,1.4909
1770253200,2026-02-05 01:00:00,1.491,1.5026,1.4603,1.4748
1770256800,2026-02-05 02:00:00,1.4748,1.4852,1.4505,1.453
1770260400,2026-02-05 03:00:00,1.4529,1.4669,1.4392,1.4432
1770264000,2026-02-05 04:00:00,1.4432,1.4582,1.4361,1.4456
1770267600,2026-02-05 05:00:00,1.4457,1.4582,1.4302,1.4415
1770271200,2026-02-05 06:00:00,1.4415,1.4437,1.4179,1.4263
1770274800,2026-02-05 07:00:00,1.4263,1.4498,1.4248,1.4323
1770278400,2026-02-05 08:00:00,1.4324,1.4431,1.4257,1.4279
1770282000,2026-02-05 09:00:00,1.4279,1.4449,1.4123,1.414
1770285600,2026-02-05 10:00:00,1.4139,1.4153,1.3558,1.3671
1770289200,2026-02-05 11:00:00,1.3671,1.3829,1.3422,1.3653
1770292800,2026-02-05 12:00:00,1.3653,1.3777,1.354,1.3654
1770296400,2026-02-05 13:00:00,1.3654,1.3696,1.342,1.3528
1770300000,2026-02-05 14:00:00,1.3528,1.3868,1.3525,1.3574
1770303600,2026-02-05 15:00:00,1.3573,1.3644,1.2686,1.2967
1770307200,2026-02-05 16:00:00,1.2967,1.3121,1.2714,1.2803
1770310800,2026-02-05 17:00:00,1.2803,1.284,1.2172,1.2503
1770314400,2026-02-05 18:00:00,1.2502,1.2671,1.2163,1.2612
1770318000,2026-02-05 19:00:00,1.2612,1.2634,1.2054,1.2135
1770321600,2026-02-05 20:00:00,1.2134,1.2243,1.1371,1.1905
1770325200,2026-02-05 21:00:00,1.1905,1.2081,1.1506,1.1625
1770328800,2026-02-05 22:00:00,1.1624,1.2368,1.1479,1.2255
1770332400,2026-02-05 23:00:00,1.2254,1.267,1.2085,1.2146
1770336000,2026-02-06 00:00:00,1.2145,1.2354,1.1172,1.2174
1770339600,2026-02-06 01:00:00,1.2174,1.2941,1.2144,1.2802
1770343200,2026-02-06 02:00:00,1.2803,1.2863,1.243,1.2615
1770346800,2026-02-06 03:00:00,1.2616,1.2772,1.256,1.2698
1770350400,2026-02-06 04:00:00,1.2698,1.2913,1.263,1.2808
1770354000,2026-02-06 05:00:00,1.2808,1.3315,1.2781,1.33
1770357600,2026-02-06 06:00:00,1.33,1.3354,1.3013,1.3035
1770361200,2026-02-06 07:00:00,1.3035,1.3135,1.2883,1.2924
1770364800,2026-02-06 08:00:00,1.2924,1.3093,1.2851,1.3027
1770368400,2026-02-06 09:00:00,1.3027,1.331,1.2927,1.3297
1770372000,2026-02-06 10:00:00,1.3298,1.3881,1.3278,1.3588
1770375600,2026-02-06 11:00:00,1.3588,1.3715,1.3512,1.3684
1770379200,2026-02-06 12:00:00,1.3683,1.3836,1.3574,1.3817
1770382800,2026-02-06 13:00:00,1.3818,1.4414,1.3763,1.4296
1770386400,2026-02-06 14:00:00,1.4296,1.4869,1.4031,1.4795
1770390000,2026-02-06 15:00:00,1.4795,1.5442,1.4636,1.5131
1770393600,2026-02-06 16:00:00,1.5131,1.5347,1.4863,1.4903
1770397200,2026-02-06 17:00:00,1.4902,1.5184,1.4807,1.4949
1770400800,2026-02-06 18:00:00,1.4949,1.4972,1.4506,1.4578
1770404400,2026-02-06 19:00:00,1.4578,1.4664,1.4377,1.4565
1770408000,2026-02-06 20:00:00,1.4566,1.4635,1.4387,1.4486
1770411600,2026-02-06 21:00:00,1.4486,1.466,1.4401,1.4588
1770415200,2026-02-06 22:00:00,1.4587,1.49,1.4552,1.4896
1770418800,2026-02-06 23:00:00,1.4895,1.4984,1.4646,1.4698
1770422400,2026-02-07 00:00:00,1.4697,1.4879,1.4453,1.4585
1770426000,2026-02-07 01:00:00,1.4585,1.4779,1.433,1.4678
1770429600,2026-02-07 02:00:00,1.4678,1.4735,1.4553,1.4604
1770433200,2026-02-07 03:00:00,1.4605,1.4853,1.4585,1.4736
1770436800,2026-02-07 04:00:00,1.4736,1.4853,1.4518,1.4615
1770440400,2026-02-07 05:00:00,1.4615,1.47,1.4525,1.4597
1770444000,2026-02-07 06:00:00,1.4596,1.4697,1.4338,1.4341
1770447600,2026-02-07 07:00:00,1.4342,1.4469,1.4067,1.4133
1770451200,2026-02-07 08:00:00,1.4133,1.429,1.403,1.4238
1770454800,2026-02-07 09:00:00,1.4238,1.4275,1.4057,1.4134
1770458400,2026-02-07 10:00:00,1.4134,1.4182,1.3864,1.3993
1770462000,2026-02-07 11:00:00,1.3994,1.4031,1.3858,1.3924
1770465600,2026-02-07 12:00:00,1.3923,1.4408,1.3908,1.4184
1770469200,2026-02-07 13:00:00,1.4184,1.4254,1.3957,1.4041
1770472800,2026-02-07 14:00:00,1.4041,1.4106,1.3905,1.4003
1770476400,2026-02-07 15:00:00,1.4003,1.4205,1.3974,1.4108
1770480000,2026-02-07 16:00:00,1.4107,1.4366,1.4052,1.419
1770483600,2026-02-07 17:00:00,1.419,1.4304,1.4097,1.4246
1770487200,2026-02-07 18:00:00,1.4246,1.4488,1.4241,1.4411
1770490800,2026-02-07 19:00:00,1.4411,1.4411,1.4283,1.4309
1770494400,2026-02-07 20:00:00,1.4309,1.4415,1.4273,1.4366
1770498000,2026-02-07 21:00:00,1.4367,1.4388,1.4277,1.4293
1770501600,2026-02-07 22:00:00,1.4294,1.4332,1.4205,1.4228
1770505200,2026-02-07 23:00:00,1.4229,1.428,1.4128,1.4231
1770508800,2026-02-08 00:00:00,1.4231,1.429,1.4148,1.4205
1770512400,2026-02-08 01:00:00,1.4205,1.4383,1.4199,1.4324
1770516000,2026-02-08 02:00:00,1.4325,1.4419,1.4243,1.4302
1770519600,2026-02-08 03:00:00,1.4301,1.4333,1.4138,1.417
1770523200,2026-02-08 04:00:00,1.417,1.4238,1.4099,1.4231
1770526800,2026-02-08 05:00:00,1.4231,1.426,1.4161,1.4184
1770530400,2026-02-08 06:00:00,1.4184,1.4221,1.4137,1.4162
1770534000,2026-02-08 07:00:00,1.4163,1.4213,1.4117,1.4211
1770537600,2026-02-08 08:00:00,1.421,1.4632,1.4195,1.4539
1770541200,2026-02-08 09:00:00,1.454,1.4586,1.4338,1.4381
1770544800,2026-02-08 10:00:00,1.4381,1.446,1.4255,1.4314
1770548400,2026-02-08 11:00:00,1.4314,1.4529,1.4305,1.4528
1770552000,2026-02-08 12:00:00,1.4529,1.4571,1.4431,1.4561
1770555600,2026-02-08 13:00:00,1.456,1.4703,1.4498,1.4619
1770559200,2026-02-08 14:00:00,1.4619,1.4682,1.4578,1.4618
1770562800,2026-02-08 15:00:00,1.4617,1.4637,1.4304,1.4404
1770566400,2026-02-08 16:00:00,1.4404,1.4463,1.4103,1.4185
1770570000,2026-02-08 17:00:00,1.4184,1.4359,1.4177,1.4312
1770573600,2026-02-08 18:00:00,1.4312,1.4529,1.4292,1.4391
1770577200,2026-02-08 19:00:00,1.4392,1.4516,1.4386,1.4503
1770580800,2026-02-08 20:00:00,1.4503,1.4503,1.4342,1.4372
1770584400,2026-02-08 21:00:00,1.4372,1.441,1.4243,1.4274
1770588000,2026-02-08 22:00:00,1.4274,1.4373,1.4249,1.4353
1770591600,2026-02-08 23:00:00,1.4353,1.4631,1.4221,1.4308
1770595200,2026-02-09 00:00:00,1.4308,1.4417,1.4247,1.4331
1770598800,2026-02-09 01:00:00,1.433,1.4451,1.4191,1.424
1770602400,2026-02-09 02:00:00,1.4241,1.4547,1.4204,1.4422
1770606000,2026-02-09 03:00:00,1.4423,1.4543,1.4405,1.4522
1770609600,2026-02-09 04:00:00,1.4521,1.4528,1.4438,1.448
1770613200,2026-02-09 05:00:00,1.448,1.4553,1.4411,1.4511
1770616800,2026-02-09 06:00:00,1.4511,1.4511,1.4279,1.4359
1770620400,2026-02-09 07:00:00,1.4358,1.44,1.4214,1.4257
1770624000,2026-02-09 08:00:00,1.4257,1.4299,1.4014,1.4073
1770627600,2026-02-09 09:00:00,1.4073,1.4125,1.394,1.399
1770631200,2026-02-09 10:00:00,1.399,1.4068,1.3728,1.3831
1770634800,2026-02-09 11:00:00,1.3831,1.3973,1.3831,1.3934
1770638400,2026-02-09 12:00:00,1.3935,1.4149,1.3932,1.4084
1770642000,2026-02-09 13:00:00,1.4084,1.4124,1.3952,1.3957
1770645600,2026-02-09 14:00:00,1.3957,1.4382,1.3952,1.4309
1770649200,2026-02-09 15:00:00,1.4308,1.4499,1.4205,1.4462
1770652800,2026-02-09 16:00:00,1.4461,1.4642,1.4362,1.4516
1770656400,2026-02-09 17:00:00,1.4515,1.4568,1.4336,1.4505
1770660000,2026-02-09 18:00:00,1.4506,1.4594,1.437,1.4437
1770663600,2026-02-09 19:00:00,1.4436,1.4556,1.4415,1.4528
1770667200,2026-02-09 20:00:00,1.4527,1.4579,1.4437,1.4543
1770670800,2026-02-09 21:00:00,1.4543,1.4587,1.4388,1.451
1770674400,2026-02-09 22:00:00,1.451,1.4524,1.4432,1.4444
1770678000,2026-02-09 23:00:00,1.4444,1.4489,1.4351,1.437
1770681600,2026-02-10 00:00:00,1.437,1.442,1.434,1.4372
1770685200,2026-02-10 01:00:00,1.4372,1.4532,1.4367,1.4482
1770688800,2026-02-10 02:00:00,1.4482,1.4498,1.443,1.4472
1770692400,2026-02-10 03:00:00,1.4473,1.451,1.4282,1.4354
1770696000,2026-02-10 04:00:00,1.4354,1.452,1.4345,1.4473
1770699600,2026-02-10 05:00:00,1.4472,1.4492,1.437,1.4419
1770703200,2026-02-10 06:00:00,1.4419,1.4423,1.4142,1.4202
1770706800,2026-02-10 07:00:00,1.4203,1.4285,1.4199,1.4221
1770710400,2026-02-10 08:00:00,1.4222,1.4329,1.4146,1.4295
1770714000,2026-02-10 09:00:00,1.4294,1.436,1.417,1.4211
1770717600,2026-02-10 10:00:00,1.4212,1.4237,1.415,1.416
1770721200,2026-02-10 11:00:00,1.416,1.4196,1.4065,1.4081
1770724800,2026-02-10 12:00:00,1.4081,1.4139,1.4055,1.409
1770728400,2026-02-10 13:00:00,1.4089,1.4176,1.4031,1.4151
1770732000,2026-02-10 14:00:00,1.4151,1.4259,1.3931,1.4027
1770735600,2026-02-10 15:00:00,1.4027,1.4139,1.3976,1.407
1770739200,2026-02-10 16:00:00,1.407,1.4204,1.3998,1.4163
1770742800,2026-02-10 17:00:00,1.4162,1.4291,1.4138,1.4247
1770746400,2026-02-10 18:00:00,1.4247,1.4261,1.3942,1.4022
1770750000,2026-02-10 19:00:00,1.4022,1.4094,1.3972,1.401
1770753600,2026-02-10 20:00:00,1.4009,1.4028,1.3916,1.3966
1770757200,2026-02-10 21:00:00,1.3965,1.4023,1.3917,1.3941
1770760800,2026-02-10 22:00:00,1.3942,1.4049,1.3935,1.4
1770764400,2026-02-10 23:00:00,1.3999,1.4018,1.3954,1.3999
1770768000,2026-02-11 00:00:00,1.3998,1.4134,1.3992,1.4098
1770771600,2026-02-11 01:00:00,1.4098,1.4147,1.4064,1.4105
1770775200,2026-02-11 02:00:00,1.4106,1.4205,1.4094,1.4102
1770778800,2026-02-11 03:00:00,1.4102,1.4116,1.3943,1.4041
1770782400,2026-02-11 04:00:00,1.4041,1.4088,1.3801,1.3843
1770786000,2026-02-11 05:00:00,1.3844,1.3924,1.3743,1.3756
1770789600,2026-02-11 06:00:00,1.3757,1.3784,1.358,1.3601
1770793200,2026-02-11 07:00:00,1.36,1.3731,1.3582,1.3667
1770796800,2026-02-11 08:00:00,1.3667,1.3723,1.3609,1.3669
1770800400,2026-02-11 09:00:00,1.367,1.3694,1.3566,1.3615
1770804000,2026-02-11 10:00:00,1.3616,1.3646,1.3553,1.3614
1770807600,2026-02-11 11:00:00,1.3613,1.3806,1.3605,1.3791
1770811200,2026-02-11 12:00:00,1.379,1.3795,1.3708,1.3727
1770814800,2026-02-11 13:00:00,1.3726,1.3814,1.3602,1.376
1770818400,2026-02-11 14:00:00,1.376,1.4097,1.3582,1.362
1770822000,2026-02-11 15:00:00,1.3619,1.37,1.3463,1.3541
1770825600,2026-02-11 16:00:00,1.3541,1.3701,1.3443,1.3451
1770829200,2026-02-11 17:00:00,1.345,1.38,1.3421,1.3701
1770832800,2026-02-11 18:00:00,1.3701,1.3848,1.3619,1.3784
1770836400,2026-02-11 19:00:00,1.3784,1.3871,1.3718,1.3788
1770840000,2026-02-11 20:00:00,1.3788,1.3863,1.3749,1.3818
1770843600,2026-02-11 21:00:00,1.3818,1.3973,1.3794,1.3833
1770847200,2026-02-11 22:00:00,1.3834,1.3846,1.3698,1.3718
1770850800,2026-02-11 23:00:00,1.3719,1.373,1.3596,1.3697
1770854400,2026-02-12 00:00:00,1.3697,1.3849,1.3684,1.3773
1770858000,2026-02-12 01:00:00,1.3774,1.3865,1.3774,1.3811
1770861600,2026-02-12 02:00:00,1.3811,1.3853,1.3745,1.3769
1770865200,2026-02-12 03:00:00,1.3769,1.3798,1.371,1.3752
1770868800,2026-02-12 04:00:00,1.3752,1.3807,1.3723,1.3755
1770872400,2026-02-12 05:00:00,1.3755,1.3818,1.3728,1.3803
1770876000,2026-02-12 06:00:00,1.3802,1.3889,1.3782,1.3833
1770879600,2026-02-12 07:00:00,1.3833,1.3862,1.3764,1.3819
1770883200,2026-02-12 08:00:00,1.382,1.3846,1.3771,1.3821
1770886800,2026-02-12 09:00:00,1.3821,1.3966,1.3803,1.396
1770890400,2026-02-12 10:00:00,1.396,1.404,1.3891,1.4038
1770894000,2026-02-12 11:00:00,1.4038,1.4082,1.3935,1.4015
1770897600,2026-02-12 12:00:00,1.4016,1.403,1.3898,1.3927
1770901200,2026-02-12 13:00:00,1.3926,1.4027,1.3854,1.4017
1770904800,2026-02-12 14:00:00,1.4016,1.4026,1.3844,1.389
1770908400,2026-02-12 15:00:00,1.3891,1.3967,1.375,1.3759
1770912000,2026-02-12 16:00:00,1.3758,1.3781,1.3463,1.3531
1770915600,2026-02-12 17:00:00,1.3531,1.3797,1.3461,1.3625
1770919200,2026-02-12 18:00:00,1.3625,1.3677,1.3521,1.3633
1770922800,2026-02-12 19:00:00,1.3633,1.3764,1.355,1.3647
1770926400,2026-02-12 20:00:00,1.3647,1.3667,1.3506,1.3521
1770930000,2026-02-12 21:00:00,1.3521,1.3582,1.3488,1.352
1770933600,2026-02-12 22:00:00,1.3519,1.3661,1.3503,1.364
1770937200,2026-02-12 23:00:00,1.364,1.3703,1.3605,1.3635
1770940800,2026-02-13 00:00:00,1.3635,1.3684,1.3492,1.3536
1770944400,2026-02-13 01:00:00,1.3536,1.3628,1.3497,1.3576
1770948000,2026-02-13 02:00:00,1.3577,1.3689,1.357,1.3665
1770951600,2026-02-13 03:00:00,1.3666,1.3719,1.362,1.3655
1770955200,2026-02-13 04:00:00,1.3655,1.3683,1.3579,1.3582
1770958800,2026-02-13 05:00:00,1.3582,1.3611,1.3532,1.3533
1770962400,2026-02-13 06:00:00,1.3533,1.3578,1.3485,1.357
1770966000,2026-02-13 07:00:00,1.3569,1.3628,1.3495,1.3539
1770969600,2026-02-13 08:00:00,1.3539,1.3693,1.3521,1.3675
1770973200,2026-02-13 09:00:00,1.3675,1.3712,1.3646,1.3685
1770976800,2026-02-13 10:00:00,1.3684,1.373,1.365,1.3684
1770980400,2026-02-13 11:00:00,1.3685,1.3697,1.3608,1.368
1770984000,2026-02-13 12:00:00,1.3679,1.3679,1.3598,1.3647
1770987600,2026-02-13 13:00:00,1.3647,1.3828,1.3614,1.3765
1770991200,2026-02-13 14:00:00,1.3765,1.3943,1.368,1.3852
1770994800,2026-02-13 15:00:00,1.3853,1.422,1.3807,1.4046
1770998400,2026-02-13 16:00:00,1.4046,1.4285,1.3996,1.417
1771002000,2026-02-13 17:00:00,1.417,1.4215,1.4077,1.4149
1771005600,2026-02-13 18:00:00,1.4149,1.4207,1.4063,1.4156
1771009200,2026-02-13 19:00:00,1.4157,1.4195,1.4085,1.4112
1771012800,2026-02-13 20:00:00,1.4112,1.4145,1.405,1.4135
1771016400,2026-02-13 21:00:00,1.4135,1.4165,1.4071,1.4098
1771020000,2026-02-13 22:00:00,1.4099,1.41,1.398,1.4032
1771023600,2026-02-13 23:00:00,1.4032,1.4088,1.4019,1.4071
1771027200,2026-02-14 00:00:00,1.407,1.4169,1.4051,1.4145
1771030800,2026-02-14 01:00:00,1.4145,1.4182,1.4106,1.4124
1771034400,2026-02-14 02:00:00,1.4124,1.4149,1.4099,1.4109
1771038000,2026-02-14 03:00:00,1.4109,1.4184,1.4104,1.4164
1771041600,2026-02-14 04:00:00,1.4163,1.4196,1.4127,1.4128
1771045200,2026-02-14 05:00:00,1.4128,1.4159,1.4081,1.4085
1771048800,2026-02-14 06:00:00,1.4084,1.415,1.4078,1.4146
1771052400,2026-02-14 07:00:00,1.4146,1.4256,1.4121,1.4224
1771056000,2026-02-14 08:00:00,1.4224,1.4491,1.4217,1.4471
1771059600,2026-02-14 09:00:00,1.4472,1.4612,1.4465,1.452
1771063200,2026-02-14 10:00:00,1.452,1.452,1.4415,1.4474
1771066800,2026-02-14 11:00:00,1.4475,1.4734,1.4471,1.4717
1771070400,2026-02-14 12:00:00,1.4717,1.4769,1.4607,1.4645
1771074000,2026-02-14 13:00:00,1.4646,1.4698,1.4516,1.4571
1771077600,2026-02-14 14:00:00,1.4571,1.4746,1.4553,1.4713
1771081200,2026-02-14 15:00:00,1.4713,1.4734,1.4644,1.469
1771084800,2026-02-14 16:00:00,1.469,1.4766,1.4571,1.4748
1771088400,2026-02-14 17:00:00,1.4747,1.4799,1.4683,1.4734
1771092000,2026-02-14 18:00:00,1.4734,1.493,1.4702,1.4883
1771095600,2026-02-14 19:00:00,1.4883,1.5003,1.484,1.498
1771099200,2026-02-14 20:00:00,1.4981,1.5084,1.4879,1.4954
1771102800,2026-02-14 21:00:00,1.4953,1.5046,1.4891,1.4978
1771106400,2026-02-14 22:00:00,1.4977,1.5049,1.4936,1.5009
1771110000,2026-02-14 23:00:00,1.5009,1.5138,1.499,1.5094
1771113600,2026-02-15 00:00:00,1.5094,1.5324,1.5061,1.5218
1771117200,2026-02-15 01:00:00,1.5217,1.5448,1.5151,1.5285
1771120800,2026-02-15 02:00:00,1.5285,1.5358,1.5163,1.528
1771124400,2026-02-15 03:00:00,1.5279,1.5341,1.5048,1.5269
1771128000,2026-02-15 04:00:00,1.5269,1.5598,1.5251,1.5459
1771131600,2026-02-15 05:00:00,1.5458,1.5897,1.5454,1.5834
1771135200,2026-02-15 06:00:00,1.5834,1.5888,1.5723,1.5796
1771138800,2026-02-15 07:00:00,1.5796,1.6505,1.5755,1.6497
1771142400,2026-02-15 08:00:00,1.6498,1.6714,1.6123,1.6165
1771146000,2026-02-15 09:00:00,1.6164,1.6231,1.5892,1.5904
1771149600,2026-02-15 10:00:00,1.5904,1.5974,1.5735,1.5856
1771153200,2026-02-15 11:00:00,1.5855,1.5953,1.5579,1.5624
1771156800,2026-02-15 12:00:00,1.5624,1.5662,1.52,1.5209
1771160400,2026-02-15 13:00:00,1.521,1.5403,1.5115,1.5193
1771164000,2026-02-15 14:00:00,1.5192,1.5377,1.5151,1.5331
1771167600,2026-02-15 15:00:00,1.533,1.544,1.5216,1.5237
1771171200,2026-02-15 16:00:00,1.5237,1.5237,1.5069,1.5219
1771174800,2026-02-15 17:00:00,1.522,1.5245,1.4821,1.4939
1771178400,2026-02-15 18:00:00,1.494,1.4958,1.4645,1.4692
1771182000,2026-02-15 19:00:00,1.4691,1.4699,1.4477,1.4537
1771185600,2026-02-15 20:00:00,1.4537,1.4676,1.445,1.462
1771189200,2026-02-15 21:00:00,1.4621,1.476,1.4616,1.4722
1771192800,2026-02-15 22:00:00,1.4723,1.4905,1.4686,1.4863
1771196400,2026-02-15 23:00:00,1.4863,1.4865,1.4585,1.4753
1771200000,2026-02-16 00:00:00,1.4753,1.4872,1.4712,1.4787
1771203600,2026-02-16 01:00:00,1.4787,1.4829,1.465,1.4743
1771207200,2026-02-16 02:00:00,1.4743,1.4808,1.4541,1.4561
1771210800,2026-02-16 03:00:00,1.4562,1.4631,1.4538,1.4616
1771214400,2026-02-16 04:00:00,1.4617,1.4758,1.4601,1.4741
1771218000,2026-02-16 05:00:00,1.4742,1.4759,1.4485,1.456
1771221600,2026-02-16 06:00:00,1.456,1.4683,1.4541,1.4652
1771225200,2026-02-16 07:00:00,1.4651,1.471,1.4577,1.4611
1771228800,2026-02-16 08:00:00,1.4611,1.471,1.4611,1.4699
1771232400,2026-02-16 09:00:00,1.47,1.5141,1.469,1.5019
1771236000,2026-02-16 10:00:00,1.5019,1.5029,1.4829,1.4902
1771239600,2026-02-16 11:00:00,1.4901,1.493,1.4686,1.4838
1771243200,2026-02-16 12:00:00,1.4838,1.5082,1.4803,1.5049
1771246800,2026-02-16 13:00:00,1.5049,1.5171,1.4811,1.4906
1771250400,2026-02-16 14:00:00,1.4906,1.5091,1.4851,1.495
1771254000,2026-02-16 15:00:00,1.495,1.5029,1.4616,1.4743
1771257600,2026-02-16 16:00:00,1.4744,1.4947,1.4727,1.4873
1771261200,2026-02-16 17:00:00,1.4873,1.4932,1.4814,1.4834
1771264800,2026-02-16 18:00:00,1.4833,1.4872,1.4713,1.4721
1771268400,2026-02-16 19:00:00,1.4722,1.4821,1.472,1.4753
1771272000,2026-02-16 20:00:00,1.4753,1.4889,1.4687,1.4858
1771275600,2026-02-16 21:00:00,1.4857,1.4937,1.4807,1.4915
1771279200,2026-02-16 22:00:00,1.4916,1.4941,1.4818,1.4836
1771282800,2026-02-16 23:00:00,1.4836,1.4904,1.4821,1.4876
1771286400,2026-02-17 00:00:00,1.4876,1.4911,1.4822,1.4836
1771290000,2026-02-17 01:00:00,1.4837,1.4916,1.4787,1.4794
1771293600,2026-02-17 02:00:00,1.4794,1.4934,1.4732,1.4871
1771297200,2026-02-17 03:00:00,1.4872,1.4899,1.4824,1.4829
1771300800,2026-02-17 04:00:00,1.483,1.4889,1.4745,1.4864
1771304400,2026-02-17 05:00:00,1.4865,1.4881,1.4707,1.4754
1771308000,2026-02-17 06:00:00,1.4755,1.4807,1.4741,1.4789
1771311600,2026-02-17 07:00:00,1.4788,1.4788,1.4694,1.4731
1771315200,2026-02-17 08:00:00,1.473,1.4771,1.4639,1.4668
1771318800,2026-02-17 09:00:00,1.4668,1.4671,1.4539,1.4611
1771322400,2026-02-17 10:00:00,1.4611,1.4625,1.4514,1.4554
1771326000,2026-02-17 11:00:00,1.4554,1.46,1.4499,1.4525
1771329600,2026-02-17 12:00:00,1.4525,1.4629,1.4519,1.4568
1771333200,2026-02-17 13:00:00,1.4567,1.4634,1.4515,1.4578
1771336800,2026-02-17 14:00:00,1.4578,1.4627,1.4268,1.4354
1771340400,2026-02-17 15:00:00,1.4354,1.4585,1.4344,1.4571
1771344000,2026-02-17 16:00:00,1.4572,1.495,1.4572,1.477
1771347600,2026-02-17 17:00:00,1.477,1.4795,1.4571,1.4653
1771351200,2026-02-17 18:00:00,1.4652,1.4896,1.4638,1.4836
1771354800,2026-02-17 19:00:00,1.4836,1.4894,1.4761,1.4855
1771358400,2026-02-17 20:00:00,1.4856,1.489,1.4751,1.4873
1771362000,2026-02-17 21:00:00,1.4873,1.4935,1.4797,1.4839
1771365600,2026-02-17 22:00:00,1.4838,1.4848,1.4729,1.4745
1771369200,2026-02-17 23:00:00,1.4744,1.4776,1.4708,1.4743
1771372800,2026-02-18 00:00:00,1.4742,1.4794,1.469,1.4696
1771376400,2026-02-18 01:00:00,1.4696,1.471,1.4635,1.4669
1771380000,2026-02-18 02:00:00,1.4668,1.4767,1.4664,1.4753
1771383600,2026-02-18 03:00:00,1.4754,1.4834,1.4742,1.4791
1771387200,2026-02-18 04:00:00,1.4792,1.485,1.4763,1.4808
1771390800,2026-02-18 05:00:00,1.4808,1.4877,1.4755,1.4759
1771394400,2026-02-18 06:00:00,1.476,1.4841,1.4756,1.4801
1771398000,2026-02-18 07:00:00,1.4802,1.4888,1.4768,1.4869
1771401600,2026-02-18 08:00:00,1.4868,1.4943,1.4856,1.4894
1771405200,2026-02-18 09:00:00,1.4894,1.4925,1.485,1.4881
1771408800,2026-02-18 10:00:00,1.488,1.4903,1.4765,1.4784
1771412400,2026-02-18 11:00:00,1.4784,1.4786,1.4638,1.4665
1771416000,2026-02-18 12:00:00,1.4664,1.4716,1.4588,1.4649
1771419600,2026-02-18 13:00:00,1.465,1.472,1.4609,1.4692
1771423200,2026-02-18 14:00:00,1.4693,1.4712,1.4521,1.4654
1771426800,2026-02-18 15:00:00,1.4654,1.4891,1.464,1.4765
1771430400,2026-02-18 16:00:00,1.4765,1.4773,1.4571,1.4597
1771434000,2026-02-18 17:00:00,1.4598,1.4717,1.4545,1.4566
1771437600,2026-02-18 18:00:00,1.4567,1.4588,1.4401,1.4411
1771441200,2026-02-18 19:00:00,1.4411,1.4456,1.4195,1.423
1771444800,2026-02-18 20:00:00,1.4231,1.4333,1.4207,1.4219
1771448400,2026-02-18 21:00:00,1.422,1.4291,1.4173,1.4202
1771452000,2026-02-18 22:00:00,1.4202,1.4244,1.4153,1.4206
1771455600,2026-02-18 23:00:00,1.4206,1.423,1.4102,1.4219
1771459200,2026-02-19 00:00:00,1.422,1.4244,1.4149,1.4174
1771462800,2026-02-19 01:00:00,1.4174,1.4269,1.4148,1.4268
1771466400,2026-02-19 02:00:00,1.4269,1.4299,1.42,1.4263
1771470000,2026-02-19 03:00:00,1.4264,1.4301,1.4225,1.4288
1771473600,2026-02-19 04:00:00,1.4288,1.4308,1.4165,1.4176
1771477200,2026-02-19 05:00:00,1.4176,1.4213,1.4051,1.4126
1771480800,2026-02-19 06:00:00,1.4125,1.4278,1.4119,1.4277
1771484400,2026-02-19 07:00:00,1.4277,1.4381,1.4222,1.4326
1771488000,2026-02-19 08:00:00,1.4325,1.4341,1.4145,1.4164
1771491600,2026-02-19 09:00:00,1.4165,1.4276,1.4141,1.4152
1771495200,2026-02-19 10:00:00,1.4152,1.4174,1.4077,1.4109
1771498800,2026-02-19 11:00:00,1.4109,1.417,1.4062,1.4093
1771502400,2026-02-19 12:00:00,1.4092,1.4146,1.4056,1.4078
1771506000,2026-02-19 13:00:00,1.4079,1.409,1.3867,1.3924
1771509600,2026-02-19 14:00:00,1.3924,1.4052,1.39,1.4008
1771513200,2026-02-19 15:00:00,1.4008,1.41,1.3863,1.3975
1771516800,2026-02-19 16:00:00,1.3975,1.3986,1.382,1.3922
1771520400,2026-02-19 17:00:00,1.3922,1.4131,1.391,1.3961
1771524000,2026-02-19 18:00:00,1.396,1.4138,1.3943,1.4133
1771527600,2026-02-19 19:00:00,1.4133,1.4186,1.4042,1.4123
1771531200,2026-02-19 20:00:00,1.4122,1.4148,1.4047,1.4114
1771534800,2026-02-19 21:00:00,1.4114,1.4131,1.4074,1.4082
1771538400,2026-02-19 22:00:00,1.4081,1.4107,1.3953,1.4009
1771542000,2026-02-19 23:00:00,1.4009,1.4097,1.4,1.4068
1771545600,2026-02-20 00:00:00,1.4068,1.4217,1.4054,1.4168
1771549200,2026-02-20 01:00:00,1.4169,1.4256,1.4156,1.4254
1771552800,2026-02-20 02:00:00,1.4254,1.4293,1.4177,1.4178
1771556400,2026-02-20 03:00:00,1.4177,1.421,1.4115,1.4128
1771560000,2026-02-20 04:00:00,1.4129,1.4136,1.4004,1.4106
1771563600,2026-02-20 05:00:00,1.4106,1.4244,1.4048,1.4187
1771567200,2026-02-20 06:00:00,1.4188,1.4216,1.4132,1.4205
1771570800,2026-02-20 07:00:00,1.4204,1.4237,1.4164,1.4195
1771574400,2026-02-20 08:00:00,1.4195,1.4226,1.4138,1.4187
1771578000,2026-02-20 09:00:00,1.4187,1.4289,1.4183,1.423
1771581600,2026-02-20 10:00:00,1.4229,1.4279,1.4201,1.4212
1771585200,2026-02-20 11:00:00,1.4212,1.4225,1.403,1.4057
1771588800,2026-02-20 12:00:00,1.4057,1.4092,1.403,1.4051
1771592400,2026-02-20 13:00:00,1.4051,1.4052,1.3775,1.3841
1771596000,2026-02-20 14:00:00,1.384,1.4075,1.3837,1.3998
1771599600,2026-02-20 15:00:00,1.3999,1.4305,1.3999,1.429
1771603200,2026-02-20 16:00:00,1.4289,1.4388,1.4235,1.4328
1771606800,2026-02-20 17:00:00,1.4327,1.4327,1.4079,1.4297
1771610400,2026-02-20 18:00:00,1.4298,1.4389,1.4233,1.4328
1771614000,2026-02-20 19:00:00,1.4329,1.435,1.4213,1.4238
1771617600,2026-02-20 20:00:00,1.4238,1.4298,1.4147,1.42
1771621200,2026-02-20 21:00:00,1.4199,1.4257,1.418,1.4221
1771624800,2026-02-20 22:00:00,1.422,1.4303,1.4178,1.4301
1771628400,2026-02-20 23:00:00,1.43,1.4317,1.424,1.4292
1771632000,2026-02-21 00:00:00,1.4292,1.4297,1.4198,1.4227
1771635600,2026-02-21 01:00:00,1.4228,1.433,1.4227,1.431
1771639200,2026-02-21 02:00:00,1.431,1.4337,1.4287,1.4306
1771642800,2026-02-21 03:00:00,1.4307,1.4309,1.4237,1.4259
1771646400,2026-02-21 04:00:00,1.4259,1.4298,1.4245,1.4284
1771650000,2026-02-21 05:00:00,1.4285,1.4316,1.4269,1.428
1771653600,2026-02-21 06:00:00,1.4281,1.4354,1.428,1.4295
1771657200,2026-02-21 07:00:00,1.4295,1.4328,1.428,1.4309
1771660800,2026-02-21 08:00:00,1.4309,1.4354,1.4275,1.4339
1771664400,2026-02-21 09:00:00,1.4339,1.4463,1.4332,1.4395
1771668000,2026-02-21 10:00:00,1.4394,1.4426,1.437,1.4398
1771671600,2026-02-21 11:00:00,1.4398,1.446,1.4386,1.4441
1771675200,2026-02-21 12:00:00,1.444,1.4455,1.4358,1.44
1771678800,2026-02-21 13:00:00,1.44,1.4483,1.437,1.4477
1771682400,2026-02-21 14:00:00,1.4477,1.4642,1.4448,1.4553
1771686000,2026-02-21 15:00:00,1.4553,1.4574,1.4467,1.4502
1771689600,2026-02-21 16:00:00,1.4503,1.452,1.4385,1.4417
1771693200,2026-02-21 17:00:00,1.4417,1.4431,1.4365,1.4422
1771696800,2026-02-21 18:00:00,1.4422,1.4499,1.4419,1.4481
1771700400,2026-02-21 19:00:00,1.4481,1.449,1.4424,1.4435
1771704000,2026-02-21 20:00:00,1.4436,1.4436,1.4349,1.4373
1771707600,2026-02-21 21:00:00,1.4374,1.442,1.4358,1.4413
1771711200,2026-02-21 22:00:00,1.4412,1.4433,1.4317,1.4325
1771714800,2026-02-21 23:00:00,1.4326,1.4357,1.43,1.4304
1771718400,2026-02-22 00:00:00,1.4303,1.4338,1.4243,1.4272
1771722000,2026-02-22 01:00:00,1.4272,1.4331,1.4272,1.4328
1771725600,2026-02-22 02:00:00,1.4329,1.4329,1.4224,1.424
1771729200,2026-02-22 03:00:00,1.4239,1.4275,1.4181,1.4238
1771732800,2026-02-22 04:00:00,1.4238,1.4259,1.4218,1.4227
1771736400,2026-02-22 05:00:00,1.4227,1.4229,1.4171,1.4208
1771740000,2026-02-22 06:00:00,1.4208,1.4247,1.4185,1.4234
1771743600,2026-02-22 07:00:00,1.4235,1.4239,1.4192,1.4212
1771747200,2026-02-22 08:00:00,1.4213,1.4236,1.4171,1.4179
1771750800,2026-02-22 09:00:00,1.4179,1.4225,1.4174,1.4207
1771754400,2026-02-22 10:00:00,1.4206,1.4261,1.4195,1.4213
1771758000,2026-02-22 11:00:00,1.4212,1.4249,1.4208,1.4236
1771761600,2026-02-22 12:00:00,1.4236,1.4238,1.4071,1.4091
1771765200,2026-02-22 13:00:00,1.4091,1.411,1.3977,1.4002
1771768800,2026-02-22 14:00:00,1.4003,1.4025,1.3944,1.3971
1771772400,2026-02-22 15:00:00,1.3971,1.3974,1.3859,1.3934
1771776000,2026-02-22 16:00:00,1.3934,1.395,1.3877,1.3926
1771779600,2026-02-22 17:00:00,1.3926,1.3927,1.3832,1.3882
1771783200,2026-02-22 18:00:00,1.3882,1.3918,1.3871,1.3903
1771786800,2026-02-22 19:00:00,1.3904,1.3908,1.3853,1.3867
1771790400,2026-02-22 20:00:00,1.3868,1.3868,1.38,1.3834
1771794000,2026-02-22 21:00:00,1.3834,1.3919,1.3834,1.3911
1771797600,2026-02-22 22:00:00,1.3912,1.4018,1.3891,1.4011
1771801200,2026-02-22 23:00:00,1.4011,1.4011,1.3879,1.3932
1771804800,2026-02-23 00:00:00,1.3932,1.3948,1.3639,1.3649
1771808400,2026-02-23 01:00:00,1.3649,1.3666,1.3301,1.3326
1771812000,2026-02-23 02:00:00,1.3326,1.3438,1.332,1.3424
1771815600,2026-02-23 03:00:00,1.3424,1.3527,1.3393,1.3414
1771819200,2026-02-23 04:00:00,1.3414,1.3421,1.336,1.339
1771822800,2026-02-23 05:00:00,1.339,1.3492,1.3388,1.3429
1771826400,2026-02-23 06:00:00,1.3429,1.3692,1.342,1.3681
1771830000,2026-02-23 07:00:00,1.3681,1.3781,1.3671,1.3714
1771833600,2026-02-23 08:00:00,1.3714,1.3732,1.3619,1.366
1771837200,2026-02-23 09:00:00,1.366,1.3963,1.3657,1.3914
1771840800,2026-02-23 10:00:00,1.3914,1.3974,1.3872,1.3924
1771844400,2026-02-23 11:00:00,1.3925,1.406,1.3917,1.3965
1771848000,2026-02-23 12:00:00,1.3965,1.4248,1.3953,1.4129
1771851600,2026-02-23 13:00:00,1.4129,1.4154,1.3948,1.3958
1771855200,2026-02-23 14:00:00,1.3957,1.3994,1.3706,1.3838
1771858800,2026-02-23 15:00:00,1.3838,1.3909,1.3672,1.3709
1771862400,2026-02-23 16:00:00,1.3708,1.3785,1.3616,1.3664
1771866000,2026-02-23 17:00:00,1.3665,1.3702,1.3483,1.3644
1771869600,2026-02-23 18:00:00,1.3643,1.3766,1.3614,1.3654
1771873200,2026-02-23 19:00:00,1.3654,1.3667,1.3555,1.3574
1771876800,2026-02-23 20:00:00,1.3573,1.3596,1.35,1.3551
1771880400,2026-02-23 21:00:00,1.355,1.3635,1.3503,1.3617
1771884000,2026-02-23 22:00:00,1.3618,1.3677,1.3554,1.3562
1771887600,2026-02-23 23:00:00,1.3562,1.3597,1.3504,1.3518
1771891200,2026-02-24 00:00:00,1.3519,1.3583,1.3519,1.3571
1771894800,2026-02-24 01:00:00,1.3571,1.3626,1.3271,1.3508
1771898400,2026-02-24 02:00:00,1.3508,1.358,1.3436,1.3482
1771902000,2026-02-24 03:00:00,1.3481,1.3481,1.3273,1.3323
1771905600,2026-02-24 04:00:00,1.3323,1.3356,1.3219,1.3318
1771909200,2026-02-24 05:00:00,1.3317,1.3428,1.3255,1.3317
1771912800,2026-02-24 06:00:00,1.3316,1.3376,1.3263,1.3294
1771916400,2026-02-24 07:00:00,1.3295,1.3317,1.3224,1.3266
1771920000,2026-02-24 08:00:00,1.3267,1.3356,1.3222,1.3323
1771923600,2026-02-24 09:00:00,1.3322,1.3347,1.3215,1.3318
1771927200,2026-02-24 10:00:00,1.3318,1.3363,1.3271,1.3308
1771930800,2026-02-24 11:00:00,1.3308,1.3343,1.3279,1.3334
1771934400,2026-02-24 12:00:00,1.3334,1.3383,1.3292,1.3324
1771938000,2026-02-24 13:00:00,1.3324,1.3357,1.3224,1.3307
1771941600,2026-02-24 14:00:00,1.3306,1.3456,1.3124,1.3358
1771945200,2026-02-24 15:00:00,1.3359,1.353,1.3324,1.3516
1771948800,2026-02-24 16:00:00,1.3517,1.364,1.3449,1.3577
1771952400,2026-02-24 17:00:00,1.3577,1.3638,1.3561,1.3596
1771956000,2026-02-24 18:00:00,1.3595,1.3676,1.3522,1.3605
1771959600,2026-02-24 19:00:00,1.3604,1.3642,1.35,1.3559
1771963200,2026-02-24 20:00:00,1.3559,1.3639,1.3546,1.3576
1771966800,2026-02-24 21:00:00,1.3577,1.3591,1.3495,1.3519
1771970400,2026-02-24 22:00:00,1.3519,1.358,1.3501,1.353
1771974000,2026-02-24 23:00:00,1.353,1.3548,1.3414,1.3482
1771977600,2026-02-25 00:00:00,1.3483,1.352,1.3404,1.3471
1771981200,2026-02-25 01:00:00,1.3471,1.3997,1.3461,1.3866
1771984800,2026-02-25 02:00:00,1.3866,1.395,1.3788,1.3795
1771988400,2026-02-25 03:00:00,1.3795,1.3814,1.3667,1.3701
1771992000,2026-02-25 04:00:00,1.3702,1.3752,1.3596,1.3688
1771995600,2026-02-25 05:00:00,1.3688,1.3706,1.353,1.3587
1771999200,2026-02-25 06:00:00,1.3587,1.3669,1.3571,1.3603
1772002800,2026-02-25 07:00:00,1.3603,1.3681,1.3587,1.3658
1772006400,2026-02-25 08:00:00,1.3658,1.3737,1.363,1.3726
1772010000,2026-02-25 09:00:00,1.3725,1.3823,1.372,1.38
1772013600,2026-02-25 10:00:00,1.38,1.3841,1.374,1.3755
1772017200,2026-02-25 11:00:00,1.3754,1.3853,1.3726,1.3839
1772020800,2026-02-25 12:00:00,1.3838,1.4033,1.3812,1.4
1772024400,2026-02-25 13:00:00,1.4001,1.4244,1.3986,1.4131
1772028000,2026-02-25 14:00:00,1.4132,1.4368,1.4132,1.4359
1772031600,2026-02-25 15:00:00,1.4359,1.446,1.4253,1.441
1772035200,2026-02-25 16:00:00,1.4411,1.45,1.4378,1.4488
1772038800,2026-02-25 17:00:00,1.4488,1.4743,1.4461,1.4664
1772042400,2026-02-25 18:00:00,1.4663,1.4769,1.4561,1.472
1772046000,2026-02-25 19:00:00,1.472,1.473,1.4539,1.4665
1772049600,2026-02-25 20:00:00,1.4665,1.4712,1.4568,1.4643
1772053200,2026-02-25 21:00:00,1.4643,1.4935,1.4627,1.476
1772056800,2026-02-25 22:00:00,1.4761,1.488,1.4439,1.4558
1772060400,2026-02-25 23:00:00,1.4558,1.4574,1.4192,1.4339
1772064000,2026-02-26 00:00:00,1.4338,1.4475,1.4268,1.4393
1772067600,2026-02-26 01:00:00,1.4393,1.4437,1.4233,1.4241
1772071200,2026-02-26 02:00:00,1.4241,1.4396,1.4183,1.4379
1772074800,2026-02-26 03:00:00,1.438,1.4457,1.4341,1.442
1772078400,2026-02-26 04:00:00,1.442,1.4691,1.44,1.459
1772082000,2026-02-26 05:00:00,1.459,1.4597,1.4403,1.4481
1772085600,2026-02-26 06:00:00,1.448,1.4553,1.4435,1.4445
1772089200,2026-02-26 07:00:00,1.4444,1.4452,1.4305,1.4341
1772092800,2026-02-26 08:00:00,1.4341,1.4452,1.434,1.4362
1772096400,2026-02-26 09:00:00,1.4362,1.4534,1.4348,1.4517
1772100000,2026-02-26 10:00:00,1.4517,1.4567,1.4412,1.4426
1772103600,2026-02-26 11:00:00,1.4426,1.4455,1.4348,1.4368
1772107200,2026-02-26 12:00:00,1.4369,1.4439,1.4354,1.4422
1772110800,2026-02-26 13:00:00,1.4421,1.446,1.4362,1.4399
1772114400,2026-02-26 14:00:00,1.44,1.4449,1.4221,1.4355
1772118000,2026-02-26 15:00:00,1.4354,1.436,1.4078,1.4212
1772121600,2026-02-26 16:00:00,1.4212,1.4235,1.3854,1.3888
1772125200,2026-02-26 17:00:00,1.3887,1.4007,1.3837,1.3877
1772128800,2026-02-26 18:00:00,1.3877,1.3996,1.3827,1.3936
1772132400,2026-02-26 19:00:00,1.3936,1.4112,1.393,1.4072
1772136000,2026-02-26 20:00:00,1.4072,1.4132,1.3932,1.394
1772139600,2026-02-26 21:00:00,1.3939,1.3973,1.3884,1.3948
1772143200,2026-02-26 22:00:00,1.3949,1.4054,1.3938,1.4024
1772146800,2026-02-26 23:00:00,1.4025,1.4038,1.3969,1.4027
1772150400,2026-02-27 00:00:00,1.4027,1.4046,1.3932,1.4015
1772154000,2026-02-27 01:00:00,1.4016,1.4064,1.3962,1.4056
1772157600,2026-02-27 02:00:00,1.4057,1.4132,1.405,1.4068
1772161200,2026-02-27 03:00:00,1.4069,1.4093,1.4002,1.4079
1772164800,2026-02-27 04:00:00,1.4079,1.4216,1.4053,1.4077
1772168400,2026-02-27 05:00:00,1.4077,1.4147,1.4068,1.4104
1772172000,2026-02-27 06:00:00,1.4104,1.4145,1.4038,1.4125
1772175600,2026-02-27 07:00:00,1.4125,1.4174,1.4059,1.417
1772179200,2026-02-27 08:00:00,1.417,1.4237,1.4147,1.4216
1772182800,2026-02-27 09:00:00,1.4217,1.4262,1.4048,1.4067
1772186400,2026-02-27 10:00:00,1.4066,1.4074,1.3869,1.3889
1772190000,2026-02-27 11:00:00,1.389,1.3968,1.3804,1.3826
1772193600,2026-02-27 12:00:00,1.3826,1.3853,1.3728,1.3776
1772197200,2026-02-27 13:00:00,1.3775,1.3822,1.3631,1.3708
1772200800,2026-02-27 14:00:00,1.3708,1.3741,1.3571,1.3591
1772204400,2026-02-27 15:00:00,1.359,1.3665,1.3523,1.3573
1772208000,2026-02-27 16:00:00,1.3573,1.3588,1.3486,1.3513
1772211600,2026-02-27 17:00:00,1.3513,1.3599,1.3386,1.358
1772215200,2026-02-27 18:00:00,1.3581,1.3643,1.3531,1.3575
1772218800,2026-02-27 19:00:00,1.3574,1.3575,1.3465,1.351
1772222400,2026-02-27 20:00:00,1.351,1.3564,1.3504,1.3526
1772226000,2026-02-27 21:00:00,1.3526,1.3563,1.3477,1.3514
1772229600,2026-02-27 22:00:00,1.3514,1.3557,1.3386,1.354
1772233200,2026-02-27 23:00:00,1.354,1.3585,1.3513,1.3562
1772236800,2026-02-28 00:00:00,1.3562,1.3634,1.3552,1.3626
1772240400,2026-02-28 01:00:00,1.3626,1.3653,1.3569,1.3588
1772244000,2026-02-28 02:00:00,1.3588,1.3632,1.3569,1.3616
1772247600,2026-02-28 03:00:00,1.3615,1.3617,1.3528,1.355
1772251200,2026-02-28 04:00:00,1.3551,1.3581,1.3495,1.3539
1772254800,2026-02-28 05:00:00,1.354,1.3559,1.3468,1.3495
1772258400,2026-02-28 06:00:00,1.3495,1.3514,1.2932,1.2967
1772262000,2026-02-28 07:00:00,1.2966,1.3229,1.2902,1.3027
1772265600,2026-02-28 08:00:00,1.3026,1.3026,1.2834,1.2864
1772269200,2026-02-28 09:00:00,1.2864,1.2894,1.2717,1.2779
1772272800,2026-02-28 10:00:00,1.2778,1.295,1.27,1.2896
1772276400,2026-02-28 11:00:00,1.2896,1.3071,1.2867,1.2933
1772280000,2026-02-28 12:00:00,1.2932,1.2994,1.292,1.2957
1772283600,2026-02-28 13:00:00,1.2958,1.3436,1.2947,1.3415
1772287200,2026-02-28 14:00:00,1.3415,1.3504,1.3144,1.3184
1772290800,2026-02-28 15:00:00,1.3185,1.3326,1.311,1.3239
1772294400,2026-02-28 16:00:00,1.3239,1.33,1.3171,1.3264
1772298000,2026-02-28 17:00:00,1.3264,1.3307,1.3146,1.3284
1772301600,2026-02-28 18:00:00,1.3284,1.3488,1.3226,1.3427
1772305200,2026-02-28 19:00:00,1.3426,1.3591,1.3349,1.3544
1772308800,2026-02-28 20:00:00,1.3544,1.385,1.3505,1.3807
1772312400,2026-02-28 21:00:00,1.3808,1.3829,1.3654,1.3777
1772316000,2026-02-28 22:00:00,1.3777,1.3931,1.3748,1.3806
1772319600,2026-02-28 23:00:00,1.3806,1.3869,1.374,1.3762
1772323200,2026-03-01 00:00:00,1.3761,1.3824,1.372,1.3788
1772326800,2026-03-01 01:00:00,1.3789,1.414,1.3653,1.4027
1772330400,2026-03-01 02:00:00,1.4027,1.4332,1.4027,1.4249
1772334000,2026-03-01 03:00:00,1.4248,1.4333,1.4134,1.4185
1772337600,2026-03-01 04:00:00,1.4186,1.4217,1.4046,1.4138
1772341200,2026-03-01 05:00:00,1.4138,1.4192,1.4087,1.4095
1772344800,2026-03-01 06:00:00,1.4096,1.4104,1.3886,1.3947
1772348400,2026-03-01 07:00:00,1.3948,1.4022,1.3932,1.3979
1772352000,2026-03-01 08:00:00,1.3979,1.4,1.3761,1.3805
1772355600,2026-03-01 09:00:00,1.3805,1.3876,1.37,1.3729
1772359200,2026-03-01 10:00:00,1.3729,1.3817,1.3671,1.3767
1772362800,2026-03-01 11:00:00,1.3767,1.3822,1.3752,1.3762
1772366400,2026-03-01 12:00:00,1.3763,1.3788,1.3672,1.3678
1772370000,2026-03-01 13:00:00,1.3678,1.3964,1.3616,1.3885
1772373600,2026-03-01 14:00:00,1.3885,1.4035,1.3738,1.3804
1772377200,2026-03-01 15:00:00,1.3804,1.3911,1.3771,1.3788
1772380800,2026-03-01 16:00:00,1.3788,1.3863,1.3595,1.3702
1772384400,2026-03-01 17:00:00,1.3702,1.3721,1.3562,1.3663
1772388000,2026-03-01 18:00:00,1.3664,1.3789,1.3641,1.3679
1772391600,2026-03-01 19:00:00,1.368,1.3684,1.3538,1.3566
1772395200,2026-03-01 20:00:00,1.3565,1.3565,1.3369,1.3415
1772398800,2026-03-01 21:00:00,1.3415,1.3568,1.341,1.3542
1772402400,2026-03-01 22:00:00,1.3542,1.3725,1.3413,1.3423
1772406000,2026-03-01 23:00:00,1.3424,1.3588,1.3395,1.3524
1772409600,2026-03-02 00:00:00,1.3525,1.3727,1.3511,1.3653
1772413200,2026-03-02 01:00:00,1.3653,1.3807,1.3636,1.3678
1772416800,2026-03-02 02:00:00,1.3679,1.3727,1.3537,1.3643
1772420400,2026-03-02 03:00:00,1.3643,1.3776,1.3613,1.374
1772424000,2026-03-02 04:00:00,1.374,1.3752,1.3648,1.3669
1772427600,2026-03-02 05:00:00,1.3669,1.3703,1.3574,1.3622
1772431200,2026-03-02 06:00:00,1.3623,1.3636,1.3475,1.35
1772434800,2026-03-02 07:00:00,1.3499,1.351,1.3379,1.3471
1772438400,2026-03-02 08:00:00,1.3471,1.3555,1.3384,1.3543
1772442000,2026-03-02 09:00:00,1.3543,1.3626,1.3524,1.3532
1772445600,2026-03-02 10:00:00,1.3533,1.3555,1.3482,1.3536
1772449200,2026-03-02 11:00:00,1.3535,1.3574,1.3464,1.3516
1772452800,2026-03-02 12:00:00,1.3516,1.3542,1.3467,1.3478
1772456400,2026-03-02 13:00:00,1.3478,1.3504,1.3386,1.3395
1772460000,2026-03-02 14:00:00,1.3396,1.3787,1.3341,1.3731
1772463600,2026-03-02 15:00:00,1.3731,1.4154,1.3693,1.4006
1772467200,2026-03-02 16:00:00,1.4006,1.423,1.3976,1.4074
1772470800,2026-03-02 17:00:00,1.4072,1.4111,1.3833,1.3955
1772474400,2026-03-02 18:00:00,1.3954,1.407,1.3859,1.4006
1772478000,2026-03-02 19:00:00,1.4007,1.405,1.3896,1.4007
1772481600,2026-03-02 20:00:00,1.4007,1.4055,1.3877,1.3947
1772485200,2026-03-02 21:00:00,1.3948,1.3984,1.386,1.3981
1772488800,2026-03-02 22:00:00,1.3981,1.4067,1.3958,1.3997
1772492400,2026-03-02 23:00:00,1.3997,1.4013,1.3877,1.39
1772496000,2026-03-03 00:00:00,1.3901,1.395,1.3821,1.3905
1772499600,2026-03-03 01:00:00,1.3905,1.3953,1.3818,1.3836
1772503200,2026-03-03 02:00:00,1.3835,1.3839,1.3758,1.3784
1772506800,2026-03-03 03:00:00,1.3784,1.3796,1.3678,1.3733
1772510400,2026-03-03 04:00:00,1.3733,1.3748,1.3646,1.3666
1772514000,2026-03-03 05:00:00,1.3665,1.3777,1.3616,1.3651
1772517600,2026-03-03 06:00:00,1.3651,1.3671,1.3578,1.3615
1772521200,2026-03-03 07:00:00,1.3614,1.3674,1.3579,1.364
1772524800,2026-03-03 08:00:00,1.3639,1.3692,1.3475,1.3494
1772528400,2026-03-03 09:00:00,1.3494,1.3565,1.3422,1.3483
1772532000,2026-03-03 10:00:00,1.3482,1.3524,1.3427,1.3506
1772535600,2026-03-03 11:00:00,1.3506,1.3546,1.3469,1.3531
1772539200,2026-03-03 12:00:00,1.3531,1.3708,1.3517,1.3582
1772542800,2026-03-03 13:00:00,1.3583,1.3589,1.3438,1.3485
1772546400,2026-03-03 14:00:00,1.3484,1.3631,1.3366,1.3468
1772550000,2026-03-03 15:00:00,1.3467,1.3656,1.3395,1.3646
1772553600,2026-03-03 16:00:00,1.3646,1.3877,1.3548,1.3689
1772557200,2026-03-03 17:00:00,1.3689,1.371,1.3533,1.3693
1772560800,2026-03-03 18:00:00,1.3693,1.3758,1.3604,1.367
1772564400,2026-03-03 19:00:00,1.3671,1.3683,1.3561,1.3626
1772568000,2026-03-03 20:00:00,1.3627,1.3639,1.3528,1.3541
1772571600,2026-03-03 21:00:00,1.354,1.3577,1.3486,1.3562
1772575200,2026-03-03 22:00:00,1.3562,1.3655,1.3556,1.3629
1772578800,2026-03-03 23:00:00,1.3629,1.3696,1.3597,1.3607
1772582400,2026-03-04 00:00:00,1.3607,1.3634,1.3531,1.3602
1772586000,2026-03-04 01:00:00,1.3602,1.3698,1.356,1.364
1772589600,2026-03-04 02:00:00,1.3641,1.3678,1.3546,1.3607
1772593200,2026-03-04 03:00:00,1.3608,1.3622,1.3453,1.353
1772596800,2026-03-04 04:00:00,1.353,1.3559,1.3452,1.3515
1772600400,2026-03-04 05:00:00,1.3514,1.3618,1.3495,1.3566
1772604000,2026-03-04 06:00:00,1.3567,1.3616,1.3504,1.3595
1772607600,2026-03-04 07:00:00,1.3595,1.3771,1.3582,1.375
1772611200,2026-03-04 08:00:00,1.375,1.4063,1.3693,1.4037
1772614800,2026-03-04 09:00:00,1.4036,1.4257,1.3977,1.416
1772618400,2026-03-04 10:00:00,1.416,1.4223,1.402,1.4048
1772622000,2026-03-04 11:00:00,1.4049,1.4129,1.3944,1.399
1772625600,2026-03-04 12:00:00,1.399,1.4005,1.3829,1.3939
1772629200,2026-03-04 13:00:00,1.3939,1.4064,1.3934,1.4055
1772632800,2026-03-04 14:00:00,1.4055,1.4254,1.4037,1.4131
1772636400,2026-03-04 15:00:00,1.4131,1.4642,1.4127,1.4629
1772640000,2026-03-04 16:00:00,1.4629,1.4732,1.44,1.4501
1772643600,2026-03-04 17:00:00,1.4501,1.4556,1.4354,1.4427
1772647200,2026-03-04 18:00:00,1.4426,1.4567,1.4363,1.4545
1772650800,2026-03-04 19:00:00,1.4545,1.47,1.4524,1.4565
1772654400,2026-03-04 20:00:00,1.4565,1.4655,1.4495,1.4594
1772658000,2026-03-04 21:00:00,1.4595,1.4601,1.4446,1.4474
1772661600,2026-03-04 22:00:00,1.4475,1.4536,1.4271,1.4302
1772665200,2026-03-04 23:00:00,1.4302,1.4344,1.4164,1.4309
1772668800,2026-03-05 00:00:00,1.4309,1.4344,1.4235,1.4268
1772672400,2026-03-05 01:00:00,1.4268,1.4362,1.4157,1.4193
1772676000,2026-03-05 02:00:00,1.4193,1.4287,1.4165,1.4198
1772679600,2026-03-05 03:00:00,1.4199,1.4244,1.4163,1.4196
1772683200,2026-03-05 04:00:00,1.4195,1.4314,1.4187,1.4286
1772686800,2026-03-05 05:00:00,1.4286,1.4302,1.4127,1.415
1772690400,2026-03-05 06:00:00,1.415,1.4251,1.4085,1.4242
1772694000,2026-03-05 07:00:00,1.4241,1.4297,1.4091,1.413
1772697600,2026-03-05 08:00:00,1.413,1.419,1.4094,1.4186
1772701200,2026-03-05 09:00:00,1.4186,1.4316,1.4174,1.4288
1772704800,2026-03-05 10:00:00,1.4288,1.4525,1.4247,1.4478
1772708400,2026-03-05 11:00:00,1.4479,1.4499,1.4345,1.4363
1772712000,2026-03-05 12:00:00,1.4363,1.4427,1.4328,1.4409
1772715600,2026-03-05 13:00:00,1.441,1.4416,1.4204,1.4276
1772719200,2026-03-05 14:00:00,1.4277,1.4403,1.4199,1.4374
1772722800,2026-03-05 15:00:00,1.4375,1.4405,1.4098,1.4167
1772726400,2026-03-05 16:00:00,1.4167,1.4169,1.396,1.4115
1772730000,2026-03-05 17:00:00,1.4115,1.419,1.3987,1.3999
1772733600,2026-03-05 18:00:00,1.3998,1.4117,1.3984,1.4101
1772737200,2026-03-05 19:00:00,1.4102,1.4232,1.41,1.4112
1772740800,2026-03-05 20:00:00,1.4113,1.4206,1.4099,1.4154
1772744400,2026-03-05 21:00:00,1.4154,1.4193,1.4035,1.407
1772748000,2026-03-05 22:00:00,1.407,1.4095,1.4021,1.4061
1772751600,2026-03-05 23:00:00,1.406,1.4086,1.4021,1.4037
1772755200,2026-03-06 00:00:00,1.4038,1.4084,1.4028,1.4052
1772758800,2026-03-06 01:00:00,1.4053,1.4145,1.398,1.412
1772762400,2026-03-06 02:00:00,1.4121,1.4148,1.4088,1.4098
1772766000,2026-03-06 03:00:00,1.4099,1.4119,1.4035,1.4055
1772769600,2026-03-06 04:00:00,1.4054,1.4061,1.3916,1.3993
1772773200,2026-03-06 05:00:00,1.3993,1.403,1.3927,1.3986
1772776800,2026-03-06 06:00:00,1.3986,1.4051,1.3967,1.4006
1772780400,2026-03-06 07:00:00,1.4005,1.4084,1.3972,1.4077
1772784000,2026-03-06 08:00:00,1.4077,1.4085,1.4013,1.405
1772787600,2026-03-06 09:00:00,1.4051,1.4064,1.3921,1.3978
1772791200,2026-03-06 10:00:00,1.3978,1.4078,1.3973,1.4031
1772794800,2026-03-06 11:00:00,1.403,1.4047,1.3936,1.395
1772798400,2026-03-06 12:00:00,1.395,1.3965,1.3846,1.3892
1772802000,2026-03-06 13:00:00,1.3891,1.3972,1.372,1.3721
1772805600,2026-03-06 14:00:00,1.3721,1.3745,1.351,1.3554
1772809200,2026-03-06 15:00:00,1.3554,1.3664,1.353,1.3562
1772812800,2026-03-06 16:00:00,1.3562,1.3633,1.3538,1.3572
1772816400,2026-03-06 17:00:00,1.3571,1.3593,1.346,1.3498
1772820000,2026-03-06 18:00:00,1.3497,1.3629,1.3493,1.3586
1772823600,2026-03-06 19:00:00,1.3586,1.3662,1.3585,1.3634
1772827200,2026-03-06 20:00:00,1.3634,1.3645,1.3543,1.3572
1772830800,2026-03-06 21:00:00,1.3572,1.3649,1.356,1.3636
1772834400,2026-03-06 22:00:00,1.3636,1.3722,1.3628,1.3689
1772838000,2026-03-06 23:00:00,1.3689,1.369,1.3626,1.3633
1772841600,2026-03-07 00:00:00,1.3632,1.3706,1.3629,1.3681
1772845200,2026-03-07 01:00:00,1.368,1.3696,1.3646,1.3677
1772848800,2026-03-07 02:00:00,1.3678,1.3687,1.3627,1.3678
1772852400,2026-03-07 03:00:00,1.3679,1.3749,1.3654,1.366
1772856000,2026-03-07 04:00:00,1.366,1.3663,1.3606,1.3633
1772859600,2026-03-07 05:00:00,1.3633,1.3676,1.3622,1.3671
1772863200,2026-03-07 06:00:00,1.3672,1.3685,1.3617,1.3637
1772866800,2026-03-07 07:00:00,1.3637,1.3679,1.3613,1.367
1772870400,2026-03-07 08:00:00,1.367,1.3692,1.3645,1.3654
1772874000,2026-03-07 09:00:00,1.3653,1.3681,1.3632,1.3654
1772877600,2026-03-07 10:00:00,1.3654,1.3686,1.365,1.366
1772881200,2026-03-07 11:00:00,1.3661,1.3733,1.3653,1.37
1772884800,2026-03-07 12:00:00,1.37,1.3701,1.3624,1.3641
1772888400,2026-03-07 13:00:00,1.3642,1.3686,1.3617,1.3628
1772892000,2026-03-07 14:00:00,1.3628,1.3669,1.3565,1.3637
1772895600,2026-03-07 15:00:00,1.3638,1.3638,1.3548,1.3573
1772899200,2026-03-07 16:00:00,1.3573,1.3612,1.3558,1.3611
1772902800,2026-03-07 17:00:00,1.3611,1.3649,1.3604,1.3606
1772906400,2026-03-07 18:00:00,1.3605,1.3609,1.3517,1.3572
1772910000,2026-03-07 19:00:00,1.3571,1.3572,1.3468,1.3504
1772913600,2026-03-07 20:00:00,1.3504,1.3563,1.3502,1.3552
1772917200,2026-03-07 21:00:00,1.3551,1.3592,1.3545,1.3566
1772920800,2026-03-07 22:00:00,1.3566,1.3569,1.3504,1.3538
1772924400,2026-03-07 23:00:00,1.3537,1.3572,1.3528,1.3567
1772928000,2026-03-08 00:00:00,1.3568,1.3603,1.3539,1.3552
1772931600,2026-03-08 01:00:00,1.3551,1.3578,1.3509,1.3571
1772935200,2026-03-08 02:00:00,1.3572,1.3574,1.345,1.348
1772938800,2026-03-08 03:00:00,1.3479,1.3516,1.3446,1.3485
1772942400,2026-03-08 04:00:00,1.3485,1.3499,1.3415,1.3439
1772946000,2026-03-08 05:00:00,1.3439,1.3563,1.3439,1.3537
1772949600,2026-03-08 06:00:00,1.3537,1.3555,1.3498,1.3523
1772953200,2026-03-08 07:00:00,1.3522,1.3627,1.3516,1.3602
1772956800,2026-03-08 08:00:00,1.3603,1.3619,1.3545,1.3591
1772960400,2026-03-08 09:00:00,1.3591,1.3664,1.3561,1.3613
1772964000,2026-03-08 10:00:00,1.3613,1.3712,1.3612,1.3682
1772967600,2026-03-08 11:00:00,1.3681,1.3681,1.3563,1.3576
1772971200,2026-03-08 12:00:00,1.3577,1.3592,1.3445,1.352
1772974800,2026-03-08 13:00:00,1.3519,1.3537,1.3414,1.3501
1772978400,2026-03-08 14:00:00,1.35,1.3531,1.3454,1.3496
1772982000,2026-03-08 15:00:00,1.3497,1.3498,1.3428,1.3456
1772985600,2026-03-08 16:00:00,1.3456,1.3457,1.3381,1.3396
1772989200,2026-03-08 17:00:00,1.3396,1.3461,1.339,1.344
1772992800,2026-03-08 18:00:00,1.3441,1.3485,1.34,1.3455
1772996400,2026-03-08 19:00:00,1.3455,1.3599,1.3432,1.3563
1773000000,2026-03-08 20:00:00,1.3562,1.362,1.3521,1.3534
1773003600,2026-03-08 21:00:00,1.3535,1.3545,1.3442,1.3479
1773007200,2026-03-08 22:00:00,1.3479,1.3494,1.3218,1.3456
1773010800,2026-03-08 23:00:00,1.3457,1.3503,1.3392,1.34
1773014400,2026-03-09 00:00:00,1.3401,1.3605,1.3387,1.3491
1773018000,2026-03-09 01:00:00,1.3491,1.3537,1.3415,1.3421
1773021600,2026-03-09 02:00:00,1.342,1.35,1.3376,1.3459
1773025200,2026-03-09 03:00:00,1.3459,1.3653,1.345,1.3505
1773028800,2026-03-09 04:00:00,1.3505,1.3557,1.3439,1.3441
1773032400,2026-03-09 05:00:00,1.3442,1.3587,1.3419,1.3549
1773036000,2026-03-09 06:00:00,1.355,1.3586,1.3444,1.345
1773039600,2026-03-09 07:00:00,1.345,1.3455,1.333,1.3409
1773043200,2026-03-09 08:00:00,1.3409,1.3484,1.3394,1.3464
1773046800,2026-03-09 09:00:00,1.3464,1.3636,1.3412,1.3551
1773050400,2026-03-09 10:00:00,1.355,1.3565,1.3456,1.3473
1773054000,2026-03-09 11:00:00,1.3474,1.3516,1.3413,1.3502
1773057600,2026-03-09 12:00:00,1.3502,1.3579,1.3496,1.3547
1773061200,2026-03-09 13:00:00,1.3547,1.373,1.3542,1.368
1773064800,2026-03-09 14:00:00,1.368,1.3731,1.359,1.3647
1773068400,2026-03-09 15:00:00,1.3648,1.3678,1.3563,1.3602
1773072000,2026-03-09 16:00:00,1.3602,1.3703,1.3587,1.3645
1773075600,2026-03-09 17:00:00,1.3646,1.3703,1.3594,1.3625
1773079200,2026-03-09 18:00:00,1.3625,1.368,1.3561,1.3617
1773082800,2026-03-09 19:00:00,1.3617,1.3841,1.3562,1.3729
1773086400,2026-03-09 20:00:00,1.3729,1.3791,1.3672,1.3733
1773090000,2026-03-09 21:00:00,1.3732,1.3773,1.3697,1.3737
1773093600,2026-03-09 22:00:00,1.3737,1.3754,1.3627,1.3644
1773097200,2026-03-09 23:00:00,1.3644,1.3676,1.3604,1.3631
1773100800,2026-03-10 00:00:00,1.3631,1.374,1.3605,1.3699
1773104400,2026-03-10 01:00:00,1.3698,1.3751,1.3663,1.3722
1773108000,2026-03-10 02:00:00,1.3721,1.3923,1.3695,1.3877
1773111600,2026-03-10 03:00:00,1.3876,1.391,1.3748,1.375
1773115200,2026-03-10 04:00:00,1.375,1.3835,1.3731,1.3819
1773118800,2026-03-10 05:00:00,1.382,1.3897,1.3809,1.3842
1773122400,2026-03-10 06:00:00,1.3842,1.3844,1.3778,1.3802
1773126000,2026-03-10 07:00:00,1.3801,1.3886,1.3762,1.3875
1773129600,2026-03-10 08:00:00,1.3876,1.4116,1.3876,1.4015
1773133200,2026-03-10 09:00:00,1.4015,1.4195,1.4015,1.4165
1773136800,2026-03-10 10:00:00,1.4165,1.4174,1.4043,1.4055
1773140400,2026-03-10 11:00:00,1.4056,1.4057,1.3888,1.3909
1773144000,2026-03-10 12:00:00,1.391,1.392,1.3825,1.3889
1773147600,2026-03-10 13:00:00,1.389,1.4021,1.3813,1.393
1773151200,2026-03-10 14:00:00,1.3931,1.4378,1.3817,1.4343
1773154800,2026-03-10 15:00:00,1.4343,1.4427,1.4197,1.4308
1773158400,2026-03-10 16:00:00,1.4309,1.4372,1.4231,1.4271
1773162000,2026-03-10 17:00:00,1.4271,1.4305,1.4088,1.4124
1773165600,2026-03-10 18:00:00,1.4124,1.4133,1.3907,1.3937
1773169200,2026-03-10 19:00:00,1.3937,1.3952,1.3797,1.3849
1773172800,2026-03-10 20:00:00,1.3849,1.395,1.3844,1.3899
1773176400,2026-03-10 21:00:00,1.39,1.3949,1.3785,1.3836
1773180000,2026-03-10 22:00:00,1.3835,1.3887,1.3795,1.3841
1773183600,2026-03-10 23:00:00,1.384,1.3882,1.3839,1.3863
1773187200,2026-03-11 00:00:00,1.3864,1.3926,1.3819,1.3884
1773190800,2026-03-11 01:00:00,1.3884,1.3905,1.3843,1.3902
1773194400,2026-03-11 02:00:00,1.3903,1.3907,1.3785,1.3826
1773198000,2026-03-11 03:00:00,1.3825,1.3854,1.3782,1.3792
1773201600,2026-03-11 04:00:00,1.3791,1.3896,1.3769,1.3878
1773205200,2026-03-11 05:00:00,1.3878,1.391,1.3749,1.3765
1773208800,2026-03-11 06:00:00,1.3764,1.3845,1.376,1.3825
1773212400,2026-03-11 07:00:00,1.3825,1.3833,1.3735,1.3784
1773216000,2026-03-11 08:00:00,1.3785,1.3795,1.3725,1.3759
1773219600,2026-03-11 09:00:00,1.3759,1.3811,1.3731,1.3743
1773223200,2026-03-11 10:00:00,1.3742,1.3815,1.3729,1.3787
1773226800,2026-03-11 11:00:00,1.3786,1.3808,1.3722,1.3736
1773230400,2026-03-11 12:00:00,1.3735,1.3875,1.3706,1.3852
1773234000,2026-03-11 13:00:00,1.3852,1.4112,1.3832,1.3924
1773237600,2026-03-11 14:00:00,1.3924,1.4033,1.3864,1.3921
1773241200,2026-03-11 15:00:00,1.3922,1.3938,1.3731,1.3824
1773244800,2026-03-11 16:00:00,1.3825,1.3905,1.3802,1.3873
1773248400,2026-03-11 17:00:00,1.3874,1.4017,1.3872,1.3981
1773252000,2026-03-11 18:00:00,1.398,1.4075,1.3964,1.4044
1773255600,2026-03-11 19:00:00,1.4045,1.4049,1.388,1.3901
1773259200,2026-03-11 20:00:00,1.3901,1.3939,1.3871,1.3916
1773262800,2026-03-11 21:00:00,1.3917,1.3937,1.3885,1.3923
1773266400,2026-03-11 22:00:00,1.3923,1.3973,1.387,1.3903
1773270000,2026-03-11 23:00:00,1.3902,1.3922,1.3822,1.3847
1773273600,2026-03-12 00:00:00,1.3847,1.386,1.3811,1.384
1773277200,2026-03-12 01:00:00,1.3841,1.3842,1.377,1.3789
1773280800,2026-03-12 02:00:00,1.3788,1.3813,1.3705,1.3726
1773284400,2026-03-12 03:00:00,1.3725,1.3763,1.37,1.3738
1773288000,2026-03-12 04:00:00,1.3738,1.3784,1.3695,1.3704
1773291600,2026-03-12 05:00:00,1.3704,1.3728,1.366,1.3708
1773295200,2026-03-12 06:00:00,1.3707,1.3734,1.3672,1.3725
1773298800,2026-03-12 07:00:00,1.3725,1.378,1.3698,1.3765
1773302400,2026-03-12 08:00:00,1.3764,1.3824,1.3742,1.3802
1773306000,2026-03-12 09:00:00,1.3801,1.3888,1.3757,1.382
1773309600,2026-03-12 10:00:00,1.3821,1.3913,1.3786,1.3901
1773313200,2026-03-12 11:00:00,1.39,1.3936,1.387,1.3878
1773316800,2026-03-12 12:00:00,1.3878,1.3926,1.3855,1.388
1773320400,2026-03-12 13:00:00,1.3881,1.3924,1.3771,1.382
1773324000,2026-03-12 14:00:00,1.382,1.392,1.365,1.3693
1773327600,2026-03-12 15:00:00,1.3693,1.384,1.3663,1.3791
1773331200,2026-03-12 16:00:00,1.3791,1.3859,1.3706,1.382
1773334800,2026-03-12 17:00:00,1.382,1.3845,1.3772,1.3801
1773338400,2026-03-12 18:00:00,1.3801,1.381,1.3714,1.372
1773342000,2026-03-12 19:00:00,1.372,1.3818,1.3697,1.3786
1773345600,2026-03-12 20:00:00,1.3785,1.3801,1.3713,1.3721
1773349200,2026-03-12 21:00:00,1.372,1.3763,1.3716,1.3743
1773352800,2026-03-12 22:00:00,1.3742,1.3795,1.3724,1.3791
1773356400,2026-03-12 23:00:00,1.3791,1.3896,1.379,1.3846
1773360000,2026-03-13 00:00:00,1.3846,1.4243,1.3831,1.4064
1773363600,2026-03-13 01:00:00,1.4063,1.4166,1.4042,1.4137
1773367200,2026-03-13 02:00:00,1.4138,1.4146,1.4002,1.4015
1773370800,2026-03-13 03:00:00,1.4015,1.4144,1.4003,1.4124
1773374400,2026-03-13 04:00:00,1.4123,1.4142,1.4074,1.4114
1773378000,2026-03-13 05:00:00,1.4113,1.427,1.4075,1.4233
1773381600,2026-03-13 06:00:00,1.4234,1.4264,1.4124,1.4133
1773385200,2026-03-13 07:00:00,1.4133,1.421,1.4116,1.4153
1773388800,2026-03-13 08:00:00,1.4153,1.4338,1.413,1.4264
1773392400,2026-03-13 09:00:00,1.4264,1.4369,1.4263,1.4285
1773396000,2026-03-13 10:00:00,1.4285,1.4385,1.4284,1.434
1773399600,2026-03-13 11:00:00,1.4339,1.4345,1.4195,1.4202
1773403200,2026-03-13 12:00:00,1.4202,1.44,1.4197,1.4336
1773406800,2026-03-13 13:00:00,1.4336,1.4491,1.4308,1.4436
1773410400,2026-03-13 14:00:00,1.4437,1.4528,1.4211,1.4229
1773414000,2026-03-13 15:00:00,1.4229,1.429,1.4067,1.409
1773417600,2026-03-13 16:00:00,1.409,1.415,1.4,1.4098
1773421200,2026-03-13 17:00:00,1.4097,1.4128,1.392,1.3941
1773424800,2026-03-13 18:00:00,1.3942,1.4014,1.39,1.3975
1773428400,2026-03-13 19:00:00,1.3974,1.4028,1.3961,1.4014
1773432000,2026-03-13 20:00:00,1.4014,1.4049,1.3982,1.4024
1773435600,2026-03-13 21:00:00,1.4025,1.4061,1.3971,1.4009
1773439200,2026-03-13 22:00:00,1.4008,1.4016,1.3901,1.3948
1773442800,2026-03-13 23:00:00,1.3948,1.4003,1.3934,1.3989
1773446400,2026-03-14 00:00:00,1.3988,1.3997,1.3923,1.3943
1773450000,2026-03-14 01:00:00,1.3944,1.4011,1.3925,1.4001
1773453600,2026-03-14 02:00:00,1.4002,1.4025,1.3973,1.3984
1773457200,2026-03-14 03:00:00,1.3984,1.4035,1.3971,1.4009
1773460800,2026-03-14 04:00:00,1.4008,1.4042,1.3961,1.3981
1773464400,2026-03-14 05:00:00,1.3981,1.3993,1.3939,1.3953
1773468000,2026-03-14 06:00:00,1.3953,1.3953,1.3834,1.3926
1773471600,2026-03-14 07:00:00,1.3925,1.3978,1.3919,1.394
1773475200,2026-03-14 08:00:00,1.394,1.3968,1.3922,1.3934
1773478800,2026-03-14 09:00:00,1.3933,1.3974,1.3889,1.39
1773482400,2026-03-14 10:00:00,1.39,1.3908,1.3874,1.3895
1773486000,2026-03-14 11:00:00,1.3896,1.393,1.3892,1.3925
1773489600,2026-03-14 12:00:00,1.3924,1.394,1.388,1.3893
1773493200,2026-03-14 13:00:00,1.3893,1.3946,1.3882,1.3916
1773496800,2026-03-14 14:00:00,1.3916,1.3931,1.3875,1.3891
1773500400,2026-03-14 15:00:00,1.3891,1.3917,1.3881,1.3903
1773504000,2026-03-14 16:00:00,1.3903,1.3931,1.3871,1.393
1773507600,2026-03-14 17:00:00,1.3931,1.3936,1.3886,1.3898
1773511200,2026-03-14 18:00:00,1.3897,1.3926,1.3883,1.3913
1773514800,2026-03-14 19:00:00,1.3913,1.3914,1.3897,1.3903
1773518400,2026-03-14 20:00:00,1.3903,1.3942,1.389,1.3934
1773522000,2026-03-14 21:00:00,1.3934,1.3984,1.3912,1.3956
1773525600,2026-03-14 22:00:00,1.3957,1.3979,1.3946,1.3967
1773529200,2026-03-14 23:00:00,1.3967,1.4084,1.3967,1.4063
1773532800,2026-03-15 00:00:00,1.4063,1.4095,1.4023,1.4053
1773536400,2026-03-15 01:00:00,1.4053,1.4079,1.4021,1.405
1773540000,2026-03-15 02:00:00,1.405,1.4198,1.405,1.4158
1773543600,2026-03-15 03:00:00,1.4159,1.4203,1.4118,1.4121
1773547200,2026-03-15 04:00:00,1.4122,1.4183,1.4122,1.417
1773550800,2026-03-15 05:00:00,1.417,1.4211,1.4141,1.4141
1773554400,2026-03-15 06:00:00,1.4142,1.4159,1.4055,1.4103
1773558000,2026-03-15 07:00:00,1.4103,1.4121,1.4063,1.4076
1773561600,2026-03-15 08:00:00,1.4077,1.4133,1.4077,1.4132
1773565200,2026-03-15 09:00:00,1.4133,1.4187,1.4132,1.4148
1773568800,2026-03-15 10:00:00,1.4149,1.4179,1.4142,1.4164
1773572400,2026-03-15 11:00:00,1.4163,1.4206,1.414,1.4195
1773576000,2026-03-15 12:00:00,1.4196,1.425,1.4149,1.4237
1773579600,2026-03-15 13:00:00,1.4238,1.43,1.4157,1.4233
1773583200,2026-03-15 14:00:00,1.4232,1.425,1.4128,1.4172
1773586800,2026-03-15 15:00:00,1.4172,1.4225,1.415,1.4156
1773590400,2026-03-15 16:00:00,1.4156,1.4181,1.4092,1.4126
1773594000,2026-03-15 17:00:00,1.4127,1.4242,1.4121,1.4192
1773597600,2026-03-15 18:00:00,1.4193,1.421,1.4092,1.4109
1773601200,2026-03-15 19:00:00,1.4109,1.4152,1.41,1.4128
1773604800,2026-03-15 20:00:00,1.4129,1.4233,1.4106,1.4177
1773608400,2026-03-15 21:00:00,1.4178,1.4304,1.415,1.4273
1773612000,2026-03-15 22:00:00,1.4273,1.4649,1.4229,1.4551
1773615600,2026-03-15 23:00:00,1.4551,1.4579,1.4393,1.4487
1773619200,2026-03-16 00:00:00,1.4488,1.4579,1.4441,1.4467
1773622800,2026-03-16 01:00:00,1.4467,1.4502,1.4383,1.447
1773626400,2026-03-16 02:00:00,1.4471,1.4492,1.4357,1.4427
1773630000,2026-03-16 03:00:00,1.4427,1.48,1.4401,1.4674
1773633600,2026-03-16 04:00:00,1.4675,1.4859,1.4675,1.4801
1773637200,2026-03-16 05:00:00,1.4802,1.4848,1.4741,1.4811
1773640800,2026-03-16 06:00:00,1.4811,1.4816,1.4735,1.4768
1773644400,2026-03-16 07:00:00,1.4768,1.4887,1.476,1.483
1773648000,2026-03-16 08:00:00,1.483,1.4892,1.4646,1.4684
1773651600,2026-03-16 09:00:00,1.4684,1.4759,1.4663,1.4741
1773655200,2026-03-16 10:00:00,1.474,1.4763,1.4668,1.4749
1773658800,2026-03-16 11:00:00,1.4748,1.4755,1.4667,1.4698
1773662400,2026-03-16 12:00:00,1.4698,1.4809,1.4696,1.4762
1773666000,2026-03-16 13:00:00,1.4763,1.4927,1.4747,1.4828
1773669600,2026-03-16 14:00:00,1.4828,1.5097,1.4715,1.5093
1773673200,2026-03-16 15:00:00,1.5093,1.5169,1.4925,1.4932
1773676800,2026-03-16 16:00:00,1.4933,1.5114,1.4918,1.5087
1773680400,2026-03-16 17:00:00,1.5088,1.519,1.5057,1.5185
1773684000,2026-03-16 18:00:00,1.5185,1.5443,1.5164,1.5356
1773687600,2026-03-16 19:00:00,1.5356,1.5424,1.5208,1.5298
1773691200,2026-03-16 20:00:00,1.5297,1.5312,1.5235,1.5285
1773694800,2026-03-16 21:00:00,1.5284,1.5405,1.526,1.528
1773698400,2026-03-16 22:00:00,1.528,1.5522,1.528,1.5514
1773702000,2026-03-16 23:00:00,1.5514,1.5519,1.5373,1.543
1773705600,2026-03-17 00:00:00,1.5429,1.5548,1.5342,1.5454
1773709200,2026-03-17 01:00:00,1.5454,1.578,1.5439,1.5709
1773712800,2026-03-17 02:00:00,1.571,1.607,1.5609,1.5941
1773716400,2026-03-17 03:00:00,1.594,1.5953,1.5343,1.5443
1773720000,2026-03-17 04:00:00,1.5443,1.5526,1.5237,1.5301
1773723600,2026-03-17 05:00:00,1.5301,1.5321,1.5106,1.5153
1773727200,2026-03-17 06:00:00,1.5154,1.5232,1.5041,1.5168
1773730800,2026-03-17 07:00:00,1.5168,1.5436,1.5164,1.53
1773734400,2026-03-17 08:00:00,1.53,1.5327,1.5195,1.5206
1773738000,2026-03-17 09:00:00,1.5206,1.5237,1.5086,1.5125
1773741600,2026-03-17 10:00:00,1.5125,1.5125,1.5024,1.5089
1773745200,2026-03-17 11:00:00,1.5089,1.5186,1.5072,1.5097
1773748800,2026-03-17 12:00:00,1.5098,1.5148,1.5022,1.5049
1773752400,2026-03-17 13:00:00,1.5049,1.5174,1.4957,1.5039
1773756000,2026-03-17 14:00:00,1.5039,1.5136,1.4941,1.5125
1773759600,2026-03-17 15:00:00,1.5125,1.5221,1.5031,1.5135
1773763200,2026-03-17 16:00:00,1.5136,1.54,1.5015,1.5187
1773766800,2026-03-17 17:00:00,1.5187,1.5317,1.5172,1.5309
1773770400,2026-03-17 18:00:00,1.5309,1.5383,1.5254,1.5365
1773774000,2026-03-17 19:00:00,1.5365,1.5408,1.53,1.5335
1773777600,2026-03-17 20:00:00,1.5334,1.5358,1.5282,1.5331
1773781200,2026-03-17 21:00:00,1.5331,1.5359,1.5268,1.5299
1773784800,2026-03-17 22:00:00,1.53,1.5365,1.5205,1.5278
1773788400,2026-03-17 23:00:00,1.5278,1.5307,1.5177,1.5182
1773792000,2026-03-18 00:00:00,1.5182,1.5213,1.5089,1.5155
1773795600,2026-03-18 01:00:00,1.5155,1.5233,1.5139,1.5155
1773799200,2026-03-18 02:00:00,1.5154,1.5312,1.5147,1.5269
1773802800,2026-03-18 03:00:00,1.527,1.5398,1.5257,1.5389
1773806400,2026-03-18 04:00:00,1.5389,1.5414,1.5237,1.5268
1773810000,2026-03-18 05:00:00,1.5267,1.5373,1.5217,1.5235
1773813600,2026-03-18 06:00:00,1.5235,1.5307,1.5235,1.5249
1773817200,2026-03-18 07:00:00,1.5249,1.5249,1.515,1.5201
1773820800,2026-03-18 08:00:00,1.5201,1.5255,1.5196,1.5224
1773824400,2026-03-18 09:00:00,1.5223,1.5275,1.521,1.5238
1773828000,2026-03-18 10:00:00,1.5238,1.5246,1.5095,1.5111
1773831600,2026-03-18 11:00:00,1.5111,1.5121,1.4839,1.4895
1773835200,2026-03-18 12:00:00,1.4896,1.4908,1.4576,1.464
1773838800,2026-03-18 13:00:00,1.4641,1.4741,1.4561,1.4664
1773842400,2026-03-18 14:00:00,1.4664,1.4681,1.4439,1.446
1773846000,2026-03-18 15:00:00,1.4459,1.4526,1.4385,1.4408
1773849600,2026-03-18 16:00:00,1.4407,1.4473,1.4359,1.4424
1773853200,2026-03-18 17:00:00,1.4425,1.4592,1.44,1.4566
1773856800,2026-03-18 18:00:00,1.4566,1.4669,1.4483,1.4524
1773860400,2026-03-18 19:00:00,1.4524,1.4604,1.4486,1.4493
1773864000,2026-03-18 20:00:00,1.4493,1.4622,1.4421,1.4592
1773867600,2026-03-18 21:00:00,1.4591,1.472,1.4584,1.4675
1773871200,2026-03-18 22:00:00,1.4675,1.4677,1.4593,1.4625
1773874800,2026-03-18 23:00:00,1.4626,1.4659,1.4579,1.4647
1773878400,2026-03-19 00:00:00,1.4648,1.4652,1.4594,1.4611
1773882000,2026-03-19 01:00:00,1.4612,1.4673,1.4568,1.4618
1773885600,2026-03-19 02:00:00,1.4617,1.4643,1.4555,1.4575
1773889200,2026-03-19 03:00:00,1.4575,1.4788,1.4573,1.4743
1773892800,2026-03-19 04:00:00,1.4742,1.4743,1.4635,1.4665
1773896400,2026-03-19 05:00:00,1.4665,1.4675,1.4593,1.4668
1773900000,2026-03-19 06:00:00,1.4668,1.4817,1.4638,1.4688
1773903600,2026-03-19 07:00:00,1.4688,1.4703,1.4507,1.4614
1773907200,2026-03-19 08:00:00,1.4613,1.4641,1.4522,1.4556
1773910800,2026-03-19 09:00:00,1.4556,1.4709,1.4556,1.4693
1773914400,2026-03-19 10:00:00,1.4693,1.4704,1.4625,1.4629
1773918000,2026-03-19 11:00:00,1.463,1.4655,1.4571,1.4585
1773921600,2026-03-19 12:00:00,1.4586,1.4586,1.4356,1.437
1773925200,2026-03-19 13:00:00,1.4371,1.454,1.4326,1.452
1773928800,2026-03-19 14:00:00,1.452,1.457,1.4388,1.4443
1773932400,2026-03-19 15:00:00,1.4442,1.4499,1.4246,1.4319
1773936000,2026-03-19 16:00:00,1.4319,1.4373,1.422,1.4271
1773939600,2026-03-19 17:00:00,1.4271,1.4394,1.4219,1.4388
1773943200,2026-03-19 18:00:00,1.4388,1.4391,1.4309,1.4371
1773946800,2026-03-19 19:00:00,1.437,1.4529,1.4364,1.4449
1773950400,2026-03-19 20:00:00,1.4448,1.4544,1.4434,1.4497
1773954000,2026-03-19 21:00:00,1.4496,1.4565,1.4495,1.4546
1773957600,2026-03-19 22:00:00,1.4546,1.4556,1.4443,1.4493
1773961200,2026-03-19 23:00:00,1.4494,1.4539,1.4427,1.4475
1773964800,2026-03-20 00:00:00,1.4475,1.453,1.445,1.45
1773968400,2026-03-20 01:00:00,1.45,1.4607,1.4499,1.4564
1773972000,2026-03-20 02:00:00,1.4564,1.4573,1.4464,1.4524
1773975600,2026-03-20 03:00:00,1.4524,1.4569,1.45,1.453
1773979200,2026-03-20 04:00:00,1.453,1.4571,1.4476,1.4535
1773982800,2026-03-20 05:00:00,1.4535,1.4585,1.45,1.4549
1773986400,2026-03-20 06:00:00,1.4549,1.4636,1.4504,1.4504
1773990000,2026-03-20 07:00:00,1.4504,1.4566,1.4434,1.4546
1773993600,2026-03-20 08:00:00,1.4546,1.4665,1.4537,1.46
1773997200,2026-03-20 09:00:00,1.4599,1.4599,1.4453,1.4482
1774000800,2026-03-20 10:00:00,1.4481,1.4539,1.4441,1.4506
1774004400,2026-03-20 11:00:00,1.4506,1.4549,1.4434,1.4491
1774008000,2026-03-20 12:00:00,1.4492,1.4525,1.4417,1.4424
1774011600,2026-03-20 13:00:00,1.4424,1.4488,1.4365,1.438
1774015200,2026-03-20 14:00:00,1.438,1.4448,1.4336,1.4366
1774018800,2026-03-20 15:00:00,1.4366,1.442,1.4284,1.4375
1774022400,2026-03-20 16:00:00,1.4374,1.443,1.4326,1.4373
1774026000,2026-03-20 17:00:00,1.4373,1.4407,1.4289,1.4391
1774029600,2026-03-20 18:00:00,1.4392,1.4397,1.4289,1.4312
1774033200,2026-03-20 19:00:00,1.4313,1.4375,1.4248,1.436
1774036800,2026-03-20 20:00:00,1.436,1.4375,1.4291,1.4365
1774040400,2026-03-20 21:00:00,1.4365,1.4489,1.4337,1.4432
1774044000,2026-03-20 22:00:00,1.4432,1.4521,1.4431,1.4477
1774047600,2026-03-20 23:00:00,1.4478,1.4481,1.4398,1.4452
1774051200,2026-03-21 00:00:00,1.4452,1.4492,1.4427,1.4476
1774054800,2026-03-21 01:00:00,1.4475,1.4496,1.4425,1.4434
1774058400,2026-03-21 02:00:00,1.4435,1.4489,1.4425,1.4468
1774062000,2026-03-21 03:00:00,1.4468,1.4476,1.4449,1.4458
1774065600,2026-03-21 04:00:00,1.4459,1.448,1.4441,1.4443
1774069200,2026-03-21 05:00:00,1.4444,1.4514,1.4444,1.4512
1774072800,2026-03-21 06:00:00,1.4511,1.453,1.4477,1.4488
1774076400,2026-03-21 07:00:00,1.4488,1.4499,1.444,1.444
1774080000,2026-03-21 08:00:00,1.4441,1.4456,1.4403,1.4412
1774083600,2026-03-21 09:00:00,1.4412,1.443,1.4368,1.4403
1774087200,2026-03-21 10:00:00,1.4403,1.4409,1.4379,1.4403
1774090800,2026-03-21 11:00:00,1.4402,1.443,1.4392,1.4425
1774094400,2026-03-21 12:00:00,1.4426,1.4467,1.4404,1.4448
1774098000,2026-03-21 13:00:00,1.4448,1.4461,1.4352,1.4398
1774101600,2026-03-21 14:00:00,1.4397,1.4453,1.4352,1.4367
1774105200,2026-03-21 15:00:00,1.4368,1.4402,1.4342,1.4381
1774108800,2026-03-21 16:00:00,1.4381,1.4384,1.4341,1.4369
1774112400,2026-03-21 17:00:00,1.437,1.4415,1.4341,1.4398
1774116000,2026-03-21 18:00:00,1.4399,1.4417,1.4368,1.4374
1774119600,2026-03-21 19:00:00,1.4374,1.4383,1.4358,1.4373
1774123200,2026-03-21 20:00:00,1.4372,1.4427,1.437,1.4414
1774126800,2026-03-21 21:00:00,1.4414,1.4422,1.4388,1.4402
1774130400,2026-03-21 22:00:00,1.4401,1.4416,1.4378,1.4393
1774134000,2026-03-21 23:00:00,1.4393,1.4395,1.4003,1.4086
1774137600,2026-03-22 00:00:00,1.4087,1.4178,1.3938,1.4111
1774141200,2026-03-22 01:00:00,1.411,1.4163,1.4055,1.4101
1774144800,2026-03-22 02:00:00,1.4102,1.4207,1.408,1.4166
1774148400,2026-03-22 03:00:00,1.4167,1.4263,1.4131,1.4171
1774152000,2026-03-22 04:00:00,1.417,1.4204,1.4102,1.4175
1774155600,2026-03-22 05:00:00,1.4174,1.4174,1.4115,1.4116
1774159200,2026-03-22 06:00:00,1.4115,1.413,1.41,1.4108
1774162800,2026-03-22 07:00:00,1.4107,1.4129,1.4031,1.4034
1774166400,2026-03-22 08:00:00,1.4034,1.4038,1.3931,1.3991
1774170000,2026-03-22 09:00:00,1.3991,1.4035,1.3951,1.3958
1774173600,2026-03-22 10:00:00,1.3958,1.3968,1.3871,1.3884
1774177200,2026-03-22 11:00:00,1.3884,1.3956,1.3855,1.3909
1774180800,2026-03-22 12:00:00,1.3909,1.402,1.3907,1.3995
1774184400,2026-03-22 13:00:00,1.3996,1.4071,1.3961,1.3983
1774188000,2026-03-22 14:00:00,1.3983,1.4031,1.3949,1.3972
1774191600,2026-03-22 15:00:00,1.3972,1.4009,1.3914,1.3926
1774195200,2026-03-22 16:00:00,1.3927,1.3954,1.3906,1.3945
1774198800,2026-03-22 17:00:00,1.3944,1.3957,1.3915,1.3927
1774202400,2026-03-22 18:00:00,1.3927,1.3927,1.3814,1.3882
1774206000,2026-03-22 19:00:00,1.3881,1.3881,1.381,1.3847
1774209600,2026-03-22 20:00:00,1.3848,1.3904,1.3848,1.3867
1774213200,2026-03-22 21:00:00,1.3868,1.3878,1.3712,1.3793
1774216800,2026-03-22 22:00:00,1.3793,1.3929,1.3718,1.3909
1774220400,2026-03-22 23:00:00,1.3909,1.3931,1.3837,1.3848
1774224000,2026-03-23 00:00:00,1.3849,1.3908,1.3742,1.3789
1774227600,2026-03-23 01:00:00,1.3789,1.39,1.3756,1.3817
1774231200,2026-03-23 02:00:00,1.3817,1.393,1.3816,1.3851
1774234800,2026-03-23 03:00:00,1.3851,1.3918,1.3783,1.3814
1774238400,2026-03-23 04:00:00,1.3814,1.3906,1.3783,1.3904
1774242000,2026-03-23 05:00:00,1.3904,1.3981,1.3882,1.3911
1774245600,2026-03-23 06:00:00,1.391,1.391,1.3681,1.3719
1774249200,2026-03-23 07:00:00,1.372,1.3761,1.3626,1.3728
1774252800,2026-03-23 08:00:00,1.3729,1.3802,1.3673,1.3686
1774256400,2026-03-23 09:00:00,1.3686,1.3716,1.3618,1.3694
1774260000,2026-03-23 10:00:00,1.3694,1.3807,1.3685,1.3723
1774263600,2026-03-23 11:00:00,1.3723,1.4449,1.3723,1.4115
1774267200,2026-03-23 12:00:00,1.4115,1.4273,1.4019,1.4251
1774270800,2026-03-23 13:00:00,1.4252,1.4442,1.4214,1.4422
1774274400,2026-03-23 14:00:00,1.4423,1.4566,1.4418,1.4554
1774278000,2026-03-23 15:00:00,1.4555,1.4661,1.4307,1.4314
1774281600,2026-03-23 16:00:00,1.4313,1.4429,1.4276,1.4342
1774285200,2026-03-23 17:00:00,1.4343,1.4465,1.4268,1.4441
1774288800,2026-03-23 18:00:00,1.4442,1.4464,1.4368,1.4418
1774292400,2026-03-23 19:00:00,1.4418,1.4456,1.4316,1.4346
1774296000,2026-03-23 20:00:00,1.4346,1.4399,1.4309,1.4381
1774299600,2026-03-23 21:00:00,1.4382,1.4401,1.4346,1.4359
1774303200,2026-03-23 22:00:00,1.436,1.437,1.4256,1.4296
1774306800,2026-03-23 23:00:00,1.4295,1.4344,1.4233,1.4323
1774310400,2026-03-24 00:00:00,1.4323,1.435,1.4163,1.4198
1774314000,2026-03-24 01:00:00,1.4198,1.4232,1.41,1.4136
1774317600,2026-03-24 02:00:00,1.4135,1.4169,1.4088,1.4092
1774321200,2026-03-24 03:00:00,1.4092,1.4158,1.4086,1.4144
1774324800,2026-03-24 04:00:00,1.4144,1.4167,1.4067,1.4085
1774328400,2026-03-24 05:00:00,1.4085,1.4154,1.4052,1.414
1774332000,2026-03-24 06:00:00,1.414,1.4172,1.4103,1.4158
1774335600,2026-03-24 07:00:00,1.4158,1.4324,1.4145,1.4313
1774339200,2026-03-24 08:00:00,1.4312,1.4333,1.4143,1.4173
1774342800,2026-03-24 09:00:00,1.4173,1.4242,1.4133,1.4234
1774346400,2026-03-24 10:00:00,1.4233,1.4235,1.4168,1.4216
1774350000,2026-03-24 11:00:00,1.4215,1.426,1.4152,1.4233
1774353600,2026-03-24 12:00:00,1.4233,1.4236,1.4144,1.4164
1774357200,2026-03-24 13:00:00,1.4165,1.4181,1.4007,1.4027
1774360800,2026-03-24 14:00:00,1.4027,1.4089,1.3954,1.4021
1774364400,2026-03-24 15:00:00,1.4022,1.4087,1.4005,1.4009
1774368000,2026-03-24 16:00:00,1.4009,1.404,1.3896,1.391
1774371600,2026-03-24 17:00:00,1.391,1.3939,1.3835,1.3883
1774375200,2026-03-24 18:00:00,1.3884,1.3951,1.3874,1.389
1774378800,2026-03-24 19:00:00,1.3889,1.3939,1.3877,1.3882
1774382400,2026-03-24 20:00:00,1.3881,1.4131,1.3864,1.4099
1774386000,2026-03-24 21:00:00,1.4099,1.4146,1.4053,1.4131
1774389600,2026-03-24 22:00:00,1.4131,1.4145,1.408,1.4111
1774393200,2026-03-24 23:00:00,1.4112,1.4183,1.4093,1.416
1774396800,2026-03-25 00:00:00,1.416,1.4251,1.4123,1.4204
1774400400,2026-03-25 01:00:00,1.4203,1.4224,1.4158,1.4169
1774404000,2026-03-25 02:00:00,1.417,1.4172,1.4105,1.4106
1774407600,2026-03-25 03:00:00,1.4106,1.4148,1.4071,1.4132
1774411200,2026-03-25 04:00:00,1.4132,1.4174,1.4113,1.4162
1774414800,2026-03-25 05:00:00,1.4162,1.4235,1.4152,1.4176
1774418400,2026-03-25 06:00:00,1.4176,1.4232,1.416,1.4179
1774422000,2026-03-25 07:00:00,1.418,1.4268,1.4171,1.42
1774425600,2026-03-25 08:00:00,1.42,1.4256,1.418,1.4197
1774429200,2026-03-25 09:00:00,1.4196,1.4214,1.4127,1.4179
1774432800,2026-03-25 10:00:00,1.4179,1.4238,1.4164,1.4228
1774436400,2026-03-25 11:00:00,1.4228,1.4379,1.4227,1.429
1774440000,2026-03-25 12:00:00,1.4291,1.4322,1.4137,1.4223
1774443600,2026-03-25 13:00:00,1.4224,1.4299,1.4187,1.4207
1774447200,2026-03-25 14:00:00,1.4207,1.4225,1.4153,1.4155
1774450800,2026-03-25 15:00:00,1.4155,1.4169,1.4019,1.4075
1774454400,2026-03-25 16:00:00,1.4074,1.4212,1.405,1.4159
1774458000,2026-03-25 17:00:00,1.4159,1.4175,1.4103,1.4115
1774461600,2026-03-25 18:00:00,1.4116,1.4187,1.41,1.4129
1774465200,2026-03-25 19:00:00,1.4129,1.4156,1.409,1.4121
1774468800,2026-03-25 20:00:00,1.4122,1.4155,1.4101,1.4147
1774472400,2026-03-25 21:00:00,1.4147,1.4174,1.4121,1.4137
1774476000,2026-03-25 22:00:00,1.4136,1.4225,1.4126,1.418
1774479600,2026-03-25 23:00:00,1.418,1.4195,1.4128,1.4145
1774483200,2026-03-26 00:00:00,1.4145,1.4165,1.4113,1.4135
1774486800,2026-03-26 01:00:00,1.4135,1.4151,1.4103,1.4109
1774490400,2026-03-26 02:00:00,1.4108,1.4117,1.4,1.4036
1774494000,2026-03-26 03:00:00,1.4035,1.4035,1.3963,1.4017
1774497600,2026-03-26 04:00:00,1.4016,1.4056,1.3977,1.4027
1774501200,2026-03-26 05:00:00,1.4026,1.4029,1.3881,1.3889
1774504800,2026-03-26 06:00:00,1.3888,1.393,1.3855,1.3856
1774508400,2026-03-26 07:00:00,1.3856,1.3875,1.3798,1.3856
1774512000,2026-03-26 08:00:00,1.3856,1.3865,1.3802,1.3821
1774515600,2026-03-26 09:00:00,1.3822,1.3839,1.3683,1.3731
1774519200,2026-03-26 10:00:00,1.3731,1.3772,1.3695,1.3737
1774522800,2026-03-26 11:00:00,1.3737,1.3768,1.3692,1.3715
1774526400,2026-03-26 12:00:00,1.3715,1.3762,1.3702,1.3745
1774530000,2026-03-26 13:00:00,1.3744,1.3828,1.371,1.3786
1774533600,2026-03-26 14:00:00,1.3787,1.3818,1.3651,1.3685
1774537200,2026-03-26 15:00:00,1.3685,1.3685,1.3527,1.3604
1774540800,2026-03-26 16:00:00,1.3605,1.3677,1.36,1.361
1774544400,2026-03-26 17:00:00,1.361,1.3645,1.3515,1.3541
1774548000,2026-03-26 18:00:00,1.354,1.3557,1.336,1.3476
1774551600,2026-03-26 19:00:00,1.3475,1.3519,1.3442,1.3444
1774555200,2026-03-26 20:00:00,1.3444,1.3649,1.3443,1.3594
1774558800,2026-03-26 21:00:00,1.3594,1.3704,1.3579,1.3669
1774562400,2026-03-26 22:00:00,1.3669,1.3688,1.3575,1.3635
1774566000,2026-03-26 23:00:00,1.3635,1.3652,1.3586,1.3609
1774569600,2026-03-27 00:00:00,1.3608,1.3637,1.3582,1.3617
1774573200,2026-03-27 01:00:00,1.3618,1.3698,1.3605,1.369
1774576800,2026-03-27 02:00:00,1.3689,1.3726,1.3668,1.3704
1774580400,2026-03-27 03:00:00,1.3703,1.3709,1.3636,1.3639
1774584000,2026-03-27 04:00:00,1.3639,1.3647,1.356,1.3634
1774587600,2026-03-27 05:00:00,1.3635,1.3685,1.3605,1.3623
1774591200,2026-03-27 06:00:00,1.3623,1.3641,1.3595,1.3599
1774594800,2026-03-27 07:00:00,1.3598,1.3648,1.3574,1.359
1774598400,2026-03-27 08:00:00,1.359,1.3613,1.3438,1.3505
1774602000,2026-03-27 09:00:00,1.3505,1.3508,1.34,1.3462
1774605600,2026-03-27 10:00:00,1.3463,1.3475,1.3262,1.333
1774609200,2026-03-27 11:00:00,1.3331,1.3388,1.3297,1.335
1774612800,2026-03-27 12:00:00,1.3351,1.3353,1.3262,1.3325
1774616400,2026-03-27 13:00:00,1.3325,1.3433,1.3279,1.3406
1774620000,2026-03-27 14:00:00,1.3405,1.3443,1.3279,1.3323
1774623600,2026-03-27 15:00:00,1.3324,1.3459,1.3318,1.336
1774627200,2026-03-27 16:00:00,1.336,1.3371,1.33,1.3307
1774630800,2026-03-27 17:00:00,1.3307,1.3374,1.3235,1.324
1774634400,2026-03-27 18:00:00,1.324,1.3261,1.3184,1.3236
1774638000,2026-03-27 19:00:00,1.3236,1.3295,1.3197,1.3253
1774641600,2026-03-27 20:00:00,1.3253,1.3282,1.3222,1.3262
1774645200,2026-03-27 21:00:00,1.3263,1.3327,1.3262,1.3287
1774648800,2026-03-27 22:00:00,1.3286,1.3291,1.3223,1.3247
1774652400,2026-03-27 23:00:00,1.3248,1.3263,1.3204,1.3257
1774656000,2026-03-28 00:00:00,1.3256,1.3294,1.3247,1.3265
1774659600,2026-03-28 01:00:00,1.3266,1.3276,1.3191,1.3237
1774663200,2026-03-28 02:00:00,1.3237,1.3274,1.3217,1.324
1774666800,2026-03-28 03:00:00,1.324,1.3283,1.324,1.3271
1774670400,2026-03-28 04:00:00,1.3271,1.3308,1.3258,1.3307
1774674000,2026-03-28 05:00:00,1.3308,1.3421,1.3285,1.3374
1774677600,2026-03-28 06:00:00,1.3375,1.3396,1.3338,1.3359
1774681200,2026-03-28 07:00:00,1.3359,1.3411,1.335,1.3411
1774684800,2026-03-28 08:00:00,1.3411,1.3426,1.3373,1.3379
1774688400,2026-03-28 09:00:00,1.3379,1.3385,1.3362,1.3372
1774692000,2026-03-28 10:00:00,1.3372,1.3433,1.3348,1.3379
1774695600,2026-03-28 11:00:00,1.3379,1.3421,1.3374,1.3403
1774699200,2026-03-28 12:00:00,1.3403,1.3417,1.3361,1.3386
1774702800,2026-03-28 13:00:00,1.3386,1.3573,1.3381,1.3504
1774706400,2026-03-28 14:00:00,1.3504,1.3523,1.3462,1.3479
1774710000,2026-03-28 15:00:00,1.3478,1.3582,1.3463,1.3533
1774713600,2026-03-28 16:00:00,1.3534,1.3545,1.3495,1.35
1774717200,2026-03-28 17:00:00,1.3499,1.352,1.3443,1.3457
1774720800,2026-03-28 18:00:00,1.3458,1.3473,1.3449,1.3459
1774724400,2026-03-28 19:00:00,1.3458,1.3465,1.3418,1.3449
1774728000,2026-03-28 20:00:00,1.3449,1.348,1.3444,1.3469
1774731600,2026-03-28 21:00:00,1.3468,1.3468,1.3405,1.3414
1774735200,2026-03-28 22:00:00,1.3415,1.344,1.3388,1.3412
1774738800,2026-03-28 23:00:00,1.3412,1.3413,1.331,1.3333
1774742400,2026-03-29 00:00:00,1.3333,1.3356,1.33,1.3326
1774746000,2026-03-29 01:00:00,1.3327,1.3373,1.3325,1.3357
1774749600,2026-03-29 02:00:00,1.3358,1.3388,1.3345,1.3367
1774753200,2026-03-29 03:00:00,1.3366,1.3418,1.3354,1.3384
1774756800,2026-03-29 04:00:00,1.3383,1.3386,1.3348,1.3363
1774760400,2026-03-29 05:00:00,1.3363,1.3363,1.3285,1.3336
1774764000,2026-03-29 06:00:00,1.3337,1.3433,1.3336,1.3345
1774767600,2026-03-29 07:00:00,1.3345,1.3372,1.3326,1.3341
1774771200,2026-03-29 08:00:00,1.3341,1.34,1.3322,1.3373
1774774800,2026-03-29 09:00:00,1.3374,1.3377,1.3341,1.3355
1774778400,2026-03-29 10:00:00,1.3355,1.3355,1.331,1.3336
1774782000,2026-03-29 11:00:00,1.3336,1.3407,1.3332,1.3382
1774785600,2026-03-29 12:00:00,1.3382,1.3382,1.3335,1.3347
1774789200,2026-03-29 13:00:00,1.3347,1.335,1.3252,1.3266
1774792800,2026-03-29 14:00:00,1.3265,1.3325,1.3241,1.3262
1774796400,2026-03-29 15:00:00,1.3262,1.3283,1.3213,1.3257
1774800000,2026-03-29 16:00:00,1.3257,1.3297,1.3243,1.3252
1774803600,2026-03-29 17:00:00,1.3253,1.3274,1.3189,1.3235
1774807200,2026-03-29 18:00:00,1.3236,1.3263,1.3217,1.3236
1774810800,2026-03-29 19:00:00,1.3237,1.3239,1.3162,1.3182
1774814400,2026-03-29 20:00:00,1.3181,1.327,1.3177,1.3241
1774818000,2026-03-29 21:00:00,1.3242,1.3286,1.3238,1.3278
1774821600,2026-03-29 22:00:00,1.3278,1.3278,1.2954,1.319
1774825200,2026-03-29 23:00:00,1.319,1.3325,1.3187,1.3278
1774828800,2026-03-30 00:00:00,1.3279,1.3507,1.3247,1.3314
1774832400,2026-03-30 01:00:00,1.3314,1.3424,1.3314,1.3403
1774836000,2026-03-30 02:00:00,1.3403,1.355,1.3392,1.3486
1774839600,2026-03-30 03:00:00,1.3485,1.3553,1.3455,1.352
1774843200,2026-03-30 04:00:00,1.3521,1.3609,1.3507,1.3509
1774846800,2026-03-30 05:00:00,1.3509,1.3575,1.347,1.3519
1774850400,2026-03-30 06:00:00,1.3519,1.357,1.3505,1.3507
1774854000,2026-03-30 07:00:00,1.3508,1.3597,1.3507,1.3584
1774857600,2026-03-30 08:00:00,1.3583,1.3669,1.3569,1.3612
1774861200,2026-03-30 09:00:00,1.3613,1.3615,1.3499,1.3499
1774864800,2026-03-30 10:00:00,1.35,1.35,1.345,1.3479
1774868400,2026-03-30 11:00:00,1.348,1.3609,1.3476,1.3499
1774872000,2026-03-30 12:00:00,1.35,1.3559,1.3497,1.3515
1774875600,2026-03-30 13:00:00,1.3515,1.3564,1.3441,1.3459
1774879200,2026-03-30 14:00:00,1.346,1.3496,1.3351,1.3481
1774882800,2026-03-30 15:00:00,1.3481,1.3509,1.3391,1.3454
1774886400,2026-03-30 16:00:00,1.3454,1.3456,1.3379,1.342
1774890000,2026-03-30 17:00:00,1.342,1.3453,1.3319,1.3342
1774893600,2026-03-30 18:00:00,1.3342,1.3359,1.3244,1.3255
1774897200,2026-03-30 19:00:00,1.3254,1.3263,1.3166,1.323
1774900800,2026-03-30 20:00:00,1.323,1.3279,1.3215,1.3274
1774904400,2026-03-30 21:00:00,1.3274,1.3345,1.3249,1.3309
1774908000,2026-03-30 22:00:00,1.3309,1.3332,1.3273,1.3289
1774911600,2026-03-30 23:00:00,1.3288,1.3288,1.32,1.3242
1774915200,2026-03-31 00:00:00,1.3242,1.3293,1.3192,1.326
1774918800,2026-03-31 01:00:00,1.326,1.3482,1.3237,1.3394
1774922400,2026-03-31 02:00:00,1.3393,1.3409,1.3356,1.3368
1774926000,2026-03-31 03:00:00,1.3367,1.3368,1.3256,1.3259
1774929600,2026-03-31 04:00:00,1.3258,1.3273,1.3204,1.3239
1774933200,2026-03-31 05:00:00,1.3239,1.3296,1.32,1.3226
1774936800,2026-03-31 06:00:00,1.3225,1.3287,1.3148,1.3241
1774940400,2026-03-31 07:00:00,1.3241,1.3255,1.3143,1.3196
1774944000,2026-03-31 08:00:00,1.3196,1.3237,1.31,1.3141
1774947600,2026-03-31 09:00:00,1.3141,1.3168,1.3038,1.3073
1774951200,2026-03-31 10:00:00,1.3074,1.3138,1.307,1.3108
1774954800,2026-03-31 11:00:00,1.3109,1.3181,1.3075,1.315
1774958400,2026-03-31 12:00:00,1.3149,1.3214,1.3139,1.3156
1774962000,2026-03-31 13:00:00,1.3156,1.3282,1.3148,1.3265
1774965600,2026-03-31 14:00:00,1.3265,1.3387,1.3113,1.3147
1774969200,2026-03-31 15:00:00,1.3147,1.3284,1.3141,1.3151
1774972800,2026-03-31 16:00:00,1.3151,1.3372,1.3144,1.3305
1774976400,2026-03-31 17:00:00,1.3305,1.3455,1.328,1.331
1774980000,2026-03-31 18:00:00,1.331,1.3427,1.331,1.3405
1774983600,2026-03-31 19:00:00,1.3405,1.3469,1.3405,1.345
1774987200,2026-03-31 20:00:00,1.345,1.3503,1.3422,1.3445
1774990800,2026-03-31 21:00:00,1.3444,1.345,1.3381,1.3409
1774994400,2026-03-31 22:00:00,1.341,1.3419,1.3327,1.3357
1774998000,2026-03-31 23:00:00,1.3358,1.3425,1.3348,1.3411
1775001600,2026-04-01 00:00:00,1.341,1.346,1.3383,1.3452
1775005200,2026-04-01 01:00:00,1.3452,1.3461,1.3343,1.3351
1775008800,2026-04-01 02:00:00,1.3352,1.338,1.3314,1.3345
1775012400,2026-04-01 03:00:00,1.3346,1.3517,1.3346,1.3481
1775016000,2026-04-01 04:00:00,1.3482,1.3492,1.3386,1.3391
1775019600,2026-04-01 05:00:00,1.3391,1.3496,1.3361,1.3467
1775023200,2026-04-01 06:00:00,1.3467,1.3634,1.3467,1.3624
1775026800,2026-04-01 07:00:00,1.3625,1.3675,1.3563,1.3566
1775030400,2026-04-01 08:00:00,1.3566,1.3586,1.352,1.3527
1775034000,2026-04-01 09:00:00,1.3526,1.3538,1.3492,1.3512
1775037600,2026-04-01 10:00:00,1.3512,1.355,1.349,1.3528
1775041200,2026-04-01 11:00:00,1.3527,1.3556,1.3506,1.3544
1775044800,2026-04-01 12:00:00,1.3544,1.3606,1.3494,1.3539
1775048400,2026-04-01 13:00:00,1.354,1.3575,1.3448,1.3468
1775052000,2026-04-01 14:00:00,1.3467,1.3582,1.346,1.3559
1775055600,2026-04-01 15:00:00,1.3558,1.3578,1.3505,1.3575
1775059200,2026-04-01 16:00:00,1.3575,1.3621,1.3516,1.3585
1775062800,2026-04-01 17:00:00,1.3585,1.3683,1.3509,1.3518
1775066400,2026-04-01 18:00:00,1.3518,1.3526,1.3463,1.3475
1775070000,2026-04-01 19:00:00,1.3476,1.354,1.3474,1.3505
1775073600,2026-04-01 20:00:00,1.3505,1.3522,1.3422,1.3484
1775077200,2026-04-01 21:00:00,1.3485,1.3567,1.3483,1.3551
1775080800,2026-04-01 22:00:00,1.355,1.3554,1.347,1.3488
1775084400,2026-04-01 23:00:00,1.3489,1.3515,1.3467,1.3478
1775088000,2026-04-02 00:00:00,1.3477,1.3569,1.347,1.3569
1775091600,2026-04-02 01:00:00,1.3569,1.3569,1.3223,1.3282
1775095200,2026-04-02 02:00:00,1.3282,1.33,1.317,1.3182
1775098800,2026-04-02 03:00:00,1.3181,1.3181,1.3067,1.3129
1775102400,2026-04-02 04:00:00,1.3129,1.3209,1.305,1.3082
1775106000,2026-04-02 05:00:00,1.3082,1.316,1.3071,1.3152
1775109600,2026-04-02 06:00:00,1.3152,1.3186,1.3124,1.3157
1775113200,2026-04-02 07:00:00,1.3157,1.3183,1.3129,1.3176
1775116800,2026-04-02 08:00:00,1.3175,1.3176,1.3112,1.3119
1775120400,2026-04-02 09:00:00,1.3118,1.3129,1.3079,1.3118
1775124000,2026-04-02 10:00:00,1.3118,1.3121,1.3073,1.3086
1775127600,2026-04-02 11:00:00,1.3086,1.3092,1.2989,1.3002
1775131200,2026-04-02 12:00:00,1.3002,1.3006,1.29,1.2908
1775134800,2026-04-02 13:00:00,1.2909,1.2937,1.2802,1.2889
1775138400,2026-04-02 14:00:00,1.2889,1.3037,1.2825,1.3001
1775142000,2026-04-02 15:00:00,1.3,1.3021,1.2912,1.3001
1775145600,2026-04-02 16:00:00,1.3002,1.3091,1.295,1.3044
1775149200,2026-04-02 17:00:00,1.3045,1.3113,1.2983,1.299
1775152800,2026-04-02 18:00:00,1.2989,1.3089,1.2978,1.3068
1775156400,2026-04-02 19:00:00,1.3069,1.3101,1.3013,1.308
1775160000,2026-04-02 20:00:00,1.3081,1.3229,1.3051,1.3181
1775163600,2026-04-02 21:00:00,1.3182,1.3196,1.3126,1.3158
1775167200,2026-04-02 22:00:00,1.3157,1.3187,1.3124,1.3179
1775170800,2026-04-02 23:00:00,1.3179,1.3211,1.3157,1.32
1775174400,2026-04-03 00:00:00,1.32,1.324,1.3144,1.3159
1775178000,2026-04-03 01:00:00,1.3158,1.3208,1.3125,1.3137
1775181600,2026-04-03 02:00:00,1.3137,1.3171,1.3033,1.3077
1775185200,2026-04-03 03:00:00,1.3076,1.3219,1.307,1.3217
1775188800,2026-04-03 04:00:00,1.3216,1.3234,1.3143,1.32
1775192400,2026-04-03 05:00:00,1.32,1.3261,1.316,1.3187
1775196000,2026-04-03 06:00:00,1.3187,1.3208,1.3153,1.3193
1775199600,2026-04-03 07:00:00,1.3194,1.3243,1.3168,1.3188
1775203200,2026-04-03 08:00:00,1.3188,1.3216,1.3166,1.3175
1775206800,2026-04-03 09:00:00,1.3175,1.3176,1.3111,1.3117
1775210400,2026-04-03 10:00:00,1.3117,1.3174,1.3093,1.3159
1775214000,2026-04-03 11:00:00,1.3159,1.3243,1.315,1.3204
1775217600,2026-04-03 12:00:00,1.3204,1.3356,1.3183,1.3199
1775221200,2026-04-03 13:00:00,1.3199,1.3204,1.3144,1.3176
1775224800,2026-04-03 14:00:00,1.3176,1.321,1.315,1.3191
1775228400,2026-04-03 15:00:00,1.3191,1.3233,1.3182,1.3187
1775232000,2026-04-03 16:00:00,1.3187,1.3254,1.3184,1.3246
1775235600,2026-04-03 17:00:00,1.3245,1.3252,1.3191,1.3212
1775239200,2026-04-03 18:00:00,1.3211,1.3224,1.3176,1.318
1775242800,2026-04-03 19:00:00,1.318,1.3185,1.3135,1.3178
1775246400,2026-04-03 20:00:00,1.3177,1.3191,1.3165,1.3166
1775250000,2026-04-03 21:00:00,1.3165,1.3196,1.3135,1.3184
1775253600,2026-04-03 22:00:00,1.3183,1.3223,1.3159,1.3167
1775257200,2026-04-03 23:00:00,1.3167,1.319,1.3124,1.3184
1775260800,2026-04-04 00:00:00,1.3183,1.3191,1.3161,1.3163
1775264400,2026-04-04 01:00:00,1.3163,1.3176,1.3146,1.315
1775268000,2026-04-04 02:00:00,1.3149,1.3151,1.3133,1.3146
1775271600,2026-04-04 03:00:00,1.3147,1.3168,1.3145,1.3159
1775275200,2026-04-04 04:00:00,1.3158,1.3184,1.3154,1.3164
1775278800,2026-04-04 05:00:00,1.3164,1.3185,1.3155,1.3171
1775282400,2026-04-04 06:00:00,1.3171,1.3208,1.3164,1.3198
1775286000,2026-04-04 07:00:00,1.3198,1.3201,1.3153,1.3161
1775289600,2026-04-04 08:00:00,1.3161,1.3165,1.3138,1.314
1775293200,2026-04-04 09:00:00,1.3141,1.3143,1.3126,1.3126
1775296800,2026-04-04 10:00:00,1.3127,1.3148,1.307,1.3143
1775300400,2026-04-04 11:00:00,1.3143,1.3164,1.311,1.3118
1775304000,2026-04-04 12:00:00,1.3119,1.312,1.3091,1.3104
1775307600,2026-04-04 13:00:00,1.3104,1.3117,1.3083,1.3094
1775311200,2026-04-04 14:00:00,1.3094,1.3128,1.3067,1.3126
1775314800,2026-04-04 15:00:00,1.3126,1.3169,1.3116,1.3126
1775318400,2026-04-04 16:00:00,1.3126,1.3158,1.3107,1.3124
1775322000,2026-04-04 17:00:00,1.3125,1.3161,1.312,1.3146
1775325600,2026-04-04 18:00:00,1.3145,1.3158,1.3134,1.3134
1775329200,2026-04-04 19:00:00,1.3135,1.3226,1.3134,1.3178
1775332800,2026-04-04 20:00:00,1.3178,1.3183,1.3158,1.3167
1775336400,2026-04-04 21:00:00,1.3168,1.3189,1.3141,1.317
1775340000,2026-04-04 22:00:00,1.3171,1.3187,1.3162,1.3169
1775343600,2026-04-04 23:00:00,1.3168,1.3168,1.3136,1.3153
1775347200,2026-04-05 00:00:00,1.3154,1.3155,1.3116,1.3127
1775350800,2026-04-05 01:00:00,1.3127,1.3142,1.3117,1.3129
1775354400,2026-04-05 02:00:00,1.3129,1.32,1.3102,1.317
1775358000,2026-04-05 03:00:00,1.3169,1.3173,1.3132,1.3133
1775361600,2026-04-05 04:00:00,1.3134,1.3154,1.3093,1.3109
1775365200,2026-04-05 05:00:00,1.3109,1.3123,1.3,1.3006
1775368800,2026-04-05 06:00:00,1.3007,1.3032,1.2957,1.3015
1775372400,2026-04-05 07:00:00,1.3016,1.3037,1.2964,1.2979
1775376000,2026-04-05 08:00:00,1.2978,1.2997,1.2969,1.2993
1775379600,2026-04-05 09:00:00,1.2992,1.302,1.299,1.3009
1775383200,2026-04-05 10:00:00,1.3008,1.304,1.2983,1.299
1775386800,2026-04-05 11:00:00,1.2989,1.3008,1.2976,1.2987
1775390400,2026-04-05 12:00:00,1.2987,1.2987,1.2787,1.2825
1775394000,2026-04-05 13:00:00,1.2825,1.2924,1.2801,1.2891
1775397600,2026-04-05 14:00:00,1.289,1.2906,1.2852,1.2863
1775401200,2026-04-05 15:00:00,1.2864,1.306,1.2834,1.2967
1775404800,2026-04-05 16:00:00,1.2967,1.302,1.2967,1.2977
1775408400,2026-04-05 17:00:00,1.2978,1.3031,1.2968,1.3024
1775412000,2026-04-05 18:00:00,1.3023,1.3048,1.2988,1.3028
1775415600,2026-04-05 19:00:00,1.3028,1.3075,1.2994,1.3006
1775419200,2026-04-05 20:00:00,1.3006,1.3066,1.2997,1.3042
1775422800,2026-04-05 21:00:00,1.3042,1.3048,1.2986,1.3008
1775426400,2026-04-05 22:00:00,1.3007,1.313,1.2972,1.3123
1775430000,2026-04-05 23:00:00,1.3124,1.332,1.3116,1.3263
1775433600,2026-04-06 00:00:00,1.3264,1.34,1.3264,1.3315
1775437200,2026-04-06 01:00:00,1.3316,1.3336,1.326,1.3296
1775440800,2026-04-06 02:00:00,1.3296,1.349,1.3293,1.3404
1775444400,2026-04-06 03:00:00,1.3404,1.3422,1.3361,1.3381
1775448000,2026-04-06 04:00:00,1.3382,1.3423,1.3362,1.3397
1775451600,2026-04-06 05:00:00,1.3398,1.3408,1.3367,1.3402
1775455200,2026-04-06 06:00:00,1.3403,1.3474,1.3387,1.3414
1775458800,2026-04-06 07:00:00,1.3415,1.3461,1.3376,1.3443
1775462400,2026-04-06 08:00:00,1.3444,1.3465,1.3386,1.3389
1775466000,2026-04-06 09:00:00,1.339,1.3577,1.3377,1.3525
1775469600,2026-04-06 10:00:00,1.3526,1.3567,1.3516,1.3531
1775473200,2026-04-06 11:00:00,1.353,1.3532,1.3479,1.3499
1775476800,2026-04-06 12:00:00,1.3498,1.3508,1.3424,1.3433
1775480400,2026-04-06 13:00:00,1.3434,1.348,1.3422,1.3469
1775484000,2026-04-06 14:00:00,1.3469,1.3534,1.3407,1.3478
1775487600,2026-04-06 15:00:00,1.3478,1.3512,1.3446,1.3504
1775491200,2026-04-06 16:00:00,1.3505,1.3538,1.3418,1.3434
1775494800,2026-04-06 17:00:00,1.3435,1.3439,1.335,1.3392
1775498400,2026-04-06 18:00:00,1.3392,1.343,1.3369,1.3411
1775502000,2026-04-06 19:00:00,1.341,1.3437,1.3376,1.3415
1775505600,2026-04-06 20:00:00,1.3416,1.3436,1.34,1.3412
1775509200,2026-04-06 21:00:00,1.3412,1.3412,1.3349,1.3357
1775512800,2026-04-06 22:00:00,1.3356,1.3356,1.3185,1.3185
1775516400,2026-04-06 23:00:00,1.3186,1.3233,1.3122,1.3212
1775520000,2026-04-07 00:00:00,1.3211,1.326,1.3197,1.3214
1775523600,2026-04-07 01:00:00,1.3214,1.3247,1.3142,1.3146
1775527200,2026-04-07 02:00:00,1.3146,1.3195,1.3125,1.3172
1775530800,2026-04-07 03:00:00,1.3172,1.3186,1.3146,1.317
1775534400,2026-04-07 04:00:00,1.3169,1.3205,1.3131,1.3183
1775538000,2026-04-07 05:00:00,1.3183,1.319,1.3095,1.3114
1775541600,2026-04-07 06:00:00,1.3114,1.3123,1.3056,1.3114
1775545200,2026-04-07 07:00:00,1.3114,1.3163,1.3108,1.3127
1775548800,2026-04-07 08:00:00,1.3127,1.3233,1.3111,1.3196
1775552400,2026-04-07 09:00:00,1.3196,1.3247,1.3181,1.3203
1775556000,2026-04-07 10:00:00,1.3203,1.3216,1.3062,1.3072
1775559600,2026-04-07 11:00:00,1.3073,1.3093,1.3034,1.3063
1775563200,2026-04-07 12:00:00,1.3063,1.3128,1.3011,1.3087
1775566800,2026-04-07 13:00:00,1.3086,1.3135,1.3048,1.3048
1775570400,2026-04-07 14:00:00,1.3049,1.3053,1.2966,1.2966
1775574000,2026-04-07 15:00:00,1.2967,1.3023,1.2949,1.2976
1775577600,2026-04-07 16:00:00,1.2976,1.3032,1.2954,1.3007
1775581200,2026-04-07 17:00:00,1.3006,1.3146,1.2993,1.3085
1775584800,2026-04-07 18:00:00,1.3085,1.3098,1.3001,1.3021
1775588400,2026-04-07 19:00:00,1.302,1.3164,1.3014,1.3142
1775592000,2026-04-07 20:00:00,1.3142,1.3223,1.3139,1.318
1775595600,2026-04-07 21:00:00,1.3181,1.3405,1.3181,1.338
1775599200,2026-04-07 22:00:00,1.338,1.3739,1.3364,1.3735
1775602800,2026-04-07 23:00:00,1.3736,1.3962,1.3671,1.3787
1775606400,2026-04-08 00:00:00,1.3786,1.3841,1.3601,1.3665
1775610000,2026-04-08 01:00:00,1.3666,1.3733,1.3639,1.3698
1775613600,2026-04-08 02:00:00,1.3699,1.3761,1.3682,1.3744
1775617200,2026-04-08 03:00:00,1.3744,1.3775,1.3688,1.37
1775620800,2026-04-08 04:00:00,1.3701,1.3779,1.3692,1.3761
1775624400,2026-04-08 05:00:00,1.3761,1.3883,1.3761,1.3845
1775628000,2026-04-08 06:00:00,1.3846,1.387,1.3797,1.3799
1775631600,2026-04-08 07:00:00,1.38,1.3849,1.3776,1.3797
1775635200,2026-04-08 08:00:00,1.3797,1.384,1.3781,1.3812
1775638800,2026-04-08 09:00:00,1.3813,1.3882,1.3778,1.3809
1775642400,2026-04-08 10:00:00,1.381,1.3849,1.3787,1.3835
1775646000,2026-04-08 11:00:00,1.3835,1.3853,1.3717,1.3781
1775649600,2026-04-08 12:00:00,1.3782,1.3838,1.3744,1.3803
1775653200,2026-04-08 13:00:00,1.3803,1.3898,1.3737,1.3742
1775656800,2026-04-08 14:00:00,1.3741,1.375,1.3454,1.3502
1775660400,2026-04-08 15:00:00,1.3503,1.357,1.3489,1.3549
1775664000,2026-04-08 16:00:00,1.3548,1.3597,1.3524,1.3572
1775667600,2026-04-08 17:00:00,1.3572,1.3637,1.3548,1.3621
1775671200,2026-04-08 18:00:00,1.3621,1.3624,1.3474,1.3481
1775674800,2026-04-08 19:00:00,1.3481,1.3524,1.3445,1.3519
1775678400,2026-04-08 20:00:00,1.3518,1.3536,1.3462,1.3486
1775682000,2026-04-08 21:00:00,1.3486,1.3573,1.3479,1.3528
1775685600,2026-04-08 22:00:00,1.3529,1.3534,1.3444,1.3446
1775689200,2026-04-08 23:00:00,1.3446,1.346,1.3389,1.3428
1775692800,2026-04-09 00:00:00,1.3428,1.3431,1.3343,1.3398
1775696400,2026-04-09 01:00:00,1.3397,1.3405,1.3266,1.3345
1775700000,2026-04-09 02:00:00,1.3344,1.3365,1.3318,1.3342
1775703600,2026-04-09 03:00:00,1.3342,1.337,1.3296,1.3311
1775707200,2026-04-09 04:00:00,1.3311,1.3325,1.3272,1.3316
1775710800,2026-04-09 05:00:00,1.3317,1.3357,1.3309,1.3332
1775714400,2026-04-09 06:00:00,1.3332,1.3356,1.3256,1.3331
1775718000,2026-04-09 07:00:00,1.3331,1.3341,1.3305,1.332
1775721600,2026-04-09 08:00:00,1.332,1.3365,1.3306,1.3352
1775725200,2026-04-09 09:00:00,1.3351,1.339,1.3337,1.3381
1775728800,2026-04-09 10:00:00,1.3381,1.3385,1.3329,1.3329
1775732400,2026-04-09 11:00:00,1.3328,1.3356,1.3255,1.3297
1775736000,2026-04-09 12:00:00,1.3297,1.3327,1.3262,1.3313
1775739600,2026-04-09 13:00:00,1.3314,1.3328,1.3264,1.3295
1775743200,2026-04-09 14:00:00,1.3296,1.3338,1.3218,1.3326
1775746800,2026-04-09 15:00:00,1.3327,1.3553,1.33,1.3523
1775750400,2026-04-09 16:00:00,1.3523,1.3598,1.3462,1.3524
1775754000,2026-04-09 17:00:00,1.3523,1.3603,1.3517,1.3585
1775757600,2026-04-09 18:00:00,1.3586,1.3594,1.3504,1.3553
1775761200,2026-04-09 19:00:00,1.3553,1.3607,1.352,1.3559
1775764800,2026-04-09 20:00:00,1.3558,1.3593,1.3534,1.3566
1775768400,2026-04-09 21:00:00,1.3567,1.3613,1.3511,1.3534
1775772000,2026-04-09 22:00:00,1.3535,1.3696,1.3517,1.3525
1775775600,2026-04-09 23:00:00,1.3525,1.3534,1.3418,1.3438
1775779200,2026-04-10 00:00:00,1.3438,1.3478,1.3407,1.3451
1775782800,2026-04-10 01:00:00,1.3451,1.3505,1.3403,1.3435
1775786400,2026-04-10 02:00:00,1.3435,1.3471,1.3417,1.3433
1775790000,2026-04-10 03:00:00,1.3433,1.3459,1.3408,1.3412
1775793600,2026-04-10 04:00:00,1.3412,1.3488,1.3412,1.3463
1775797200,2026-04-10 05:00:00,1.3463,1.3487,1.3427,1.3436
1775800800,2026-04-10 06:00:00,1.3437,1.3468,1.3393,1.3422
1775804400,2026-04-10 07:00:00,1.3422,1.3431,1.3356,1.337
1775808000,2026-04-10 08:00:00,1.337,1.3467,1.3348,1.3395
1775811600,2026-04-10 09:00:00,1.3394,1.343,1.3359,1.3387
1775815200,2026-04-10 10:00:00,1.3388,1.3408,1.3359,1.3374
1775818800,2026-04-10 11:00:00,1.3374,1.3438,1.337,1.3415
1775822400,2026-04-10 12:00:00,1.3415,1.3473,1.3397,1.3431
1775826000,2026-04-10 13:00:00,1.3431,1.3454,1.3379,1.3445
1775829600,2026-04-10 14:00:00,1.3445,1.3581,1.3431,1.358
1775833200,2026-04-10 15:00:00,1.3579,1.362,1.3461,1.3478
1775836800,2026-04-10 16:00:00,1.3479,1.354,1.3475,1.3515
1775840400,2026-04-10 17:00:00,1.3515,1.356,1.3487,1.3553
1775844000,2026-04-10 18:00:00,1.3554,1.36,1.353,1.3597
1775847600,2026-04-10 19:00:00,1.3597,1.3633,1.3582,1.3631
1775851200,2026-04-10 20:00:00,1.363,1.366,1.3597,1.3642
1775854800,2026-04-10 21:00:00,1.3641,1.3642,1.3575,1.3604
1775858400,2026-04-10 22:00:00,1.3605,1.3612,1.3547,1.3563
1775862000,2026-04-10 23:00:00,1.3563,1.3569,1.3543,1.3559
1775865600,2026-04-11 00:00:00,1.3559,1.3565,1.3532,1.3541
1775869200,2026-04-11 01:00:00,1.3541,1.3541,1.3488,1.3532
1775872800,2026-04-11 02:00:00,1.3532,1.357,1.3527,1.355
1775876400,2026-04-11 03:00:00,1.3549,1.357,1.3502,1.3506
1775880000,2026-04-11 04:00:00,1.3506,1.352,1.3481,1.3509
1775883600,2026-04-11 05:00:00,1.3509,1.3514,1.3461,1.3476
1775887200,2026-04-11 06:00:00,1.3476,1.3476,1.344,1.3464
1775890800,2026-04-11 07:00:00,1.3464,1.348,1.3457,1.3464
1775894400,2026-04-11 08:00:00,1.3465,1.3486,1.3449,1.3455
1775898000,2026-04-11 09:00:00,1.3455,1.349,1.3422,1.3479
1775901600,2026-04-11 10:00:00,1.3479,1.3481,1.3457,1.3472
1775905200,2026-04-11 11:00:00,1.3471,1.3499,1.3441,1.3457
1775908800,2026-04-11 12:00:00,1.3456,1.3465,1.3425,1.3446
1775912400,2026-04-11 13:00:00,1.3445,1.345,1.34,1.3449
1775916000,2026-04-11 14:00:00,1.345,1.349,1.3417,1.3424
1775919600,2026-04-11 15:00:00,1.3424,1.3467,1.3394,1.346
1775923200,2026-04-11 16:00:00,1.3461,1.3584,1.3456,1.3548
1775926800,2026-04-11 17:00:00,1.3547,1.3564,1.3511,1.3531
1775930400,2026-04-11 18:00:00,1.3532,1.3671,1.3515,1.3642
1775934000,2026-04-11 19:00:00,1.3642,1.3752,1.3626,1.3712
1775937600,2026-04-11 20:00:00,1.3712,1.3728,1.3581,1.3616
1775941200,2026-04-11 21:00:00,1.3615,1.3662,1.3596,1.3623
1775944800,2026-04-11 22:00:00,1.3622,1.3699,1.36,1.3617
1775948400,2026-04-11 23:00:00,1.3616,1.3616,1.3513,1.3546
1775952000,2026-04-12 00:00:00,1.3547,1.3548,1.3514,1.3537
1775955600,2026-04-12 01:00:00,1.3536,1.3559,1.326,1.3296
1775959200,2026-04-12 02:00:00,1.3296,1.3378,1.3254,1.3345
1775962800,2026-04-12 03:00:00,1.3344,1.3364,1.33,1.3302
1775966400,2026-04-12 04:00:00,1.3302,1.3308,1.3271,1.3279
1775970000,2026-04-12 05:00:00,1.3279,1.3311,1.3268,1.3305
1775973600,2026-04-12 06:00:00,1.3305,1.3321,1.3288,1.3295
1775977200,2026-04-12 07:00:00,1.3295,1.331,1.3274,1.3298
1775980800,2026-04-12 08:00:00,1.3297,1.3321,1.3278,1.3287
1775984400,2026-04-12 09:00:00,1.3288,1.3321,1.3266,1.3304
1775988000,2026-04-12 10:00:00,1.3304,1.3329,1.3295,1.3306
1775991600,2026-04-12 11:00:00,1.3306,1.3339,1.33,1.333
1775995200,2026-04-12 12:00:00,1.333,1.3346,1.3277,1.3311
1775998800,2026-04-12 13:00:00,1.331,1.3328,1.3232,1.3235
1776002400,2026-04-12 14:00:00,1.3235,1.3275,1.3215,1.3224
1776006000,2026-04-12 15:00:00,1.3224,1.3253,1.3193,1.3239
1776009600,2026-04-12 16:00:00,1.3239,1.3283,1.3234,1.3282
1776013200,2026-04-12 17:00:00,1.3283,1.3341,1.3273,1.3328
1776016800,2026-04-12 18:00:00,1.3329,1.3341,1.33,1.331
1776020400,2026-04-12 19:00:00,1.3311,1.3318,1.33,1.3311
1776024000,2026-04-12 20:00:00,1.331,1.3395,1.3296,1.3367
1776027600,2026-04-12 21:00:00,1.3368,1.3391,1.3338,1.3365
1776031200,2026-04-12 22:00:00,1.3365,1.3365,1.3232,1.3283
1776034800,2026-04-12 23:00:00,1.3282,1.3282,1.3225,1.3247
1776038400,2026-04-13 00:00:00,1.3246,1.3335,1.3234,1.3317
1776042000,2026-04-13 01:00:00,1.3316,1.3328,1.3264,1.3322
1776045600,2026-04-13 02:00:00,1.3322,1.3331,1.3245,1.3255
1776049200,2026-04-13 03:00:00,1.3254,1.3288,1.3243,1.3254
1776052800,2026-04-13 04:00:00,1.3254,1.3272,1.3193,1.323
1776056400,2026-04-13 05:00:00,1.3229,1.3321,1.3219,1.3316
1776060000,2026-04-13 06:00:00,1.3315,1.3374,1.3311,1.3345
1776063600,2026-04-13 07:00:00,1.3346,1.3355,1.3254,1.3254
1776067200,2026-04-13 08:00:00,1.3255,1.3285,1.3226,1.3256
1776070800,2026-04-13 09:00:00,1.3256,1.3304,1.3247,1.3266
1776074400,2026-04-13 10:00:00,1.3266,1.3268,1.3235,1.325
1776078000,2026-04-13 11:00:00,1.325,1.3279,1.3247,1.3255
1776081600,2026-04-13 12:00:00,1.3256,1.3336,1.3234,1.332
1776085200,2026-04-13 13:00:00,1.3321,1.3413,1.3277,1.3396
1776088800,2026-04-13 14:00:00,1.3396,1.3468,1.3319,1.3459
1776092400,2026-04-13 15:00:00,1.3458,1.3462,1.3313,1.3345
1776096000,2026-04-13 16:00:00,1.3345,1.3422,1.3294,1.3397
1776099600,2026-04-13 17:00:00,1.3397,1.3455,1.3372,1.3379
1776103200,2026-04-13 18:00:00,1.338,1.3406,1.3343,1.3404
1776106800,2026-04-13 19:00:00,1.3404,1.3557,1.3392,1.3533
1776110400,2026-04-13 20:00:00,1.3533,1.3556,1.3467,1.347
1776114000,2026-04-13 21:00:00,1.3469,1.3535,1.3437,1.3508
1776117600,2026-04-13 22:00:00,1.3508,1.3771,1.3501,1.3747
1776121200,2026-04-13 23:00:00,1.3747,1.3839,1.3709,1.3756
1776124800,2026-04-14 00:00:00,1.3757,1.3775,1.3607,1.3621
1776128400,2026-04-14 01:00:00,1.3621,1.3682,1.3594,1.3667
1776132000,2026-04-14 02:00:00,1.3667,1.3708,1.3647,1.3682
1776135600,2026-04-14 03:00:00,1.3681,1.3681,1.3655,1.3672
1776139200,2026-04-14 04:00:00,1.3672,1.3682,1.3602,1.3635
1776142800,2026-04-14 05:00:00,1.3636,1.3654,1.3613,1.3623
1776146400,2026-04-14 06:00:00,1.3623,1.3731,1.3623,1.3716
1776150000,2026-04-14 07:00:00,1.3715,1.3773,1.3678,1.3682
1776153600,2026-04-14 08:00:00,1.3683,1.3756,1.3667,1.3735
1776157200,2026-04-14 09:00:00,1.3735,1.3762,1.3712,1.3733
1776160800,2026-04-14 10:00:00,1.3734,1.3734,1.3691,1.3702
1776164400,2026-04-14 11:00:00,1.3701,1.3744,1.368,1.3692
1776168000,2026-04-14 12:00:00,1.3692,1.3716,1.365,1.3673
1776171600,2026-04-14 13:00:00,1.3673,1.3936,1.3671,1.3926
1776175200,2026-04-14 14:00:00,1.3927,1.3955,1.3718,1.3719
1776178800,2026-04-14 15:00:00,1.3719,1.3792,1.3672,1.3745
1776182400,2026-04-14 16:00:00,1.3745,1.3809,1.366,1.3684
1776186000,2026-04-14 17:00:00,1.3684,1.3741,1.3651,1.3688
1776189600,2026-04-14 18:00:00,1.3688,1.3704,1.3521,1.3546
1776193200,2026-04-14 19:00:00,1.3545,1.3609,1.3526,1.3607
1776196800,2026-04-14 20:00:00,1.3608,1.3615,1.3552,1.3569
1776200400,2026-04-14 21:00:00,1.3569,1.3621,1.3561,1.3601
1776204000,2026-04-14 22:00:00,1.3601,1.3656,1.3553,1.3584
1776207600,2026-04-14 23:00:00,1.3584,1.366,1.3572,1.3617
1776211200,2026-04-15 00:00:00,1.3617,1.3668,1.3576,1.3621
1776214800,2026-04-15 01:00:00,1.3621,1.3651,1.3589,1.3624
1776218400,2026-04-15 02:00:00,1.3623,1.364,1.3553,1.3571
1776222000,2026-04-15 03:00:00,1.3571,1.3583,1.3559,1.3578
1776225600,2026-04-15 04:00:00,1.3577,1.3606,1.3574,1.3592
1776229200,2026-04-15 05:00:00,1.3591,1.3614,1.3551,1.3588
1776232800,2026-04-15 06:00:00,1.3589,1.3589,1.3542,1.3557
1776236400,2026-04-15 07:00:00,1.3556,1.3568,1.3503,1.352
1776240000,2026-04-15 08:00:00,1.352,1.3572,1.3509,1.3557
1776243600,2026-04-15 09:00:00,1.3557,1.3562,1.3507,1.3526
1776247200,2026-04-15 10:00:00,1.3525,1.3596,1.3517,1.3562
1776250800,2026-04-15 11:00:00,1.3562,1.3647,1.3562,1.3636
1776254400,2026-04-15 12:00:00,1.3635,1.369,1.3612,1.3652
1776258000,2026-04-15 13:00:00,1.3653,1.368,1.3614,1.3673
1776261600,2026-04-15 14:00:00,1.3672,1.3793,1.3641,1.3764
1776265200,2026-04-15 15:00:00,1.3765,1.3835,1.3717,1.3733
1776268800,2026-04-15 16:00:00,1.3733,1.3821,1.3718,1.3782
1776272400,2026-04-15 17:00:00,1.3783,1.3839,1.3758,1.3801
1776276000,2026-04-15 18:00:00,1.38,1.3874,1.3789,1.3868
1776279600,2026-04-15 19:00:00,1.3869,1.4086,1.3846,1.4
1776283200,2026-04-15 20:00:00,1.4,1.4006,1.3856,1.3883
1776286800,2026-04-15 21:00:00,1.3884,1.3892,1.3799,1.3887
1776290400,2026-04-15 22:00:00,1.3886,1.4025,1.3886,1.3942
1776294000,2026-04-15 23:00:00,1.3941,1.3941,1.3858,1.3922
1776297600,2026-04-16 00:00:00,1.3922,1.3982,1.3865,1.3971
1776301200,2026-04-16 01:00:00,1.3971,1.4022,1.3904,1.4002
1776304800,2026-04-16 02:00:00,1.4002,1.4103,1.3966,1.4067
1776308400,2026-04-16 03:00:00,1.4067,1.4156,1.4054,1.4063
1776312000,2026-04-16 04:00:00,1.4063,1.4114,1.4022,1.4038
1776315600,2026-04-16 05:00:00,1.4038,1.4073,1.4006,1.4057
1776319200,2026-04-16 06:00:00,1.4058,1.41,1.4044,1.4099
1776322800,2026-04-16 07:00:00,1.4099,1.4128,1.4044,1.4058
1776326400,2026-04-16 08:00:00,1.4058,1.4095,1.4026,1.4052
1776330000,2026-04-16 09:00:00,1.4053,1.4231,1.404,1.4174
1776333600,2026-04-16 10:00:00,1.4173,1.4178,1.4079,1.4087
1776337200,2026-04-16 11:00:00,1.4088,1.4095,1.4016,1.4095
1776340800,2026-04-16 12:00:00,1.4095,1.4234,1.4091,1.414
1776344400,2026-04-16 13:00:00,1.414,1.4342,1.3992,1.4072
1776348000,2026-04-16 14:00:00,1.4071,1.4129,1.3928,1.4104
1776351600,2026-04-16 15:00:00,1.4104,1.4325,1.4074,1.4291
1776355200,2026-04-16 16:00:00,1.4291,1.442,1.4159,1.4194
1776358800,2026-04-16 17:00:00,1.4195,1.4298,1.4144,1.4273
1776362400,2026-04-16 18:00:00,1.4273,1.4486,1.4244,1.4466
1776366000,2026-04-16 19:00:00,1.4467,1.4664,1.4414,1.4645
1776369600,2026-04-16 20:00:00,1.4645,1.4663,1.444,1.4524
1776373200,2026-04-16 21:00:00,1.4525,1.4589,1.4459,1.4467
1776376800,2026-04-16 22:00:00,1.4467,1.4538,1.4467,1.4513
1776380400,2026-04-16 23:00:00,1.4513,1.4578,1.448,1.453
1776384000,2026-04-17 00:00:00,1.453,1.4555,1.4403,1.4404
1776387600,2026-04-17 01:00:00,1.4404,1.4423,1.4273,1.4302
1776391200,2026-04-17 02:00:00,1.4302,1.4314,1.4225,1.4296
1776394800,2026-04-17 03:00:00,1.4296,1.439,1.427,1.4308
1776398400,2026-04-17 04:00:00,1.4307,1.4342,1.4265,1.4319
1776402000,2026-04-17 05:00:00,1.432,1.4368,1.4251,1.4253
1776405600,2026-04-17 06:00:00,1.4253,1.4337,1.4243,1.4325
1776409200,2026-04-17 07:00:00,1.4324,1.44,1.4324,1.4373
1776412800,2026-04-17 08:00:00,1.4373,1.4478,1.4355,1.4467
1776416400,2026-04-17 09:00:00,1.4468,1.4592,1.4427,1.4518
1776420000,2026-04-17 10:00:00,1.4517,1.4532,1.4326,1.4371
1776423600,2026-04-17 11:00:00,1.4371,1.4485,1.4368,1.4475
1776427200,2026-04-17 12:00:00,1.4475,1.4609,1.4442,1.4588
1776430800,2026-04-17 13:00:00,1.4589,1.4909,1.4553,1.4874
1776434400,2026-04-17 14:00:00,1.4874,1.51,1.4833,1.4988
1776438000,2026-04-17 15:00:00,1.4988,1.5022,1.4762,1.4861
1776441600,2026-04-17 16:00:00,1.4861,1.5006,1.4855,1.4977
1776445200,2026-04-17 17:00:00,1.4976,1.4979,1.4771,1.4838
1776448800,2026-04-17 18:00:00,1.4838,1.4847,1.4728,1.4777
1776452400,2026-04-17 19:00:00,1.4776,1.4923,1.4765,1.4871
1776456000,2026-04-17 20:00:00,1.4872,1.4896,1.4754,1.4817
1776459600,2026-04-17 21:00:00,1.4817,1.4873,1.4779,1.4792
1776463200,2026-04-17 22:00:00,1.4792,1.4883,1.4773,1.4845
1776466800,2026-04-17 23:00:00,1.4845,1.4845,1.4721,1.4757
1776470400,2026-04-18 00:00:00,1.4757,1.4803,1.472,1.476
1776474000,2026-04-18 01:00:00,1.4761,1.4823,1.4731,1.4782
1776477600,2026-04-18 02:00:00,1.4781,1.4781,1.4696,1.4756
1776481200,2026-04-18 03:00:00,1.4755,1.4755,1.4669,1.4686
1776484800,2026-04-18 04:00:00,1.4687,1.4698,1.4627,1.4686
1776488400,2026-04-18 05:00:00,1.4685,1.4771,1.4679,1.469
1776492000,2026-04-18 06:00:00,1.469,1.4733,1.464,1.4708
1776495600,2026-04-18 07:00:00,1.4707,1.4757,1.4689,1.4741
1776499200,2026-04-18 08:00:00,1.4742,1.4754,1.4454,1.4533
1776502800,2026-04-18 09:00:00,1.4533,1.4545,1.4461,1.4506
1776506400,2026-04-18 10:00:00,1.4505,1.4506,1.4356,1.4397
1776510000,2026-04-18 11:00:00,1.4396,1.44,1.4246,1.4314
1776513600,2026-04-18 12:00:00,1.4314,1.4379,1.4306,1.4362
1776517200,2026-04-18 13:00:00,1.4361,1.4386,1.4296,1.4372
1776520800,2026-04-18 14:00:00,1.4372,1.4384,1.4326,1.435
1776524400,2026-04-18 15:00:00,1.4349,1.4399,1.4309,1.4362
1776528000,2026-04-18 16:00:00,1.4361,1.4392,1.431,1.4336
1776531600,2026-04-18 17:00:00,1.4335,1.4339,1.4276,1.4318
1776535200,2026-04-18 18:00:00,1.4319,1.4344,1.4235,1.4256
1776538800,2026-04-18 19:00:00,1.4256,1.4312,1.4249,1.4271
1776542400,2026-04-18 20:00:00,1.4272,1.4304,1.4239,1.4281
1776546000,2026-04-18 21:00:00,1.4282,1.4381,1.428,1.4362
1776549600,2026-04-18 22:00:00,1.4362,1.4362,1.43,1.4344
1776553200,2026-04-18 23:00:00,1.4343,1.4384,1.432,1.4323
1776556800,2026-04-19 00:00:00,1.4324,1.4362,1.4294,1.433
1776560400,2026-04-19 01:00:00,1.433,1.4386,1.4293,1.4318
1776564000,2026-04-19 02:00:00,1.4318,1.4349,1.4236,1.4301
1776567600,2026-04-19 03:00:00,1.4302,1.4338,1.4265,1.4294
1776571200,2026-04-19 04:00:00,1.4295,1.4336,1.4238,1.4304
1776574800,2026-04-19 05:00:00,1.4305,1.4431,1.4295,1.4302
1776578400,2026-04-19 06:00:00,1.4303,1.4311,1.4181,1.4286
1776582000,2026-04-19 07:00:00,1.4287,1.4295,1.4148,1.42
1776585600,2026-04-19 08:00:00,1.4199,1.4289,1.4154,1.4248
1776589200,2026-04-19 09:00:00,1.4247,1.4259,1.4131,1.4215
1776592800,2026-04-19 10:00:00,1.4215,1.428,1.416,1.4231
1776596400,2026-04-19 11:00:00,1.4231,1.4309,1.4224,1.4297
1776600000,2026-04-19 12:00:00,1.4298,1.4333,1.4257,1.4316
1776603600,2026-04-19 13:00:00,1.4315,1.447,1.4311,1.4387
1776607200,2026-04-19 14:00:00,1.4388,1.4426,1.4328,1.4378
1776610800,2026-04-19 15:00:00,1.4377,1.4389,1.4206,1.4315
1776614400,2026-04-19 16:00:00,1.4315,1.4323,1.4201,1.4222
1776618000,2026-04-19 17:00:00,1.4221,1.4242,1.4116,1.4129
1776621600,2026-04-19 18:00:00,1.413,1.4181,1.4113,1.4156
1776625200,2026-04-19 19:00:00,1.4157,1.4214,1.4157,1.4175
1776628800,2026-04-19 20:00:00,1.4175,1.4175,1.409,1.4105
1776632400,2026-04-19 21:00:00,1.4105,1.4169,1.4092,1.4095
1776636000,2026-04-19 22:00:00,1.4095,1.4095,1.3909,1.3991
1776639600,2026-04-19 23:00:00,1.3991,1.3991,1.3926,1.3942
1776643200,2026-04-20 00:00:00,1.3943,1.4081,1.3933,1.4056
1776646800,2026-04-20 01:00:00,1.4055,1.4116,1.4048,1.408
1776650400,2026-04-20 02:00:00,1.4081,1.4086,1.4041,1.408
1776654000,2026-04-20 03:00:00,1.408,1.4132,1.4075,1.4111
1776657600,2026-04-20 04:00:00,1.411,1.4114,1.4058,1.4091
1776661200,2026-04-20 05:00:00,1.4092,1.4093,1.3954,1.3994
1776664800,2026-04-20 06:00:00,1.3993,1.4155,1.3993,1.4138
1776668400,2026-04-20 07:00:00,1.4139,1.4326,1.4114,1.4154
1776672000,2026-04-20 08:00:00,1.4154,1.4178,1.4075,1.4099
1776675600,2026-04-20 09:00:00,1.4099,1.4209,1.4082,1.4179
1776679200,2026-04-20 10:00:00,1.4179,1.4272,1.413,1.4143
1776682800,2026-04-20 11:00:00,1.4142,1.4195,1.412,1.4155
1776686400,2026-04-20 12:00:00,1.4155,1.4239,1.413,1.4221
1776690000,2026-04-20 13:00:00,1.4221,1.4275,1.4177,1.4246
1776693600,2026-04-20 14:00:00,1.4246,1.4316,1.4144,1.4168
1776697200,2026-04-20 15:00:00,1.4168,1.435,1.4089,1.4327
1776700800,2026-04-20 16:00:00,1.4328,1.4335,1.4224,1.4236
1776704400,2026-04-20 17:00:00,1.4236,1.433,1.4228,1.4274
1776708000,2026-04-20 18:00:00,1.4274,1.4369,1.4274,1.4324
1776711600,2026-04-20 19:00:00,1.4325,1.4336,1.4276,1.4303
1776715200,2026-04-20 20:00:00,1.4302,1.4335,1.4249,1.4317
1776718800,2026-04-20 21:00:00,1.4316,1.4328,1.4241,1.43
1776722400,2026-04-20 22:00:00,1.43,1.432,1.425,1.4259
1776726000,2026-04-20 23:00:00,1.4258,1.4258,1.4213,1.4243
1776729600,2026-04-21 00:00:00,1.4244,1.4296,1.4243,1.4278
1776733200,2026-04-21 01:00:00,1.4277,1.4319,1.4252,1.4257
1776736800,2026-04-21 02:00:00,1.4257,1.4267,1.4223,1.4224
1776740400,2026-04-21 03:00:00,1.4223,1.4257,1.4195,1.4241
1776744000,2026-04-21 04:00:00,1.424,1.4287,1.424,1.428
1776747600,2026-04-21 05:00:00,1.428,1.4333,1.4279,1.4316
1776751200,2026-04-21 06:00:00,1.4315,1.441,1.4281,1.437
1776754800,2026-04-21 07:00:00,1.437,1.4425,1.4322,1.4393
1776758400,2026-04-21 08:00:00,1.4392,1.45,1.4374,1.4426
1776762000,2026-04-21 09:00:00,1.4426,1.445,1.4376,1.4414
1776765600,2026-04-21 10:00:00,1.4414,1.447,1.4382,1.4445
1776769200,2026-04-21 11:00:00,1.4444,1.4448,1.4366,1.4397
1776772800,2026-04-21 12:00:00,1.4397,1.4411,1.4263,1.4324
1776776400,2026-04-21 13:00:00,1.4324,1.4357,1.4287,1.4332
1776780000,2026-04-21 14:00:00,1.4333,1.445,1.4302,1.4316
1776783600,2026-04-21 15:00:00,1.4316,1.4336,1.4255,1.4324
1776787200,2026-04-21 16:00:00,1.4325,1.4359,1.4274,1.4285
1776790800,2026-04-21 17:00:00,1.4284,1.4306,1.4135,1.4241
1776794400,2026-04-21 18:00:00,1.4242,1.4271,1.42,1.4266
1776798000,2026-04-21 19:00:00,1.4267,1.4319,1.4116,1.4136
1776801600,2026-04-21 20:00:00,1.4135,1.429,1.4122,1.4234
1776805200,2026-04-21 21:00:00,1.4235,1.425,1.4204,1.4226
1776808800,2026-04-21 22:00:00,1.4225,1.4236,1.4167,1.4222
1776812400,2026-04-21 23:00:00,1.4222,1.4341,1.422,1.4334
1776816000,2026-04-22 00:00:00,1.4335,1.4344,1.4302,1.4323
1776819600,2026-04-22 01:00:00,1.4322,1.4322,1.427,1.4292
1776823200,2026-04-22 02:00:00,1.4292,1.4492,1.4268,1.4487
1776826800,2026-04-22 03:00:00,1.4487,1.4506,1.4408,1.4432
1776830400,2026-04-22 04:00:00,1.4432,1.4472,1.4415,1.4446
1776834000,2026-04-22 05:00:00,1.4447,1.4606,1.443,1.4545
1776837600,2026-04-22 06:00:00,1.4544,1.4581,1.4522,1.4565
1776841200,2026-04-22 07:00:00,1.4566,1.4583,1.4516,1.4544
1776844800,2026-04-22 08:00:00,1.4545,1.4557,1.4496,1.4525
1776848400,2026-04-22 09:00:00,1.4524,1.4545,1.4489,1.4515
1776852000,2026-04-22 10:00:00,1.4515,1.4526,1.4482,1.4505
1776855600,2026-04-22 11:00:00,1.4506,1.4547,1.449,1.4543
1776859200,2026-04-22 12:00:00,1.4543,1.4554,1.4473,1.4506
1776862800,2026-04-22 13:00:00,1.4506,1.461,1.4477,1.459
1776866400,2026-04-22 14:00:00,1.4589,1.4626,1.4519,1.4576
1776870000,2026-04-22 15:00:00,1.4576,1.4604,1.45,1.4564
1776873600,2026-04-22 16:00:00,1.4564,1.4589,1.446,1.4468
1776877200,2026-04-22 17:00:00,1.4469,1.4524,1.4457,1.4492
1776880800,2026-04-22 18:00:00,1.4492,1.4529,1.4478,1.448
1776884400,2026-04-22 19:00:00,1.448,1.4481,1.4374,1.4413
1776888000,2026-04-22 20:00:00,1.4414,1.4428,1.4341,1.437
1776891600,2026-04-22 21:00:00,1.437,1.4418,1.4369,1.4418
1776895200,2026-04-22 22:00:00,1.4418,1.4418,1.4355,1.438
1776898800,2026-04-22 23:00:00,1.438,1.4382,1.4287,1.4294
1776902400,2026-04-23 00:00:00,1.4293,1.4316,1.4166,1.4291
1776906000,2026-04-23 01:00:00,1.4292,1.4299,1.4208,1.4259
1776909600,2026-04-23 02:00:00,1.426,1.4261,1.4154,1.419
1776913200,2026-04-23 03:00:00,1.419,1.4219,1.4114,1.4162
1776916800,2026-04-23 04:00:00,1.4162,1.4192,1.4153,1.4179
1776920400,2026-04-23 05:00:00,1.4179,1.4205,1.415,1.4196
1776924000,2026-04-23 06:00:00,1.4197,1.4251,1.4197,1.4237
1776927600,2026-04-23 07:00:00,1.4237,1.4241,1.4199,1.4208
1776931200,2026-04-23 08:00:00,1.4208,1.4214,1.4152,1.4184
1776934800,2026-04-23 09:00:00,1.4183,1.4188,1.4122,1.4151
1776938400,2026-04-23 10:00:00,1.415,1.416,1.409,1.4107
1776942000,2026-04-23 11:00:00,1.4108,1.4176,1.4108,1.4165
1776945600,2026-04-23 12:00:00,1.4164,1.4209,1.4152,1.4186
1776949200,2026-04-23 13:00:00,1.4186,1.4201,1.4143,1.4162
1776952800,2026-04-23 14:00:00,1.4162,1.4301,1.414,1.43
1776956400,2026-04-23 15:00:00,1.4301,1.4368,1.4259,1.4315
1776960000,2026-04-23 16:00:00,1.4316,1.4342,1.4279,1.4299
1776963600,2026-04-23 17:00:00,1.4299,1.4378,1.4208,1.4352
1776967200,2026-04-23 18:00:00,1.4352,1.441,1.4314,1.4314
1776970800,2026-04-23 19:00:00,1.4313,1.4339,1.4271,1.4295
1776974400,2026-04-23 20:00:00,1.4295,1.4373,1.4278,1.4332
1776978000,2026-04-23 21:00:00,1.4332,1.4382,1.4307,1.4334
1776981600,2026-04-23 22:00:00,1.4334,1.4394,1.4334,1.4361
1776985200,2026-04-23 23:00:00,1.436,1.44,1.4323,1.4386
1776988800,2026-04-24 00:00:00,1.4386,1.4407,1.4377,1.4402
1776992400,2026-04-24 01:00:00,1.4402,1.4445,1.432,1.4442
1776996000,2026-04-24 02:00:00,1.4442,1.4457,1.4366,1.4373
1776999600,2026-04-24 03:00:00,1.4373,1.4387,1.4282,1.4307
1777003200,2026-04-24 04:00:00,1.4306,1.4309,1.4258,1.4292
1777006800,2026-04-24 05:00:00,1.4293,1.4339,1.4259,1.433
1777010400,2026-04-24 06:00:00,1.433,1.4333,1.4299,1.43
1777014000,2026-04-24 07:00:00,1.43,1.4328,1.4285,1.4326
1777017600,2026-04-24 08:00:00,1.4327,1.4364,1.4297,1.4315
1777021200,2026-04-24 09:00:00,1.4316,1.4319,1.425,1.4258
1777024800,2026-04-24 10:00:00,1.4259,1.4326,1.4239,1.4315
1777028400,2026-04-24 11:00:00,1.4316,1.4401,1.4316,1.4383
1777032000,2026-04-24 12:00:00,1.4383,1.4412,1.4327,1.4347
1777035600,2026-04-24 13:00:00,1.4347,1.4443,1.4335,1.4356
1777039200,2026-04-24 14:00:00,1.4355,1.439,1.4284,1.4338
1777042800,2026-04-24 15:00:00,1.4338,1.4482,1.429,1.4479
1777046400,2026-04-24 16:00:00,1.448,1.4503,1.4379,1.4404
1777050000,2026-04-24 17:00:00,1.4403,1.4426,1.4359,1.441
1777053600,2026-04-24 18:00:00,1.4411,1.4419,1.4336,1.4387
1777057200,2026-04-24 19:00:00,1.4388,1.442,1.4364,1.4391
1777060800,2026-04-24 20:00:00,1.4392,1.4419,1.4348,1.4405
1777064400,2026-04-24 21:00:00,1.4405,1.443,1.4366,1.4376
1777068000,2026-04-24 22:00:00,1.4376,1.4384,1.4297,1.4314
1777071600,2026-04-24 23:00:00,1.4315,1.4339,1.4315,1.4334
1777075200,2026-04-25 00:00:00,1.4333,1.4345,1.4316,1.4334
1777078800,2026-04-25 01:00:00,1.4333,1.4369,1.4333,1.436
1777082400,2026-04-25 02:00:00,1.436,1.4377,1.4334,1.4336
1777086000,2026-04-25 03:00:00,1.4335,1.437,1.4327,1.4366
1777089600,2026-04-25 04:00:00,1.4367,1.437,1.4335,1.4341
1777093200,2026-04-25 05:00:00,1.4341,1.4341,1.4313,1.4325
1777096800,2026-04-25 06:00:00,1.4325,1.435,1.4311,1.4328
1777100400,2026-04-25 07:00:00,1.4327,1.4348,1.4312,1.4335
1777104000,2026-04-25 08:00:00,1.4334,1.4352,1.4322,1.4348
1777107600,2026-04-25 09:00:00,1.4348,1.4371,1.433,1.4354
1777111200,2026-04-25 10:00:00,1.4353,1.4366,1.4347,1.4356
1777114800,2026-04-25 11:00:00,1.4356,1.4356,1.4295,1.4308
1777118400,2026-04-25 12:00:00,1.4307,1.4317,1.4282,1.4293
1777122000,2026-04-25 13:00:00,1.4292,1.4324,1.4288,1.4311
1777125600,2026-04-25 14:00:00,1.431,1.4323,1.429,1.4292
1777129200,2026-04-25 15:00:00,1.4293,1.4312,1.4246,1.4255
1777132800,2026-04-25 16:00:00,1.4255,1.428,1.4204,1.4242
1777136400,2026-04-25 17:00:00,1.4242,1.425,1.4193,1.4202
1777140000,2026-04-25 18:00:00,1.4201,1.4228,1.4197,1.4212
1777143600,2026-04-25 19:00:00,1.4211,1.4214,1.4192,1.4204
1777147200,2026-04-25 20:00:00,1.4205,1.4222,1.4187,1.4222
1777150800,2026-04-25 21:00:00,1.4222,1.4234,1.422,1.4229
1777154400,2026-04-25 22:00:00,1.4229,1.4256,1.4223,1.4234
1777158000,2026-04-25 23:00:00,1.4234,1.425,1.4223,1.4238
1777161600,2026-04-26 00:00:00,1.4238,1.4239,1.4199,1.4208
1777165200,2026-04-26 01:00:00,1.4209,1.4219,1.4188,1.4193
1777168800,2026-04-26 02:00:00,1.4192,1.4227,1.4192,1.4218
1777172400,2026-04-26 03:00:00,1.4219,1.4241,1.418,1.4186
1777176000,2026-04-26 04:00:00,1.4187,1.4238,1.4185,1.4221
1777179600,2026-04-26 05:00:00,1.422,1.4294,1.4213,1.4256
1777183200,2026-04-26 06:00:00,1.4257,1.4285,1.4257,1.4275
1777186800,2026-04-26 07:00:00,1.4275,1.4294,1.4264,1.4291
1777190400,2026-04-26 08:00:00,1.4291,1.4296,1.4257,1.4265
1777194000,2026-04-26 09:00:00,1.4265,1.4285,1.4257,1.4283
1777197600,2026-04-26 10:00:00,1.4283,1.4288,1.4268,1.4276
1777201200,2026-04-26 11:00:00,1.4276,1.4318,1.4276,1.4305
1777204800,2026-04-26 12:00:00,1.4306,1.4315,1.4238,1.4249
1777208400,2026-04-26 13:00:00,1.425,1.4258,1.4231,1.4243
1777212000,2026-04-26 14:00:00,1.4243,1.4299,1.4234,1.4272
1777215600,2026-04-26 15:00:00,1.4272,1.4292,1.4262,1.4292
1777219200,2026-04-26 16:00:00,1.4292,1.4295,1.4252,1.4252
1777222800,2026-04-26 17:00:00,1.4252,1.4264,1.4227,1.4248
1777226400,2026-04-26 18:00:00,1.4248,1.4302,1.4231,1.429
1777230000,2026-04-26 19:00:00,1.4291,1.4366,1.4278,1.4304
1777233600,2026-04-26 20:00:00,1.4304,1.4329,1.4275,1.4276
1777237200,2026-04-26 21:00:00,1.4275,1.4301,1.42,1.4285
1777240800,2026-04-26 22:00:00,1.4285,1.4357,1.4237,1.4271
1777244400,2026-04-26 23:00:00,1.427,1.4348,1.4251,1.4307
1777248000,2026-04-27 00:00:00,1.4308,1.4408,1.4253,1.4393
1777251600,2026-04-27 01:00:00,1.4394,1.446,1.4348,1.4446
1777255200,2026-04-27 02:00:00,1.4447,1.4459,1.4401,1.4436
1777258800,2026-04-27 03:00:00,1.4436,1.4466,1.4415,1.4425
1777262400,2026-04-27 04:00:00,1.4424,1.4425,1.4383,1.4401
1777266000,2026-04-27 05:00:00,1.4402,1.4405,1.4168,1.4196
1777269600,2026-04-27 06:00:00,1.4195,1.4208,1.4129,1.4181
1777273200,2026-04-27 07:00:00,1.4181,1.4188,1.4139,1.4145
1777276800,2026-04-27 08:00:00,1.4144,1.4183,1.4129,1.4183
1777280400,2026-04-27 09:00:00,1.4184,1.4191,1.4151,1.4168
1777284000,2026-04-27 10:00:00,1.4167,1.417,1.4144,1.4152
1777287600,2026-04-27 11:00:00,1.4152,1.4153,1.4126,1.4137
1777291200,2026-04-27 12:00:00,1.4137,1.415,1.41,1.4108
1777294800,2026-04-27 13:00:00,1.4108,1.4124,1.398,1.4018
1777298400,2026-04-27 14:00:00,1.4017,1.4108,1.3988,1.404
1777302000,2026-04-27 15:00:00,1.4041,1.4043,1.3836,1.3882
1777305600,2026-04-27 16:00:00,1.3882,1.3914,1.3848,1.3888
1777309200,2026-04-27 17:00:00,1.3888,1.3954,1.3888,1.3933
1777312800,2026-04-27 18:00:00,1.3933,1.3971,1.3925,1.3954
1777316400,2026-04-27 19:00:00,1.3954,1.3962,1.387,1.393
1777320000,2026-04-27 20:00:00,1.3929,1.395,1.3908,1.3927
1777323600,2026-04-27 21:00:00,1.3926,1.3935,1.3896,1.3898
1777327200,2026-04-27 22:00:00,1.3899,1.3975,1.3894,1.3969
1777330800,2026-04-27 23:00:00,1.3968,1.4022,1.3966,1.4007
1777334400,2026-04-28 00:00:00,1.4008,1.4009,1.3952,1.3979
1777338000,2026-04-28 01:00:00,1.3978,1.3992,1.3962,1.3975
1777341600,2026-04-28 02:00:00,1.3976,1.3992,1.3911,1.3934
1777345200,2026-04-28 03:00:00,1.3933,1.3938,1.3885,1.393
1777348800,2026-04-28 04:00:00,1.393,1.3947,1.3906,1.3927
1777352400,2026-04-28 05:00:00,1.3928,1.3973,1.3921,1.3935
1777356000,2026-04-28 06:00:00,1.3936,1.3971,1.3863,1.3891
1777359600,2026-04-28 07:00:00,1.389,1.3933,1.3849,1.3929
1777363200,2026-04-28 08:00:00,1.393,1.3959,1.3908,1.3923
1777366800,2026-04-28 09:00:00,1.3924,1.3926,1.3861,1.3873
1777370400,2026-04-28 10:00:00,1.3872,1.3897,1.3865,1.3881
1777374000,2026-04-28 11:00:00,1.3881,1.3888,1.3794,1.3815
1777377600,2026-04-28 12:00:00,1.3815,1.3849,1.3788,1.3831
1777381200,2026-04-28 13:00:00,1.3831,1.3842,1.3745,1.3781
1777384800,2026-04-28 14:00:00,1.3781,1.3781,1.3677,1.3699
1777388400,2026-04-28 15:00:00,1.3699,1.3761,1.3692,1.3753
1777392000,2026-04-28 16:00:00,1.3754,1.3773,1.3705,1.3767
1777395600,2026-04-28 17:00:00,1.3767,1.381,1.3743,1.3788
1777399200,2026-04-28 18:00:00,1.3788,1.383,1.3788,1.3825
1777402800,2026-04-28 19:00:00,1.3825,1.3864,1.3777,1.3826
1777406400,2026-04-28 20:00:00,1.3826,1.3851,1.3816,1.383
1777410000,2026-04-28 21:00:00,1.383,1.3841,1.3787,1.3804
1777413600,2026-04-28 22:00:00,1.3804,1.3842,1.3786,1.3798
1777417200,2026-04-28 23:00:00,1.3797,1.3817,1.3785,1.3805
1777420800,2026-04-29 00:00:00,1.3806,1.3848,1.3785,1.3832
1777424400,2026-04-29 01:00:00,1.3833,1.3839,1.377,1.3818
1777428000,2026-04-29 02:00:00,1.3819,1.3836,1.379,1.3798
1777431600,2026-04-29 03:00:00,1.3799,1.3902,1.3795,1.3892
1777435200,2026-04-29 04:00:00,1.3893,1.3973,1.3876,1.3951
1777438800,2026-04-29 05:00:00,1.3951,1.3973,1.3939,1.396
1777442400,2026-04-29 06:00:00,1.3961,1.3967,1.3906,1.3922
1777446000,2026-04-29 07:00:00,1.3923,1.3956,1.3906,1.3919
1777449600,2026-04-29 08:00:00,1.392,1.3939,1.3891,1.3915
1777453200,2026-04-29 09:00:00,1.3914,1.4067,1.3905,1.4037
1777456800,2026-04-29 10:00:00,1.4038,1.4063,1.3975,1.3978
1777460400,2026-04-29 11:00:00,1.3978,1.398,1.3926,1.3946
1777464000,2026-04-29 12:00:00,1.3945,1.3947,1.3791,1.3833
1777467600,2026-04-29 13:00:00,1.3833,1.384,1.3705,1.3758
1777471200,2026-04-29 14:00:00,1.3758,1.3783,1.37,1.3723
1777474800,2026-04-29 15:00:00,1.3723,1.3731,1.3589,1.3618
1777478400,2026-04-29 16:00:00,1.3618,1.3675,1.3591,1.3638
1777482000,2026-04-29 17:00:00,1.3639,1.3686,1.363,1.3682
1777485600,2026-04-29 18:00:00,1.3682,1.3702,1.3458,1.3575
1777489200,2026-04-29 19:00:00,1.3575,1.3585,1.3519,1.3534
1777492800,2026-04-29 20:00:00,1.3535,1.3654,1.3533,1.3627
1777496400,2026-04-29 21:00:00,1.3626,1.3725,1.3618,1.369
1777500000,2026-04-29 22:00:00,1.3689,1.3709,1.3672,1.3699
1777503600,2026-04-29 23:00:00,1.3699,1.3711,1.3645,1.3691
1777507200,2026-04-30 00:00:00,1.3692,1.3847,1.3692,1.3829
1777510800,2026-04-30 01:00:00,1.3828,1.3846,1.3774,1.3795
1777514400,2026-04-30 02:00:00,1.3794,1.3816,1.3677,1.3731
1777518000,2026-04-30 03:00:00,1.3731,1.3755,1.371,1.3733
1777521600,2026-04-30 04:00:00,1.3733,1.3734,1.3609,1.3629
1777525200,2026-04-30 05:00:00,1.3628,1.3675,1.3591,1.3647
1777528800,2026-04-30 06:00:00,1.3646,1.3722,1.3609,1.3689
1777532400,2026-04-30 07:00:00,1.3689,1.3754,1.3674,1.3749
1777536000,2026-04-30 08:00:00,1.3749,1.3767,1.3725,1.3727
1777539600,2026-04-30 09:00:00,1.3727,1.3799,1.372,1.3735
1777543200,2026-04-30 10:00:00,1.3735,1.375,1.3694,1.3704
1777546800,2026-04-30 11:00:00,1.3704,1.3759,1.3666,1.3697
1777550400,2026-04-30 12:00:00,1.3696,1.3761,1.369,1.3698
1777554000,2026-04-30 13:00:00,1.3697,1.3747,1.3651,1.3699
1777557600,2026-04-30 14:00:00,1.3698,1.3724,1.3623,1.3682
1777561200,2026-04-30 15:00:00,1.3683,1.3753,1.3651,1.3695
1777564800,2026-04-30 16:00:00,1.3695,1.3697,1.365,1.3661
1777568400,2026-04-30 17:00:00,1.366,1.3695,1.3628,1.3681
1777572000,2026-04-30 18:00:00,1.368,1.3719,1.3667,1.37
1777575600,2026-04-30 19:00:00,1.37,1.3744,1.3692,1.3707
1777579200,2026-04-30 20:00:00,1.3706,1.3717,1.368,1.3699
1777582800,2026-04-30 21:00:00,1.3699,1.3724,1.3659,1.3659
1777586400,2026-04-30 22:00:00,1.366,1.3682,1.3644,1.365
1777590000,2026-04-30 23:00:00,1.3651,1.3685,1.3647,1.3679
1777593600,2026-05-01 00:00:00,1.368,1.3732,1.3649,1.3693
1777597200,2026-05-01 01:00:00,1.3692,1.3738,1.3656,1.3714
1777600800,2026-05-01 02:00:00,1.3714,1.372,1.3685,1.3701
1777604400,2026-05-01 03:00:00,1.37,1.3804,1.3687,1.3764
1777608000,2026-05-01 04:00:00,1.3764,1.3787,1.374,1.3759
1777611600,2026-05-01 05:00:00,1.376,1.3784,1.3749,1.3766
1777615200,2026-05-01 06:00:00,1.3767,1.3788,1.3722,1.3734
1777618800,2026-05-01 07:00:00,1.3733,1.3757,1.3718,1.3749
1777622400,2026-05-01 08:00:00,1.3748,1.3807,1.374,1.3784
1777626000,2026-05-01 09:00:00,1.3784,1.3787,1.3741,1.3754
1777629600,2026-05-01 10:00:00,1.3754,1.3768,1.3716,1.3766
1777633200,2026-05-01 11:00:00,1.3766,1.3799,1.3755,1.3779
1777636800,2026-05-01 12:00:00,1.378,1.3877,1.3774,1.3834
1777640400,2026-05-01 13:00:00,1.3834,1.3996,1.3834,1.3984
1777644000,2026-05-01 14:00:00,1.3985,1.3999,1.3896,1.3948
1777647600,2026-05-01 15:00:00,1.3947,1.3998,1.3911,1.396
1777651200,2026-05-01 16:00:00,1.396,1.3985,1.3911,1.3915
1777654800,2026-05-01 17:00:00,1.3914,1.3952,1.3888,1.3949
1777658400,2026-05-01 18:00:00,1.3949,1.3957,1.3928,1.3936
1777662000,2026-05-01 19:00:00,1.3936,1.396,1.3921,1.3937
1777665600,2026-05-01 20:00:00,1.3938,1.3947,1.3828,1.3846
1777669200,2026-05-01 21:00:00,1.3846,1.389,1.3843,1.3887
1777672800,2026-05-01 22:00:00,1.3887,1.3903,1.3836,1.3836
1777676400,2026-05-01 23:00:00,1.3836,1.3858,1.3809,1.3858
1777680000,2026-05-02 00:00:00,1.3858,1.3904,1.3847,1.3863
1777683600,2026-05-02 01:00:00,1.3864,1.3888,1.3844,1.385
1777687200,2026-05-02 02:00:00,1.3849,1.3883,1.3812,1.3859
1777690800,2026-05-02 03:00:00,1.3859,1.3884,1.384,1.386
1777694400,2026-05-02 04:00:00,1.3859,1.386,1.3828,1.3849
1777698000,2026-05-02 05:00:00,1.3849,1.3851,1.3826,1.3838
1777701600,2026-05-02 06:00:00,1.3839,1.3877,1.3839,1.3871
1777705200,2026-05-02 07:00:00,1.3871,1.3885,1.3853,1.3853
1777708800,2026-05-02 08:00:00,1.3853,1.3857,1.3838,1.3847
1777712400,2026-05-02 09:00:00,1.3847,1.3878,1.3838,1.3865
1777716000,2026-05-02 10:00:00,1.3865,1.388,1.3862,1.3878
1777719600,2026-05-02 11:00:00,1.3878,1.3911,1.3852,1.3859
1777723200,2026-05-02 12:00:00,1.3859,1.388,1.3847,1.387
1777726800,2026-05-02 13:00:00,1.3871,1.3925,1.3871,1.3922
1777730400,2026-05-02 14:00:00,1.3922,1.3933,1.3899,1.3918
1777734000,2026-05-02 15:00:00,1.3918,1.3943,1.3912,1.3934
1777737600,2026-05-02 16:00:00,1.3934,1.395,1.3908,1.3929
1777741200,2026-05-02 17:00:00,1.393,1.3943,1.3913,1.3916
1777744800,2026-05-02 18:00:00,1.3916,1.3938,1.3896,1.3931
1777748400,2026-05-02 19:00:00,1.3931,1.3951,1.393,1.3946
1777752000,2026-05-02 20:00:00,1.3947,1.3948,1.3931,1.3932
1777755600,2026-05-02 21:00:00,1.3933,1.4003,1.3904,1.3935
1777759200,2026-05-02 22:00:00,1.3934,1.4003,1.3921,1.3961
1777762800,2026-05-02 23:00:00,1.3962,1.3969,1.3907,1.3937
1777766400,2026-05-03 00:00:00,1.3936,1.3945,1.3881,1.3892
1777770000,2026-05-03 01:00:00,1.3892,1.3893,1.3834,1.384
1777773600,2026-05-03 02:00:00,1.3839,1.3847,1.3814,1.3834
1777777200,2026-05-03 03:00:00,1.3833,1.3843,1.3819,1.384
1777780800,2026-05-03 04:00:00,1.3839,1.3854,1.382,1.3838
1777784400,2026-05-03 05:00:00,1.3838,1.3859,1.3836,1.385
1777788000,2026-05-03 06:00:00,1.385,1.3857,1.3822,1.3853
1777791600,2026-05-03 07:00:00,1.3853,1.3885,1.385,1.3861
1777795200,2026-05-03 08:00:00,1.3861,1.3885,1.3857,1.3882
1777798800,2026-05-03 09:00:00,1.3882,1.3909,1.3875,1.3893
1777802400,2026-05-03 10:00:00,1.3894,1.3901,1.388,1.3882
1777806000,2026-05-03 11:00:00,1.3882,1.3985,1.3872,1.3952
1777809600,2026-05-03 12:00:00,1.3952,1.3985,1.3952,1.3962
1777813200,2026-05-03 13:00:00,1.3963,1.399,1.3932,1.3951
1777816800,2026-05-03 14:00:00,1.3951,1.3975,1.3931,1.3969
1777820400,2026-05-03 15:00:00,1.3968,1.3989,1.3944,1.3958
1777824000,2026-05-03 16:00:00,1.3959,1.3982,1.394,1.3944
1777827600,2026-05-03 17:00:00,1.3944,1.3965,1.3922,1.395
1777831200,2026-05-03 18:00:00,1.395,1.3955,1.3936,1.3943
1777834800,2026-05-03 19:00:00,1.3942,1.398,1.3936,1.3952
1777838400,2026-05-03 20:00:00,1.3952,1.3999,1.3924,1.3931
1777842000,2026-05-03 21:00:00,1.3931,1.396,1.389,1.3919
1777845600,2026-05-03 22:00:00,1.3919,1.4042,1.3919,1.3978
1777849200,2026-05-03 23:00:00,1.3978,1.4011,1.3868,1.388
1777852800,2026-05-04 00:00:00,1.3879,1.3913,1.3829,1.3884
1777856400,2026-05-04 01:00:00,1.3884,1.4075,1.3839,1.4049
1777860000,2026-05-04 02:00:00,1.405,1.415,1.401,1.4104
1777863600,2026-05-04 03:00:00,1.4105,1.4147,1.4075,1.4129
1777867200,2026-05-04 04:00:00,1.413,1.4209,1.413,1.4163
1777870800,2026-05-04 05:00:00,1.4163,1.4175,1.4109,1.4116
1777874400,2026-05-04 06:00:00,1.4117,1.4125,1.402,1.409
1777878000,2026-05-04 07:00:00,1.409,1.4144,1.4077,1.4106
1777881600,2026-05-04 08:00:00,1.4105,1.4129,1.4071,1.4115
1777885200,2026-05-04 09:00:00,1.4115,1.4196,1.4107,1.4174
1777888800,2026-05-04 10:00:00,1.4174,1.418,1.3856,1.3953
1777892400,2026-05-04 11:00:00,1.3952,1.3979,1.3924,1.3941
1777896000,2026-05-04 12:00:00,1.394,1.3968,1.3927,1.3934
1777899600,2026-05-04 13:00:00,1.3934,1.3998,1.3886,1.3935
1777903200,2026-05-04 14:00:00,1.3936,1.4134,1.3889,1.4081
1777906800,2026-05-04 15:00:00,1.4082,1.4092,1.3929,1.399
1777910400,2026-05-04 16:00:00,1.3991,1.4054,1.3938,1.4007
1777914000,2026-05-04 17:00:00,1.4007,1.4123,1.4001,1.4086
1777917600,2026-05-04 18:00:00,1.4086,1.41,1.402,1.4038
1777921200,2026-05-04 19:00:00,1.4039,1.4044,1.3979,1.398
1777924800,2026-05-04 20:00:00,1.3979,1.398,1.3925,1.3931
1777928400,2026-05-04 21:00:00,1.3931,1.3989,1.393,1.3975
1777932000,2026-05-04 22:00:00,1.3974,1.4016,1.3945,1.3955
1777935600,2026-05-04 23:00:00,1.3954,1.3954,1.3901,1.3918
1777939200,2026-05-05 00:00:00,1.3919,1.396,1.3904,1.3956
1777942800,2026-05-05 01:00:00,1.3957,1.3984,1.3939,1.3972
1777946400,2026-05-05 02:00:00,1.3972,1.4049,1.3965,1.4008
1777950000,2026-05-05 03:00:00,1.4008,1.4099,1.3993,1.4057
1777953600,2026-05-05 04:00:00,1.4056,1.407,1.4007,1.4016
1777957200,2026-05-05 05:00:00,1.4017,1.4067,1.3998,1.4018
1777960800,2026-05-05 06:00:00,1.4018,1.4071,1.4006,1.4071
1777964400,2026-05-05 07:00:00,1.4071,1.41,1.4021,1.4067
1777968000,2026-05-05 08:00:00,1.4066,1.4093,1.4059,1.4069
1777971600,2026-05-05 09:00:00,1.407,1.4072,1.4019,1.4035
1777975200,2026-05-05 10:00:00,1.4034,1.4074,1.4023,1.4063
1777978800,2026-05-05 11:00:00,1.4064,1.4085,1.4018,1.4079
1777982400,2026-05-05 12:00:00,1.4079,1.4139,1.4065,1.4129
1777986000,2026-05-05 13:00:00,1.4128,1.4206,1.411,1.4134
1777989600,2026-05-05 14:00:00,1.4134,1.4138,1.4047,1.411
1777993200,2026-05-05 15:00:00,1.411,1.416,1.4101,1.4116
1777996800,2026-05-05 16:00:00,1.4117,1.4151,1.4047,1.4081
1778000400,2026-05-05 17:00:00,1.4081,1.4098,1.405,1.4082
1778004000,2026-05-05 18:00:00,1.4083,1.4128,1.4081,1.4099
1778007600,2026-05-05 19:00:00,1.41,1.4134,1.4087,1.413
1778011200,2026-05-05 20:00:00,1.413,1.4181,1.4124,1.4169
1778014800,2026-05-05 21:00:00,1.4168,1.4222,1.413,1.4159
1778018400,2026-05-05 22:00:00,1.4159,1.4214,1.41,1.4156
1778022000,2026-05-05 23:00:00,1.4156,1.4178,1.4095,1.4126
1778025600,2026-05-06 00:00:00,1.4126,1.415,1.4073,1.4111
1778029200,2026-05-06 01:00:00,1.411,1.4196,1.4099,1.4183
1778032800,2026-05-06 02:00:00,1.4183,1.4185,1.4105,1.4164
1778036400,2026-05-06 03:00:00,1.4164,1.4244,1.4162,1.4222
1778040000,2026-05-06 04:00:00,1.4222,1.4249,1.4176,1.4198
1778043600,2026-05-06 05:00:00,1.4197,1.4232,1.4142,1.4224
1778047200,2026-05-06 06:00:00,1.4224,1.4274,1.421,1.4261
1778050800,2026-05-06 07:00:00,1.4261,1.4355,1.4245,1.4311
1778054400,2026-05-06 08:00:00,1.4311,1.4433,1.4298,1.4429
1778058000,2026-05-06 09:00:00,1.4429,1.4509,1.438,1.4491
1778061600,2026-05-06 10:00:00,1.4492,1.454,1.4469,1.4512
1778065200,2026-05-06 11:00:00,1.4511,1.4573,1.4482,1.451
1778068800,2026-05-06 12:00:00,1.4509,1.4524,1.4446,1.4451
1778072400,2026-05-06 13:00:00,1.4451,1.4451,1.4183,1.4226
1778076000,2026-05-06 14:00:00,1.4226,1.4299,1.4133,1.4233
1778079600,2026-05-06 15:00:00,1.4233,1.4327,1.4216,1.4301
1778083200,2026-05-06 16:00:00,1.43,1.4347,1.4241,1.4293
1778086800,2026-05-06 17:00:00,1.4293,1.431,1.4243,1.4261
1778090400,2026-05-06 18:00:00,1.4261,1.4273,1.4214,1.4228
1778094000,2026-05-06 19:00:00,1.4228,1.4291,1.4227,1.4279
1778097600,2026-05-06 20:00:00,1.428,1.429,1.4215,1.4249
1778101200,2026-05-06 21:00:00,1.4248,1.4287,1.4221,1.4267
1778104800,2026-05-06 22:00:00,1.4267,1.4272,1.4218,1.422
1778108400,2026-05-06 23:00:00,1.4221,1.4253,1.4166,1.4249
1778112000,2026-05-07 00:00:00,1.4249,1.4258,1.4169,1.418
1778115600,2026-05-07 01:00:00,1.4179,1.4199,1.4128,1.4156
1778119200,2026-05-07 02:00:00,1.4156,1.4161,1.41,1.4121
1778122800,2026-05-07 03:00:00,1.412,1.412,1.4035,1.4052
1778126400,2026-05-07 04:00:00,1.4052,1.41,1.4042,1.4078
1778130000,2026-05-07 05:00:00,1.4078,1.4145,1.4076,1.411
1778133600,2026-05-07 06:00:00,1.411,1.4165,1.405,1.416
1778137200,2026-05-07 07:00:00,1.4159,1.4215,1.4148,1.4199
1778140800,2026-05-07 08:00:00,1.4198,1.421,1.4157,1.4163
1778144400,2026-05-07 09:00:00,1.4163,1.4163,1.4105,1.4115
1778148000,2026-05-07 10:00:00,1.4116,1.4146,1.4068,1.4099
1778151600,2026-05-07 11:00:00,1.41,1.4134,1.4085,1.4096
1778155200,2026-05-07 12:00:00,1.4096,1.415,1.4091,1.4148
1778158800,2026-05-07 13:00:00,1.4147,1.4147,1.397,1.4018
1778162400,2026-05-07 14:00:00,1.4018,1.4038,1.3912,1.3934
1778166000,2026-05-07 15:00:00,1.3934,1.3948,1.3831,1.3907
1778169600,2026-05-07 16:00:00,1.3906,1.3928,1.3868,1.3889
1778173200,2026-05-07 17:00:00,1.3889,1.3933,1.3843,1.3919
1778176800,2026-05-07 18:00:00,1.3918,1.3963,1.389,1.3925
1778180400,2026-05-07 19:00:00,1.3925,1.3925,1.3856,1.3861
1778184000,2026-05-07 20:00:00,1.3862,1.3932,1.3819,1.3826
1778187600,2026-05-07 21:00:00,1.3826,1.3871,1.3802,1.3838
1778191200,2026-05-07 22:00:00,1.3838,1.3869,1.3804,1.3849
1778194800,2026-05-07 23:00:00,1.3848,1.3879,1.3843,1.3869
1778198400,2026-05-08 00:00:00,1.3869,1.3898,1.3842,1.3855
1778202000,2026-05-08 01:00:00,1.3856,1.3869,1.3824,1.3858
1778205600,2026-05-08 02:00:00,1.3858,1.3861,1.3797,1.3834
1778209200,2026-05-08 03:00:00,1.3834,1.3875,1.3795,1.3853
1778212800,2026-05-08 04:00:00,1.3853,1.387,1.3837,1.3861
1778216400,2026-05-08 05:00:00,1.3861,1.3877,1.3834,1.3834
1778220000,2026-05-08 06:00:00,1.3834,1.3835,1.3778,1.3817
1778223600,2026-05-08 07:00:00,1.3818,1.3849,1.3787,1.384
1778227200,2026-05-08 08:00:00,1.384,1.3903,1.382,1.3881
1778230800,2026-05-08 09:00:00,1.3881,1.3914,1.3857,1.3871
1778234400,2026-05-08 10:00:00,1.387,1.3919,1.3849,1.3896
1778238000,2026-05-08 11:00:00,1.3896,1.3925,1.389,1.3913
1778241600,2026-05-08 12:00:00,1.3913,1.394,1.3864,1.3878
1778245200,2026-05-08 13:00:00,1.3878,1.3885,1.3836,1.387
1778248800,2026-05-08 14:00:00,1.3871,1.3967,1.3871,1.3931
1778252400,2026-05-08 15:00:00,1.3931,1.3983,1.3855,1.3973
1778256000,2026-05-08 16:00:00,1.3973,1.3977,1.3927,1.3944
1778259600,2026-05-08 17:00:00,1.3945,1.4106,1.3941,1.4087
1778263200,2026-05-08 18:00:00,1.4088,1.4244,1.4088,1.4191
1778266800,2026-05-08 19:00:00,1.4191,1.427,1.4165,1.4188
1778270400,2026-05-08 20:00:00,1.4188,1.419,1.4111,1.4121
1778274000,2026-05-08 21:00:00,1.4122,1.4219,1.412,1.4217
1778277600,2026-05-08 22:00:00,1.4217,1.4238,1.417,1.4185
1778281200,2026-05-08 23:00:00,1.4185,1.4192,1.4155,1.4182
1778284800,2026-05-09 00:00:00,1.4182,1.4252,1.418,1.4248
1778288400,2026-05-09 01:00:00,1.4248,1.435,1.4245,1.4324
1778292000,2026-05-09 02:00:00,1.4325,1.4342,1.4276,1.431
1778295600,2026-05-09 03:00:00,1.431,1.4326,1.4267,1.4289
1778299200,2026-05-09 04:00:00,1.4288,1.4345,1.4272,1.428
1778302800,2026-05-09 05:00:00,1.428,1.4314,1.4251,1.4266
1778306400,2026-05-09 06:00:00,1.4266,1.4275,1.4228,1.4257
1778310000,2026-05-09 07:00:00,1.4257,1.428,1.4223,1.4238
1778313600,2026-05-09 08:00:00,1.4238,1.4256,1.4233,1.4244
1778317200,2026-05-09 09:00:00,1.4243,1.4255,1.418,1.4193
1778320800,2026-05-09 10:00:00,1.4194,1.4227,1.4173,1.4211
1778324400,2026-05-09 11:00:00,1.4211,1.4228,1.4204,1.422
1778328000,2026-05-09 12:00:00,1.422,1.4228,1.4194,1.4206
1778331600,2026-05-09 13:00:00,1.4206,1.4206,1.4164,1.4199
1778335200,2026-05-09 14:00:00,1.4199,1.4211,1.4151,1.4156
1778338800,2026-05-09 15:00:00,1.4155,1.4162,1.4118,1.4144
1778342400,2026-05-09 16:00:00,1.4145,1.42,1.4113,1.4173
1778346000,2026-05-09 17:00:00,1.4172,1.4239,1.4172,1.4211
1778349600,2026-05-09 18:00:00,1.421,1.425,1.4202,1.4222
1778353200,2026-05-09 19:00:00,1.4223,1.4243,1.4211,1.424
1778356800,2026-05-09 20:00:00,1.4241,1.4242,1.4203,1.4214
1778360400,2026-05-09 21:00:00,1.4215,1.4236,1.4209,1.4223
1778364000,2026-05-09 22:00:00,1.4224,1.425,1.4212,1.4232
1778367600,2026-05-09 23:00:00,1.4233,1.4252,1.4192,1.4205
1778371200,2026-05-10 00:00:00,1.4205,1.4225,1.4158,1.4166
1778374800,2026-05-10 01:00:00,1.4167,1.4169,1.4119,1.4147
1778378400,2026-05-10 02:00:00,1.4147,1.4224,1.4131,1.4173
1778382000,2026-05-10 03:00:00,1.4173,1.4205,1.4144,1.4172
1778385600,2026-05-10 04:00:00,1.4172,1.4192,1.4155,1.4179
1778389200,2026-05-10 05:00:00,1.418,1.42,1.4163,1.418
1778392800,2026-05-10 06:00:00,1.418,1.4188,1.4157,1.4187
1778396400,2026-05-10 07:00:00,1.4187,1.4217,1.4173,1.4202
1778400000,2026-05-10 08:00:00,1.4201,1.4278,1.4194,1.4272
1778403600,2026-05-10 09:00:00,1.4271,1.4288,1.4236,1.4283
1778407200,2026-05-10 10:00:00,1.4284,1.4309,1.4244,1.4274
1778410800,2026-05-10 11:00:00,1.4274,1.4275,1.4184,1.4232
1778414400,2026-05-10 12:00:00,1.4232,1.4242,1.4211,1.4242
1778418000,2026-05-10 13:00:00,1.4241,1.4339,1.4232,1.4323
1778421600,2026-05-10 14:00:00,1.4322,1.4373,1.4292,1.4352
1778425200,2026-05-10 15:00:00,1.4351,1.445,1.4335,1.4442
1778428800,2026-05-10 16:00:00,1.4443,1.479,1.4429,1.4721
1778432400,2026-05-10 17:00:00,1.472,1.5082,1.472,1.5045
1778436000,2026-05-10 18:00:00,1.5045,1.5063,1.4849,1.4863
1778439600,2026-05-10 19:00:00,1.4863,1.4911,1.4755,1.4867
1778443200,2026-05-10 20:00:00,1.4868,1.4897,1.4371,1.45
1778446800,2026-05-10 21:00:00,1.45,1.464,1.444,1.455
1778450400,2026-05-10 22:00:00,1.455,1.475,1.4528,1.4736
1778454000,2026-05-10 23:00:00,1.4737,1.4772,1.4696,1.4734
1778457600,2026-05-11 00:00:00,1.4735,1.478,1.4526,1.4579
1778461200,2026-05-11 01:00:00,1.4579,1.4688,1.4523,1.4606
1778464800,2026-05-11 02:00:00,1.4606,1.4625,1.4494,1.4537
1778468400,2026-05-11 03:00:00,1.4538,1.4541,1.4399,1.4487
1778472000,2026-05-11 04:00:00,1.4486,1.4566,1.445,1.4481
1778475600,2026-05-11 05:00:00,1.4481,1.4567,1.4478,1.4553
1778479200,2026-05-11 06:00:00,1.4552,1.4591,1.4506,1.4535
1778482800,2026-05-11 07:00:00,1.4535,1.4539,1.4424,1.4494
1778486400,2026-05-11 08:00:00,1.4494,1.451,1.4418,1.4457
1778490000,2026-05-11 09:00:00,1.4456,1.4543,1.4456,1.4515
1778493600,2026-05-11 10:00:00,1.4515,1.4545,1.4494,1.4509
1778497200,2026-05-11 11:00:00,1.4509,1.4581,1.4476,1.4579
1778500800,2026-05-11 12:00:00,1.4578,1.4638,1.4543,1.4582
1778504400,2026-05-11 13:00:00,1.4583,1.4652,1.4525,1.46
1778508000,2026-05-11 14:00:00,1.46,1.4727,1.4557,1.4714
1778511600,2026-05-11 15:00:00,1.4715,1.4886,1.4669,1.4848
1778515200,2026-05-11 16:00:00,1.4849,1.4875,1.4716,1.474
1778518800,2026-05-11 17:00:00,1.4741,1.4811,1.4662,1.4799
1778522400,2026-05-11 18:00:00,1.4798,1.4813,1.4702,1.4704
1778526000,2026-05-11 19:00:00,1.4703,1.4809,1.4673,1.4796
1778529600,2026-05-11 20:00:00,1.4795,1.4828,1.4725,1.4731
1778533200,2026-05-11 21:00:00,1.4731,1.4751,1.4695,1.47
1778536800,2026-05-11 22:00:00,1.47,1.4774,1.4685,1.4753
1778540400,2026-05-11 23:00:00,1.4753,1.4806,1.4712,1.4776
1778544000,2026-05-12 00:00:00,1.4777,1.4848,1.476,1.4799
1778547600,2026-05-12 01:00:00,1.4799,1.482,1.4566,1.4671
1778551200,2026-05-12 02:00:00,1.4671,1.4709,1.4606,1.4646
1778554800,2026-05-12 03:00:00,1.4646,1.4655,1.4584,1.4597
1778558400,2026-05-12 04:00:00,1.4598,1.4663,1.457,1.4628
1778562000,2026-05-12 05:00:00,1.4627,1.4693,1.46,1.462
1778565600,2026-05-12 06:00:00,1.462,1.4671,1.4556,1.4587
1778569200,2026-05-12 07:00:00,1.4586,1.4653,1.4544,1.4628
1778572800,2026-05-12 08:00:00,1.4629,1.4714,1.4598,1.4651
1778576400,2026-05-12 09:00:00,1.4651,1.4651,1.4548,1.4556
1778580000,2026-05-12 10:00:00,1.4557,1.4582,1.4472,1.4496
1778583600,2026-05-12 11:00:00,1.4497,1.4519,1.444,1.449
1778587200,2026-05-12 12:00:00,1.4491,1.4557,1.4463,1.4506
1778590800,2026-05-12 13:00:00,1.4507,1.4526,1.4331,1.4345
1778594400,2026-05-12 14:00:00,1.4345,1.4407,1.4245,1.4281
1778598000,2026-05-12 15:00:00,1.428,1.4318,1.4183,1.424
1778601600,2026-05-12 16:00:00,1.424,1.4292,1.4195,1.4225
1778605200,2026-05-12 17:00:00,1.4225,1.435,1.4224,1.4339
1778608800,2026-05-12 18:00:00,1.434,1.4384,1.4317,1.4362
1778612400,2026-05-12 19:00:00,1.4363,1.4429,1.4362,1.4411
1778616000,2026-05-12 20:00:00,1.441,1.4431,1.4388,1.441
1778619600,2026-05-12 21:00:00,1.441,1.4414,1.4381,1.4407
1778623200,2026-05-12 22:00:00,1.4407,1.4444,1.4396,1.4397
1778626800,2026-05-12 23:00:00,1.4397,1.4407,1.4333,1.437
1778630400,2026-05-13 00:00:00,1.437,1.4403,1.4349,1.4393
1778634000,2026-05-13 01:00:00,1.4394,1.4517,1.4385,1.4489
1778637600,2026-05-13 02:00:00,1.4488,1.4536,1.4471,1.4484
1778641200,2026-05-13 03:00:00,1.4484,1.4529,1.4471,1.4522
1778644800,2026-05-13 04:00:00,1.4521,1.4636,1.45,1.4624
1778648400,2026-05-13 05:00:00,1.4624,1.4649,1.4543,1.4545
1778652000,2026-05-13 06:00:00,1.4545,1.4611,1.4527,1.4543
1778655600,2026-05-13 07:00:00,1.4542,1.4642,1.4542,1.4622
1778659200,2026-05-13 08:00:00,1.4623,1.4658,1.4585,1.4629
1778662800,2026-05-13 09:00:00,1.4629,1.4693,1.4622,1.4683
1778666400,2026-05-13 10:00:00,1.4683,1.4693,1.4564,1.458
1778670000,2026-05-13 11:00:00,1.4579,1.4597,1.4471,1.4484
1778673600,2026-05-13 12:00:00,1.4483,1.4496,1.4256,1.4337
1778677200,2026-05-13 13:00:00,1.4336,1.4392,1.423,1.427
1778680800,2026-05-13 14:00:00,1.427,1.4312,1.4213,1.4288
1778684400,2026-05-13 15:00:00,1.4287,1.4324,1.4112,1.4131
1778688000,2026-05-13 16:00:00,1.4132,1.4246,1.4122,1.4233
1778691600,2026-05-13 17:00:00,1.4233,1.4307,1.4233,1.4293
1778695200,2026-05-13 18:00:00,1.4293,1.434,1.4264,1.4266
1778698800,2026-05-13 19:00:00,1.4266,1.427,1.4172,1.419
1778702400,2026-05-13 20:00:00,1.4191,1.4261,1.4189,1.4253
1778706000,2026-05-13 21:00:00,1.4254,1.4257,1.4172,1.4185
1778709600,2026-05-13 22:00:00,1.4186,1.4241,1.4155,1.4231
1778713200,2026-05-13 23:00:00,1.4232,1.4278,1.421,1.4273
1778716800,2026-05-14 00:00:00,1.4272,1.4335,1.4264,1.4319
1778720400,2026-05-14 01:00:00,1.4318,1.4352,1.4265,1.4325
1778724000,2026-05-14 02:00:00,1.4326,1.4342,1.4233,1.4259
1778727600,2026-05-14 03:00:00,1.4259,1.4304,1.4208,1.4222
1778731200,2026-05-14 04:00:00,1.4222,1.432,1.4209,1.4306
1778734800,2026-05-14 05:00:00,1.4305,1.4397,1.4294,1.4358
1778738400,2026-05-14 06:00:00,1.4358,1.4367,1.4271,1.4347
1778742000,2026-05-14 07:00:00,1.4347,1.4372,1.4305,1.4324
1778745600,2026-05-14 08:00:00,1.4325,1.4369,1.4296,1.4346
1778749200,2026-05-14 09:00:00,1.4347,1.436,1.4273,1.4296
1778752800,2026-05-14 10:00:00,1.4296,1.4375,1.4281,1.4366
1778756400,2026-05-14 11:00:00,1.4366,1.4392,1.4319,1.4325
1778760000,2026-05-14 12:00:00,1.4325,1.452,1.4317,1.4482
1778763600,2026-05-14 13:00:00,1.4483,1.46,1.4413,1.4423
1778767200,2026-05-14 14:00:00,1.4422,1.4745,1.4388,1.471
1778770800,2026-05-14 15:00:00,1.471,1.4744,1.4609,1.4727
1778774400,2026-05-14 16:00:00,1.4726,1.481,1.4645,1.4803
1778778000,2026-05-14 17:00:00,1.4803,1.5005,1.4722,1.4918
1778781600,2026-05-14 18:00:00,1.4918,1.5452,1.4861,1.5362
1778785200,2026-05-14 19:00:00,1.5362,1.5496,1.5111,1.517
1778788800,2026-05-14 20:00:00,1.5171,1.5178,1.4973,1.508
1778792400,2026-05-14 21:00:00,1.508,1.5114,1.4933,1.4978
1778796000,2026-05-14 22:00:00,1.4978,1.5057,1.4938,1.5007
1778799600,2026-05-14 23:00:00,1.5007,1.5007,1.4828,1.4852
1778803200,2026-05-15 00:00:00,1.4851,1.5002,1.4848,1.4952
1778806800,2026-05-15 01:00:00,1.4951,1.4993,1.484,1.4846
1778810400,2026-05-15 02:00:00,1.4845,1.4924,1.476,1.4907
1778814000,2026-05-15 03:00:00,1.4906,1.4924,1.4833,1.489
1778817600,2026-05-15 04:00:00,1.489,1.4902,1.473,1.4734
1778821200,2026-05-15 05:00:00,1.4734,1.4752,1.4534,1.4604
1778824800,2026-05-15 06:00:00,1.4603,1.4729,1.4585,1.4686
1778828400,2026-05-15 07:00:00,1.4686,1.473,1.4657,1.4696
1778832000,2026-05-15 08:00:00,1.4696,1.4721,1.4613,1.4711
1778835600,2026-05-15 09:00:00,1.4712,1.473,1.4615,1.4646
1778839200,2026-05-15 10:00:00,1.4646,1.4769,1.4633,1.4749
1778842800,2026-05-15 11:00:00,1.4748,1.4757,1.4667,1.4681
1778846400,2026-05-15 12:00:00,1.4681,1.4692,1.4586,1.4597
1778850000,2026-05-15 13:00:00,1.4597,1.4597,1.429,1.4322
1778853600,2026-05-15 14:00:00,1.4323,1.4411,1.4275,1.4394
1778857200,2026-05-15 15:00:00,1.4393,1.4409,1.43,1.4352
1778860800,2026-05-15 16:00:00,1.4351,1.4476,1.434,1.4467
1778864400,2026-05-15 17:00:00,1.4467,1.4509,1.4458,1.4469
1778868000,2026-05-15 18:00:00,1.4469,1.4493,1.4397,1.4408
1778871600,2026-05-15 19:00:00,1.4407,1.4408,1.4321,1.4345
1778875200,2026-05-15 20:00:00,1.4346,1.4375,1.4319,1.435
1778878800,2026-05-15 21:00:00,1.4351,1.4371,1.4301,1.4304
1778882400,2026-05-15 22:00:00,1.4304,1.4346,1.4301,1.4337
1778886000,2026-05-15 23:00:00,1.4336,1.4357,1.4325,1.434
1778889600,2026-05-16 00:00:00,1.434,1.4387,1.4326,1.4343
1778893200,2026-05-16 01:00:00,1.4343,1.4386,1.4311,1.4371
1778896800,2026-05-16 02:00:00,1.437,1.4396,1.4351,1.4367
1778900400,2026-05-16 03:00:00,1.4367,1.4388,1.4335,1.4356
1778904000,2026-05-16 04:00:00,1.4355,1.4366,1.418,1.4257
1778907600,2026-05-16 05:00:00,1.4257,1.4298,1.4216,1.4251
1778911200,2026-05-16 06:00:00,1.425,1.4265,1.4138,1.4196
1778914800,2026-05-16 07:00:00,1.4197,1.4198,1.4046,1.4168
1778918400,2026-05-16 08:00:00,1.4167,1.4181,1.4146,1.415
1778922000,2026-05-16 09:00:00,1.4149,1.4159,1.4015,1.4022
1778925600,2026-05-16 10:00:00,1.4023,1.4089,1.394,1.4073
1778929200,2026-05-16 11:00:00,1.4073,1.4139,1.4068,1.4109
1778932800,2026-05-16 12:00:00,1.4108,1.4133,1.408,1.4104
1778936400,2026-05-16 13:00:00,1.4103,1.4155,1.4077,1.4116
1778940000,2026-05-16 14:00:00,1.4117,1.4131,1.406,1.4096
1778943600,2026-05-16 15:00:00,1.4095,1.415,1.4093,1.4147
1778947200,2026-05-16 16:00:00,1.4147,1.4227,1.4135,1.4167
1778950800,2026-05-16 17:00:00,1.4167,1.419,1.4152,1.417
1778954400,2026-05-16 18:00:00,1.417,1.4179,1.4137,1.4157
1778958000,2026-05-16 19:00:00,1.4157,1.4177,1.4149,1.4162
1778961600,2026-05-16 20:00:00,1.4163,1.4191,1.415,1.4158
1778965200,2026-05-16 21:00:00,1.4157,1.4166,1.4136,1.4151
1778968800,2026-05-16 22:00:00,1.4151,1.4156,1.412,1.4139
1778972400,2026-05-16 23:00:00,1.4139,1.4159,1.4132,1.4136
1778976000,2026-05-17 00:00:00,1.4136,1.4176,1.4092,1.4114
1778979600,2026-05-17 01:00:00,1.4115,1.4142,1.4038,1.4038
1778983200,2026-05-17 02:00:00,1.4038,1.4113,1.4021,1.407
1778986800,2026-05-17 03:00:00,1.407,1.4142,1.4068,1.4121
1778990400,2026-05-17 04:00:00,1.4121,1.4174,1.4118,1.4157
1778994000,2026-05-17 05:00:00,1.4156,1.4219,1.4155,1.4164
1778997600,2026-05-17 06:00:00,1.4165,1.4191,1.4157,1.4175
1779001200,2026-05-17 07:00:00,1.4175,1.4209,1.4166,1.4183
1779004800,2026-05-17 08:00:00,1.4183,1.4202,1.4142,1.4145
1779008400,2026-05-17 09:00:00,1.4146,1.4214,1.4129,1.4208
1779012000,2026-05-17 10:00:00,1.4209,1.4291,1.4209,1.4244
1779015600,2026-05-17 11:00:00,1.4244,1.4249,1.4209,1.4226
1779019200,2026-05-17 12:00:00,1.4227,1.4267,1.4223,1.4234
1779022800,2026-05-17 13:00:00,1.4234,1.4236,1.4165,1.4186
1779026400,2026-05-17 14:00:00,1.4186,1.419,1.4105,1.4133
1779030000,2026-05-17 15:00:00,1.4133,1.4149,1.41,1.4132
1779033600,2026-05-17 16:00:00,1.4132,1.4162,1.4102,1.4116
1779037200,2026-05-17 17:00:00,1.4117,1.4129,1.4085,1.411
1779040800,2026-05-17 18:00:00,1.411,1.4143,1.4066,1.4143
1779044400,2026-05-17 19:00:00,1.4143,1.4233,1.414,1.4225
1779048000,2026-05-17 20:00:00,1.4224,1.4234,1.4176,1.4195
1779051600,2026-05-17 21:00:00,1.4194,1.4263,1.4179,1.4232
1779055200,2026-05-17 22:00:00,1.4232,1.4232,1.4091,1.4122
1779058800,2026-05-17 23:00:00,1.4122,1.4147,1.3715,1.4016
1779062400,2026-05-18 00:00:00,1.4017,1.4018,1.3885,1.3963
1779066000,2026-05-18 01:00:00,1.3963,1.3973,1.3848,1.3941
1779069600,2026-05-18 02:00:00,1.3941,1.4027,1.3903,1.3925
1779073200,2026-05-18 03:00:00,1.3924,1.4004,1.3897,1.3932
1779076800,2026-05-18 04:00:00,1.3932,1.3996,1.3873,1.395
1779080400,2026-05-18 05:00:00,1.3949,1.3961,1.3878,1.3894
1779084000,2026-05-18 06:00:00,1.3893,1.392,1.3764,1.3884
1779087600,2026-05-18 07:00:00,1.3885,1.3912,1.3803,1.3867
1779091200,2026-05-18 08:00:00,1.3867,1.3897,1.382,1.3879
1779094800,2026-05-18 09:00:00,1.3879,1.388,1.3825,1.3829
1779098400,2026-05-18 10:00:00,1.3829,1.3837,1.3775,1.3783
1779102000,2026-05-18 11:00:00,1.3783,1.3966,1.3761,1.3904
1779105600,2026-05-18 12:00:00,1.3904,1.4024,1.3903,1.399
1779109200,2026-05-18 13:00:00,1.3991,1.3991,1.3764,1.3862
1779112800,2026-05-18 14:00:00,1.3862,1.3862,1.3726,1.3775
1779116400,2026-05-18 15:00:00,1.3776,1.3791,1.369,1.3766
1779120000,2026-05-18 16:00:00,1.3767,1.3813,1.3708,1.3789
1779123600,2026-05-18 17:00:00,1.3788,1.3837,1.3767,1.3811
1779127200,2026-05-18 18:00:00,1.381,1.381,1.3638,1.3678
1779130800,2026-05-18 19:00:00,1.3678,1.3912,1.3674,1.388
1779134400,2026-05-18 20:00:00,1.3881,1.3924,1.3834,1.3848
1779138000,2026-05-18 21:00:00,1.3848,1.396,1.3823,1.3931
1779141600,2026-05-18 22:00:00,1.3931,1.3964,1.3886,1.3925
1779145200,2026-05-18 23:00:00,1.3925,1.3946,1.3888,1.39
1779148800,2026-05-19 00:00:00,1.3901,1.3977,1.3892,1.393
1779152400,2026-05-19 01:00:00,1.393,1.393,1.3844,1.3844
1779156000,2026-05-19 02:00:00,1.3844,1.3883,1.378,1.3794
1779159600,2026-05-19 03:00:00,1.3794,1.3849,1.3782,1.3834
1779163200,2026-05-19 04:00:00,1.3834,1.3876,1.3791,1.3869
1779166800,2026-05-19 05:00:00,1.387,1.3883,1.3786,1.3832
1779170400,2026-05-19 06:00:00,1.3832,1.3881,1.382,1.3855
1779174000,2026-05-19 07:00:00,1.3854,1.391,1.3833,1.3887
1779177600,2026-05-19 08:00:00,1.3887,1.3888,1.3802,1.3827
1779181200,2026-05-19 09:00:00,1.3828,1.384,1.3706,1.3748
1779184800,2026-05-19 10:00:00,1.3748,1.3767,1.3685,1.3744
1779188400,2026-05-19 11:00:00,1.3745,1.377,1.3685,1.3722
1779192000,2026-05-19 12:00:00,1.3722,1.3786,1.3706,1.3776
1779195600,2026-05-19 13:00:00,1.3776,1.382,1.371,1.3768
1779199200,2026-05-19 14:00:00,1.3767,1.3798,1.3607,1.3668
1779202800,2026-05-19 15:00:00,1.3667,1.3731,1.3653,1.3672
1779206400,2026-05-19 16:00:00,1.3672,1.3736,1.3628,1.3723
1779210000,2026-05-19 17:00:00,1.3724,1.374,1.3622,1.3639
1779213600,2026-05-19 18:00:00,1.3639,1.368,1.3612,1.3625
1779217200,2026-05-19 19:00:00,1.3625,1.3664,1.3561,1.3573
1779220800,2026-05-19 20:00:00,1.3572,1.3604,1.3558,1.3585
1779224400,2026-05-19 21:00:00,1.3585,1.363,1.3573,1.3597
1779228000,2026-05-19 22:00:00,1.3596,1.3596,1.3531,1.3581
1779231600,2026-05-19 23:00:00,1.3581,1.3653,1.357,1.3616
1779235200,2026-05-20 00:00:00,1.3616,1.3639,1.3519,1.3557
1779238800,2026-05-20 01:00:00,1.3557,1.358,1.3477,1.3551
1779242400,2026-05-20 02:00:00,1.3551,1.3563,1.3506,1.3521
1779246000,2026-05-20 03:00:00,1.352,1.3585,1.3498,1.3562
1779249600,2026-05-20 04:00:00,1.3562,1.3599,1.3535,1.3599
1779253200,2026-05-20 05:00:00,1.3599,1.3699,1.3599,1.3681
1779256800,2026-05-20 06:00:00,1.3681,1.3709,1.3666,1.3707
1779260400,2026-05-20 07:00:00,1.3707,1.3736,1.3673,1.3682
1779264000,2026-05-20 08:00:00,1.3683,1.3724,1.3657,1.3699
1779267600,2026-05-20 09:00:00,1.3699,1.3728,1.3685,1.37
1779271200,2026-05-20 10:00:00,1.3699,1.3754,1.3694,1.3704
1779274800,2026-05-20 11:00:00,1.3704,1.3713,1.3641,1.3655
1779278400,2026-05-20 12:00:00,1.3654,1.3755,1.364,1.3734
1779282000,2026-05-20 13:00:00,1.3734,1.3743,1.3592,1.3643
1779285600,2026-05-20 14:00:00,1.3643,1.376,1.3585,1.3732
1779289200,2026-05-20 15:00:00,1.3732,1.3807,1.3682,1.3747
1779292800,2026-05-20 16:00:00,1.3748,1.3776,1.3661,1.3751
1779296400,2026-05-20 17:00:00,1.3751,1.3803,1.371,1.3753
1779300000,2026-05-20 18:00:00,1.3753,1.376,1.365,1.3675
1779303600,2026-05-20 19:00:00,1.3674,1.373,1.3653,1.3726
1779307200,2026-05-20 20:00:00,1.3726,1.3728,1.3641,1.3702
1779310800,2026-05-20 21:00:00,1.3702,1.3718,1.3667,1.3668
1779314400,2026-05-20 22:00:00,1.3667,1.3681,1.3604,1.366
1779318000,2026-05-20 23:00:00,1.3659,1.3675,1.3629,1.3672
1779321600,2026-05-21 00:00:00,1.3672,1.378,1.3665,1.3762
1779325200,2026-05-21 01:00:00,1.3762,1.3814,1.3756,1.3784
1779328800,2026-05-21 02:00:00,1.3785,1.386,1.3777,1.3813
1779332400,2026-05-21 03:00:00,1.3814,1.3847,1.3802,1.3842
1779336000,2026-05-21 04:00:00,1.3843,1.3856,1.3812,1.3819
1779339600,2026-05-21 05:00:00,1.382,1.3835,1.372,1.3746
1779343200,2026-05-21 06:00:00,1.3746,1.3763,1.3693,1.3708
1779346800,2026-05-21 07:00:00,1.3708,1.3772,1.3696,1.376
1779350400,2026-05-21 08:00:00,1.376,1.3858,1.376,1.3803
1779354000,2026-05-21 09:00:00,1.3803,1.3821,1.3739,1.3742
1779357600,2026-05-21 10:00:00,1.3742,1.3749,1.3638,1.3663
1779361200,2026-05-21 11:00:00,1.3663,1.3695,1.3635,1.3636
1779364800,2026-05-21 12:00:00,1.3637,1.3667,1.3617,1.3651
1779368400,2026-05-21 13:00:00,1.3651,1.3687,1.3547,1.3618
1779372000,2026-05-21 14:00:00,1.3618,1.364,1.3512,1.357
1779375600,2026-05-21 15:00:00,1.357,1.3658,1.3558,1.3615
1779379200,2026-05-21 16:00:00,1.3615,1.365,1.3571,1.3613
1779382800,2026-05-21 17:00:00,1.3614,1.3862,1.3614,1.3812
1779386400,2026-05-21 18:00:00,1.3812,1.3826,1.3667,1.3713
1779390000,2026-05-21 19:00:00,1.3713,1.3816,1.3708,1.3796
1779393600,2026-05-21 20:00:00,1.3797,1.3811,1.3763,1.3772
1779397200,2026-05-21 21:00:00,1.3773,1.3789,1.3755,1.376
1779400800,2026-05-21 22:00:00,1.376,1.3767,1.371,1.3727
1779404400,2026-05-21 23:00:00,1.3726,1.3751,1.3693,1.3739
1779408000,2026-05-22 00:00:00,1.3739,1.3744,1.3672,1.3681
1779411600,2026-05-22 01:00:00,1.3681,1.3719,1.3651,1.371
1779415200,2026-05-22 02:00:00,1.371,1.3755,1.3697,1.3731
1779418800,2026-05-22 03:00:00,1.3732,1.3747,1.3709,1.3721
1779422400,2026-05-22 04:00:00,1.3722,1.376,1.3682,1.3704
1779426000,2026-05-22 05:00:00,1.3703,1.3731,1.3675,1.3682
1779429600,2026-05-22 06:00:00,1.3682,1.3699,1.3603,1.3606
1779433200,2026-05-22 07:00:00,1.3607,1.3681,1.3567,1.3652
1779436800,2026-05-22 08:00:00,1.3652,1.3685,1.3611,1.3628
1779440400,2026-05-22 09:00:00,1.3628,1.3654,1.3591,1.3601
1779444000,2026-05-22 10:00:00,1.36,1.3621,1.3575,1.3598
1779447600,2026-05-22 11:00:00,1.3599,1.3619,1.3551,1.3616
1779451200,2026-05-22 12:00:00,1.3616,1.3661,1.3604,1.366
1779454800,2026-05-22 13:00:00,1.3661,1.3705,1.3577,1.3626
1779458400,2026-05-22 14:00:00,1.3626,1.3626,1.35,1.3521
1779462000,2026-05-22 15:00:00,1.3521,1.3579,1.3477,1.3534
1779465600,2026-05-22 16:00:00,1.3534,1.3559,1.3507,1.3547
1779469200,2026-05-22 17:00:00,1.3547,1.3595,1.351,1.3535
1779472800,2026-05-22 18:00:00,1.3534,1.3558,1.3344,1.35
1779476400,2026-05-22 19:00:00,1.35,1.3524,1.3348,1.3386
1779480000,2026-05-22 20:00:00,1.3387,1.3429,1.3356,1.342
1779483600,2026-05-22 21:00:00,1.3419,1.344,1.3403,1.3426
1779487200,2026-05-22 22:00:00,1.3427,1.3442,1.338,1.3405
1779490800,2026-05-22 23:00:00,1.3405,1.343,1.33,1.3345
1779494400,2026-05-23 00:00:00,1.3346,1.3361,1.3272,1.3346
1779498000,2026-05-23 01:00:00,1.3347,1.3391,1.3337,1.3375
1779501600,2026-05-23 02:00:00,1.3375,1.3405,1.3366,1.3399
1779505200,2026-05-23 03:00:00,1.3398,1.3424,1.3396,1.3411
1779508800,2026-05-23 04:00:00,1.3411,1.3412,1.335,1.3363
1779512400,2026-05-23 05:00:00,1.3364,1.3367,1.3294,1.3313
1779516000,2026-05-23 06:00:00,1.3313,1.3357,1.3286,1.3331
1779519600,2026-05-23 07:00:00,1.3331,1.3338,1.3019,1.3122
1779523200,2026-05-23 08:00:00,1.3123,1.3186,1.3071,1.3107
1779526800,2026-05-23 09:00:00,1.3107,1.3182,1.31,1.3173
1779530400,2026-05-23 10:00:00,1.3173,1.3242,1.3171,1.3225
1779534000,2026-05-23 11:00:00,1.3226,1.3264,1.3212,1.3247
1779537600,2026-05-23 12:00:00,1.3246,1.3277,1.3241,1.3265
1779541200,2026-05-23 13:00:00,1.3265,1.337,1.3265,1.3332
1779544800,2026-05-23 14:00:00,1.3332,1.3412,1.3315,1.3399
1779548400,2026-05-23 15:00:00,1.3399,1.3421,1.3353,1.3359
1779552000,2026-05-23 16:00:00,1.3359,1.3392,1.3342,1.3379
1779555600,2026-05-23 17:00:00,1.3379,1.3394,1.3357,1.3385
1779559200,2026-05-23 18:00:00,1.3386,1.3506,1.3385,1.3453
1779562800,2026-05-23 19:00:00,1.3454,1.3474,1.3427,1.347
1779566400,2026-05-23 20:00:00,1.347,1.372,1.3451,1.3719
1779570000,2026-05-23 21:00:00,1.372,1.3762,1.3537,1.3598
1779573600,2026-05-23 22:00:00,1.3599,1.3637,1.3529,1.3588
1779577200,2026-05-23 23:00:00,1.3587,1.3616,1.3571,1.3583
1779580800,2026-05-24 00:00:00,1.3584,1.3639,1.3571,1.3619
1779584400,2026-05-24 01:00:00,1.3619,1.3633,1.3593,1.3605
1779588000,2026-05-24 02:00:00,1.3606,1.3625,1.3584,1.3612
1779591600,2026-05-24 03:00:00,1.3611,1.3634,1.3596,1.3607
1779595200,2026-05-24 04:00:00,1.3608,1.3618,1.3592,1.361
1779598800,2026-05-24 05:00:00,1.3611,1.3613,1.355,1.3595
1779602400,2026-05-24 06:00:00,1.3595,1.3632,1.3573,1.3628
1779606000,2026-05-24 07:00:00,1.3628,1.3648,1.3589,1.3595
1779609600,2026-05-24 08:00:00,1.3596,1.3612,1.3575,1.361
1779613200,2026-05-24 09:00:00,1.361,1.3666,1.3605,1.3648
1779616800,2026-05-24 10:00:00,1.3648,1.371,1.3628,1.3635
1779620400,2026-05-24 11:00:00,1.3635,1.3698,1.3621,1.3651
1779624000,2026-05-24 12:00:00,1.3652,1.3655,1.3608,1.3627
1779627600,2026-05-24 13:00:00,1.3628,1.3638,1.3567,1.3589
1779631200,2026-05-24 14:00:00,1.359,1.3596,1.339,1.3498
1779634800,2026-05-24 15:00:00,1.3499,1.3513,1.3482,1.3484
1779638400,2026-05-24 16:00:00,1.3484,1.3527,1.3472,1.3509
1779642000,2026-05-24 17:00:00,1.3509,1.3546,1.3506,1.3532
1779645600,2026-05-24 18:00:00,1.3533,1.3535,1.3476,1.3486
1779649200,2026-05-24 19:00:00,1.3486,1.3506,1.3461,1.3493
1779652800,2026-05-24 20:00:00,1.3493,1.3497,1.3432,1.3448
1779656400,2026-05-24 21:00:00,1.3448,1.3472,1.3326,1.3358
1779660000,2026-05-24 22:00:00,1.3359,1.3514,1.3359,1.3478
1779663600,2026-05-24 23:00:00,1.3479,1.3541,1.3479,1.351
1779667200,2026-05-25 00:00:00,1.351,1.3558,1.351,1.352
1779670800,2026-05-25 01:00:00,1.3521,1.3556,1.3471,1.3473
1779674400,2026-05-25 02:00:00,1.3474,1.3567,1.3469,1.3473
1779678000,2026-05-25 03:00:00,1.3473,1.3487,1.3435,1.3468
1779681600,2026-05-25 04:00:00,1.3468,1.3566,1.345,1.3553
1779685200,2026-05-25 05:00:00,1.3553,1.3611,1.354,1.3582
1779688800,2026-05-25 06:00:00,1.3582,1.3609,1.3541,1.3582
1779692400,2026-05-25 07:00:00,1.3583,1.361,1.3526,1.3589
1779696000,2026-05-25 08:00:00,1.3589,1.3656,1.3567,1.3592
1779699600,2026-05-25 09:00:00,1.3592,1.3632,1.3569,1.361
1779703200,2026-05-25 10:00:00,1.361,1.3617,1.3592,1.3606
1779706800,2026-05-25 11:00:00,1.3606,1.3614,1.3573,1.3577
1779710400,2026-05-25 12:00:00,1.3577,1.3595,1.3564,1.3574
1779714000,2026-05-25 13:00:00,1.3573,1.359,1.3556,1.3583
1779717600,2026-05-25 14:00:00,1.3582,1.3627,1.3577,1.3615
1779721200,2026-05-25 15:00:00,1.3614,1.3657,1.3576,1.3588
1779724800,2026-05-25 16:00:00,1.3589,1.3639,1.3574,1.3627
1779728400,2026-05-25 17:00:00,1.3627,1.364,1.3602,1.3613
1779732000,2026-05-25 18:00:00,1.3613,1.3633,1.3587,1.3587
1779735600,2026-05-25 19:00:00,1.3588,1.3588,1.3545,1.3571
1779739200,2026-05-25 20:00:00,1.357,1.3596,1.3523,1.3546
1779742800,2026-05-25 21:00:00,1.3546,1.3568,1.354,1.3547
1779746400,2026-05-25 22:00:00,1.3547,1.356,1.3466,1.3489
1779750000,2026-05-25 23:00:00,1.3489,1.3519,1.3472,1.3503
1779753600,2026-05-26 00:00:00,1.3503,1.3512,1.3352,1.3422
1779757200,2026-05-26 01:00:00,1.3421,1.3448,1.3374,1.3396
1779760800,2026-05-26 02:00:00,1.3396,1.3404,1.3357,1.3372
1779764400,2026-05-26 03:00:00,1.3372,1.3408,1.3342,1.3402
1779768000,2026-05-26 04:00:00,1.3402,1.3464,1.3399,1.3454
1779771600,2026-05-26 05:00:00,1.3454,1.3507,1.3445,1.3479
1779775200,2026-05-26 06:00:00,1.3479,1.3498,1.3448,1.3485
1779778800,2026-05-26 07:00:00,1.3486,1.349,1.3393,1.3405
1779782400,2026-05-26 08:00:00,1.3405,1.3439,1.3397,1.3408
1779786000,2026-05-26 09:00:00,1.3408,1.3435,1.3395,1.3419
1779789600,2026-05-26 10:00:00,1.3419,1.3595,1.3402,1.3566
1779793200,2026-05-26 11:00:00,1.3567,1.3577,1.3514,1.3521
1779796800,2026-05-26 12:00:00,1.352,1.3559,1.3477,1.3552
1779800400,2026-05-26 13:00:00,1.3553,1.3604,1.3482,1.3558
1779804000,2026-05-26 14:00:00,1.3559,1.3656,1.3475,1.3524
1779807600,2026-05-26 15:00:00,1.3524,1.3538,1.3396,1.3451
1779811200,2026-05-26 16:00:00,1.3452,1.3458,1.3383,1.3411
1779814800,2026-05-26 17:00:00,1.3411,1.3436,1.3273,1.3332
1779818400,2026-05-26 18:00:00,1.3332,1.3389,1.3289,1.3301
1779822000,2026-05-26 19:00:00,1.3301,1.3349,1.3273,1.3325
1779825600,2026-05-26 20:00:00,1.3325,1.3343,1.3311,1.3335
1779829200,2026-05-26 21:00:00,1.3335,1.3347,1.3286,1.3316
1779832800,2026-05-26 22:00:00,1.3317,1.3339,1.3288,1.33
1779836400,2026-05-26 23:00:00,1.33,1.3318,1.329,1.3292
1779840000,2026-05-27 00:00:00,1.3293,1.3328,1.3288,1.3325
1779843600,2026-05-27 01:00:00,1.3324,1.3331,1.3294,1.3306
1779847200,2026-05-27 02:00:00,1.3307,1.3312,1.3264,1.3311
1779850800,2026-05-27 03:00:00,1.3311,1.3331,1.3265,1.3276
1779854400,2026-05-27 04:00:00,1.3276,1.3315,1.3216,1.331
1779858000,2026-05-27 05:00:00,1.331,1.3328,1.3298,1.3313
1779861600,2026-05-27 06:00:00,1.3313,1.337,1.3304,1.3359
1779865200,2026-05-27 07:00:00,1.3359,1.3371,1.3302,1.3319
1779868800,2026-05-27 08:00:00,1.3319,1.3379,1.33,1.3355
1779872400,2026-05-27 09:00:00,1.3354,1.3373,1.3282,1.3293
1779876000,2026-05-27 10:00:00,1.3292,1.3347,1.3292,1.3304
1779879600,2026-05-27 11:00:00,1.3304,1.3343,1.3289,1.3297
1779883200,2026-05-27 12:00:00,1.3298,1.3408,1.325,1.3319
1779886800,2026-05-27 13:00:00,1.332,1.3333,1.3187,1.3241
1779890400,2026-05-27 14:00:00,1.3242,1.3309,1.3189,1.3305
1779894000,2026-05-27 15:00:00,1.3304,1.3437,1.3299,1.3363
1779897600,2026-05-27 16:00:00,1.3364,1.3389,1.3281,1.332
1779901200,2026-05-27 17:00:00,1.3321,1.3324,1.3175,1.3205
1779904800,2026-05-27 18:00:00,1.3204,1.3272,1.3176,1.3267
1779908400,2026-05-27 19:00:00,1.3267,1.3341,1.3267,1.3307
1779912000,2026-05-27 20:00:00,1.3307,1.3348,1.3273,1.3307
1779915600,2026-05-27 21:00:00,1.3308,1.3327,1.3114,1.3161
1779919200,2026-05-27 22:00:00,1.3161,1.3208,1.3102,1.3109
1779922800,2026-05-27 23:00:00,1.3108,1.3123,1.3033,1.3076
1779926400,2026-05-28 00:00:00,1.3076,1.3114,1.306,1.3098
1779930000,2026-05-28 01:00:00,1.3097,1.3104,1.2979,1.3031
1779933600,2026-05-28 02:00:00,1.3032,1.306,1.3004,1.3014
1779937200,2026-05-28 03:00:00,1.3015,1.3036,1.2752,1.279
1779940800,2026-05-28 04:00:00,1.279,1.2844,1.2677,1.2843
1779944400,2026-05-28 05:00:00,1.2844,1.2862,1.278,1.2838
1779948000,2026-05-28 06:00:00,1.2838,1.2898,1.2808,1.2876
1779951600,2026-05-28 07:00:00,1.2875,1.2936,1.2872,1.2934
1779955200,2026-05-28 08:00:00,1.2934,1.2937,1.2868,1.2889
1779958800,2026-05-28 09:00:00,1.2889,1.2938,1.2875,1.293
1779962400,2026-05-28 10:00:00,1.2929,1.2963,1.2881,1.2886
1779966000,2026-05-28 11:00:00,1.2886,1.2907,1.2861,1.2877
1779969600,2026-05-28 12:00:00,1.2876,1.295,1.2838,1.2947
1779973200,2026-05-28 13:00:00,1.2948,1.2997,1.2895,1.2966
1779976800,2026-05-28 14:00:00,1.2965,1.3107,1.2864,1.302
1779980400,2026-05-28 15:00:00,1.3021,1.3148,1.2945,1.3124
1779984000,2026-05-28 16:00:00,1.3124,1.3295,1.307,1.3238
1779987600,2026-05-28 17:00:00,1.3238,1.33,1.319,1.3262
1779991200,2026-05-28 18:00:00,1.3261,1.3385,1.3256,1.3344
1779994800,2026-05-28 19:00:00,1.3345,1.3345,1.3157,1.3161
1779998400,2026-05-28 20:00:00,1.316,1.3249,1.3104,1.3205
1780002000,2026-05-28 21:00:00,1.3205,1.3234,1.3169,1.32
1780005600,2026-05-28 22:00:00,1.32,1.3219,1.3125,1.3144
1780009200,2026-05-28 23:00:00,1.3144,1.3187,1.3138,1.3156
1780012800,2026-05-29 00:00:00,1.3156,1.3205,1.3143,1.3152
1780016400,2026-05-29 01:00:00,1.3151,1.3175,1.3082,1.3103
1780020000,2026-05-29 02:00:00,1.3103,1.3116,1.3038,1.3042
1780023600,2026-05-29 03:00:00,1.3042,1.3151,1.3042,1.3124
1780027200,2026-05-29 04:00:00,1.3124,1.313,1.3039,1.3108
1780030800,2026-05-29 05:00:00,1.3108,1.3155,1.3088,1.3152
1780034400,2026-05-29 06:00:00,1.3153,1.321,1.3143,1.3162
1780038000,2026-05-29 07:00:00,1.3162,1.3193,1.3101,1.3169
1780041600,2026-05-29 08:00:00,1.3168,1.3235,1.3165,1.3212
1780045200,2026-05-29 09:00:00,1.3213,1.3275,1.3202,1.3235
1780048800,2026-05-29 10:00:00,1.3235,1.3237,1.3174,1.3187
1780052400,2026-05-29 11:00:00,1.3187,1.3189,1.3069,1.3113
1780056000,2026-05-29 12:00:00,1.3114,1.3123,1.3029,1.3047
1780059600,2026-05-29 13:00:00,1.3047,1.3063,1.2978,1.3027
1780063200,2026-05-29 14:00:00,1.3028,1.3089,1.2947,1.3079
1780066800,2026-05-29 15:00:00,1.3079,1.3339,1.3052,1.3227
1780070400,2026-05-29 16:00:00,1.3228,1.3311,1.3164,1.3272
1780074000,2026-05-29 17:00:00,1.3272,1.333,1.3237,1.3249
1780077600,2026-05-29 18:00:00,1.3249,1.3304,1.3165,1.3188
1780081200,2026-05-29 19:00:00,1.3187,1.3235,1.3109,1.321
1780084800,2026-05-29 20:00:00,1.321,1.3253,1.3202,1.3225
1780088400,2026-05-29 21:00:00,1.3226,1.3269,1.3161,1.3162
1780092000,2026-05-29 22:00:00,1.3161,1.3213,1.3144,1.3208
1780095600,2026-05-29 23:00:00,1.3208,1.3312,1.3199,1.33
1780099200,2026-05-30 00:00:00,1.33,1.35,1.3281,1.3489
1780102800,2026-05-30 01:00:00,1.3489,1.3661,1.3442,1.3567
1780106400,2026-05-30 02:00:00,1.3567,1.3638,1.3548,1.3603
1780110000,2026-05-30 03:00:00,1.3603,1.3626,1.3502,1.3504
1780113600,2026-05-30 04:00:00,1.3504,1.3529,1.337,1.344
1780117200,2026-05-30 05:00:00,1.3441,1.351,1.3424,1.3487
1780120800,2026-05-30 06:00:00,1.3488,1.3495,1.3432,1.3455
1780124400,2026-05-30 07:00:00,1.3456,1.3459,1.3403,1.3428
1780128000,2026-05-30 08:00:00,1.3429,1.3429,1.3401,1.3406
1780131600,2026-05-30 09:00:00,1.3407,1.3463,1.3397,1.3446
1780135200,2026-05-30 10:00:00,1.3447,1.3447,1.3405,1.3423
1780138800,2026-05-30 11:00:00,1.3424,1.3441,1.3371,1.3404
1780142400,2026-05-30 12:00:00,1.3405,1.3424,1.3374,1.3397
1780146000,2026-05-30 13:00:00,1.3398,1.3416,1.3374,1.341
1780149600,2026-05-30 14:00:00,1.3411,1.347,1.3396,1.3428
1780153200,2026-05-30 15:00:00,1.3429,1.3456,1.3401,1.3424
1780156800,2026-05-30 16:00:00,1.3425,1.3497,1.3413,1.3479
1780160400,2026-05-30 17:00:00,1.348,1.3533,1.3446,1.3527
1780164000,2026-05-30 18:00:00,1.3527,1.354,1.3491,1.3521
1780167600,2026-05-30 19:00:00,1.352,1.3521,1.3439,1.3478
1780171200,2026-05-30 20:00:00,1.3478,1.35,1.3467,1.3481
1780174800,2026-05-30 21:00:00,1.3482,1.3519,1.347,1.3502
1780178400,2026-05-30 22:00:00,1.3501,1.3501,1.3377,1.3425
1780182000,2026-05-30 23:00:00,1.3426,1.3439,1.3386,1.3408
1780185600,2026-05-31 00:00:00,1.3409,1.342,1.3379,1.3405
1780189200,2026-05-31 01:00:00,1.3404,1.3442,1.3402,1.3417
1780192800,2026-05-31 02:00:00,1.3418,1.3462,1.3363,1.3424
1780196400,2026-05-31 03:00:00,1.3424,1.3454,1.3414,1.3448
1780200000,2026-05-31 04:00:00,1.3449,1.3468,1.343,1.3462
1780203600,2026-05-31 05:00:00,1.3462,1.3463,1.3426,1.3433
1780207200,2026-05-31 06:00:00,1.3433,1.3433,1.34,1.3401
1780210800,2026-05-31 07:00:00,1.34,1.34,1.333,1.3356
1780214400,2026-05-31 08:00:00,1.3356,1.3398,1.3354,1.3385
1780218000,2026-05-31 09:00:00,1.3385,1.3429,1.3366,1.3391
1780221600,2026-05-31 10:00:00,1.3391,1.3394,1.3342,1.3369
1780225200,2026-05-31 11:00:00,1.3369,1.3432,1.3369,1.3419
1780228800,2026-05-31 12:00:00,1.3418,1.3438,1.3388,1.3424
1780232400,2026-05-31 13:00:00,1.3424,1.3484,1.3415,1.3424
1780236000,2026-05-31 14:00:00,1.3424,1.3439,1.328,1.3304
1780239600,2026-05-31 15:00:00,1.3303,1.3351,1.3283,1.3307
1780243200,2026-05-31 16:00:00,1.3307,1.3326,1.3219,1.3278
1780246800,2026-05-31 17:00:00,1.3278,1.3323,1.3277,1.3313
1780250400,2026-05-31 18:00:00,1.3313,1.3314,1.3261,1.3277
1780254000,2026-05-31 19:00:00,1.3277,1.3283,1.321,1.3266
1780257600,2026-05-31 20:00:00,1.3266,1.3314,1.3266,1.3308
1780261200,2026-05-31 21:00:00,1.3309,1.3351,1.3293,1.3344
1780264800,2026-05-31 22:00:00,1.3344,1.3402,1.3316,1.3373
1780268400,2026-05-31 23:00:00,1.3374,1.3425,1.3278,1.333
1780272000,2026-06-01 00:00:00,1.333,1.3412,1.3309,1.3377
1780275600,2026-06-01 01:00:00,1.3377,1.3389,1.3217,1.3217
1780279200,2026-06-01 02:00:00,1.3216,1.3349,1.3193,1.3308
1780282800,2026-06-01 03:00:00,1.3308,1.3358,1.3298,1.3308
1780286400,2026-06-01 04:00:00,1.3309,1.3333,1.3174,1.3224
1780290000,2026-06-01 05:00:00,1.3223,1.323,1.3156,1.3165
1780293600,2026-06-01 06:00:00,1.3166,1.3169,1.3095,1.3139
1780297200,2026-06-01 07:00:00,1.3139,1.3147,1.3032,1.3036
1780300800,2026-06-01 08:00:00,1.3036,1.3078,1.2987,1.303
1780304400,2026-06-01 09:00:00,1.303,1.3098,1.303,1.3044
1780308000,2026-06-01 10:00:00,1.3044,1.3074,1.3016,1.3059
1780311600,2026-06-01 11:00:00,1.3059,1.3078,1.301,1.3036
1780315200,2026-06-01 12:00:00,1.3035,1.3065,1.296,1.3027
1780318800,2026-06-01 13:00:00,1.3027,1.3031,1.2861,1.2907
1780322400,2026-06-01 14:00:00,1.2906,1.2928,1.2819,1.286
1780326000,2026-06-01 15:00:00,1.286,1.2904,1.2797,1.2822
1780329600,2026-06-01 16:00:00,1.2822,1.2941,1.2794,1.2941
1780333200,2026-06-01 17:00:00,1.294,1.3053,1.2934,1.3007
1780336800,2026-06-01 18:00:00,1.3006,1.3033,1.2953,1.2965
1780340400,2026-06-01 19:00:00,1.2965,1.3015,1.2945,1.3
1780344000,2026-06-01 20:00:00,1.2999,1.3007,1.295,1.2991
1780347600,2026-06-01 21:00:00,1.299,1.2991,1.2913,1.2918
1780351200,2026-06-01 22:00:00,1.2918,1.3013,1.2868,1.3005
1780354800,2026-06-01 23:00:00,1.3005,1.301,1.2931,1.2972
1780358400,2026-06-02 00:00:00,1.2972,1.2972,1.2881,1.2891
1780362000,2026-06-02 01:00:00,1.2892,1.2906,1.2794,1.2798
1780365600,2026-06-02 02:00:00,1.2797,1.2851,1.2682,1.2844
1780369200,2026-06-02 03:00:00,1.2844,1.2889,1.282,1.2881
1780372800,2026-06-02 04:00:00,1.288,1.2898,1.2801,1.2802
1780376400,2026-06-02 05:00:00,1.2803,1.2811,1.2665,1.2679
1780380000,2026-06-02 06:00:00,1.2679,1.2723,1.2631,1.2657
1780383600,2026-06-02 07:00:00,1.2657,1.272,1.2587,1.268
1780387200,2026-06-02 08:00:00,1.2681,1.2694,1.2623,1.2648
1780390800,2026-06-02 09:00:00,1.2648,1.2654,1.2572,1.2596
1780394400,2026-06-02 10:00:00,1.2597,1.2679,1.2576,1.2671
1780398000,2026-06-02 11:00:00,1.267,1.267,1.2592,1.261
1780401600,2026-06-02 12:00:00,1.2611,1.2659,1.2591,1.2639
1780405200,2026-06-02 13:00:00,1.2639,1.2686,1.26,1.2615
1780408800,2026-06-02 14:00:00,1.2616,1.2619,1.2278,1.2352
1780412400,2026-06-02 15:00:00,1.2352,1.2373,1.2171,1.222
1780416000,2026-06-02 16:00:00,1.222,1.2436,1.2198,1.2328
1780419600,2026-06-02 17:00:00,1.2328,1.2438,1.2317,1.2365
1780423200,2026-06-02 18:00:00,1.2365,1.2405,1.2181,1.2242
1780426800,2026-06-02 19:00:00,1.2242,1.2308,1.207,1.2217
1780430400,2026-06-02 20:00:00,1.2217,1.2277,1.2131,1.2233
1780434000,2026-06-02 21:00:00,1.2233,1.2324,1.2201,1.2265
1780437600,2026-06-02 22:00:00,1.2264,1.2264,1.1948,1.2009
1780441200,2026-06-02 23:00:00,1.201,1.2126,1.1973,1.2117
1780444800,2026-06-03 00:00:00,1.2118,1.2258,1.2118,1.2246
1780448400,2026-06-03 01:00:00,1.2246,1.2319,1.2183,1.2236
1780452000,2026-06-03 02:00:00,1.2235,1.2243,1.2174,1.2205
1780455600,2026-06-03 03:00:00,1.2205,1.2231,1.1898,1.1979
1780459200,2026-06-03 04:00:00,1.198,1.2189,1.1977,1.2184
1780462800,2026-06-03 05:00:00,1.2184,1.2349,1.2184,1.2324
1780466400,2026-06-03 06:00:00,1.2324,1.2465,1.2317,1.2389
1780470000,2026-06-03 07:00:00,1.239,1.2491,1.2376,1.2433
1780473600,2026-06-03 08:00:00,1.2432,1.2457,1.2386,1.2428
1780477200,2026-06-03 09:00:00,1.2428,1.2452,1.2353,1.2384
1780480800,2026-06-03 10:00:00,1.2385,1.2449,1.2379,1.2418
1780484400,2026-06-03 11:00:00,1.2419,1.2449,1.2337,1.2369
1780488000,2026-06-03 12:00:00,1.2369,1.2378,1.2296,1.2357
1780491600,2026-06-03 13:00:00,1.2357,1.2378,1.2262,1.2312
1780495200,2026-06-03 14:00:00,1.2312,1.2339,1.2221,1.231
1780498800,2026-06-03 15:00:00,1.231,1.2319,1.2207,1.2251
1780502400,2026-06-03 16:00:00,1.2252,1.2286,1.2089,1.2228
1780506000,2026-06-03 17:00:00,1.2229,1.2287,1.2134,1.2214
1780509600,2026-06-03 18:00:00,1.2214,1.2248,1.213,1.2185
1780513200,2026-06-03 19:00:00,1.2185,1.2196,1.202,1.2043
1780516800,2026-06-03 20:00:00,1.2042,1.2081,1.1868,1.1939
1780520400,2026-06-03 21:00:00,1.1939,1.2203,1.1917,1.2185
1780524000,2026-06-03 22:00:00,1.2185,1.2205,1.2041,1.2063
1780527600,2026-06-03 23:00:00,1.2063,1.2075,1.1981,1.2012
1780531200,2026-06-04 00:00:00,1.2012,1.208,1.1868,1.1936
1780534800,2026-06-04 01:00:00,1.1937,1.1966,1.1565,1.1615
1780538400,2026-06-04 02:00:00,1.1615,1.1872,1.1407,1.1815
1780542000,2026-06-04 03:00:00,1.1816,1.2112,1.1814,1.209
1780545600,2026-06-04 04:00:00,1.2091,1.212,1.2004,1.2018
1780549200,2026-06-04 05:00:00,1.2017,1.2018,1.1842,1.1879
1780552800,2026-06-04 06:00:00,1.188,1.2,1.1865,1.1892
1780556400,2026-06-04 07:00:00,1.1892,1.19,1.1676,1.1678
1780560000,2026-06-04 08:00:00,1.1677,1.1722,1.1611,1.1678
1780563600,2026-06-04 09:00:00,1.1679,1.1684,1.1453,1.162
1780567200,2026-06-04 10:00:00,1.1621,1.1626,1.1431,1.1485
1780570800,2026-06-04 11:00:00,1.1485,1.1599,1.1418,1.1558
1780574400,2026-06-04 12:00:00,1.1559,1.1824,1.1504,1.1801
1780578000,2026-06-04 13:00:00,1.18,1.1836,1.1631,1.1795
1780581600,2026-06-04 14:00:00,1.1796,1.1831,1.168,1.173
1780585200,2026-06-04 15:00:00,1.173,1.1827,1.166,1.1689
1780588800,2026-06-04 16:00:00,1.1689,1.1735,1.1608,1.1702
1780592400,2026-06-04 17:00:00,1.1701,1.1755,1.1592,1.1698
1780596000,2026-06-04 18:00:00,1.1698,1.1832,1.1632,1.1794
1780599600,2026-06-04 19:00:00,1.1793,1.185,1.1729,1.1752
1780603200,2026-06-04 20:00:00,1.1751,1.1779,1.1667,1.1759
1780606800,2026-06-04 21:00:00,1.1759,1.1789,1.156,1.159
1780610400,2026-06-04 22:00:00,1.1589,1.1702,1.1548,1.1695
1780614000,2026-06-04 23:00:00,1.1694,1.1722,1.1585,1.1688
1780617600,2026-06-05 00:00:00,1.1687,1.1751,1.1609,1.1617
1780621200,2026-06-05 01:00:00,1.1616,1.1621,1.1513,1.1573
1780624800,2026-06-05 02:00:00,1.1574,1.1584,1.1348,1.1352
1780628400,2026-06-05 03:00:00,1.1353,1.1478,1.133,1.1347
1780632000,2026-06-05 04:00:00,1.1348,1.1488,1.1305,1.1479
1780635600,2026-06-05 05:00:00,1.1479,1.1492,1.1204,1.1208
1780639200,2026-06-05 06:00:00,1.1208,1.1266,1.09,1.1188
1780642800,2026-06-05 07:00:00,1.1188,1.1384,1.1049,1.1364
1780646400,2026-06-05 08:00:00,1.1363,1.1364,1.1168,1.1194
1780650000,2026-06-05 09:00:00,1.1195,1.1407,1.1191,1.1403
1780653600,2026-06-05 10:00:00,1.1403,1.1461,1.1309,1.1362
1780657200,2026-06-05 11:00:00,1.1361,1.1361,1.1184,1.1189
1780660800,2026-06-05 12:00:00,1.1189,1.1269,1.1101,1.1201
1780664400,2026-06-05 13:00:00,1.12,1.1379,1.1015,1.1022
1780668000,2026-06-05 14:00:00,1.1023,1.1182,1.0977,1.1068
1780671600,2026-06-05 15:00:00,1.1069,1.1097,1.0917,1.0998
1780675200,2026-06-05 16:00:00,1.0998,1.1234,1.0843,1.1203
1780678800,2026-06-05 17:00:00,1.1203,1.122,1.1005,1.109
1780682400,2026-06-05 18:00:00,1.109,1.1135,1.0804,1.0835
1780686000,2026-06-05 19:00:00,1.0835,1.1042,1.0692,1.0988
1780689600,2026-06-05 20:00:00,1.0987,1.1185,1.0856,1.1154
1780693200,2026-06-05 21:00:00,1.1154,1.1204,1.1114,1.1117
1780696800,2026-06-05 22:00:00,1.1117,1.1117,1.0964,1.1062
1780700400,2026-06-05 23:00:00,1.1062,1.1157,1.0873,1.0978
1780704000,2026-06-06 00:00:00,1.0978,1.1128,1.0978,1.111
1780707600,2026-06-06 01:00:00,1.111,1.1144,1.1003,1.1012
1780711200,2026-06-06 02:00:00,1.1011,1.1033,1.0917,1.0957
1780714800,2026-06-06 03:00:00,1.0957,1.0958,1.0835,1.086
1780718400,2026-06-06 04:00:00,1.0859,1.0904,1.0518,1.0582
1780722000,2026-06-06 05:00:00,1.0582,1.0912,1.0501,1.0894
1780725600,2026-06-06 06:00:00,1.0895,1.1009,1.081,1.0826
1780729200,2026-06-06 07:00:00,1.0827,1.0997,1.0815,1.0921
1780732800,2026-06-06 08:00:00,1.0922,1.1044,1.0899,1.0991
1780736400,2026-06-06 09:00:00,1.099,1.1032,1.0888,1.0916
1780740000,2026-06-06 10:00:00,1.0916,1.0916,1.0727,1.0804
1780743600,2026-06-06 11:00:00,1.0803,1.0895,1.0795,1.0876
1780747200,2026-06-06 12:00:00,1.0877,1.0988,1.0807,1.0964
1780750800,2026-06-06 13:00:00,1.0964,1.1026,1.0919,1.0983
1780754400,2026-06-06 14:00:00,1.0983,1.1099,1.0977,1.1031
1780758000,2026-06-06 15:00:00,1.1031,1.1042,1.0867,1.0962
1780761600,2026-06-06 16:00:00,1.0963,1.1019,1.0877,1.0955
1780765200,2026-06-06 17:00:00,1.0955,1.098,1.081,1.0827
1780768800,2026-06-06 18:00:00,1.0826,1.0886,1.0791,1.0849
1780772400,2026-06-06 19:00:00,1.0849,1.0899,1.0805,1.0808
1780776000,2026-06-06 20:00:00,1.0807,1.0858,1.0776,1.085
1780779600,2026-06-06 21:00:00,1.085,1.0943,1.0847,1.088
1780783200,2026-06-06 22:00:00,1.0879,1.0898,1.0816,1.0866
1780786800,2026-06-06 23:00:00,1.0865,1.095,1.086,1.0934
1780790400,2026-06-07 00:00:00,1.0935,1.0976,1.0892,1.0892
1780794000,2026-06-07 01:00:00,1.0892,1.1203,1.0886,1.1163
1780797600,2026-06-07 02:00:00,1.1163,1.1235,1.1072,1.1192
1780801200,2026-06-07 03:00:00,1.1192,1.1246,1.115,1.1185
1780804800,2026-06-07 04:00:00,1.1184,1.1222,1.1104,1.1214
1780808400,2026-06-07 05:00:00,1.1215,1.127,1.1191,1.1201
1780812000,2026-06-07 06:00:00,1.1201,1.1295,1.116,1.1258
1780815600,2026-06-07 07:00:00,1.1257,1.1373,1.122,1.1371
1780819200,2026-06-07 08:00:00,1.1371,1.1562,1.1304,1.1555
1780822800,2026-06-07 09:00:00,1.1556,1.1702,1.1456,1.1461
1780826400,2026-06-07 10:00:00,1.1462,1.1473,1.1326,1.1352
1780830000,2026-06-07 11:00:00,1.1352,1.141,1.1329,1.1403
1780833600,2026-06-07 12:00:00,1.1403,1.1406,1.1185,1.1237
1780837200,2026-06-07 13:00:00,1.1236,1.125,1.1208,1.1222
1780840800,2026-06-07 14:00:00,1.1222,1.1373,1.1221,1.1333
1780844400,2026-06-07 15:00:00,1.1334,1.1369,1.1285,1.1339
1780848000,2026-06-07 16:00:00,1.1339,1.1395,1.1307,1.138
1780851600,2026-06-07 17:00:00,1.138,1.1462,1.1365,1.1444
1780855200,2026-06-07 18:00:00,1.1443,1.1512,1.1409,1.1412
1780858800,2026-06-07 19:00:00,1.1413,1.1415,1.1197,1.1247
1780862400,2026-06-07 20:00:00,1.1246,1.1365,1.1217,1.1325
1780866000,2026-06-07 21:00:00,1.1324,1.1341,1.1257,1.1304
1780869600,2026-06-07 22:00:00,1.1305,1.1719,1.1283,1.1535
1780873200,2026-06-07 23:00:00,1.1534,1.1604,1.1507,1.1556
1780876800,2026-06-08 00:00:00,1.1556,1.1677,1.1487,1.1633
1780880400,2026-06-08 01:00:00,1.1634,1.1651,1.1425,1.1573
1780884000,2026-06-08 02:00:00,1.1573,1.1618,1.1523,1.1567
1780887600,2026-06-08 03:00:00,1.1566,1.1613,1.1492,1.1517
1780891200,2026-06-08 04:00:00,1.1518,1.1528,1.1394,1.1402
1780894800,2026-06-08 05:00:00,1.1403,1.1435,1.1319,1.1365
1780898400,2026-06-08 06:00:00,1.1365,1.1434,1.1361,1.1411
1780902000,2026-06-08 07:00:00,1.141,1.1509,1.1379,1.1479
1780905600,2026-06-08 08:00:00,1.1478,1.1479,1.1362,1.1397
1780909200,2026-06-08 09:00:00,1.1398,1.1502,1.1397,1.1501
1780912800,2026-06-08 10:00:00,1.1501,1.1525,1.1432,1.145
1780916400,2026-06-08 11:00:00,1.1451,1.1653,1.1432,1.1578
1780920000,2026-06-08 12:00:00,1.1578,1.1703,1.1465,1.1701
1780923600,2026-06-08 13:00:00,1.1701,1.1709,1.1559,1.1625
1780927200,2026-06-08 14:00:00,1.1624,1.1752,1.1572,1.1728
1780930800,2026-06-08 15:00:00,1.1728,1.1851,1.1691,1.1711
1780934400,2026-06-08 16:00:00,1.171,1.1774,1.1641,1.1648
1780938000,2026-06-08 17:00:00,1.1648,1.1728,1.1581,1.1728
1780941600,2026-06-08 18:00:00,1.1729,1.1799,1.1714,1.1746
1780945200,2026-06-08 19:00:00,1.1745,1.1866,1.1735,1.1798
1780948800,2026-06-08 20:00:00,1.1799,1.1816,1.1689,1.1773
1780952400,2026-06-08 21:00:00,1.1774,1.1865,1.1774,1.1808
1780956000,2026-06-08 22:00:00,1.1807,1.1807,1.1719,1.1777
1780959600,2026-06-08 23:00:00,1.1778,1.1817,1.1664,1.1683
1780963200,2026-06-09 00:00:00,1.1683,1.1714,1.152,1.1528
1780966800,2026-06-09 01:00:00,1.1528,1.1574,1.1496,1.151
1780970400,2026-06-09 02:00:00,1.151,1.1546,1.1433,1.1527
1780974000,2026-06-09 03:00:00,1.1526,1.1563,1.1506,1.1548
1780977600,2026-06-09 04:00:00,1.1548,1.1728,1.1509,1.1666
1780981200,2026-06-09 05:00:00,1.1665,1.1763,1.1624,1.173
1780984800,2026-06-09 06:00:00,1.173,1.1769,1.1712,1.1726
1780988400,2026-06-09 07:00:00,1.1727,1.1765,1.1664,1.1714
1780992000,2026-06-09 08:00:00,1.1714,1.1724,1.1646,1.1675
1780995600,2026-06-09 09:00:00,1.1676,1.1702,1.1585,1.1596
1780999200,2026-06-09 10:00:00,1.1596,1.1612,1.1551,1.1592
1781002800,2026-06-09 11:00:00,1.1592,1.1594,1.1528,1.1554
1781006400,2026-06-09 12:00:00,1.1554,1.1641,1.1547,1.1631
1781010000,2026-06-09 13:00:00,1.1631,1.1666,1.1543,1.1578
1781013600,2026-06-09 14:00:00,1.1577,1.1602,1.1307,1.1373
1781017200,2026-06-09 15:00:00,1.1373,1.1423,1.127,1.1277
1781020800,2026-06-09 16:00:00,1.1276,1.1318,1.1187,1.128
1781024400,2026-06-09 17:00:00,1.1281,1.1474,1.1281,1.1384
1781028000,2026-06-09 18:00:00,1.1384,1.1464,1.1358,1.139
1781031600,2026-06-09 19:00:00,1.1389,1.1452,1.1361,1.1402
1781035200,2026-06-09 20:00:00,1.1403,1.1457,1.139,1.1439
1781038800,2026-06-09 21:00:00,1.1439,1.1446,1.1349,1.1371
1781042400,2026-06-09 22:00:00,1.137,1.1414,1.134,1.1356
1781046000,2026-06-09 23:00:00,1.1356,1.1396,1.1338,1.1375
1781049600,2026-06-10 00:00:00,1.1376,1.1412,1.1272,1.137
1781053200,2026-06-10 01:00:00,1.1371,1.1374,1.1274,1.1291
1781056800,2026-06-10 02:00:00,1.1292,1.1311,1.1155,1.1174
1781060400,2026-06-10 03:00:00,1.1173,1.1238,1.1166,1.1191
1781064000,2026-06-10 04:00:00,1.1192,1.1225,1.1134,1.116
1781067600,2026-06-10 05:00:00,1.1161,1.1175,1.1096,1.1119
1781071200,2026-06-10 06:00:00,1.112,1.1148,1.1066,1.1118
1781074800,2026-06-10 07:00:00,1.1117,1.1198,1.1117,1.1166
1781078400,2026-06-10 08:00:00,1.1167,1.1169,1.1051,1.1076
1781082000,2026-06-10 09:00:00,1.1077,1.1105,1.0994,1.1098
1781085600,2026-06-10 10:00:00,1.1099,1.1115,1.1054,1.111
1781089200,2026-06-10 11:00:00,1.1111,1.1114,1.1017,1.1043
1781092800,2026-06-10 12:00:00,1.1043,1.1247,1.1022,1.1179
1781096400,2026-06-10 13:00:00,1.1178,1.1376,1.1158,1.1302
1781100000,2026-06-10 14:00:00,1.1303,1.1305,1.1181,1.1248
1781103600,2026-06-10 15:00:00,1.1248,1.1335,1.1185,1.1287
1781107200,2026-06-10 16:00:00,1.1287,1.13,1.1083,1.114
1781110800,2026-06-10 17:00:00,1.1141,1.1185,1.1038,1.1102
1781114400,2026-06-10 18:00:00,1.1103,1.1114,1.099,1.1073
1781118000,2026-06-10 19:00:00,1.1073,1.1075,1.0958,1.0981
1781121600,2026-06-10 20:00:00,1.0981,1.1038,1.0941,1.0993
1781125200,2026-06-10 21:00:00,1.0992,1.0993,1.0884,1.0927
1781128800,2026-06-10 22:00:00,1.0927,1.0998,1.0903,1.095
1781132400,2026-06-10 23:00:00,1.0949,1.1001,1.0896,1.097
1781136000,2026-06-11 00:00:00,1.0971,1.1042,1.0965,1.1019
1781139600,2026-06-11 01:00:00,1.102,1.1199,1.102,1.1158
1781143200,2026-06-11 02:00:00,1.1158,1.1179,1.1051,1.1093
1781146800,2026-06-11 03:00:00,1.1093,1.1236,1.1058,1.12
1781150400,2026-06-11 04:00:00,1.1201,1.1217,1.1146,1.1198
1781154000,2026-06-11 05:00:00,1.1197,1.1199,1.1145,1.1146
1781157600,2026-06-11 06:00:00,1.1146,1.121,1.1121,1.1148
1781161200,2026-06-11 07:00:00,1.1148,1.1174,1.1118,1.1151
1781164800,2026-06-11 08:00:00,1.1151,1.1237,1.115,1.1211
1781168400,2026-06-11 09:00:00,1.1212,1.1218,1.1166,1.1172
1781172000,2026-06-11 10:00:00,1.1172,1.1254,1.1148,1.1216
1781175600,2026-06-11 11:00:00,1.1216,1.1257,1.1189,1.1223
1781179200,2026-06-11 12:00:00,1.1224,1.1224,1.1089,1.1139
1781182800,2026-06-11 13:00:00,1.1138,1.1205,1.108,1.1165
1781186400,2026-06-11 14:00:00,1.1166,1.1187,1.1107,1.113
1781190000,2026-06-11 15:00:00,1.113,1.1182,1.1073,1.1128
1781193600,2026-06-11 16:00:00,1.1129,1.1154,1.1065,1.1079
1781197200,2026-06-11 17:00:00,1.108,1.1445,1.1042,1.1394
1781200800,2026-06-11 18:00:00,1.1394,1.1464,1.1339,1.138
1781204400,2026-06-11 19:00:00,1.1379,1.15,1.1342,1.1434
1781208000,2026-06-11 20:00:00,1.1435,1.1443,1.1321,1.1359
1781211600,2026-06-11 21:00:00,1.1359,1.143,1.1353,1.1412
1781215200,2026-06-11 22:00:00,1.1413,1.1467,1.1402,1.1432
1781218800,2026-06-11 23:00:00,1.1432,1.1445,1.1388,1.1428
1781222400,2026-06-12 00:00:00,1.1427,1.1454,1.139,1.1424
1781226000,2026-06-12 01:00:00,1.1423,1.1423,1.1359,1.1399
1781229600,2026-06-12 02:00:00,1.1399,1.15,1.1398,1.1461
1781233200,2026-06-12 03:00:00,1.1461,1.1467,1.1408,1.1442
1781236800,2026-06-12 04:00:00,1.1442,1.1509,1.1421,1.1465
1781240400,2026-06-12 05:00:00,1.1466,1.1467,1.1388,1.14
1781244000,2026-06-12 06:00:00,1.1399,1.1415,1.1275,1.1299
1781247600,2026-06-12 07:00:00,1.13,1.1363,1.13,1.1336
1781251200,2026-06-12 08:00:00,1.1337,1.1449,1.1337,1.1426
1781254800,2026-06-12 09:00:00,1.1426,1.1519,1.1393,1.1466
1781258400,2026-06-12 10:00:00,1.1467,1.149,1.1403,1.1432
1781262000,2026-06-12 11:00:00,1.1432,1.1454,1.1407,1.1413
1781265600,2026-06-12 12:00:00,1.1414,1.1423,1.1345,1.1358
1781269200,2026-06-12 13:00:00,1.1359,1.1374,1.1261,1.1302
1781272800,2026-06-12 14:00:00,1.1302,1.1509,1.1292,1.1487
1781276400,2026-06-12 15:00:00,1.1487,1.1577,1.1274,1.1288
1781280000,2026-06-12 16:00:00,1.1287,1.1371,1.1261,1.1358
1781283600,2026-06-12 17:00:00,1.1357,1.139,1.1305,1.1321
1781287200,2026-06-12 18:00:00,1.1322,1.1348,1.128,1.1303
1781290800,2026-06-12 19:00:00,1.1303,1.1369,1.1302,1.1314
1781294400,2026-06-12 20:00:00,1.1314,1.1351,1.13,1.133
1781298000,2026-06-12 21:00:00,1.133,1.1351,1.13,1.13
1781301600,2026-06-12 22:00:00,1.1299,1.1324,1.1283,1.1309
1781305200,2026-06-12 23:00:00,1.1309,1.1331,1.1285,1.1325
1781308800,2026-06-13 00:00:00,1.1325,1.1356,1.1314,1.1346
1781312400,2026-06-13 01:00:00,1.1346,1.1409,1.1345,1.14
1781316000,2026-06-13 02:00:00,1.1399,1.14,1.1331,1.1344
1781319600,2026-06-13 03:00:00,1.1345,1.1369,1.1308,1.1337
1781323200,2026-06-13 04:00:00,1.1337,1.1369,1.1329,1.1333
1781326800,2026-06-13 05:00:00,1.1334,1.134,1.1299,1.1326
1781330400,2026-06-13 06:00:00,1.1325,1.1384,1.1311,1.1373
1781334000,2026-06-13 07:00:00,1.1374,1.1448,1.135,1.1415
1781337600,2026-06-13 08:00:00,1.1415,1.1465,1.1405,1.1431
1781341200,2026-06-13 09:00:00,1.1432,1.1453,1.1419,1.143
1781344800,2026-06-13 10:00:00,1.1431,1.1464,1.1422,1.1445
1781348400,2026-06-13 11:00:00,1.1446,1.1496,1.1443,1.1485
1781352000,2026-06-13 12:00:00,1.1486,1.1559,1.147,1.1541
1781355600,2026-06-13 13:00:00,1.1541,1.1548,1.1501,1.1512
1781359200,2026-06-13 14:00:00,1.1511,1.1575,1.1511,1.1551
1781362800,2026-06-13 15:00:00,1.1551,1.161,1.1522,1.1567
1781366400,2026-06-13 16:00:00,1.1567,1.157,1.144,1.1472
1781370000,2026-06-13 17:00:00,1.1471,1.1493,1.1428,1.1442
1781373600,2026-06-13 18:00:00,1.1441,1.1482,1.1438,1.146
1781377200,2026-06-13 19:00:00,1.146,1.1491,1.1445,1.1476
1781380800,2026-06-13 20:00:00,1.1476,1.1477,1.1451,1.1468
1781384400,2026-06-13 21:00:00,1.1469,1.1568,1.1451,1.1528
1781388000,2026-06-13 22:00:00,1.1528,1.1532,1.1493,1.1501
1781391600,2026-06-13 23:00:00,1.1502,1.1531,1.149,1.1507
1781395200,2026-06-14 00:00:00,1.1507,1.151,1.1483,1.1494
1781398800,2026-06-14 01:00:00,1.1493,1.1565,1.1486,1.1521
1781402400,2026-06-14 02:00:00,1.1522,1.156,1.1512,1.1519
1781406000,2026-06-14 03:00:00,1.1518,1.1545,1.1507,1.1536
1781409600,2026-06-14 04:00:00,1.1537,1.1544,1.1468,1.1484
1781413200,2026-06-14 05:00:00,1.1484,1.1507,1.1445,1.1481
1781416800,2026-06-14 06:00:00,1.1482,1.1537,1.1459,1.1468
1781420400,2026-06-14 07:00:00,1.1468,1.1469,1.1427,1.1463
1781424000,2026-06-14 08:00:00,1.1464,1.1482,1.1443,1.1454
1781427600,2026-06-14 09:00:00,1.1455,1.1491,1.1412,1.1487
1781431200,2026-06-14 10:00:00,1.1486,1.1489,1.143,1.143
1781434800,2026-06-14 11:00:00,1.1431,1.1457,1.1418,1.1439
1781438400,2026-06-14 12:00:00,1.144,1.1445,1.1374,1.1377
1781442000,2026-06-14 13:00:00,1.1377,1.1397,1.1334,1.135
1781445600,2026-06-14 14:00:00,1.1351,1.1369,1.1268,1.1319
1781449200,2026-06-14 15:00:00,1.1318,1.1359,1.1318,1.135
1781452800,2026-06-14 16:00:00,1.135,1.1393,1.1346,1.1368
1781456400,2026-06-14 17:00:00,1.1369,1.1389,1.1327,1.1331
1781460000,2026-06-14 18:00:00,1.133,1.1355,1.1307,1.1326
1781463600,2026-06-14 19:00:00,1.1326,1.1355,1.1307,1.1331
1781467200,2026-06-14 20:00:00,1.1332,1.1405,1.1317,1.1382
1781470800,2026-06-14 21:00:00,1.1383,1.1757,1.138,1.1682
1781474400,2026-06-14 22:00:00,1.1682,1.1777,1.1626,1.1738
1781478000,2026-06-14 23:00:00,1.1738,1.1878,1.1687,1.1861
1781481600,2026-06-15 00:00:00,1.186,1.1888,1.181,1.1848
1781485200,2026-06-15 01:00:00,1.1849,1.1916,1.1778,1.1825
1781488800,2026-06-15 02:00:00,1.1825,1.1936,1.1805,1.1825
1781492400,2026-06-15 03:00:00,1.1825,1.1912,1.1812,1.187
1781496000,2026-06-15 04:00:00,1.1869,1.1887,1.1826,1.184
1781499600,2026-06-15 05:00:00,1.1841,1.1883,1.1817,1.1842
1781503200,2026-06-15 06:00:00,1.1843,1.1873,1.1813,1.1829
1781506800,2026-06-15 07:00:00,1.183,1.1869,1.1801,1.1815
1781510400,2026-06-15 08:00:00,1.1814,1.1836,1.1791,1.1811
1781514000,2026-06-15 09:00:00,1.1811,1.1877,1.1791,1.1855
1781517600,2026-06-15 10:00:00,1.1855,1.2001,1.1841,1.1995
1781521200,2026-06-15 11:00:00,1.1995,1.2333,1.1956,1.2324
1781524800,2026-06-15 12:00:00,1.2325,1.2486,1.2263,1.239
1781528400,2026-06-15 13:00:00,1.2391,1.2496,1.2338,1.24
1781532000,2026-06-15 14:00:00,1.2399,1.2475,1.2344,1.2445
1781535600,2026-06-15 15:00:00,1.2444,1.2706,1.2444,1.2688
1781539200,2026-06-15 16:00:00,1.2687,1.2935,1.19,1.28
1781542800,2026-06-15 17:00:00,1.2801,1.2876,1.2692,1.282
1781546400,2026-06-15 18:00:00,1.282,1.2887,1.2744,1.2817
1781550000,2026-06-15 19:00:00,1.2817,1.2916,1.267,1.2757
1781553600,2026-06-15 20:00:00,1.2757,1.2785,1.263,1.2642
1781557200,2026-06-15 21:00:00,1.2642,1.265,1.2487,1.25
1781560800,2026-06-15 22:00:00,1.25,1.2555,1.2379,1.2402
1781564400,2026-06-15 23:00:00,1.2402,1.2424,1.2333,1.2382
1781568000,2026-06-16 00:00:00,1.2382,1.243,1.233,1.2347
1781571600,2026-06-16 01:00:00,1.2347,1.2384,1.2282,1.2285
1781575200,2026-06-16 02:00:00,1.2286,1.229,1.2141,1.2178
1781578800,2026-06-16 03:00:00,1.2177,1.2277,1.2163,1.2273
1781582400,2026-06-16 04:00:00,1.2273,1.2317,1.2205,1.2224
1781586000,2026-06-16 05:00:00,1.2225,1.228,1.2225,1.2255
1781589600,2026-06-16 06:00:00,1.2254,1.2368,1.2254,1.2356
1781593200,2026-06-16 07:00:00,1.2357,1.239,1.2302,1.2353
1781596800,2026-06-16 08:00:00,1.2353,1.2522,1.2331,1.248
1781600400,2026-06-16 09:00:00,1.2479,1.248,1.2369,1.2389
1781604000,2026-06-16 10:00:00,1.2389,1.2434,1.2368,1.2397
1781607600,2026-06-16 11:00:00,1.2397,1.2425,1.2339,1.238
1781611200,2026-06-16 12:00:00,1.2381,1.256,1.2368,1.2446
1781614800,2026-06-16 13:00:00,1.2447,1.2459,1.2246,1.2257
1781618400,2026-06-16 14:00:00,1.2257,1.2303,1.2053,1.2095
1781622000,2026-06-16 15:00:00,1.2095,1.2176,1.2072,1.2098
1781625600,2026-06-16 16:00:00,1.2098,1.2145,1.2086,1.2129
1781629200,2026-06-16 17:00:00,1.213,1.2223,1.2118,1.2211
1781632800,2026-06-16 18:00:00,1.2211,1.2311,1.2206,1.2266
1781636400,2026-06-16 19:00:00,1.2266,1.2266,1.2172,1.2205
1781640000,2026-06-16 20:00:00,1.2205,1.2245,1.2163,1.2231
1781643600,2026-06-16 21:00:00,1.2231,1.2259,1.2156,1.2198
1781647200,2026-06-16 22:00:00,1.2199,1.2221,1.2168,1.2219
1781650800,2026-06-16 23:00:00,1.222,1.2241,1.216,1.2173
1781654400,2026-06-17 00:00:00,1.2174,1.2201,1.2136,1.2151
1781658000,2026-06-17 01:00:00,1.2151,1.2228,1.2083,1.2217
1781661600,2026-06-17 02:00:00,1.2216,1.2283,1.2157,1.2192
1781665200,2026-06-17 03:00:00,1.2192,1.2192,1.2126,1.2161
1781668800,2026-06-17 04:00:00,1.2162,1.2213,1.2142,1.2172
1781672400,2026-06-17 05:00:00,1.2172,1.2227,1.2144,1.2181
1781676000,2026-06-17 06:00:00,1.2181,1.2205,1.2095,1.2119
1781679600,2026-06-17 07:00:00,1.2118,1.216,1.2054,1.2095
1781683200,2026-06-17 08:00:00,1.2095,1.2107,1.1951,1.1962
1781686800,2026-06-17 09:00:00,1.1962,1.1993,1.1944,1.1977
1781690400,2026-06-17 10:00:00,1.1978,1.1989,1.1945,1.1961
1781694000,2026-06-17 11:00:00,1.1961,1.1976,1.1883,1.1928
1781697600,2026-06-17 12:00:00,1.1929,1.1984,1.1892,1.1977
1781701200,2026-06-17 13:00:00,1.1976,1.2072,1.1966,1.201
1781704800,2026-06-17 14:00:00,1.2009,1.2041,1.1889,1.195
1781708400,2026-06-17 15:00:00,1.1951,1.2137,1.1934,1.2136
1781712000,2026-06-17 16:00:00,1.2136,1.2251,1.2117,1.2126
1781715600,2026-06-17 17:00:00,1.2127,1.2192,1.2086,1.2184
1781719200,2026-06-17 18:00:00,1.2183,1.2196,1.1934,1.2089
1781722800,2026-06-17 19:00:00,1.2089,1.213,1.1774,1.1808
1781726400,2026-06-17 20:00:00,1.1807,1.1911,1.1782,1.1903
1781730000,2026-06-17 21:00:00,1.1904,1.1908,1.1791,1.1823
1781733600,2026-06-17 22:00:00,1.1822,1.1888,1.1715,1.184
1781737200,2026-06-17 23:00:00,1.1839,1.1888,1.1839,1.1868
1781740800,2026-06-18 00:00:00,1.1868,1.1915,1.186,1.1871
1781744400,2026-06-18 01:00:00,1.1871,1.1923,1.1854,1.1889
1781748000,2026-06-18 02:00:00,1.189,1.1914,1.1887,1.1897
1781751600,2026-06-18 03:00:00,1.1897,1.1898,1.1782,1.1788
1781755200,2026-06-18 04:00:00,1.1788,1.1791,1.1672,1.1695
1781758800,2026-06-18 05:00:00,1.1694,1.1694,1.1628,1.1677
1781762400,2026-06-18 06:00:00,1.1677,1.1716,1.1639,1.1708
1781766000,2026-06-18 07:00:00,1.1708,1.1815,1.1686,1.1787
1781769600,2026-06-18 08:00:00,1.1788,1.1819,1.1766,1.1784
1781773200,2026-06-18 09:00:00,1.1784,1.1825,1.1765,1.1786
1781776800,2026-06-18 10:00:00,1.1787,1.1787,1.1674,1.1691
1781780400,2026-06-18 11:00:00,1.1691,1.1712,1.1615,1.1645
1781784000,2026-06-18 12:00:00,1.1645,1.1709,1.1635,1.1689
1781787600,2026-06-18 13:00:00,1.1689,1.1726,1.1557,1.1611
1781791200,2026-06-18 14:00:00,1.1611,1.17,1.1556,1.16
1781794800,2026-06-18 15:00:00,1.16,1.1605,1.1329,1.1379
1781798400,2026-06-18 16:00:00,1.1379,1.1484,1.1369,1.1476
1781802000,2026-06-18 17:00:00,1.1477,1.149,1.1379,1.1433
1781805600,2026-06-18 18:00:00,1.1434,1.1469,1.1367,1.1384
1781809200,2026-06-18 19:00:00,1.1384,1.1466,1.1352,1.1436
1781812800,2026-06-18 20:00:00,1.1437,1.1548,1.1437,1.1522
1781816400,2026-06-18 21:00:00,1.1523,1.1523,1.1423,1.145
1781820000,2026-06-18 22:00:00,1.1449,1.1484,1.1419,1.1472
1781823600,2026-06-18 23:00:00,1.1471,1.1477,1.1426,1.1465
1781827200,2026-06-19 00:00:00,1.1466,1.1502,1.1433,1.149
1781830800,2026-06-19 01:00:00,1.1491,1.1522,1.1446,1.1513
1781834400,2026-06-19 02:00:00,1.1512,1.153,1.1453,1.1483
1781838000,2026-06-19 03:00:00,1.1484,1.1499,1.1366,1.1391
1781841600,2026-06-19 04:00:00,1.139,1.1404,1.1256,1.1275
1781845200,2026-06-19 05:00:00,1.1275,1.1336,1.1273,1.1335
1781848800,2026-06-19 06:00:00,1.1334,1.1362,1.1282,1.1341
1781852400,2026-06-19 07:00:00,1.134,1.134,1.1214,1.1254
1781856000,2026-06-19 08:00:00,1.1255,1.1311,1.1245,1.1268
1781859600,2026-06-19 09:00:00,1.1268,1.1284,1.1223,1.1249
1781863200,2026-06-19 10:00:00,1.1248,1.127,1.1211,1.1252
1781866800,2026-06-19 11:00:00,1.1252,1.1291,1.1223,1.1274
1781870400,2026-06-19 12:00:00,1.1274,1.1322,1.1187,1.1314
1781874000,2026-06-19 13:00:00,1.1315,1.144,1.129,1.1397
1781877600,2026-06-19 14:00:00,1.1397,1.142,1.1344,1.1366
1781881200,2026-06-19 15:00:00,1.1365,1.1383,1.1328,1.137
1781884800,2026-06-19 16:00:00,1.1371,1.1391,1.1292,1.1304
1781888400,2026-06-19 17:00:00,1.1304,1.1389,1.1287,1.1362
1781892000,2026-06-19 18:00:00,1.1362,1.1362,1.1296,1.1327
1781895600,2026-06-19 19:00:00,1.1327,1.1341,1.1284,1.1315
1781899200,2026-06-19 20:00:00,1.1316,1.1355,1.1275,1.1348
1781902800,2026-06-19 21:00:00,1.1348,1.1348,1.1291,1.1301
1781906400,2026-06-19 22:00:00,1.13,1.136,1.1296,1.1342
1781910000,2026-06-19 23:00:00,1.1342,1.1387,1.1328,1.1359
1781913600,2026-06-20 00:00:00,1.1358,1.1428,1.1354,1.1373
1781917200,2026-06-20 01:00:00,1.1374,1.1423,1.1365,1.1419
1781920800,2026-06-20 02:00:00,1.1418,1.1421,1.1361,1.1391
1781924400,2026-06-20 03:00:00,1.1391,1.1409,1.1375,1.14
1781928000,2026-06-20 04:00:00,1.1399,1.1457,1.1389,1.1444
1781931600,2026-06-20 05:00:00,1.1444,1.1551,1.1429,1.1479
1781935200,2026-06-20 06:00:00,1.1479,1.1515,1.1475,1.1497
1781938800,2026-06-20 07:00:00,1.1497,1.1501,1.145,1.1473
1781942400,2026-06-20 08:00:00,1.1474,1.1478,1.1446,1.1469
1781946000,2026-06-20 09:00:00,1.1469,1.153,1.1469,1.1522
1781949600,2026-06-20 10:00:00,1.1523,1.1523,1.1476,1.1494
1781953200,2026-06-20 11:00:00,1.1495,1.1501,1.1464,1.1472
1781956800,2026-06-20 12:00:00,1.1473,1.1498,1.1451,1.1462
1781960400,2026-06-20 13:00:00,1.1461,1.1472,1.1382,1.1411
1781964000,2026-06-20 14:00:00,1.141,1.1519,1.1342,1.1463
1781967600,2026-06-20 15:00:00,1.1464,1.156,1.1446,1.1508
1781971200,2026-06-20 16:00:00,1.1509,1.151,1.1442,1.1489
1781974800,2026-06-20 17:00:00,1.1489,1.1489,1.139,1.1435
1781978400,2026-06-20 18:00:00,1.1435,1.1464,1.1412,1.1419
1781982000,2026-06-20 19:00:00,1.1418,1.1445,1.1397,1.1441
1781985600,2026-06-20 20:00:00,1.1441,1.1466,1.1436,1.1453
1781989200,2026-06-20 21:00:00,1.1454,1.1497,1.1447,1.1473
1781992800,2026-06-20 22:00:00,1.1473,1.1555,1.1468,1.1526
1781996400,2026-06-20 23:00:00,1.1527,1.154,1.1495,1.1499
1782000000,2026-06-21 00:00:00,1.15,1.1506,1.1484,1.1493
1782003600,2026-06-21 01:00:00,1.1494,1.15,1.1469,1.1497
1782007200,2026-06-21 02:00:00,1.1497,1.1501,1.147,1.1474
1782010800,2026-06-21 03:00:00,1.1475,1.1516,1.1463,1.1495
1782014400,2026-06-21 04:00:00,1.1495,1.1524,1.145,1.1454
1782018000,2026-06-21 05:00:00,1.1454,1.1464,1.1431,1.1445
1782021600,2026-06-21 06:00:00,1.1444,1.1476,1.1439,1.147
1782025200,2026-06-21 07:00:00,1.1471,1.1504,1.1462,1.1474
1782028800,2026-06-21 08:00:00,1.1473,1.148,1.1413,1.1446
1782032400,2026-06-21 09:00:00,1.1447,1.1504,1.144,1.1491
1782036000,2026-06-21 10:00:00,1.1491,1.1535,1.1482,1.1485
1782039600,2026-06-21 11:00:00,1.1484,1.1508,1.1418,1.1427
1782043200,2026-06-21 12:00:00,1.1428,1.1449,1.14,1.1445
1782046800,2026-06-21 13:00:00,1.1445,1.1469,1.1416,1.1451
1782050400,2026-06-21 14:00:00,1.1451,1.1476,1.1419,1.1476
1782054000,2026-06-21 15:00:00,1.1475,1.1516,1.147,1.1497
1782057600,2026-06-21 16:00:00,1.1497,1.1497,1.1422,1.145
1782061200,2026-06-21 17:00:00,1.1451,1.1472,1.1411,1.1424
1782064800,2026-06-21 18:00:00,1.1425,1.1467,1.1389,1.1456
1782068400,2026-06-21 19:00:00,1.1457,1.1482,1.1445,1.1456
1782072000,2026-06-21 20:00:00,1.1455,1.1473,1.1364,1.1396
1782075600,2026-06-21 21:00:00,1.1396,1.1399,1.1225,1.1349
1782079200,2026-06-21 22:00:00,1.1348,1.1373,1.1275,1.1319
1782082800,2026-06-21 23:00:00,1.1318,1.1318,1.1235,1.1248
1782086400,2026-06-22 00:00:00,1.1249,1.1407,1.1249,1.1391
1782090000,2026-06-22 01:00:00,1.1392,1.1522,1.1342,1.1454
1782093600,2026-06-22 02:00:00,1.1454,1.1463,1.1362,1.1363
1782097200,2026-06-22 03:00:00,1.1363,1.1385,1.1283,1.1301
1782100800,2026-06-22 04:00:00,1.1301,1.1345,1.1292,1.1342
1782104400,2026-06-22 05:00:00,1.1342,1.1387,1.1338,1.1353
1782108000,2026-06-22 06:00:00,1.1353,1.1378,1.1294,1.131
1782111600,2026-06-22 07:00:00,1.131,1.14,1.1304,1.1374
1782115200,2026-06-22 08:00:00,1.1374,1.1381,1.1322,1.135
1782118800,2026-06-22 09:00:00,1.135,1.1375,1.1328,1.1348
1782122400,2026-06-22 10:00:00,1.1348,1.1389,1.1345,1.1373
1782126000,2026-06-22 11:00:00,1.1374,1.1502,1.1364,1.1479
1782129600,2026-06-22 12:00:00,1.148,1.1593,1.1464,1.1577
1782133200,2026-06-22 13:00:00,1.1578,1.1638,1.1523,1.1637
1782136800,2026-06-22 14:00:00,1.1638,1.1639,1.1406,1.143
1782140400,2026-06-22 15:00:00,1.1431,1.148,1.1379,1.1401
1782144000,2026-06-22 16:00:00,1.1401,1.1432,1.1353,1.1387
1782147600,2026-06-22 17:00:00,1.1387,1.1405,1.1328,1.1395
1782151200,2026-06-22 18:00:00,1.1395,1.1438,1.1318,1.1331
1782154800,2026-06-22 19:00:00,1.133,1.1353,1.13,1.1344
1782158400,2026-06-22 20:00:00,1.1344,1.1375,1.1296,1.1318
1782162000,2026-06-22 21:00:00,1.1318,1.1332,1.1258,1.1316
1782165600,2026-06-22 22:00:00,1.1316,1.1344,1.1216,1.1276
1782169200,2026-06-22 23:00:00,1.1275,1.1308,1.1264,1.1295
1782172800,2026-06-23 00:00:00,1.1296,1.1322,1.1265,1.1314
1782176400,2026-06-23 01:00:00,1.1314,1.1339,1.1224,1.1289
1782180000,2026-06-23 02:00:00,1.1289,1.1306,1.1252,1.1296
1782183600,2026-06-23 03:00:00,1.1297,1.1297,1.1258,1.1274
1782187200,2026-06-23 04:00:00,1.1274,1.1281,1.1167,1.1175
1782190800,2026-06-23 05:00:00,1.1175,1.1194,1.1139,1.1158
1782194400,2026-06-23 06:00:00,1.1158,1.1164,1.1076,1.1132
1782198000,2026-06-23 07:00:00,1.1132,1.1174,1.1126,1.1129
1782201600,2026-06-23 08:00:00,1.1129,1.1155,1.0946,1.1003
1782205200,2026-06-23 09:00:00,1.1004,1.1056,1.1004,1.1037
1782208800,2026-06-23 10:00:00,1.1037,1.1075,1.1014,1.1043
1782212400,2026-06-23 11:00:00,1.1044,1.1106,1.1041,1.1093
1782216000,2026-06-23 12:00:00,1.1094,1.1098,1.0997,1.1012
1782219600,2026-06-23 13:00:00,1.1012,1.1061,1.0963,1.1029
1782223200,2026-06-23 14:00:00,1.1029,1.1086,1.1004,1.1016
1782226800,2026-06-23 15:00:00,1.1016,1.1017,1.092,1.0993
1782230400,2026-06-23 16:00:00,1.0993,1.1044,1.0971,1.101
1782234000,2026-06-23 17:00:00,1.101,1.1048,1.0964,1.098
1782237600,2026-06-23 18:00:00,1.098,1.1018,1.0959,1.0987
1782241200,2026-06-23 19:00:00,1.0986,1.1051,1.0971,1.102
1782244800,2026-06-23 20:00:00,1.102,1.1053,1.1019,1.1044
1782248400,2026-06-23 21:00:00,1.1044,1.1068,1.1033,1.1049
1782252000,2026-06-23 22:00:00,1.1049,1.1127,1.1047,1.109
1782255600,2026-06-23 23:00:00,1.1091,1.1121,1.1058,1.1103
1782259200,2026-06-24 00:00:00,1.1102,1.1132,1.1088,1.1112
1782262800,2026-06-24 01:00:00,1.1113,1.1139,1.1072,1.1088
1782266400,2026-06-24 02:00:00,1.1088,1.1096,1.1048,1.1055
1782270000,2026-06-24 03:00:00,1.1055,1.1061,1.0991,1.104
1782273600,2026-06-24 04:00:00,1.104,1.1042,1.0945,1.1017
1782277200,2026-06-24 05:00:00,1.1017,1.107,1.1014,1.1052
1782280800,2026-06-24 06:00:00,1.1052,1.1068,1.1024,1.1026
1782284400,2026-06-24 07:00:00,1.1026,1.103,1.0972,1.0987
1782288000,2026-06-24 08:00:00,1.0987,1.1036,1.0978,1.1024
1782291600,2026-06-24 09:00:00,1.1023,1.1023,1.0973,1.0986
1782295200,2026-06-24 10:00:00,1.0985,1.0988,1.0842,1.0867
1782298800,2026-06-24 11:00:00,1.0867,1.1026,1.0823,1.0958
1782302400,2026-06-24 12:00:00,1.0958,1.0959,1.0901,1.0902
1782306000,2026-06-24 13:00:00,1.0903,1.0909,1.0752,1.0762
1782309600,2026-06-24 14:00:00,1.0761,1.0824,1.0734,1.0754
1782313200,2026-06-24 15:00:00,1.0754,1.0757,1.0566,1.0585
1782316800,2026-06-24 16:00:00,1.0584,1.0678,1.0519,1.0569
1782320400,2026-06-24 17:00:00,1.0569,1.0612,1.0462,1.0513
1782324000,2026-06-24 18:00:00,1.0514,1.0708,1.0496,1.0603
1782327600,2026-06-24 19:00:00,1.0604,1.0622,1.0529,1.0575
1782331200,2026-06-24 20:00:00,1.0575,1.0787,1.0545,1.0748
1782334800,2026-06-24 21:00:00,1.0749,1.0775,1.0671,1.0766
1782338400,2026-06-24 22:00:00,1.0765,1.081,1.0702,1.0715
1782342000,2026-06-24 23:00:00,1.0715,1.0761,1.0699,1.0736
1782345600,2026-06-25 00:00:00,1.0736,1.0773,1.0721,1.0742
1782349200,2026-06-25 01:00:00,1.0741,1.0781,1.0728,1.0755
1782352800,2026-06-25 02:00:00,1.0755,1.0775,1.0694,1.0716
1782356400,2026-06-25 03:00:00,1.0716,1.0737,1.0689,1.0719
1782360000,2026-06-25 04:00:00,1.072,1.0827,1.07,1.0804
1782363600,2026-06-25 05:00:00,1.0804,1.0883,1.0788,1.0847
1782367200,2026-06-25 06:00:00,1.0846,1.0899,1.084,1.0882
1782370800,2026-06-25 07:00:00,1.0883,1.0886,1.0847,1.087
1782374400,2026-06-25 08:00:00,1.0869,1.087,1.0823,1.083
1782378000,2026-06-25 09:00:00,1.0831,1.0839,1.0803,1.0814
1782381600,2026-06-25 10:00:00,1.0815,1.0819,1.0731,1.0737
1782385200,2026-06-25 11:00:00,1.0738,1.0744,1.068,1.0721
1782388800,2026-06-25 12:00:00,1.0721,1.0799,1.0672,1.0749
1782392400,2026-06-25 13:00:00,1.075,1.0766,1.0122,1.0156
1782396000,2026-06-25 14:00:00,1.0156,1.0494,1.0154,1.0334
1782399600,2026-06-25 15:00:00,1.0335,1.0381,1.0236,1.0351
1782403200,2026-06-25 16:00:00,1.0352,1.0447,1.0266,1.0309
1782406800,2026-06-25 17:00:00,1.0308,1.0462,1.0302,1.0461
1782410400,2026-06-25 18:00:00,1.0462,1.048,1.0337,1.0346
1782414000,2026-06-25 19:00:00,1.0347,1.0349,1.0282,1.0344
1782417600,2026-06-25 20:00:00,1.0344,1.0403,1.0315,1.0334
1782421200,2026-06-25 21:00:00,1.0334,1.044,1.0329,1.0438
1782424800,2026-06-25 22:00:00,1.0437,1.0444,1.0386,1.0409
1782428400,2026-06-25 23:00:00,1.041,1.0486,1.0373,1.0435
1782432000,2026-06-26 00:00:00,1.0436,1.0463,1.0407,1.0411
1782435600,2026-06-26 01:00:00,1.0411,1.043,1.029,1.032
1782439200,2026-06-26 02:00:00,1.0321,1.0325,1.0116,1.0146
1782442800,2026-06-26 03:00:00,1.0147,1.0359,1.0092,1.0345
1782446400,2026-06-26 04:00:00,1.0345,1.0357,1.0271,1.0283
1782450000,2026-06-26 05:00:00,1.0284,1.0355,1.0269,1.0334
1782453600,2026-06-26 06:00:00,1.0333,1.046,1.0297,1.0447
1782457200,2026-06-26 07:00:00,1.0446,1.0529,1.0442,1.0499
1782460800,2026-06-26 08:00:00,1.0498,1.0508,1.0374,1.0394
1782464400,2026-06-26 09:00:00,1.0394,1.0396,1.029,1.0317
1782468000,2026-06-26 10:00:00,1.0318,1.0342,1.0259,1.0275
1782471600,2026-06-26 11:00:00,1.0276,1.0313,1.0199,1.0227
1782475200,2026-06-26 12:00:00,1.0227,1.0339,1.0164,1.0198
1782478800,2026-06-26 13:00:00,1.0199,1.0391,1.0113,1.039
1782482400,2026-06-26 14:00:00,1.039,1.0484,1.0348,1.037
1782486000,2026-06-26 15:00:00,1.037,1.0496,1.0349,1.0451
1782489600,2026-06-26 16:00:00,1.0452,1.0537,1.0401,1.0448
1782493200,2026-06-26 17:00:00,1.0448,1.0513,1.0444,1.0475
1782496800,2026-06-26 18:00:00,1.0476,1.0501,1.0396,1.0408
1782500400,2026-06-26 19:00:00,1.0408,1.0537,1.0393,1.0478
1782504000,2026-06-26 20:00:00,1.0479,1.0558,1.0433,1.0447
1782507600,2026-06-26 21:00:00,1.0447,1.0471,1.0407,1.0425
1782511200,2026-06-26 22:00:00,1.0425,1.0483,1.0382,1.0483
1782514800,2026-06-26 23:00:00,1.0483,1.0499,1.0456,1.049
1782518400,2026-06-27 00:00:00,1.049,1.0523,1.0441,1.0479
1782522000,2026-06-27 01:00:00,1.0479,1.0527,1.046,1.0521
1782525600,2026-06-27 02:00:00,1.0522,1.0671,1.0511,1.0618
1782529200,2026-06-27 03:00:00,1.0618,1.0627,1.0566,1.0591
1782532800,2026-06-27 04:00:00,1.0591,1.0641,1.059,1.0601
1782536400,2026-06-27 05:00:00,1.0602,1.0607,1.053,1.058
1782540000,2026-06-27 06:00:00,1.058,1.0614,1.0541,1.0599
1782543600,2026-06-27 07:00:00,1.0599,1.0635,1.0578,1.0602
1782547200,2026-06-27 08:00:00,1.0603,1.0603,1.0553,1.0573
1782550800,2026-06-27 09:00:00,1.0574,1.0586,1.0543,1.0584
1782554400,2026-06-27 10:00:00,1.0584,1.0597,1.0568,1.0594
1782558000,2026-06-27 11:00:00,1.0594,1.0605,1.0545,1.0594
1782561600,2026-06-27 12:00:00,1.0593,1.0618,1.0576,1.061
1782565200,2026-06-27 13:00:00,1.0609,1.0653,1.06,1.0648
1782568800,2026-06-27 14:00:00,1.0648,1.069,1.0631,1.0689
1782572400,2026-06-27 15:00:00,1.0689,1.0763,1.0683,1.0752
1782576000,2026-06-27 16:00:00,1.0753,1.0777,1.0693,1.0702
1782579600,2026-06-27 17:00:00,1.0702,1.0708,1.0604,1.0605
1782583200,2026-06-27 18:00:00,1.0606,1.0609,1.0572,1.059
1782586800,2026-06-27 19:00:00,1.059,1.0601,1.0525,1.0544
1782590400,2026-06-27 20:00:00,1.0545,1.0568,1.0541,1.0552
1782594000,2026-06-27 21:00:00,1.0552,1.0579,1.0516,1.0531
1782597600,2026-06-27 22:00:00,1.0531,1.054,1.0455,1.0536
1782601200,2026-06-27 23:00:00,1.0537,1.0555,1.047,1.0475
1782604800,2026-06-28 00:00:00,1.0474,1.0513,1.0469,1.0499
1782608400,2026-06-28 01:00:00,1.05,1.0514,1.0459,1.0513
1782612000,2026-06-28 02:00:00,1.0513,1.0535,1.0455,1.0466
1782615600,2026-06-28 03:00:00,1.0467,1.0509,1.0467,1.0499
1782619200,2026-06-28 04:00:00,1.05,1.0506,1.0463,1.0486
1782622800,2026-06-28 05:00:00,1.0487,1.0487,1.0427,1.0478
1782626400,2026-06-28 06:00:00,1.0478,1.0488,1.0419,1.0449
1782630000,2026-06-28 07:00:00,1.0449,1.0515,1.0448,1.0512
1782633600,2026-06-28 08:00:00,1.0512,1.0591,1.0503,1.0547
1782637200,2026-06-28 09:00:00,1.0547,1.0555,1.0488,1.0501
1782640800,2026-06-28 10:00:00,1.05,1.0513,1.046,1.0487
1782644400,2026-06-28 11:00:00,1.0487,1.0536,1.0468,1.0527
1782648000,2026-06-28 12:00:00,1.0528,1.0561,1.0491,1.052
1782651600,2026-06-28 13:00:00,1.052,1.0527,1.0462,1.0496
1782655200,2026-06-28 14:00:00,1.0496,1.0574,1.0487,1.0525
1782658800,2026-06-28 15:00:00,1.0525,1.0576,1.0498,1.0526
1782662400,2026-06-28 16:00:00,1.0526,1.0535,1.044,1.0473
1782666000,2026-06-28 17:00:00,1.0474,1.0498,1.0413,1.0474
1782669600,2026-06-28 18:00:00,1.0473,1.0486,1.0434,1.0468
1782673200,2026-06-28 19:00:00,1.0468,1.0494,1.0391,1.0446
1782676800,2026-06-28 20:00:00,1.0445,1.0501,1.0439,1.0468
1782680400,2026-06-28 21:00:00,1.0468,1.0468,1.0383,1.041
1782684000,2026-06-28 22:00:00,1.041,1.0524,1.0333,1.0382
1782687600,2026-06-28 23:00:00,1.0381,1.0523,1.0372,1.0485
1782691200,2026-06-29 00:00:00,1.0485,1.0495,1.0338,1.0476
1782694800,2026-06-29 01:00:00,1.0476,1.0485,1.0394,1.0434
1782698400,2026-06-29 02:00:00,1.0433,1.0485,1.0322,1.0464
1782702000,2026-06-29 03:00:00,1.0464,1.056,1.0463,1.0508
1782705600,2026-06-29 04:00:00,1.0509,1.0509,1.0421,1.0434
1782709200,2026-06-29 05:00:00,1.0435,1.0487,1.0361,1.0486
1782712800,2026-06-29 06:00:00,1.0487,1.0549,1.0475,1.0495
1782716400,2026-06-29 07:00:00,1.0495,1.0525,1.0457,1.0493
1782720000,2026-06-29 08:00:00,1.0492,1.0511,1.0421,1.0439
1782723600,2026-06-29 09:00:00,1.0439,1.0504,1.0433,1.0494
1782727200,2026-06-29 10:00:00,1.0495,1.0555,1.0495,1.052
1782730800,2026-06-29 11:00:00,1.0519,1.0612,1.048,1.0536
1782734400,2026-06-29 12:00:00,1.0535,1.0663,1.0484,1.0554
1782738000,2026-06-29 13:00:00,1.0554,1.0625,1.0446,1.0506
1782741600,2026-06-29 14:00:00,1.0506,1.0515,1.0402,1.0496
1782745200,2026-06-29 15:00:00,1.0497,1.0522,1.0411,1.0494
1782748800,2026-06-29 16:00:00,1.0495,1.0537,1.0431,1.051
1782752400,2026-06-29 17:00:00,1.0509,1.069,1.0507,1.0657
1782756000,2026-06-29 18:00:00,1.0657,1.0695,1.0628,1.0649
1782759600,2026-06-29 19:00:00,1.065,1.0768,1.0638,1.0753
1782763200,2026-06-29 20:00:00,1.0753,1.0755,1.063,1.0638
1782766800,2026-06-29 21:00:00,1.0638,1.066,1.0601,1.0648
1782770400,2026-06-29 22:00:00,1.0649,1.0656,1.0594,1.0595
1782774000,2026-06-29 23:00:00,1.0595,1.06,1.0556,1.059
1782777600,2026-06-30 00:00:00,1.0589,1.0595,1.0486,1.0489
1782781200,2026-06-30 01:00:00,1.0489,1.0522,1.0475,1.0501
1782784800,2026-06-30 02:00:00,1.0502,1.0525,1.0463,1.0507
1782788400,2026-06-30 03:00:00,1.0506,1.0529,1.0441,1.0455
1782792000,2026-06-30 04:00:00,1.0455,1.048,1.0428,1.0465
1782795600,2026-06-30 05:00:00,1.0465,1.0495,1.0454,1.0494
1782799200,2026-06-30 06:00:00,1.0495,1.0514,1.0477,1.0498
1782802800,2026-06-30 07:00:00,1.0498,1.0507,1.0467,1.0474
1782806400,2026-06-30 08:00:00,1.0474,1.0483,1.041,1.045
1782810000,2026-06-30 09:00:00,1.0449,1.0462,1.0422,1.044
1782813600,2026-06-30 10:00:00,1.0441,1.0444,1.0415,1.0421
1782817200,2026-06-30 11:00:00,1.0421,1.0438,1.0371,1.0389
1782820800,2026-06-30 12:00:00,1.0389,1.0389,1.0274,1.0278
1782824400,2026-06-30 13:00:00,1.0279,1.0361,1.0275,1.0354
1782828000,2026-06-30 14:00:00,1.0354,1.0453,1.033,1.0346
1782831600,2026-06-30 15:00:00,1.0346,1.0411,1.0297,1.034
1782835200,2026-06-30 16:00:00,1.034,1.044,1.0318,1.0414
1782838800,2026-06-30 17:00:00,1.0414,1.0445,1.038,1.0386
1782842400,2026-06-30 18:00:00,1.0387,1.0478,1.0376,1.0434
1782846000,2026-06-30 19:00:00,1.0433,1.05,1.0387,1.0449
1782849600,2026-06-30 20:00:00,1.0448,1.0468,1.0411,1.0418
1782853200,2026-06-30 21:00:00,1.0419,1.0428,1.0387,1.0415
1782856800,2026-06-30 22:00:00,1.0415,1.0445,1.0389,1.0406
1782860400,2026-06-30 23:00:00,1.0407,1.0409,1.0382,1.0401
